timestamp_utc,run_id,lane,priority,combo_id,dataset,system_version,hydrological_model,product_type,probe_date,status,bytes,error_class,error_message,output_path,request_json
2026-02-16T01:27:45Z,scan_20260216T012745Z,forecast,P1,P1__forecast__version_3_1__htessel_lisflood__control_forecast,cems-glofas-forecast,version_3_1,htessel_lisflood,control_forecast,2021-06-15,dry_run,,dry_run,probe not executed in dry-run mode,repro/glofas_coverage_scan_runs/scan_20260216T012745Z/downloads/forecast/P1__forecast__version_3_1__htessel_lisflood__control_forecast/2021-06-15.zip,"{""area"": [37.2443931, -122.272464, 36.8443931, -121.872464], ""data_format"": ""grib2"", ""day"": [""15""], ""download_format"": ""zip"", ""hydrological_model"": [""htessel_lisflood""], ""leadtime_hour"": [""24""], ""month"": [""06""], ""product_type"": [""control_forecast""], ""system_version"": [""version_3_1""], ""variable"": [""river_discharge_in_the_last_24_hours""], ""year"": [""2021""]}"
2026-02-16T01:27:45Z,scan_20260216T012745Z,forecast,P1,P1__forecast__version_3_1__htessel_lisflood__control_forecast,cems-glofas-forecast,version_3_1,htessel_lisflood,control_forecast,2021-05-26,dry_run,,dry_run,probe not executed in dry-run mode,repro/glofas_coverage_scan_runs/scan_20260216T012745Z/downloads/forecast/P1__forecast__version_3_1__htessel_lisflood__control_forecast/2021-05-26.zip,"{""area"": [37.2443931, -122.272464, 36.8443931, -121.872464], ""data_format"": ""grib2"", ""day"": [""26""], ""download_format"": ""zip"", ""hydrological_model"": [""htessel_lisflood""], ""leadtime_hour"": [""24""], ""month"": [""05""], ""product_type"": [""control_forecast""], ""system_version"": [""version_3_1""], ""variable"": [""river_discharge_in_the_last_24_hours""], ""year"": [""2021""]}"
2026-02-16T01:27:45Z,scan_20260216T012745Z,forecast,P1,P1__forecast__version_3_1__htessel_lisflood__control_forecast,cems-glofas-forecast,version_3_1,htessel_lisflood,control_forecast,2019-11-05,dry_run,,dry_run,probe not executed in dry-run mode,repro/glofas_coverage_scan_runs/scan_20260216T012745Z/downloads/forecast/P1__forecast__version_3_1__htessel_lisflood__control_forecast/2019-11-05.zip,"{""area"": [37.2443931, -122.272464, 36.8443931, -121.872464], ""data_format"": ""grib2"", ""day"": [""05""], ""download_format"": ""zip"", ""hydrological_model"": [""htessel_lisflood""], ""leadtime_hour"": [""24""], ""month"": [""11""], ""product_type"": [""control_forecast""], ""system_version"": [""version_3_1""], ""variable"": [""river_discharge_in_the_last_24_hours""], ""year"": [""2019""]}"
2026-02-16T01:27:45Z,scan_20260216T012745Z,forecast,P1,P1__forecast__version_3_1__htessel_lisflood__control_forecast,cems-glofas-forecast,version_3_1,htessel_lisflood,control_forecast,2026-02-16,dry_run,,dry_run,probe not executed in dry-run mode,repro/glofas_coverage_scan_runs/scan_20260216T012745Z/downloads/forecast/P1__forecast__version_3_1__htessel_lisflood__control_forecast/2026-02-16.zip,"{""area"": [37.2443931, -122.272464, 36.8443931, -121.872464], ""data_format"": ""grib2"", ""day"": [""16""], ""download_format"": ""zip"", ""hydrological_model"": [""htessel_lisflood""], ""leadtime_hour"": [""24""], ""month"": [""02""], ""product_type"": [""control_forecast""], ""system_version"": [""version_3_1""], ""variable"": [""river_discharge_in_the_last_24_hours""], ""year"": [""2026""]}"
2026-02-16T01:27:45Z,scan_20260216T012745Z,forecast,P1,P1__forecast__version_3_1__htessel_lisflood__control_forecast,cems-glofas-forecast,version_3_1,htessel_lisflood,control_forecast,2022-12-26,dry_run,,dry_run,probe not executed in dry-run mode,repro/glofas_coverage_scan_runs/scan_20260216T012745Z/downloads/forecast/P1__forecast__version_3_1__htessel_lisflood__control_forecast/2022-12-26.zip,"{""area"": [37.2443931, -122.272464, 36.8443931, -121.872464], ""data_format"": ""grib2"", ""day"": [""26""], ""download_format"": ""zip"", ""hydrological_model"": [""htessel_lisflood""], ""leadtime_hour"": [""24""], ""month"": [""12""], ""product_type"": [""control_forecast""], ""system_version"": [""version_3_1""], ""variable"": [""river_discharge_in_the_last_24_hours""], ""year"": [""2022""]}"
2026-02-16T01:27:45Z,scan_20260216T012745Z,forecast,P1,P1__forecast__version_3_1__htessel_lisflood__control_forecast,cems-glofas-forecast,version_3_1,htessel_lisflood,control_forecast,2020-02-03,dry_run,,dry_run,probe not executed in dry-run mode,repro/glofas_coverage_scan_runs/scan_20260216T012745Z/downloads/forecast/P1__forecast__version_3_1__htessel_lisflood__control_forecast/2020-02-03.zip,"{""area"": [37.2443931, -122.272464, 36.8443931, -121.872464], ""data_format"": ""grib2"", ""day"": [""03""], ""download_format"": ""zip"", ""hydrological_model"": [""htessel_lisflood""], ""leadtime_hour"": [""24""], ""month"": [""02""], ""product_type"": [""control_forecast""], ""system_version"": [""version_3_1""], ""variable"": [""river_discharge_in_the_last_24_hours""], ""year"": [""2020""]}"
2026-02-16T01:27:45Z,scan_20260216T012745Z,forecast,P1,P1__forecast__version_3_1__htessel_lisflood__control_forecast,cems-glofas-forecast,version_3_1,htessel_lisflood,control_forecast,2020-05-03,budget_exhausted,,budget,max attempts reached for combo,,
2026-02-16T01:27:45Z,scan_20260216T012745Z,forecast,P1,P1__forecast__version_3_1__htessel_lisflood__control_forecast,cems-glofas-forecast,version_3_1,htessel_lisflood,control_forecast,2020-08-01,budget_exhausted,,budget,max attempts reached for combo,,
2026-02-16T01:27:45Z,scan_20260216T012745Z,forecast,P1,P1__forecast__version_3_1__htessel_lisflood__control_forecast,cems-glofas-forecast,version_3_1,htessel_lisflood,control_forecast,2020-10-30,budget_exhausted,,budget,max attempts reached for combo,,
2026-02-16T01:27:45Z,scan_20260216T012745Z,forecast,P1,P1__forecast__version_3_1__htessel_lisflood__control_forecast,cems-glofas-forecast,version_3_1,htessel_lisflood,control_forecast,2021-01-28,budget_exhausted,,budget,max attempts reached for combo,,
2026-02-16T01:27:45Z,scan_20260216T012745Z,forecast,P1,P1__forecast__version_3_1__htessel_lisflood__control_forecast,cems-glofas-forecast,version_3_1,htessel_lisflood,control_forecast,2021-04-28,budget_exhausted,,budget,max attempts reached for combo,,
2026-02-16T01:27:45Z,scan_20260216T012745Z,forecast,P1,P1__forecast__version_3_1__htessel_lisflood__control_forecast,cems-glofas-forecast,version_3_1,htessel_lisflood,control_forecast,2021-07-27,budget_exhausted,,budget,max attempts reached for combo,,
2026-02-16T01:27:45Z,scan_20260216T012745Z,forecast,P1,P1__forecast__version_3_1__htessel_lisflood__control_forecast,cems-glofas-forecast,version_3_1,htessel_lisflood,control_forecast,2021-10-25,budget_exhausted,,budget,max attempts reached for combo,,
2026-02-16T01:27:45Z,scan_20260216T012745Z,forecast,P1,P1__forecast__version_3_1__htessel_lisflood__control_forecast,cems-glofas-forecast,version_3_1,htessel_lisflood,control_forecast,2022-01-23,budget_exhausted,,budget,max attempts reached for combo,,
2026-02-16T01:27:45Z,scan_20260216T012745Z,forecast,P1,P1__forecast__version_3_1__htessel_lisflood__control_forecast,cems-glofas-forecast,version_3_1,htessel_lisflood,control_forecast,2022-04-23,budget_exhausted,,budget,max attempts reached for combo,,
2026-02-16T01:27:45Z,scan_20260216T012745Z,forecast,P1,P1__forecast__version_3_1__htessel_lisflood__control_forecast,cems-glofas-forecast,version_3_1,htessel_lisflood,control_forecast,2022-07-22,budget_exhausted,,budget,max attempts reached for combo,,
2026-02-16T01:27:45Z,scan_20260216T012745Z,forecast,P1,P1__forecast__version_3_1__htessel_lisflood__control_forecast,cems-glofas-forecast,version_3_1,htessel_lisflood,control_forecast,2022-10-20,budget_exhausted,,budget,max attempts reached for combo,,
2026-02-16T01:27:45Z,scan_20260216T012745Z,forecast,P1,P1__forecast__version_3_1__htessel_lisflood__control_forecast,cems-glofas-forecast,version_3_1,htessel_lisflood,control_forecast,2023-01-18,budget_exhausted,,budget,max attempts reached for combo,,
2026-02-16T01:27:45Z,scan_20260216T012745Z,forecast,P1,P1__forecast__version_3_1__htessel_lisflood__control_forecast,cems-glofas-forecast,version_3_1,htessel_lisflood,control_forecast,2023-04-18,budget_exhausted,,budget,max attempts reached for combo,,
2026-02-16T01:27:45Z,scan_20260216T012745Z,forecast,P1,P1__forecast__version_3_1__htessel_lisflood__control_forecast,cems-glofas-forecast,version_3_1,htessel_lisflood,control_forecast,2023-07-17,budget_exhausted,,budget,max attempts reached for combo,,
2026-02-16T01:27:45Z,scan_20260216T012745Z,forecast,P1,P1__forecast__version_3_1__htessel_lisflood__control_forecast,cems-glofas-forecast,version_3_1,htessel_lisflood,control_forecast,2023-10-15,budget_exhausted,,budget,max attempts reached for combo,,
2026-02-16T01:27:45Z,scan_20260216T012745Z,forecast,P1,P1__forecast__version_3_1__htessel_lisflood__control_forecast,cems-glofas-forecast,version_3_1,htessel_lisflood,control_forecast,2024-01-13,budget_exhausted,,budget,max attempts reached for combo,,
2026-02-16T01:27:45Z,scan_20260216T012745Z,forecast,P1,P1__forecast__version_3_1__htessel_lisflood__control_forecast,cems-glofas-forecast,version_3_1,htessel_lisflood,control_forecast,2024-04-12,budget_exhausted,,budget,max attempts reached for combo,,
2026-02-16T01:27:45Z,scan_20260216T012745Z,forecast,P1,P1__forecast__version_3_1__htessel_lisflood__control_forecast,cems-glofas-forecast,version_3_1,htessel_lisflood,control_forecast,2024-07-11,budget_exhausted,,budget,max attempts reached for combo,,
2026-02-16T01:27:45Z,scan_20260216T012745Z,forecast,P1,P1__forecast__version_3_1__htessel_lisflood__control_forecast,cems-glofas-forecast,version_3_1,htessel_lisflood,control_forecast,2024-10-09,budget_exhausted,,budget,max attempts reached for combo,,
2026-02-16T01:27:45Z,scan_20260216T012745Z,forecast,P1,P1__forecast__version_3_1__htessel_lisflood__control_forecast,cems-glofas-forecast,version_3_1,htessel_lisflood,control_forecast,2025-01-07,budget_exhausted,,budget,max attempts reached for combo,,
2026-02-16T01:27:45Z,scan_20260216T012745Z,forecast,P1,P1__forecast__version_3_1__htessel_lisflood__control_forecast,cems-glofas-forecast,version_3_1,htessel_lisflood,control_forecast,2025-04-07,budget_exhausted,,budget,max attempts reached for combo,,
2026-02-16T01:27:45Z,scan_20260216T012745Z,forecast,P1,P1__forecast__version_3_1__htessel_lisflood__control_forecast,cems-glofas-forecast,version_3_1,htessel_lisflood,control_forecast,2025-07-06,budget_exhausted,,budget,max attempts reached for combo,,
2026-02-16T01:27:45Z,scan_20260216T012745Z,forecast,P1,P1__forecast__version_3_1__htessel_lisflood__control_forecast,cems-glofas-forecast,version_3_1,htessel_lisflood,control_forecast,2025-10-04,budget_exhausted,,budget,max attempts reached for combo,,
2026-02-16T01:27:45Z,scan_20260216T012745Z,forecast,P1,P1__forecast__version_3_1__htessel_lisflood__control_forecast,cems-glofas-forecast,version_3_1,htessel_lisflood,control_forecast,2026-01-02,budget_exhausted,,budget,max attempts reached for combo,,
2026-02-16T01:27:45Z,scan_20260216T012745Z,forecast,P1,P1__forecast__version_3_1__lisflood__control_forecast,cems-glofas-forecast,version_3_1,lisflood,control_forecast,2021-06-15,dry_run,,dry_run,probe not executed in dry-run mode,repro/glofas_coverage_scan_runs/scan_20260216T012745Z/downloads/forecast/P1__forecast__version_3_1__lisflood__control_forecast/2021-06-15.zip,"{""area"": [37.2443931, -122.272464, 36.8443931, -121.872464], ""data_format"": ""grib2"", ""day"": [""15""], ""download_format"": ""zip"", ""hydrological_model"": [""lisflood""], ""leadtime_hour"": [""24""], ""month"": [""06""], ""product_type"": [""control_forecast""], ""system_version"": [""version_3_1""], ""variable"": [""river_discharge_in_the_last_24_hours""], ""year"": [""2021""]}"
2026-02-16T01:27:45Z,scan_20260216T012745Z,forecast,P1,P1__forecast__version_3_1__lisflood__control_forecast,cems-glofas-forecast,version_3_1,lisflood,control_forecast,2021-05-26,dry_run,,dry_run,probe not executed in dry-run mode,repro/glofas_coverage_scan_runs/scan_20260216T012745Z/downloads/forecast/P1__forecast__version_3_1__lisflood__control_forecast/2021-05-26.zip,"{""area"": [37.2443931, -122.272464, 36.8443931, -121.872464], ""data_format"": ""grib2"", ""day"": [""26""], ""download_format"": ""zip"", ""hydrological_model"": [""lisflood""], ""leadtime_hour"": [""24""], ""month"": [""05""], ""product_type"": [""control_forecast""], ""system_version"": [""version_3_1""], ""variable"": [""river_discharge_in_the_last_24_hours""], ""year"": [""2021""]}"
2026-02-16T01:27:45Z,scan_20260216T012745Z,forecast,P1,P1__forecast__version_3_1__lisflood__control_forecast,cems-glofas-forecast,version_3_1,lisflood,control_forecast,2019-11-05,dry_run,,dry_run,probe not executed in dry-run mode,repro/glofas_coverage_scan_runs/scan_20260216T012745Z/downloads/forecast/P1__forecast__version_3_1__lisflood__control_forecast/2019-11-05.zip,"{""area"": [37.2443931, -122.272464, 36.8443931, -121.872464], ""data_format"": ""grib2"", ""day"": [""05""], ""download_format"": ""zip"", ""hydrological_model"": [""lisflood""], ""leadtime_hour"": [""24""], ""month"": [""11""], ""product_type"": [""control_forecast""], ""system_version"": [""version_3_1""], ""variable"": [""river_discharge_in_the_last_24_hours""], ""year"": [""2019""]}"
2026-02-16T01:27:45Z,scan_20260216T012745Z,forecast,P1,P1__forecast__version_3_1__lisflood__control_forecast,cems-glofas-forecast,version_3_1,lisflood,control_forecast,2026-02-16,dry_run,,dry_run,probe not executed in dry-run mode,repro/glofas_coverage_scan_runs/scan_20260216T012745Z/downloads/forecast/P1__forecast__version_3_1__lisflood__control_forecast/2026-02-16.zip,"{""area"": [37.2443931, -122.272464, 36.8443931, -121.872464], ""data_format"": ""grib2"", ""day"": [""16""], ""download_format"": ""zip"", ""hydrological_model"": [""lisflood""], ""leadtime_hour"": [""24""], ""month"": [""02""], ""product_type"": [""control_forecast""], ""system_version"": [""version_3_1""], ""variable"": [""river_discharge_in_the_last_24_hours""], ""year"": [""2026""]}"
2026-02-16T01:27:45Z,scan_20260216T012745Z,forecast,P1,P1__forecast__version_3_1__lisflood__control_forecast,cems-glofas-forecast,version_3_1,lisflood,control_forecast,2022-12-26,dry_run,,dry_run,probe not executed in dry-run mode,repro/glofas_coverage_scan_runs/scan_20260216T012745Z/downloads/forecast/P1__forecast__version_3_1__lisflood__control_forecast/2022-12-26.zip,"{""area"": [37.2443931, -122.272464, 36.8443931, -121.872464], ""data_format"": ""grib2"", ""day"": [""26""], ""download_format"": ""zip"", ""hydrological_model"": [""lisflood""], ""leadtime_hour"": [""24""], ""month"": [""12""], ""product_type"": [""control_forecast""], ""system_version"": [""version_3_1""], ""variable"": [""river_discharge_in_the_last_24_hours""], ""year"": [""2022""]}"
2026-02-16T01:27:45Z,scan_20260216T012745Z,forecast,P1,P1__forecast__version_3_1__lisflood__control_forecast,cems-glofas-forecast,version_3_1,lisflood,control_forecast,2020-02-03,dry_run,,dry_run,probe not executed in dry-run mode,repro/glofas_coverage_scan_runs/scan_20260216T012745Z/downloads/forecast/P1__forecast__version_3_1__lisflood__control_forecast/2020-02-03.zip,"{""area"": [37.2443931, -122.272464, 36.8443931, -121.872464], ""data_format"": ""grib2"", ""day"": [""03""], ""download_format"": ""zip"", ""hydrological_model"": [""lisflood""], ""leadtime_hour"": [""24""], ""month"": [""02""], ""product_type"": [""control_forecast""], ""system_version"": [""version_3_1""], ""variable"": [""river_discharge_in_the_last_24_hours""], ""year"": [""2020""]}"
2026-02-16T01:27:45Z,scan_20260216T012745Z,forecast,P1,P1__forecast__version_3_1__lisflood__control_forecast,cems-glofas-forecast,version_3_1,lisflood,control_forecast,2020-05-03,budget_exhausted,,budget,max attempts reached for combo,,
2026-02-16T01:27:45Z,scan_20260216T012745Z,forecast,P1,P1__forecast__version_3_1__lisflood__control_forecast,cems-glofas-forecast,version_3_1,lisflood,control_forecast,2020-08-01,budget_exhausted,,budget,max attempts reached for combo,,
2026-02-16T01:27:45Z,scan_20260216T012745Z,forecast,P1,P1__forecast__version_3_1__lisflood__control_forecast,cems-glofas-forecast,version_3_1,lisflood,control_forecast,2020-10-30,budget_exhausted,,budget,max attempts reached for combo,,
2026-02-16T01:27:45Z,scan_20260216T012745Z,forecast,P1,P1__forecast__version_3_1__lisflood__control_forecast,cems-glofas-forecast,version_3_1,lisflood,control_forecast,2021-01-28,budget_exhausted,,budget,max attempts reached for combo,,
2026-02-16T01:27:45Z,scan_20260216T012745Z,forecast,P1,P1__forecast__version_3_1__lisflood__control_forecast,cems-glofas-forecast,version_3_1,lisflood,control_forecast,2021-04-28,budget_exhausted,,budget,max attempts reached for combo,,
2026-02-16T01:27:45Z,scan_20260216T012745Z,forecast,P1,P1__forecast__version_3_1__lisflood__control_forecast,cems-glofas-forecast,version_3_1,lisflood,control_forecast,2021-07-27,budget_exhausted,,budget,max attempts reached for combo,,
2026-02-16T01:27:45Z,scan_20260216T012745Z,forecast,P1,P1__forecast__version_3_1__lisflood__control_forecast,cems-glofas-forecast,version_3_1,lisflood,control_forecast,2021-10-25,budget_exhausted,,budget,max attempts reached for combo,,
2026-02-16T01:27:45Z,scan_20260216T012745Z,forecast,P1,P1__forecast__version_3_1__lisflood__control_forecast,cems-glofas-forecast,version_3_1,lisflood,control_forecast,2022-01-23,budget_exhausted,,budget,max attempts reached for combo,,
2026-02-16T01:27:45Z,scan_20260216T012745Z,forecast,P1,P1__forecast__version_3_1__lisflood__control_forecast,cems-glofas-forecast,version_3_1,lisflood,control_forecast,2022-04-23,budget_exhausted,,budget,max attempts reached for combo,,
2026-02-16T01:27:45Z,scan_20260216T012745Z,forecast,P1,P1__forecast__version_3_1__lisflood__control_forecast,cems-glofas-forecast,version_3_1,lisflood,control_forecast,2022-07-22,budget_exhausted,,budget,max attempts reached for combo,,
2026-02-16T01:27:45Z,scan_20260216T012745Z,forecast,P1,P1__forecast__version_3_1__lisflood__control_forecast,cems-glofas-forecast,version_3_1,lisflood,control_forecast,2022-10-20,budget_exhausted,,budget,max attempts reached for combo,,
2026-02-16T01:27:45Z,scan_20260216T012745Z,forecast,P1,P1__forecast__version_3_1__lisflood__control_forecast,cems-glofas-forecast,version_3_1,lisflood,control_forecast,2023-01-18,budget_exhausted,,budget,max attempts reached for combo,,
2026-02-16T01:27:45Z,scan_20260216T012745Z,forecast,P1,P1__forecast__version_3_1__lisflood__control_forecast,cems-glofas-forecast,version_3_1,lisflood,control_forecast,2023-04-18,budget_exhausted,,budget,max attempts reached for combo,,
2026-02-16T01:27:45Z,scan_20260216T012745Z,forecast,P1,P1__forecast__version_3_1__lisflood__control_forecast,cems-glofas-forecast,version_3_1,lisflood,control_forecast,2023-07-17,budget_exhausted,,budget,max attempts reached for combo,,
2026-02-16T01:27:45Z,scan_20260216T012745Z,forecast,P1,P1__forecast__version_3_1__lisflood__control_forecast,cems-glofas-forecast,version_3_1,lisflood,control_forecast,2023-10-15,budget_exhausted,,budget,max attempts reached for combo,,
2026-02-16T01:27:45Z,scan_20260216T012745Z,forecast,P1,P1__forecast__version_3_1__lisflood__control_forecast,cems-glofas-forecast,version_3_1,lisflood,control_forecast,2024-01-13,budget_exhausted,,budget,max attempts reached for combo,,
2026-02-16T01:27:45Z,scan_20260216T012745Z,forecast,P1,P1__forecast__version_3_1__lisflood__control_forecast,cems-glofas-forecast,version_3_1,lisflood,control_forecast,2024-04-12,budget_exhausted,,budget,max attempts reached for combo,,
2026-02-16T01:27:45Z,scan_20260216T012745Z,forecast,P1,P1__forecast__version_3_1__lisflood__control_forecast,cems-glofas-forecast,version_3_1,lisflood,control_forecast,2024-07-11,budget_exhausted,,budget,max attempts reached for combo,,
2026-02-16T01:27:45Z,scan_20260216T012745Z,forecast,P1,P1__forecast__version_3_1__lisflood__control_forecast,cems-glofas-forecast,version_3_1,lisflood,control_forecast,2024-10-09,budget_exhausted,,budget,max attempts reached for combo,,
2026-02-16T01:27:45Z,scan_20260216T012745Z,forecast,P1,P1__forecast__version_3_1__lisflood__control_forecast,cems-glofas-forecast,version_3_1,lisflood,control_forecast,2025-01-07,budget_exhausted,,budget,max attempts reached for combo,,
2026-02-16T01:27:45Z,scan_20260216T012745Z,forecast,P1,P1__forecast__version_3_1__lisflood__control_forecast,cems-glofas-forecast,version_3_1,lisflood,control_forecast,2025-04-07,budget_exhausted,,budget,max attempts reached for combo,,
2026-02-16T01:27:45Z,scan_20260216T012745Z,forecast,P1,P1__forecast__version_3_1__lisflood__control_forecast,cems-glofas-forecast,version_3_1,lisflood,control_forecast,2025-07-06,budget_exhausted,,budget,max attempts reached for combo,,
2026-02-16T01:27:45Z,scan_20260216T012745Z,forecast,P1,P1__forecast__version_3_1__lisflood__control_forecast,cems-glofas-forecast,version_3_1,lisflood,control_forecast,2025-10-04,budget_exhausted,,budget,max attempts reached for combo,,
2026-02-16T01:27:45Z,scan_20260216T012745Z,forecast,P1,P1__forecast__version_3_1__lisflood__control_forecast,cems-glofas-forecast,version_3_1,lisflood,control_forecast,2026-01-02,budget_exhausted,,budget,max attempts reached for combo,,
2026-02-16T01:27:45Z,scan_20260216T012745Z,forecast,P2,P2__forecast__operational__htessel_lisflood__control_forecast,cems-glofas-forecast,operational,htessel_lisflood,control_forecast,2022-12-25,dry_run,,dry_run,probe not executed in dry-run mode,repro/glofas_coverage_scan_runs/scan_20260216T012745Z/downloads/forecast/P2__forecast__operational__htessel_lisflood__control_forecast/2022-12-25.zip,"{""area"": [37.2443931, -122.272464, 36.8443931, -121.872464], ""data_format"": ""grib2"", ""day"": [""25""], ""download_format"": ""zip"", ""hydrological_model"": [""htessel_lisflood""], ""leadtime_hour"": [""24""], ""month"": [""12""], ""product_type"": [""control_forecast""], ""system_version"": [""operational""], ""variable"": [""river_discharge_in_the_last_24_hours""], ""year"": [""2022""]}"
2026-02-16T01:27:45Z,scan_20260216T012745Z,forecast,P2,P2__forecast__operational__htessel_lisflood__control_forecast,cems-glofas-forecast,operational,htessel_lisflood,control_forecast,2023-03-27,dry_run,,dry_run,probe not executed in dry-run mode,repro/glofas_coverage_scan_runs/scan_20260216T012745Z/downloads/forecast/P2__forecast__operational__htessel_lisflood__control_forecast/2023-03-27.zip,"{""area"": [37.2443931, -122.272464, 36.8443931, -121.872464], ""data_format"": ""grib2"", ""day"": [""27""], ""download_format"": ""zip"", ""hydrological_model"": [""htessel_lisflood""], ""leadtime_hour"": [""24""], ""month"": [""03""], ""product_type"": [""control_forecast""], ""system_version"": [""operational""], ""variable"": [""river_discharge_in_the_last_24_hours""], ""year"": [""2023""]}"
2026-02-16T01:27:45Z,scan_20260216T012745Z,forecast,P2,P2__forecast__operational__htessel_lisflood__control_forecast,cems-glofas-forecast,operational,htessel_lisflood,control_forecast,2019-11-05,dry_run,,dry_run,probe not executed in dry-run mode,repro/glofas_coverage_scan_runs/scan_20260216T012745Z/downloads/forecast/P2__forecast__operational__htessel_lisflood__control_forecast/2019-11-05.zip,"{""area"": [37.2443931, -122.272464, 36.8443931, -121.872464], ""data_format"": ""grib2"", ""day"": [""05""], ""download_format"": ""zip"", ""hydrological_model"": [""htessel_lisflood""], ""leadtime_hour"": [""24""], ""month"": [""11""], ""product_type"": [""control_forecast""], ""system_version"": [""operational""], ""variable"": [""river_discharge_in_the_last_24_hours""], ""year"": [""2019""]}"
2026-02-16T01:27:45Z,scan_20260216T012745Z,forecast,P2,P2__forecast__operational__htessel_lisflood__control_forecast,cems-glofas-forecast,operational,htessel_lisflood,control_forecast,2026-02-16,dry_run,,dry_run,probe not executed in dry-run mode,repro/glofas_coverage_scan_runs/scan_20260216T012745Z/downloads/forecast/P2__forecast__operational__htessel_lisflood__control_forecast/2026-02-16.zip,"{""area"": [37.2443931, -122.272464, 36.8443931, -121.872464], ""data_format"": ""grib2"", ""day"": [""16""], ""download_format"": ""zip"", ""hydrological_model"": [""htessel_lisflood""], ""leadtime_hour"": [""24""], ""month"": [""02""], ""product_type"": [""control_forecast""], ""system_version"": [""operational""], ""variable"": [""river_discharge_in_the_last_24_hours""], ""year"": [""2026""]}"
2026-02-16T01:27:45Z,scan_20260216T012745Z,forecast,P2,P2__forecast__operational__htessel_lisflood__control_forecast,cems-glofas-forecast,operational,htessel_lisflood,control_forecast,2022-12-26,dry_run,,dry_run,probe not executed in dry-run mode,repro/glofas_coverage_scan_runs/scan_20260216T012745Z/downloads/forecast/P2__forecast__operational__htessel_lisflood__control_forecast/2022-12-26.zip,"{""area"": [37.2443931, -122.272464, 36.8443931, -121.872464], ""data_format"": ""grib2"", ""day"": [""26""], ""download_format"": ""zip"", ""hydrological_model"": [""htessel_lisflood""], ""leadtime_hour"": [""24""], ""month"": [""12""], ""product_type"": [""control_forecast""], ""system_version"": [""operational""], ""variable"": [""river_discharge_in_the_last_24_hours""], ""year"": [""2022""]}"
2026-02-16T01:27:45Z,scan_20260216T012745Z,forecast,P2,P2__forecast__operational__htessel_lisflood__control_forecast,cems-glofas-forecast,operational,htessel_lisflood,control_forecast,2020-02-03,dry_run,,dry_run,probe not executed in dry-run mode,repro/glofas_coverage_scan_runs/scan_20260216T012745Z/downloads/forecast/P2__forecast__operational__htessel_lisflood__control_forecast/2020-02-03.zip,"{""area"": [37.2443931, -122.272464, 36.8443931, -121.872464], ""data_format"": ""grib2"", ""day"": [""03""], ""download_format"": ""zip"", ""hydrological_model"": [""htessel_lisflood""], ""leadtime_hour"": [""24""], ""month"": [""02""], ""product_type"": [""control_forecast""], ""system_version"": [""operational""], ""variable"": [""river_discharge_in_the_last_24_hours""], ""year"": [""2020""]}"
2026-02-16T01:27:45Z,scan_20260216T012745Z,forecast,P2,P2__forecast__operational__htessel_lisflood__control_forecast,cems-glofas-forecast,operational,htessel_lisflood,control_forecast,2020-05-03,budget_exhausted,,budget,max attempts reached for combo,,
2026-02-16T01:27:45Z,scan_20260216T012745Z,forecast,P2,P2__forecast__operational__htessel_lisflood__control_forecast,cems-glofas-forecast,operational,htessel_lisflood,control_forecast,2020-08-01,budget_exhausted,,budget,max attempts reached for combo,,
2026-02-16T01:27:45Z,scan_20260216T012745Z,forecast,P2,P2__forecast__operational__htessel_lisflood__control_forecast,cems-glofas-forecast,operational,htessel_lisflood,control_forecast,2020-10-30,budget_exhausted,,budget,max attempts reached for combo,,
2026-02-16T01:27:45Z,scan_20260216T012745Z,forecast,P2,P2__forecast__operational__htessel_lisflood__control_forecast,cems-glofas-forecast,operational,htessel_lisflood,control_forecast,2021-01-28,budget_exhausted,,budget,max attempts reached for combo,,
2026-02-16T01:27:45Z,scan_20260216T012745Z,forecast,P2,P2__forecast__operational__htessel_lisflood__control_forecast,cems-glofas-forecast,operational,htessel_lisflood,control_forecast,2021-04-28,budget_exhausted,,budget,max attempts reached for combo,,
2026-02-16T01:27:45Z,scan_20260216T012745Z,forecast,P2,P2__forecast__operational__htessel_lisflood__control_forecast,cems-glofas-forecast,operational,htessel_lisflood,control_forecast,2021-07-27,budget_exhausted,,budget,max attempts reached for combo,,
2026-02-16T01:27:45Z,scan_20260216T012745Z,forecast,P2,P2__forecast__operational__htessel_lisflood__control_forecast,cems-glofas-forecast,operational,htessel_lisflood,control_forecast,2021-10-25,budget_exhausted,,budget,max attempts reached for combo,,
2026-02-16T01:27:45Z,scan_20260216T012745Z,forecast,P2,P2__forecast__operational__htessel_lisflood__control_forecast,cems-glofas-forecast,operational,htessel_lisflood,control_forecast,2022-01-23,budget_exhausted,,budget,max attempts reached for combo,,
2026-02-16T01:27:45Z,scan_20260216T012745Z,forecast,P2,P2__forecast__operational__htessel_lisflood__control_forecast,cems-glofas-forecast,operational,htessel_lisflood,control_forecast,2022-04-23,budget_exhausted,,budget,max attempts reached for combo,,
2026-02-16T01:27:45Z,scan_20260216T012745Z,forecast,P2,P2__forecast__operational__htessel_lisflood__control_forecast,cems-glofas-forecast,operational,htessel_lisflood,control_forecast,2022-07-22,budget_exhausted,,budget,max attempts reached for combo,,
2026-02-16T01:27:45Z,scan_20260216T012745Z,forecast,P2,P2__forecast__operational__htessel_lisflood__control_forecast,cems-glofas-forecast,operational,htessel_lisflood,control_forecast,2022-10-20,budget_exhausted,,budget,max attempts reached for combo,,
2026-02-16T01:27:45Z,scan_20260216T012745Z,forecast,P2,P2__forecast__operational__htessel_lisflood__control_forecast,cems-glofas-forecast,operational,htessel_lisflood,control_forecast,2023-01-18,budget_exhausted,,budget,max attempts reached for combo,,
2026-02-16T01:27:45Z,scan_20260216T012745Z,forecast,P2,P2__forecast__operational__htessel_lisflood__control_forecast,cems-glofas-forecast,operational,htessel_lisflood,control_forecast,2023-04-18,budget_exhausted,,budget,max attempts reached for combo,,
2026-02-16T01:27:45Z,scan_20260216T012745Z,forecast,P2,P2__forecast__operational__htessel_lisflood__control_forecast,cems-glofas-forecast,operational,htessel_lisflood,control_forecast,2023-07-17,budget_exhausted,,budget,max attempts reached for combo,,
2026-02-16T01:27:45Z,scan_20260216T012745Z,forecast,P2,P2__forecast__operational__htessel_lisflood__control_forecast,cems-glofas-forecast,operational,htessel_lisflood,control_forecast,2023-10-15,budget_exhausted,,budget,max attempts reached for combo,,
2026-02-16T01:27:45Z,scan_20260216T012745Z,forecast,P2,P2__forecast__operational__htessel_lisflood__control_forecast,cems-glofas-forecast,operational,htessel_lisflood,control_forecast,2024-01-13,budget_exhausted,,budget,max attempts reached for combo,,
2026-02-16T01:27:45Z,scan_20260216T012745Z,forecast,P2,P2__forecast__operational__htessel_lisflood__control_forecast,cems-glofas-forecast,operational,htessel_lisflood,control_forecast,2024-04-12,budget_exhausted,,budget,max attempts reached for combo,,
2026-02-16T01:27:45Z,scan_20260216T012745Z,forecast,P2,P2__forecast__operational__htessel_lisflood__control_forecast,cems-glofas-forecast,operational,htessel_lisflood,control_forecast,2024-07-11,budget_exhausted,,budget,max attempts reached for combo,,
2026-02-16T01:27:45Z,scan_20260216T012745Z,forecast,P2,P2__forecast__operational__htessel_lisflood__control_forecast,cems-glofas-forecast,operational,htessel_lisflood,control_forecast,2024-10-09,budget_exhausted,,budget,max attempts reached for combo,,
2026-02-16T01:27:45Z,scan_20260216T012745Z,forecast,P2,P2__forecast__operational__htessel_lisflood__control_forecast,cems-glofas-forecast,operational,htessel_lisflood,control_forecast,2025-01-07,budget_exhausted,,budget,max attempts reached for combo,,
2026-02-16T01:27:45Z,scan_20260216T012745Z,forecast,P2,P2__forecast__operational__htessel_lisflood__control_forecast,cems-glofas-forecast,operational,htessel_lisflood,control_forecast,2025-04-07,budget_exhausted,,budget,max attempts reached for combo,,
2026-02-16T01:27:45Z,scan_20260216T012745Z,forecast,P2,P2__forecast__operational__htessel_lisflood__control_forecast,cems-glofas-forecast,operational,htessel_lisflood,control_forecast,2025-07-06,budget_exhausted,,budget,max attempts reached for combo,,
2026-02-16T01:27:45Z,scan_20260216T012745Z,forecast,P2,P2__forecast__operational__htessel_lisflood__control_forecast,cems-glofas-forecast,operational,htessel_lisflood,control_forecast,2025-10-04,budget_exhausted,,budget,max attempts reached for combo,,
2026-02-16T01:27:45Z,scan_20260216T012745Z,forecast,P2,P2__forecast__operational__htessel_lisflood__control_forecast,cems-glofas-forecast,operational,htessel_lisflood,control_forecast,2026-01-02,budget_exhausted,,budget,max attempts reached for combo,,
2026-02-16T01:27:45Z,scan_20260216T012745Z,forecast,P2,P2__forecast__operational__lisflood__control_forecast,cems-glofas-forecast,operational,lisflood,control_forecast,2022-12-25,dry_run,,dry_run,probe not executed in dry-run mode,repro/glofas_coverage_scan_runs/scan_20260216T012745Z/downloads/forecast/P2__forecast__operational__lisflood__control_forecast/2022-12-25.zip,"{""area"": [37.2443931, -122.272464, 36.8443931, -121.872464], ""data_format"": ""grib2"", ""day"": [""25""], ""download_format"": ""zip"", ""hydrological_model"": [""lisflood""], ""leadtime_hour"": [""24""], ""month"": [""12""], ""product_type"": [""control_forecast""], ""system_version"": [""operational""], ""variable"": [""river_discharge_in_the_last_24_hours""], ""year"": [""2022""]}"
2026-02-16T01:27:45Z,scan_20260216T012745Z,forecast,P2,P2__forecast__operational__lisflood__control_forecast,cems-glofas-forecast,operational,lisflood,control_forecast,2023-03-27,dry_run,,dry_run,probe not executed in dry-run mode,repro/glofas_coverage_scan_runs/scan_20260216T012745Z/downloads/forecast/P2__forecast__operational__lisflood__control_forecast/2023-03-27.zip,"{""area"": [37.2443931, -122.272464, 36.8443931, -121.872464], ""data_format"": ""grib2"", ""day"": [""27""], ""download_format"": ""zip"", ""hydrological_model"": [""lisflood""], ""leadtime_hour"": [""24""], ""month"": [""03""], ""product_type"": [""control_forecast""], ""system_version"": [""operational""], ""variable"": [""river_discharge_in_the_last_24_hours""], ""year"": [""2023""]}"
2026-02-16T01:27:45Z,scan_20260216T012745Z,forecast,P2,P2__forecast__operational__lisflood__control_forecast,cems-glofas-forecast,operational,lisflood,control_forecast,2019-11-05,dry_run,,dry_run,probe not executed in dry-run mode,repro/glofas_coverage_scan_runs/scan_20260216T012745Z/downloads/forecast/P2__forecast__operational__lisflood__control_forecast/2019-11-05.zip,"{""area"": [37.2443931, -122.272464, 36.8443931, -121.872464], ""data_format"": ""grib2"", ""day"": [""05""], ""download_format"": ""zip"", ""hydrological_model"": [""lisflood""], ""leadtime_hour"": [""24""], ""month"": [""11""], ""product_type"": [""control_forecast""], ""system_version"": [""operational""], ""variable"": [""river_discharge_in_the_last_24_hours""], ""year"": [""2019""]}"
2026-02-16T01:27:45Z,scan_20260216T012745Z,forecast,P2,P2__forecast__operational__lisflood__control_forecast,cems-glofas-forecast,operational,lisflood,control_forecast,2026-02-16,dry_run,,dry_run,probe not executed in dry-run mode,repro/glofas_coverage_scan_runs/scan_20260216T012745Z/downloads/forecast/P2__forecast__operational__lisflood__control_forecast/2026-02-16.zip,"{""area"": [37.2443931, -122.272464, 36.8443931, -121.872464], ""data_format"": ""grib2"", ""day"": [""16""], ""download_format"": ""zip"", ""hydrological_model"": [""lisflood""], ""leadtime_hour"": [""24""], ""month"": [""02""], ""product_type"": [""control_forecast""], ""system_version"": [""operational""], ""variable"": [""river_discharge_in_the_last_24_hours""], ""year"": [""2026""]}"
2026-02-16T01:27:45Z,scan_20260216T012745Z,forecast,P2,P2__forecast__operational__lisflood__control_forecast,cems-glofas-forecast,operational,lisflood,control_forecast,2022-12-26,dry_run,,dry_run,probe not executed in dry-run mode,repro/glofas_coverage_scan_runs/scan_20260216T012745Z/downloads/forecast/P2__forecast__operational__lisflood__control_forecast/2022-12-26.zip,"{""area"": [37.2443931, -122.272464, 36.8443931, -121.872464], ""data_format"": ""grib2"", ""day"": [""26""], ""download_format"": ""zip"", ""hydrological_model"": [""lisflood""], ""leadtime_hour"": [""24""], ""month"": [""12""], ""product_type"": [""control_forecast""], ""system_version"": [""operational""], ""variable"": [""river_discharge_in_the_last_24_hours""], ""year"": [""2022""]}"
2026-02-16T01:27:45Z,scan_20260216T012745Z,forecast,P2,P2__forecast__operational__lisflood__control_forecast,cems-glofas-forecast,operational,lisflood,control_forecast,2020-02-03,dry_run,,dry_run,probe not executed in dry-run mode,repro/glofas_coverage_scan_runs/scan_20260216T012745Z/downloads/forecast/P2__forecast__operational__lisflood__control_forecast/2020-02-03.zip,"{""area"": [37.2443931, -122.272464, 36.8443931, -121.872464], ""data_format"": ""grib2"", ""day"": [""03""], ""download_format"": ""zip"", ""hydrological_model"": [""lisflood""], ""leadtime_hour"": [""24""], ""month"": [""02""], ""product_type"": [""control_forecast""], ""system_version"": [""operational""], ""variable"": [""river_discharge_in_the_last_24_hours""], ""year"": [""2020""]}"
2026-02-16T01:27:45Z,scan_20260216T012745Z,forecast,P2,P2__forecast__operational__lisflood__control_forecast,cems-glofas-forecast,operational,lisflood,control_forecast,2020-05-03,budget_exhausted,,budget,max attempts reached for combo,,
2026-02-16T01:27:45Z,scan_20260216T012745Z,forecast,P2,P2__forecast__operational__lisflood__control_forecast,cems-glofas-forecast,operational,lisflood,control_forecast,2020-08-01,budget_exhausted,,budget,max attempts reached for combo,,
2026-02-16T01:27:45Z,scan_20260216T012745Z,forecast,P2,P2__forecast__operational__lisflood__control_forecast,cems-glofas-forecast,operational,lisflood,control_forecast,2020-10-30,budget_exhausted,,budget,max attempts reached for combo,,
2026-02-16T01:27:45Z,scan_20260216T012745Z,forecast,P2,P2__forecast__operational__lisflood__control_forecast,cems-glofas-forecast,operational,lisflood,control_forecast,2021-01-28,budget_exhausted,,budget,max attempts reached for combo,,
2026-02-16T01:27:45Z,scan_20260216T012745Z,forecast,P2,P2__forecast__operational__lisflood__control_forecast,cems-glofas-forecast,operational,lisflood,control_forecast,2021-04-28,budget_exhausted,,budget,max attempts reached for combo,,
2026-02-16T01:27:45Z,scan_20260216T012745Z,forecast,P2,P2__forecast__operational__lisflood__control_forecast,cems-glofas-forecast,operational,lisflood,control_forecast,2021-07-27,budget_exhausted,,budget,max attempts reached for combo,,
2026-02-16T01:27:45Z,scan_20260216T012745Z,forecast,P2,P2__forecast__operational__lisflood__control_forecast,cems-glofas-forecast,operational,lisflood,control_forecast,2021-10-25,budget_exhausted,,budget,max attempts reached for combo,,
2026-02-16T01:27:45Z,scan_20260216T012745Z,forecast,P2,P2__forecast__operational__lisflood__control_forecast,cems-glofas-forecast,operational,lisflood,control_forecast,2022-01-23,budget_exhausted,,budget,max attempts reached for combo,,
2026-02-16T01:27:45Z,scan_20260216T012745Z,forecast,P2,P2__forecast__operational__lisflood__control_forecast,cems-glofas-forecast,operational,lisflood,control_forecast,2022-04-23,budget_exhausted,,budget,max attempts reached for combo,,
2026-02-16T01:27:45Z,scan_20260216T012745Z,forecast,P2,P2__forecast__operational__lisflood__control_forecast,cems-glofas-forecast,operational,lisflood,control_forecast,2022-07-22,budget_exhausted,,budget,max attempts reached for combo,,
2026-02-16T01:27:45Z,scan_20260216T012745Z,forecast,P2,P2__forecast__operational__lisflood__control_forecast,cems-glofas-forecast,operational,lisflood,control_forecast,2022-10-20,budget_exhausted,,budget,max attempts reached for combo,,
2026-02-16T01:27:45Z,scan_20260216T012745Z,forecast,P2,P2__forecast__operational__lisflood__control_forecast,cems-glofas-forecast,operational,lisflood,control_forecast,2023-01-18,budget_exhausted,,budget,max attempts reached for combo,,
2026-02-16T01:27:45Z,scan_20260216T012745Z,forecast,P2,P2__forecast__operational__lisflood__control_forecast,cems-glofas-forecast,operational,lisflood,control_forecast,2023-04-18,budget_exhausted,,budget,max attempts reached for combo,,
2026-02-16T01:27:45Z,scan_20260216T012745Z,forecast,P2,P2__forecast__operational__lisflood__control_forecast,cems-glofas-forecast,operational,lisflood,control_forecast,2023-07-17,budget_exhausted,,budget,max attempts reached for combo,,
2026-02-16T01:27:45Z,scan_20260216T012745Z,forecast,P2,P2__forecast__operational__lisflood__control_forecast,cems-glofas-forecast,operational,lisflood,control_forecast,2023-10-15,budget_exhausted,,budget,max attempts reached for combo,,
2026-02-16T01:27:45Z,scan_20260216T012745Z,forecast,P2,P2__forecast__operational__lisflood__control_forecast,cems-glofas-forecast,operational,lisflood,control_forecast,2024-01-13,budget_exhausted,,budget,max attempts reached for combo,,
2026-02-16T01:27:45Z,scan_20260216T012745Z,forecast,P2,P2__forecast__operational__lisflood__control_forecast,cems-glofas-forecast,operational,lisflood,control_forecast,2024-04-12,budget_exhausted,,budget,max attempts reached for combo,,
2026-02-16T01:27:45Z,scan_20260216T012745Z,forecast,P2,P2__forecast__operational__lisflood__control_forecast,cems-glofas-forecast,operational,lisflood,control_forecast,2024-07-11,budget_exhausted,,budget,max attempts reached for combo,,
2026-02-16T01:27:45Z,scan_20260216T012745Z,forecast,P2,P2__forecast__operational__lisflood__control_forecast,cems-glofas-forecast,operational,lisflood,control_forecast,2024-10-09,budget_exhausted,,budget,max attempts reached for combo,,
2026-02-16T01:27:45Z,scan_20260216T012745Z,forecast,P2,P2__forecast__operational__lisflood__control_forecast,cems-glofas-forecast,operational,lisflood,control_forecast,2025-01-07,budget_exhausted,,budget,max attempts reached for combo,,
2026-02-16T01:27:45Z,scan_20260216T012745Z,forecast,P2,P2__forecast__operational__lisflood__control_forecast,cems-glofas-forecast,operational,lisflood,control_forecast,2025-04-07,budget_exhausted,,budget,max attempts reached for combo,,
2026-02-16T01:27:45Z,scan_20260216T012745Z,forecast,P2,P2__forecast__operational__lisflood__control_forecast,cems-glofas-forecast,operational,lisflood,control_forecast,2025-07-06,budget_exhausted,,budget,max attempts reached for combo,,
2026-02-16T01:27:45Z,scan_20260216T012745Z,forecast,P2,P2__forecast__operational__lisflood__control_forecast,cems-glofas-forecast,operational,lisflood,control_forecast,2025-10-04,budget_exhausted,,budget,max attempts reached for combo,,
2026-02-16T01:27:45Z,scan_20260216T012745Z,forecast,P2,P2__forecast__operational__lisflood__control_forecast,cems-glofas-forecast,operational,lisflood,control_forecast,2026-01-02,budget_exhausted,,budget,max attempts reached for combo,,
2026-02-16T01:27:46Z,scan_20260216T012745Z,forecast,P3,P3__forecast__version_2_1__htessel_lisflood__control_forecast,cems-glofas-forecast,version_2_1,htessel_lisflood,control_forecast,2020-01-16,dry_run,,dry_run,probe not executed in dry-run mode,repro/glofas_coverage_scan_runs/scan_20260216T012745Z/downloads/forecast/P3__forecast__version_2_1__htessel_lisflood__control_forecast/2020-01-16.zip,"{""area"": [37.2443931, -122.272464, 36.8443931, -121.872464], ""data_format"": ""grib2"", ""day"": [""16""], ""download_format"": ""zip"", ""hydrological_model"": [""htessel_lisflood""], ""leadtime_hour"": [""24""], ""month"": [""01""], ""product_type"": [""control_forecast""], ""system_version"": [""version_2_1""], ""variable"": [""river_discharge_in_the_last_24_hours""], ""year"": [""2020""]}"
2026-02-16T01:27:46Z,scan_20260216T012745Z,forecast,P3,P3__forecast__version_2_1__htessel_lisflood__control_forecast,cems-glofas-forecast,version_2_1,htessel_lisflood,control_forecast,2020-12-01,dry_run,,dry_run,probe not executed in dry-run mode,repro/glofas_coverage_scan_runs/scan_20260216T012745Z/downloads/forecast/P3__forecast__version_2_1__htessel_lisflood__control_forecast/2020-12-01.zip,"{""area"": [37.2443931, -122.272464, 36.8443931, -121.872464], ""data_format"": ""grib2"", ""day"": [""01""], ""download_format"": ""zip"", ""hydrological_model"": [""htessel_lisflood""], ""leadtime_hour"": [""24""], ""month"": [""12""], ""product_type"": [""control_forecast""], ""system_version"": [""version_2_1""], ""variable"": [""river_discharge_in_the_last_24_hours""], ""year"": [""2020""]}"
2026-02-16T01:27:46Z,scan_20260216T012745Z,forecast,P3,P3__forecast__version_2_1__htessel_lisflood__control_forecast,cems-glofas-forecast,version_2_1,htessel_lisflood,control_forecast,2019-11-05,dry_run,,dry_run,probe not executed in dry-run mode,repro/glofas_coverage_scan_runs/scan_20260216T012745Z/downloads/forecast/P3__forecast__version_2_1__htessel_lisflood__control_forecast/2019-11-05.zip,"{""area"": [37.2443931, -122.272464, 36.8443931, -121.872464], ""data_format"": ""grib2"", ""day"": [""05""], ""download_format"": ""zip"", ""hydrological_model"": [""htessel_lisflood""], ""leadtime_hour"": [""24""], ""month"": [""11""], ""product_type"": [""control_forecast""], ""system_version"": [""version_2_1""], ""variable"": [""river_discharge_in_the_last_24_hours""], ""year"": [""2019""]}"
2026-02-16T01:27:46Z,scan_20260216T012745Z,forecast,P3,P3__forecast__version_2_1__htessel_lisflood__control_forecast,cems-glofas-forecast,version_2_1,htessel_lisflood,control_forecast,2026-02-16,dry_run,,dry_run,probe not executed in dry-run mode,repro/glofas_coverage_scan_runs/scan_20260216T012745Z/downloads/forecast/P3__forecast__version_2_1__htessel_lisflood__control_forecast/2026-02-16.zip,"{""area"": [37.2443931, -122.272464, 36.8443931, -121.872464], ""data_format"": ""grib2"", ""day"": [""16""], ""download_format"": ""zip"", ""hydrological_model"": [""htessel_lisflood""], ""leadtime_hour"": [""24""], ""month"": [""02""], ""product_type"": [""control_forecast""], ""system_version"": [""version_2_1""], ""variable"": [""river_discharge_in_the_last_24_hours""], ""year"": [""2026""]}"
2026-02-16T01:27:46Z,scan_20260216T012745Z,forecast,P3,P3__forecast__version_2_1__htessel_lisflood__control_forecast,cems-glofas-forecast,version_2_1,htessel_lisflood,control_forecast,2022-12-26,dry_run,,dry_run,probe not executed in dry-run mode,repro/glofas_coverage_scan_runs/scan_20260216T012745Z/downloads/forecast/P3__forecast__version_2_1__htessel_lisflood__control_forecast/2022-12-26.zip,"{""area"": [37.2443931, -122.272464, 36.8443931, -121.872464], ""data_format"": ""grib2"", ""day"": [""26""], ""download_format"": ""zip"", ""hydrological_model"": [""htessel_lisflood""], ""leadtime_hour"": [""24""], ""month"": [""12""], ""product_type"": [""control_forecast""], ""system_version"": [""version_2_1""], ""variable"": [""river_discharge_in_the_last_24_hours""], ""year"": [""2022""]}"
2026-02-16T01:27:46Z,scan_20260216T012745Z,forecast,P3,P3__forecast__version_2_1__htessel_lisflood__control_forecast,cems-glofas-forecast,version_2_1,htessel_lisflood,control_forecast,2020-02-03,dry_run,,dry_run,probe not executed in dry-run mode,repro/glofas_coverage_scan_runs/scan_20260216T012745Z/downloads/forecast/P3__forecast__version_2_1__htessel_lisflood__control_forecast/2020-02-03.zip,"{""area"": [37.2443931, -122.272464, 36.8443931, -121.872464], ""data_format"": ""grib2"", ""day"": [""03""], ""download_format"": ""zip"", ""hydrological_model"": [""htessel_lisflood""], ""leadtime_hour"": [""24""], ""month"": [""02""], ""product_type"": [""control_forecast""], ""system_version"": [""version_2_1""], ""variable"": [""river_discharge_in_the_last_24_hours""], ""year"": [""2020""]}"
2026-02-16T01:27:46Z,scan_20260216T012745Z,forecast,P3,P3__forecast__version_2_1__htessel_lisflood__control_forecast,cems-glofas-forecast,version_2_1,htessel_lisflood,control_forecast,2020-05-03,budget_exhausted,,budget,max attempts reached for combo,,
2026-02-16T01:27:46Z,scan_20260216T012745Z,forecast,P3,P3__forecast__version_2_1__htessel_lisflood__control_forecast,cems-glofas-forecast,version_2_1,htessel_lisflood,control_forecast,2020-08-01,budget_exhausted,,budget,max attempts reached for combo,,
2026-02-16T01:27:46Z,scan_20260216T012745Z,forecast,P3,P3__forecast__version_2_1__htessel_lisflood__control_forecast,cems-glofas-forecast,version_2_1,htessel_lisflood,control_forecast,2020-10-30,budget_exhausted,,budget,max attempts reached for combo,,
2026-02-16T01:27:46Z,scan_20260216T012745Z,forecast,P3,P3__forecast__version_2_1__htessel_lisflood__control_forecast,cems-glofas-forecast,version_2_1,htessel_lisflood,control_forecast,2021-01-28,budget_exhausted,,budget,max attempts reached for combo,,
2026-02-16T01:27:46Z,scan_20260216T012745Z,forecast,P3,P3__forecast__version_2_1__htessel_lisflood__control_forecast,cems-glofas-forecast,version_2_1,htessel_lisflood,control_forecast,2021-04-28,budget_exhausted,,budget,max attempts reached for combo,,
2026-02-16T01:27:46Z,scan_20260216T012745Z,forecast,P3,P3__forecast__version_2_1__htessel_lisflood__control_forecast,cems-glofas-forecast,version_2_1,htessel_lisflood,control_forecast,2021-07-27,budget_exhausted,,budget,max attempts reached for combo,,
2026-02-16T01:27:46Z,scan_20260216T012745Z,forecast,P3,P3__forecast__version_2_1__htessel_lisflood__control_forecast,cems-glofas-forecast,version_2_1,htessel_lisflood,control_forecast,2021-10-25,budget_exhausted,,budget,max attempts reached for combo,,
2026-02-16T01:27:46Z,scan_20260216T012745Z,forecast,P3,P3__forecast__version_2_1__htessel_lisflood__control_forecast,cems-glofas-forecast,version_2_1,htessel_lisflood,control_forecast,2022-01-23,budget_exhausted,,budget,max attempts reached for combo,,
2026-02-16T01:27:46Z,scan_20260216T012745Z,forecast,P3,P3__forecast__version_2_1__htessel_lisflood__control_forecast,cems-glofas-forecast,version_2_1,htessel_lisflood,control_forecast,2022-04-23,budget_exhausted,,budget,max attempts reached for combo,,
2026-02-16T01:27:46Z,scan_20260216T012745Z,forecast,P3,P3__forecast__version_2_1__htessel_lisflood__control_forecast,cems-glofas-forecast,version_2_1,htessel_lisflood,control_forecast,2022-07-22,budget_exhausted,,budget,max attempts reached for combo,,
2026-02-16T01:27:46Z,scan_20260216T012745Z,forecast,P3,P3__forecast__version_2_1__htessel_lisflood__control_forecast,cems-glofas-forecast,version_2_1,htessel_lisflood,control_forecast,2022-10-20,budget_exhausted,,budget,max attempts reached for combo,,
2026-02-16T01:27:46Z,scan_20260216T012745Z,forecast,P3,P3__forecast__version_2_1__htessel_lisflood__control_forecast,cems-glofas-forecast,version_2_1,htessel_lisflood,control_forecast,2023-01-18,budget_exhausted,,budget,max attempts reached for combo,,
2026-02-16T01:27:46Z,scan_20260216T012745Z,forecast,P3,P3__forecast__version_2_1__htessel_lisflood__control_forecast,cems-glofas-forecast,version_2_1,htessel_lisflood,control_forecast,2023-04-18,budget_exhausted,,budget,max attempts reached for combo,,
2026-02-16T01:27:46Z,scan_20260216T012745Z,forecast,P3,P3__forecast__version_2_1__htessel_lisflood__control_forecast,cems-glofas-forecast,version_2_1,htessel_lisflood,control_forecast,2023-07-17,budget_exhausted,,budget,max attempts reached for combo,,
2026-02-16T01:27:46Z,scan_20260216T012745Z,forecast,P3,P3__forecast__version_2_1__htessel_lisflood__control_forecast,cems-glofas-forecast,version_2_1,htessel_lisflood,control_forecast,2023-10-15,budget_exhausted,,budget,max attempts reached for combo,,
2026-02-16T01:27:46Z,scan_20260216T012745Z,forecast,P3,P3__forecast__version_2_1__htessel_lisflood__control_forecast,cems-glofas-forecast,version_2_1,htessel_lisflood,control_forecast,2024-01-13,budget_exhausted,,budget,max attempts reached for combo,,
2026-02-16T01:27:46Z,scan_20260216T012745Z,forecast,P3,P3__forecast__version_2_1__htessel_lisflood__control_forecast,cems-glofas-forecast,version_2_1,htessel_lisflood,control_forecast,2024-04-12,budget_exhausted,,budget,max attempts reached for combo,,
2026-02-16T01:27:46Z,scan_20260216T012745Z,forecast,P3,P3__forecast__version_2_1__htessel_lisflood__control_forecast,cems-glofas-forecast,version_2_1,htessel_lisflood,control_forecast,2024-07-11,budget_exhausted,,budget,max attempts reached for combo,,
2026-02-16T01:27:46Z,scan_20260216T012745Z,forecast,P3,P3__forecast__version_2_1__htessel_lisflood__control_forecast,cems-glofas-forecast,version_2_1,htessel_lisflood,control_forecast,2024-10-09,budget_exhausted,,budget,max attempts reached for combo,,
2026-02-16T01:27:46Z,scan_20260216T012745Z,forecast,P3,P3__forecast__version_2_1__htessel_lisflood__control_forecast,cems-glofas-forecast,version_2_1,htessel_lisflood,control_forecast,2025-01-07,budget_exhausted,,budget,max attempts reached for combo,,
2026-02-16T01:27:46Z,scan_20260216T012745Z,forecast,P3,P3__forecast__version_2_1__htessel_lisflood__control_forecast,cems-glofas-forecast,version_2_1,htessel_lisflood,control_forecast,2025-04-07,budget_exhausted,,budget,max attempts reached for combo,,
2026-02-16T01:27:46Z,scan_20260216T012745Z,forecast,P3,P3__forecast__version_2_1__htessel_lisflood__control_forecast,cems-glofas-forecast,version_2_1,htessel_lisflood,control_forecast,2025-07-06,budget_exhausted,,budget,max attempts reached for combo,,
2026-02-16T01:27:46Z,scan_20260216T012745Z,forecast,P3,P3__forecast__version_2_1__htessel_lisflood__control_forecast,cems-glofas-forecast,version_2_1,htessel_lisflood,control_forecast,2025-10-04,budget_exhausted,,budget,max attempts reached for combo,,
2026-02-16T01:27:46Z,scan_20260216T012745Z,forecast,P3,P3__forecast__version_2_1__htessel_lisflood__control_forecast,cems-glofas-forecast,version_2_1,htessel_lisflood,control_forecast,2026-01-02,budget_exhausted,,budget,max attempts reached for combo,,
2026-02-16T01:27:46Z,scan_20260216T012745Z,forecast,P3,P3__forecast__version_2_1__lisflood__control_forecast,cems-glofas-forecast,version_2_1,lisflood,control_forecast,2020-01-16,dry_run,,dry_run,probe not executed in dry-run mode,repro/glofas_coverage_scan_runs/scan_20260216T012745Z/downloads/forecast/P3__forecast__version_2_1__lisflood__control_forecast/2020-01-16.zip,"{""area"": [37.2443931, -122.272464, 36.8443931, -121.872464], ""data_format"": ""grib2"", ""day"": [""16""], ""download_format"": ""zip"", ""hydrological_model"": [""lisflood""], ""leadtime_hour"": [""24""], ""month"": [""01""], ""product_type"": [""control_forecast""], ""system_version"": [""version_2_1""], ""variable"": [""river_discharge_in_the_last_24_hours""], ""year"": [""2020""]}"
2026-02-16T01:27:46Z,scan_20260216T012745Z,forecast,P3,P3__forecast__version_2_1__lisflood__control_forecast,cems-glofas-forecast,version_2_1,lisflood,control_forecast,2020-12-01,dry_run,,dry_run,probe not executed in dry-run mode,repro/glofas_coverage_scan_runs/scan_20260216T012745Z/downloads/forecast/P3__forecast__version_2_1__lisflood__control_forecast/2020-12-01.zip,"{""area"": [37.2443931, -122.272464, 36.8443931, -121.872464], ""data_format"": ""grib2"", ""day"": [""01""], ""download_format"": ""zip"", ""hydrological_model"": [""lisflood""], ""leadtime_hour"": [""24""], ""month"": [""12""], ""product_type"": [""control_forecast""], ""system_version"": [""version_2_1""], ""variable"": [""river_discharge_in_the_last_24_hours""], ""year"": [""2020""]}"
2026-02-16T01:27:46Z,scan_20260216T012745Z,forecast,P3,P3__forecast__version_2_1__lisflood__control_forecast,cems-glofas-forecast,version_2_1,lisflood,control_forecast,2019-11-05,dry_run,,dry_run,probe not executed in dry-run mode,repro/glofas_coverage_scan_runs/scan_20260216T012745Z/downloads/forecast/P3__forecast__version_2_1__lisflood__control_forecast/2019-11-05.zip,"{""area"": [37.2443931, -122.272464, 36.8443931, -121.872464], ""data_format"": ""grib2"", ""day"": [""05""], ""download_format"": ""zip"", ""hydrological_model"": [""lisflood""], ""leadtime_hour"": [""24""], ""month"": [""11""], ""product_type"": [""control_forecast""], ""system_version"": [""version_2_1""], ""variable"": [""river_discharge_in_the_last_24_hours""], ""year"": [""2019""]}"
2026-02-16T01:27:46Z,scan_20260216T012745Z,forecast,P3,P3__forecast__version_2_1__lisflood__control_forecast,cems-glofas-forecast,version_2_1,lisflood,control_forecast,2026-02-16,dry_run,,dry_run,probe not executed in dry-run mode,repro/glofas_coverage_scan_runs/scan_20260216T012745Z/downloads/forecast/P3__forecast__version_2_1__lisflood__control_forecast/2026-02-16.zip,"{""area"": [37.2443931, -122.272464, 36.8443931, -121.872464], ""data_format"": ""grib2"", ""day"": [""16""], ""download_format"": ""zip"", ""hydrological_model"": [""lisflood""], ""leadtime_hour"": [""24""], ""month"": [""02""], ""product_type"": [""control_forecast""], ""system_version"": [""version_2_1""], ""variable"": [""river_discharge_in_the_last_24_hours""], ""year"": [""2026""]}"
2026-02-16T01:27:46Z,scan_20260216T012745Z,forecast,P3,P3__forecast__version_2_1__lisflood__control_forecast,cems-glofas-forecast,version_2_1,lisflood,control_forecast,2022-12-26,dry_run,,dry_run,probe not executed in dry-run mode,repro/glofas_coverage_scan_runs/scan_20260216T012745Z/downloads/forecast/P3__forecast__version_2_1__lisflood__control_forecast/2022-12-26.zip,"{""area"": [37.2443931, -122.272464, 36.8443931, -121.872464], ""data_format"": ""grib2"", ""day"": [""26""], ""download_format"": ""zip"", ""hydrological_model"": [""lisflood""], ""leadtime_hour"": [""24""], ""month"": [""12""], ""product_type"": [""control_forecast""], ""system_version"": [""version_2_1""], ""variable"": [""river_discharge_in_the_last_24_hours""], ""year"": [""2022""]}"
2026-02-16T01:27:46Z,scan_20260216T012745Z,forecast,P3,P3__forecast__version_2_1__lisflood__control_forecast,cems-glofas-forecast,version_2_1,lisflood,control_forecast,2020-02-03,dry_run,,dry_run,probe not executed in dry-run mode,repro/glofas_coverage_scan_runs/scan_20260216T012745Z/downloads/forecast/P3__forecast__version_2_1__lisflood__control_forecast/2020-02-03.zip,"{""area"": [37.2443931, -122.272464, 36.8443931, -121.872464], ""data_format"": ""grib2"", ""day"": [""03""], ""download_format"": ""zip"", ""hydrological_model"": [""lisflood""], ""leadtime_hour"": [""24""], ""month"": [""02""], ""product_type"": [""control_forecast""], ""system_version"": [""version_2_1""], ""variable"": [""river_discharge_in_the_last_24_hours""], ""year"": [""2020""]}"
2026-02-16T01:27:46Z,scan_20260216T012745Z,forecast,P3,P3__forecast__version_2_1__lisflood__control_forecast,cems-glofas-forecast,version_2_1,lisflood,control_forecast,2020-05-03,budget_exhausted,,budget,max attempts reached for combo,,
2026-02-16T01:27:46Z,scan_20260216T012745Z,forecast,P3,P3__forecast__version_2_1__lisflood__control_forecast,cems-glofas-forecast,version_2_1,lisflood,control_forecast,2020-08-01,budget_exhausted,,budget,max attempts reached for combo,,
2026-02-16T01:27:46Z,scan_20260216T012745Z,forecast,P3,P3__forecast__version_2_1__lisflood__control_forecast,cems-glofas-forecast,version_2_1,lisflood,control_forecast,2020-10-30,budget_exhausted,,budget,max attempts reached for combo,,
2026-02-16T01:27:46Z,scan_20260216T012745Z,forecast,P3,P3__forecast__version_2_1__lisflood__control_forecast,cems-glofas-forecast,version_2_1,lisflood,control_forecast,2021-01-28,budget_exhausted,,budget,max attempts reached for combo,,
2026-02-16T01:27:46Z,scan_20260216T012745Z,forecast,P3,P3__forecast__version_2_1__lisflood__control_forecast,cems-glofas-forecast,version_2_1,lisflood,control_forecast,2021-04-28,budget_exhausted,,budget,max attempts reached for combo,,
2026-02-16T01:27:46Z,scan_20260216T012745Z,forecast,P3,P3__forecast__version_2_1__lisflood__control_forecast,cems-glofas-forecast,version_2_1,lisflood,control_forecast,2021-07-27,budget_exhausted,,budget,max attempts reached for combo,,
2026-02-16T01:27:46Z,scan_20260216T012745Z,forecast,P3,P3__forecast__version_2_1__lisflood__control_forecast,cems-glofas-forecast,version_2_1,lisflood,control_forecast,2021-10-25,budget_exhausted,,budget,max attempts reached for combo,,
2026-02-16T01:27:46Z,scan_20260216T012745Z,forecast,P3,P3__forecast__version_2_1__lisflood__control_forecast,cems-glofas-forecast,version_2_1,lisflood,control_forecast,2022-01-23,budget_exhausted,,budget,max attempts reached for combo,,
2026-02-16T01:27:46Z,scan_20260216T012745Z,forecast,P3,P3__forecast__version_2_1__lisflood__control_forecast,cems-glofas-forecast,version_2_1,lisflood,control_forecast,2022-04-23,budget_exhausted,,budget,max attempts reached for combo,,
2026-02-16T01:27:46Z,scan_20260216T012745Z,forecast,P3,P3__forecast__version_2_1__lisflood__control_forecast,cems-glofas-forecast,version_2_1,lisflood,control_forecast,2022-07-22,budget_exhausted,,budget,max attempts reached for combo,,
2026-02-16T01:27:46Z,scan_20260216T012745Z,forecast,P3,P3__forecast__version_2_1__lisflood__control_forecast,cems-glofas-forecast,version_2_1,lisflood,control_forecast,2022-10-20,budget_exhausted,,budget,max attempts reached for combo,,
2026-02-16T01:27:46Z,scan_20260216T012745Z,forecast,P3,P3__forecast__version_2_1__lisflood__control_forecast,cems-glofas-forecast,version_2_1,lisflood,control_forecast,2023-01-18,budget_exhausted,,budget,max attempts reached for combo,,
2026-02-16T01:27:46Z,scan_20260216T012745Z,forecast,P3,P3__forecast__version_2_1__lisflood__control_forecast,cems-glofas-forecast,version_2_1,lisflood,control_forecast,2023-04-18,budget_exhausted,,budget,max attempts reached for combo,,
2026-02-16T01:27:46Z,scan_20260216T012745Z,forecast,P3,P3__forecast__version_2_1__lisflood__control_forecast,cems-glofas-forecast,version_2_1,lisflood,control_forecast,2023-07-17,budget_exhausted,,budget,max attempts reached for combo,,
2026-02-16T01:27:46Z,scan_20260216T012745Z,forecast,P3,P3__forecast__version_2_1__lisflood__control_forecast,cems-glofas-forecast,version_2_1,lisflood,control_forecast,2023-10-15,budget_exhausted,,budget,max attempts reached for combo,,
2026-02-16T01:27:46Z,scan_20260216T012745Z,forecast,P3,P3__forecast__version_2_1__lisflood__control_forecast,cems-glofas-forecast,version_2_1,lisflood,control_forecast,2024-01-13,budget_exhausted,,budget,max attempts reached for combo,,
2026-02-16T01:27:46Z,scan_20260216T012745Z,forecast,P3,P3__forecast__version_2_1__lisflood__control_forecast,cems-glofas-forecast,version_2_1,lisflood,control_forecast,2024-04-12,budget_exhausted,,budget,max attempts reached for combo,,
2026-02-16T01:27:46Z,scan_20260216T012745Z,forecast,P3,P3__forecast__version_2_1__lisflood__control_forecast,cems-glofas-forecast,version_2_1,lisflood,control_forecast,2024-07-11,budget_exhausted,,budget,max attempts reached for combo,,
2026-02-16T01:27:46Z,scan_20260216T012745Z,forecast,P3,P3__forecast__version_2_1__lisflood__control_forecast,cems-glofas-forecast,version_2_1,lisflood,control_forecast,2024-10-09,budget_exhausted,,budget,max attempts reached for combo,,
2026-02-16T01:27:46Z,scan_20260216T012745Z,forecast,P3,P3__forecast__version_2_1__lisflood__control_forecast,cems-glofas-forecast,version_2_1,lisflood,control_forecast,2025-01-07,budget_exhausted,,budget,max attempts reached for combo,,
2026-02-16T01:27:46Z,scan_20260216T012745Z,forecast,P3,P3__forecast__version_2_1__lisflood__control_forecast,cems-glofas-forecast,version_2_1,lisflood,control_forecast,2025-04-07,budget_exhausted,,budget,max attempts reached for combo,,
2026-02-16T01:27:46Z,scan_20260216T012745Z,forecast,P3,P3__forecast__version_2_1__lisflood__control_forecast,cems-glofas-forecast,version_2_1,lisflood,control_forecast,2025-07-06,budget_exhausted,,budget,max attempts reached for combo,,
2026-02-16T01:27:46Z,scan_20260216T012745Z,forecast,P3,P3__forecast__version_2_1__lisflood__control_forecast,cems-glofas-forecast,version_2_1,lisflood,control_forecast,2025-10-04,budget_exhausted,,budget,max attempts reached for combo,,
2026-02-16T01:27:46Z,scan_20260216T012745Z,forecast,P3,P3__forecast__version_2_1__lisflood__control_forecast,cems-glofas-forecast,version_2_1,lisflood,control_forecast,2026-01-02,budget_exhausted,,budget,max attempts reached for combo,,
2026-02-16T01:27:45Z,scan_20260216T012745Z,reforecast,P1,P1__reforecast__version_3_1__htessel_lisflood__control_reforecast,cems-glofas-reforecast,version_3_1,htessel_lisflood,control_reforecast,2021-06-14,dry_run,,dry_run,probe not executed in dry-run mode,repro/glofas_coverage_scan_runs/scan_20260216T012745Z/downloads/reforecast/P1__reforecast__version_3_1__htessel_lisflood__control_reforecast/2021-06-14.zip,"{""area"": [37.2443931, -122.272464, 36.8443931, -121.872464], ""data_format"": ""grib2"", ""download_format"": ""zip"", ""hday"": [""14""], ""hmonth"": [""06""], ""hydrological_model"": [""htessel_lisflood""], ""hyear"": [""2021""], ""leadtime_hour"": [""24""], ""product_type"": [""control_reforecast""], ""system_version"": [""version_3_1""], ""variable"": [""river_discharge_in_the_last_24_hours""]}"
2026-02-16T01:27:45Z,scan_20260216T012745Z,reforecast,P1,P1__reforecast__version_3_1__htessel_lisflood__control_reforecast,cems-glofas-reforecast,version_3_1,htessel_lisflood,control_reforecast,2021-06-17,dry_run,,dry_run,probe not executed in dry-run mode,repro/glofas_coverage_scan_runs/scan_20260216T012745Z/downloads/reforecast/P1__reforecast__version_3_1__htessel_lisflood__control_reforecast/2021-06-17.zip,"{""area"": [37.2443931, -122.272464, 36.8443931, -121.872464], ""data_format"": ""grib2"", ""download_format"": ""zip"", ""hday"": [""17""], ""hmonth"": [""06""], ""hydrological_model"": [""htessel_lisflood""], ""hyear"": [""2021""], ""leadtime_hour"": [""24""], ""product_type"": [""control_reforecast""], ""system_version"": [""version_3_1""], ""variable"": [""river_discharge_in_the_last_24_hours""]}"
2026-02-16T01:27:45Z,scan_20260216T012745Z,reforecast,P1,P1__reforecast__version_3_1__htessel_lisflood__control_reforecast,cems-glofas-reforecast,version_3_1,htessel_lisflood,control_reforecast,1999-01-04,dry_run,,dry_run,probe not executed in dry-run mode,repro/glofas_coverage_scan_runs/scan_20260216T012745Z/downloads/reforecast/P1__reforecast__version_3_1__htessel_lisflood__control_reforecast/1999-01-04.zip,"{""area"": [37.2443931, -122.272464, 36.8443931, -121.872464], ""data_format"": ""grib2"", ""download_format"": ""zip"", ""hday"": [""04""], ""hmonth"": [""01""], ""hydrological_model"": [""htessel_lisflood""], ""hyear"": [""1999""], ""leadtime_hour"": [""24""], ""product_type"": [""control_reforecast""], ""system_version"": [""version_3_1""], ""variable"": [""river_discharge_in_the_last_24_hours""]}"
2026-02-16T01:27:45Z,scan_20260216T012745Z,reforecast,P1,P1__reforecast__version_3_1__htessel_lisflood__control_reforecast,cems-glofas-reforecast,version_3_1,htessel_lisflood,control_reforecast,2023-11-23,dry_run,,dry_run,probe not executed in dry-run mode,repro/glofas_coverage_scan_runs/scan_20260216T012745Z/downloads/reforecast/P1__reforecast__version_3_1__htessel_lisflood__control_reforecast/2023-11-23.zip,"{""area"": [37.2443931, -122.272464, 36.8443931, -121.872464], ""data_format"": ""grib2"", ""download_format"": ""zip"", ""hday"": [""23""], ""hmonth"": [""11""], ""hydrological_model"": [""htessel_lisflood""], ""hyear"": [""2023""], ""leadtime_hour"": [""24""], ""product_type"": [""control_reforecast""], ""system_version"": [""version_3_1""], ""variable"": [""river_discharge_in_the_last_24_hours""]}"
2026-02-16T01:27:45Z,scan_20260216T012745Z,reforecast,P1,P1__reforecast__version_3_1__htessel_lisflood__control_reforecast,cems-glofas-reforecast,version_3_1,htessel_lisflood,control_reforecast,2011-06-16,dry_run,,dry_run,probe not executed in dry-run mode,repro/glofas_coverage_scan_runs/scan_20260216T012745Z/downloads/reforecast/P1__reforecast__version_3_1__htessel_lisflood__control_reforecast/2011-06-16.zip,"{""area"": [37.2443931, -122.272464, 36.8443931, -121.872464], ""data_format"": ""grib2"", ""download_format"": ""zip"", ""hday"": [""16""], ""hmonth"": [""06""], ""hydrological_model"": [""htessel_lisflood""], ""hyear"": [""2011""], ""leadtime_hour"": [""24""], ""product_type"": [""control_reforecast""], ""system_version"": [""version_3_1""], ""variable"": [""river_discharge_in_the_last_24_hours""]}"
2026-02-16T01:27:45Z,scan_20260216T012745Z,reforecast,P1,P1__reforecast__version_3_1__htessel_lisflood__control_reforecast,cems-glofas-reforecast,version_3_1,htessel_lisflood,control_reforecast,1999-11-15,dry_run,,dry_run,probe not executed in dry-run mode,repro/glofas_coverage_scan_runs/scan_20260216T012745Z/downloads/reforecast/P1__reforecast__version_3_1__htessel_lisflood__control_reforecast/1999-11-15.zip,"{""area"": [37.2443931, -122.272464, 36.8443931, -121.872464], ""data_format"": ""grib2"", ""download_format"": ""zip"", ""hday"": [""15""], ""hmonth"": [""11""], ""hydrological_model"": [""htessel_lisflood""], ""hyear"": [""1999""], ""leadtime_hour"": [""24""], ""product_type"": [""control_reforecast""], ""system_version"": [""version_3_1""], ""variable"": [""river_discharge_in_the_last_24_hours""]}"
2026-02-16T01:27:45Z,scan_20260216T012745Z,reforecast,P1,P1__reforecast__version_3_1__htessel_lisflood__control_reforecast,cems-glofas-reforecast,version_3_1,htessel_lisflood,control_reforecast,2000-09-25,budget_exhausted,,budget,max attempts reached for combo,,
2026-02-16T01:27:45Z,scan_20260216T012745Z,reforecast,P1,P1__reforecast__version_3_1__htessel_lisflood__control_reforecast,cems-glofas-reforecast,version_3_1,htessel_lisflood,control_reforecast,2001-08-06,budget_exhausted,,budget,max attempts reached for combo,,
2026-02-16T01:27:45Z,scan_20260216T012745Z,reforecast,P1,P1__reforecast__version_3_1__htessel_lisflood__control_reforecast,cems-glofas-reforecast,version_3_1,htessel_lisflood,control_reforecast,2002-06-17,budget_exhausted,,budget,max attempts reached for combo,,
2026-02-16T01:27:45Z,scan_20260216T012745Z,reforecast,P1,P1__reforecast__version_3_1__htessel_lisflood__control_reforecast,cems-glofas-reforecast,version_3_1,htessel_lisflood,control_reforecast,2003-04-28,budget_exhausted,,budget,max attempts reached for combo,,
2026-02-16T01:27:45Z,scan_20260216T012745Z,reforecast,P1,P1__reforecast__version_3_1__htessel_lisflood__control_reforecast,cems-glofas-reforecast,version_3_1,htessel_lisflood,control_reforecast,2004-03-08,budget_exhausted,,budget,max attempts reached for combo,,
2026-02-16T01:27:45Z,scan_20260216T012745Z,reforecast,P1,P1__reforecast__version_3_1__htessel_lisflood__control_reforecast,cems-glofas-reforecast,version_3_1,htessel_lisflood,control_reforecast,2005-01-17,budget_exhausted,,budget,max attempts reached for combo,,
2026-02-16T01:27:45Z,scan_20260216T012745Z,reforecast,P1,P1__reforecast__version_3_1__htessel_lisflood__control_reforecast,cems-glofas-reforecast,version_3_1,htessel_lisflood,control_reforecast,2005-11-28,budget_exhausted,,budget,max attempts reached for combo,,
2026-02-16T01:27:45Z,scan_20260216T012745Z,reforecast,P1,P1__reforecast__version_3_1__htessel_lisflood__control_reforecast,cems-glofas-reforecast,version_3_1,htessel_lisflood,control_reforecast,2006-10-09,budget_exhausted,,budget,max attempts reached for combo,,
2026-02-16T01:27:45Z,scan_20260216T012745Z,reforecast,P1,P1__reforecast__version_3_1__htessel_lisflood__control_reforecast,cems-glofas-reforecast,version_3_1,htessel_lisflood,control_reforecast,2007-08-20,budget_exhausted,,budget,max attempts reached for combo,,
2026-02-16T01:27:45Z,scan_20260216T012745Z,reforecast,P1,P1__reforecast__version_3_1__htessel_lisflood__control_reforecast,cems-glofas-reforecast,version_3_1,htessel_lisflood,control_reforecast,2008-06-30,budget_exhausted,,budget,max attempts reached for combo,,
2026-02-16T01:27:45Z,scan_20260216T012745Z,reforecast,P1,P1__reforecast__version_3_1__htessel_lisflood__control_reforecast,cems-glofas-reforecast,version_3_1,htessel_lisflood,control_reforecast,2009-05-11,budget_exhausted,,budget,max attempts reached for combo,,
2026-02-16T01:27:45Z,scan_20260216T012745Z,reforecast,P1,P1__reforecast__version_3_1__htessel_lisflood__control_reforecast,cems-glofas-reforecast,version_3_1,htessel_lisflood,control_reforecast,2010-03-22,budget_exhausted,,budget,max attempts reached for combo,,
2026-02-16T01:27:45Z,scan_20260216T012745Z,reforecast,P1,P1__reforecast__version_3_1__htessel_lisflood__control_reforecast,cems-glofas-reforecast,version_3_1,htessel_lisflood,control_reforecast,2011-01-31,budget_exhausted,,budget,max attempts reached for combo,,
2026-02-16T01:27:45Z,scan_20260216T012745Z,reforecast,P1,P1__reforecast__version_3_1__htessel_lisflood__control_reforecast,cems-glofas-reforecast,version_3_1,htessel_lisflood,control_reforecast,2011-12-12,budget_exhausted,,budget,max attempts reached for combo,,
2026-02-16T01:27:45Z,scan_20260216T012745Z,reforecast,P1,P1__reforecast__version_3_1__htessel_lisflood__control_reforecast,cems-glofas-reforecast,version_3_1,htessel_lisflood,control_reforecast,2012-10-22,budget_exhausted,,budget,max attempts reached for combo,,
2026-02-16T01:27:45Z,scan_20260216T012745Z,reforecast,P1,P1__reforecast__version_3_1__htessel_lisflood__control_reforecast,cems-glofas-reforecast,version_3_1,htessel_lisflood,control_reforecast,2013-09-02,budget_exhausted,,budget,max attempts reached for combo,,
2026-02-16T01:27:45Z,scan_20260216T012745Z,reforecast,P1,P1__reforecast__version_3_1__htessel_lisflood__control_reforecast,cems-glofas-reforecast,version_3_1,htessel_lisflood,control_reforecast,2014-07-14,budget_exhausted,,budget,max attempts reached for combo,,
2026-02-16T01:27:45Z,scan_20260216T012745Z,reforecast,P1,P1__reforecast__version_3_1__htessel_lisflood__control_reforecast,cems-glofas-reforecast,version_3_1,htessel_lisflood,control_reforecast,2015-05-25,budget_exhausted,,budget,max attempts reached for combo,,
2026-02-16T01:27:45Z,scan_20260216T012745Z,reforecast,P1,P1__reforecast__version_3_1__htessel_lisflood__control_reforecast,cems-glofas-reforecast,version_3_1,htessel_lisflood,control_reforecast,2016-04-04,budget_exhausted,,budget,max attempts reached for combo,,
2026-02-16T01:27:45Z,scan_20260216T012745Z,reforecast,P1,P1__reforecast__version_3_1__htessel_lisflood__control_reforecast,cems-glofas-reforecast,version_3_1,htessel_lisflood,control_reforecast,2017-02-13,budget_exhausted,,budget,max attempts reached for combo,,
2026-02-16T01:27:45Z,scan_20260216T012745Z,reforecast,P1,P1__reforecast__version_3_1__htessel_lisflood__control_reforecast,cems-glofas-reforecast,version_3_1,htessel_lisflood,control_reforecast,2017-12-25,budget_exhausted,,budget,max attempts reached for combo,,
2026-02-16T01:27:45Z,scan_20260216T012745Z,reforecast,P1,P1__reforecast__version_3_1__htessel_lisflood__control_reforecast,cems-glofas-reforecast,version_3_1,htessel_lisflood,control_reforecast,2018-11-05,budget_exhausted,,budget,max attempts reached for combo,,
2026-02-16T01:27:45Z,scan_20260216T012745Z,reforecast,P1,P1__reforecast__version_3_1__htessel_lisflood__control_reforecast,cems-glofas-reforecast,version_3_1,htessel_lisflood,control_reforecast,2019-09-16,budget_exhausted,,budget,max attempts reached for combo,,
2026-02-16T01:27:45Z,scan_20260216T012745Z,reforecast,P1,P1__reforecast__version_3_1__htessel_lisflood__control_reforecast,cems-glofas-reforecast,version_3_1,htessel_lisflood,control_reforecast,2020-07-27,budget_exhausted,,budget,max attempts reached for combo,,
2026-02-16T01:27:45Z,scan_20260216T012745Z,reforecast,P1,P1__reforecast__version_3_1__htessel_lisflood__control_reforecast,cems-glofas-reforecast,version_3_1,htessel_lisflood,control_reforecast,2021-06-07,budget_exhausted,,budget,max attempts reached for combo,,
2026-02-16T01:27:45Z,scan_20260216T012745Z,reforecast,P1,P1__reforecast__version_3_1__htessel_lisflood__control_reforecast,cems-glofas-reforecast,version_3_1,htessel_lisflood,control_reforecast,2022-04-18,budget_exhausted,,budget,max attempts reached for combo,,
2026-02-16T01:27:45Z,scan_20260216T012745Z,reforecast,P1,P1__reforecast__version_3_1__htessel_lisflood__control_reforecast,cems-glofas-reforecast,version_3_1,htessel_lisflood,control_reforecast,2023-02-27,budget_exhausted,,budget,max attempts reached for combo,,
2026-02-16T01:27:46Z,scan_20260216T012745Z,reforecast,P1,P1__reforecast__version_3_1__lisflood__control_reforecast,cems-glofas-reforecast,version_3_1,lisflood,control_reforecast,2021-06-14,dry_run,,dry_run,probe not executed in dry-run mode,repro/glofas_coverage_scan_runs/scan_20260216T012745Z/downloads/reforecast/P1__reforecast__version_3_1__lisflood__control_reforecast/2021-06-14.zip,"{""area"": [37.2443931, -122.272464, 36.8443931, -121.872464], ""data_format"": ""grib2"", ""download_format"": ""zip"", ""hday"": [""14""], ""hmonth"": [""06""], ""hydrological_model"": [""lisflood""], ""hyear"": [""2021""], ""leadtime_hour"": [""24""], ""product_type"": [""control_reforecast""], ""system_version"": [""version_3_1""], ""variable"": [""river_discharge_in_the_last_24_hours""]}"
2026-02-16T01:27:46Z,scan_20260216T012745Z,reforecast,P1,P1__reforecast__version_3_1__lisflood__control_reforecast,cems-glofas-reforecast,version_3_1,lisflood,control_reforecast,2021-06-17,dry_run,,dry_run,probe not executed in dry-run mode,repro/glofas_coverage_scan_runs/scan_20260216T012745Z/downloads/reforecast/P1__reforecast__version_3_1__lisflood__control_reforecast/2021-06-17.zip,"{""area"": [37.2443931, -122.272464, 36.8443931, -121.872464], ""data_format"": ""grib2"", ""download_format"": ""zip"", ""hday"": [""17""], ""hmonth"": [""06""], ""hydrological_model"": [""lisflood""], ""hyear"": [""2021""], ""leadtime_hour"": [""24""], ""product_type"": [""control_reforecast""], ""system_version"": [""version_3_1""], ""variable"": [""river_discharge_in_the_last_24_hours""]}"
2026-02-16T01:27:46Z,scan_20260216T012745Z,reforecast,P1,P1__reforecast__version_3_1__lisflood__control_reforecast,cems-glofas-reforecast,version_3_1,lisflood,control_reforecast,1999-01-04,dry_run,,dry_run,probe not executed in dry-run mode,repro/glofas_coverage_scan_runs/scan_20260216T012745Z/downloads/reforecast/P1__reforecast__version_3_1__lisflood__control_reforecast/1999-01-04.zip,"{""area"": [37.2443931, -122.272464, 36.8443931, -121.872464], ""data_format"": ""grib2"", ""download_format"": ""zip"", ""hday"": [""04""], ""hmonth"": [""01""], ""hydrological_model"": [""lisflood""], ""hyear"": [""1999""], ""leadtime_hour"": [""24""], ""product_type"": [""control_reforecast""], ""system_version"": [""version_3_1""], ""variable"": [""river_discharge_in_the_last_24_hours""]}"
2026-02-16T01:27:46Z,scan_20260216T012745Z,reforecast,P1,P1__reforecast__version_3_1__lisflood__control_reforecast,cems-glofas-reforecast,version_3_1,lisflood,control_reforecast,2023-11-23,dry_run,,dry_run,probe not executed in dry-run mode,repro/glofas_coverage_scan_runs/scan_20260216T012745Z/downloads/reforecast/P1__reforecast__version_3_1__lisflood__control_reforecast/2023-11-23.zip,"{""area"": [37.2443931, -122.272464, 36.8443931, -121.872464], ""data_format"": ""grib2"", ""download_format"": ""zip"", ""hday"": [""23""], ""hmonth"": [""11""], ""hydrological_model"": [""lisflood""], ""hyear"": [""2023""], ""leadtime_hour"": [""24""], ""product_type"": [""control_reforecast""], ""system_version"": [""version_3_1""], ""variable"": [""river_discharge_in_the_last_24_hours""]}"
2026-02-16T01:27:46Z,scan_20260216T012745Z,reforecast,P1,P1__reforecast__version_3_1__lisflood__control_reforecast,cems-glofas-reforecast,version_3_1,lisflood,control_reforecast,2011-06-16,dry_run,,dry_run,probe not executed in dry-run mode,repro/glofas_coverage_scan_runs/scan_20260216T012745Z/downloads/reforecast/P1__reforecast__version_3_1__lisflood__control_reforecast/2011-06-16.zip,"{""area"": [37.2443931, -122.272464, 36.8443931, -121.872464], ""data_format"": ""grib2"", ""download_format"": ""zip"", ""hday"": [""16""], ""hmonth"": [""06""], ""hydrological_model"": [""lisflood""], ""hyear"": [""2011""], ""leadtime_hour"": [""24""], ""product_type"": [""control_reforecast""], ""system_version"": [""version_3_1""], ""variable"": [""river_discharge_in_the_last_24_hours""]}"
2026-02-16T01:27:46Z,scan_20260216T012745Z,reforecast,P1,P1__reforecast__version_3_1__lisflood__control_reforecast,cems-glofas-reforecast,version_3_1,lisflood,control_reforecast,1999-11-15,dry_run,,dry_run,probe not executed in dry-run mode,repro/glofas_coverage_scan_runs/scan_20260216T012745Z/downloads/reforecast/P1__reforecast__version_3_1__lisflood__control_reforecast/1999-11-15.zip,"{""area"": [37.2443931, -122.272464, 36.8443931, -121.872464], ""data_format"": ""grib2"", ""download_format"": ""zip"", ""hday"": [""15""], ""hmonth"": [""11""], ""hydrological_model"": [""lisflood""], ""hyear"": [""1999""], ""leadtime_hour"": [""24""], ""product_type"": [""control_reforecast""], ""system_version"": [""version_3_1""], ""variable"": [""river_discharge_in_the_last_24_hours""]}"
2026-02-16T01:27:46Z,scan_20260216T012745Z,reforecast,P1,P1__reforecast__version_3_1__lisflood__control_reforecast,cems-glofas-reforecast,version_3_1,lisflood,control_reforecast,2000-09-25,budget_exhausted,,budget,max attempts reached for combo,,
2026-02-16T01:27:46Z,scan_20260216T012745Z,reforecast,P1,P1__reforecast__version_3_1__lisflood__control_reforecast,cems-glofas-reforecast,version_3_1,lisflood,control_reforecast,2001-08-06,budget_exhausted,,budget,max attempts reached for combo,,
2026-02-16T01:27:46Z,scan_20260216T012745Z,reforecast,P1,P1__reforecast__version_3_1__lisflood__control_reforecast,cems-glofas-reforecast,version_3_1,lisflood,control_reforecast,2002-06-17,budget_exhausted,,budget,max attempts reached for combo,,
2026-02-16T01:27:46Z,scan_20260216T012745Z,reforecast,P1,P1__reforecast__version_3_1__lisflood__control_reforecast,cems-glofas-reforecast,version_3_1,lisflood,control_reforecast,2003-04-28,budget_exhausted,,budget,max attempts reached for combo,,
2026-02-16T01:27:46Z,scan_20260216T012745Z,reforecast,P1,P1__reforecast__version_3_1__lisflood__control_reforecast,cems-glofas-reforecast,version_3_1,lisflood,control_reforecast,2004-03-08,budget_exhausted,,budget,max attempts reached for combo,,
2026-02-16T01:27:46Z,scan_20260216T012745Z,reforecast,P1,P1__reforecast__version_3_1__lisflood__control_reforecast,cems-glofas-reforecast,version_3_1,lisflood,control_reforecast,2005-01-17,budget_exhausted,,budget,max attempts reached for combo,,
2026-02-16T01:27:46Z,scan_20260216T012745Z,reforecast,P1,P1__reforecast__version_3_1__lisflood__control_reforecast,cems-glofas-reforecast,version_3_1,lisflood,control_reforecast,2005-11-28,budget_exhausted,,budget,max attempts reached for combo,,
2026-02-16T01:27:46Z,scan_20260216T012745Z,reforecast,P1,P1__reforecast__version_3_1__lisflood__control_reforecast,cems-glofas-reforecast,version_3_1,lisflood,control_reforecast,2006-10-09,budget_exhausted,,budget,max attempts reached for combo,,
2026-02-16T01:27:46Z,scan_20260216T012745Z,reforecast,P1,P1__reforecast__version_3_1__lisflood__control_reforecast,cems-glofas-reforecast,version_3_1,lisflood,control_reforecast,2007-08-20,budget_exhausted,,budget,max attempts reached for combo,,
2026-02-16T01:27:46Z,scan_20260216T012745Z,reforecast,P1,P1__reforecast__version_3_1__lisflood__control_reforecast,cems-glofas-reforecast,version_3_1,lisflood,control_reforecast,2008-06-30,budget_exhausted,,budget,max attempts reached for combo,,
2026-02-16T01:27:46Z,scan_20260216T012745Z,reforecast,P1,P1__reforecast__version_3_1__lisflood__control_reforecast,cems-glofas-reforecast,version_3_1,lisflood,control_reforecast,2009-05-11,budget_exhausted,,budget,max attempts reached for combo,,
2026-02-16T01:27:46Z,scan_20260216T012745Z,reforecast,P1,P1__reforecast__version_3_1__lisflood__control_reforecast,cems-glofas-reforecast,version_3_1,lisflood,control_reforecast,2010-03-22,budget_exhausted,,budget,max attempts reached for combo,,
2026-02-16T01:27:46Z,scan_20260216T012745Z,reforecast,P1,P1__reforecast__version_3_1__lisflood__control_reforecast,cems-glofas-reforecast,version_3_1,lisflood,control_reforecast,2011-01-31,budget_exhausted,,budget,max attempts reached for combo,,
2026-02-16T01:27:46Z,scan_20260216T012745Z,reforecast,P1,P1__reforecast__version_3_1__lisflood__control_reforecast,cems-glofas-reforecast,version_3_1,lisflood,control_reforecast,2011-12-12,budget_exhausted,,budget,max attempts reached for combo,,
2026-02-16T01:27:46Z,scan_20260216T012745Z,reforecast,P1,P1__reforecast__version_3_1__lisflood__control_reforecast,cems-glofas-reforecast,version_3_1,lisflood,control_reforecast,2012-10-22,budget_exhausted,,budget,max attempts reached for combo,,
2026-02-16T01:27:46Z,scan_20260216T012745Z,reforecast,P1,P1__reforecast__version_3_1__lisflood__control_reforecast,cems-glofas-reforecast,version_3_1,lisflood,control_reforecast,2013-09-02,budget_exhausted,,budget,max attempts reached for combo,,
2026-02-16T01:27:46Z,scan_20260216T012745Z,reforecast,P1,P1__reforecast__version_3_1__lisflood__control_reforecast,cems-glofas-reforecast,version_3_1,lisflood,control_reforecast,2014-07-14,budget_exhausted,,budget,max attempts reached for combo,,
2026-02-16T01:27:46Z,scan_20260216T012745Z,reforecast,P1,P1__reforecast__version_3_1__lisflood__control_reforecast,cems-glofas-reforecast,version_3_1,lisflood,control_reforecast,2015-05-25,budget_exhausted,,budget,max attempts reached for combo,,
2026-02-16T01:27:46Z,scan_20260216T012745Z,reforecast,P1,P1__reforecast__version_3_1__lisflood__control_reforecast,cems-glofas-reforecast,version_3_1,lisflood,control_reforecast,2016-04-04,budget_exhausted,,budget,max attempts reached for combo,,
2026-02-16T01:27:46Z,scan_20260216T012745Z,reforecast,P1,P1__reforecast__version_3_1__lisflood__control_reforecast,cems-glofas-reforecast,version_3_1,lisflood,control_reforecast,2017-02-13,budget_exhausted,,budget,max attempts reached for combo,,
2026-02-16T01:27:46Z,scan_20260216T012745Z,reforecast,P1,P1__reforecast__version_3_1__lisflood__control_reforecast,cems-glofas-reforecast,version_3_1,lisflood,control_reforecast,2017-12-25,budget_exhausted,,budget,max attempts reached for combo,,
2026-02-16T01:27:46Z,scan_20260216T012745Z,reforecast,P1,P1__reforecast__version_3_1__lisflood__control_reforecast,cems-glofas-reforecast,version_3_1,lisflood,control_reforecast,2018-11-05,budget_exhausted,,budget,max attempts reached for combo,,
2026-02-16T01:27:46Z,scan_20260216T012745Z,reforecast,P1,P1__reforecast__version_3_1__lisflood__control_reforecast,cems-glofas-reforecast,version_3_1,lisflood,control_reforecast,2019-09-16,budget_exhausted,,budget,max attempts reached for combo,,
2026-02-16T01:27:46Z,scan_20260216T012745Z,reforecast,P1,P1__reforecast__version_3_1__lisflood__control_reforecast,cems-glofas-reforecast,version_3_1,lisflood,control_reforecast,2020-07-27,budget_exhausted,,budget,max attempts reached for combo,,
2026-02-16T01:27:46Z,scan_20260216T012745Z,reforecast,P1,P1__reforecast__version_3_1__lisflood__control_reforecast,cems-glofas-reforecast,version_3_1,lisflood,control_reforecast,2021-06-07,budget_exhausted,,budget,max attempts reached for combo,,
2026-02-16T01:27:46Z,scan_20260216T012745Z,reforecast,P1,P1__reforecast__version_3_1__lisflood__control_reforecast,cems-glofas-reforecast,version_3_1,lisflood,control_reforecast,2022-04-18,budget_exhausted,,budget,max attempts reached for combo,,
2026-02-16T01:27:46Z,scan_20260216T012745Z,reforecast,P1,P1__reforecast__version_3_1__lisflood__control_reforecast,cems-glofas-reforecast,version_3_1,lisflood,control_reforecast,2023-02-27,budget_exhausted,,budget,max attempts reached for combo,,
2026-02-16T01:27:46Z,scan_20260216T012745Z,reforecast,P2,P2__reforecast__version_4_0__htessel_lisflood__control_reforecast,cems-glofas-reforecast,version_4_0,htessel_lisflood,control_reforecast,2021-01-04,dry_run,,dry_run,probe not executed in dry-run mode,repro/glofas_coverage_scan_runs/scan_20260216T012745Z/downloads/reforecast/P2__reforecast__version_4_0__htessel_lisflood__control_reforecast/2021-01-04.zip,"{""area"": [37.2443931, -122.272464, 36.8443931, -121.872464], ""data_format"": ""grib2"", ""download_format"": ""zip"", ""hday"": [""04""], ""hmonth"": [""01""], ""hydrological_model"": [""htessel_lisflood""], ""hyear"": [""2021""], ""leadtime_hour"": [""24""], ""product_type"": [""control_reforecast""], ""system_version"": [""version_4_0""], ""variable"": [""river_discharge_in_the_last_24_hours""]}"
2026-02-16T01:27:46Z,scan_20260216T012745Z,reforecast,P2,P2__reforecast__version_4_0__htessel_lisflood__control_reforecast,cems-glofas-reforecast,version_4_0,htessel_lisflood,control_reforecast,2020-12-31,dry_run,,dry_run,probe not executed in dry-run mode,repro/glofas_coverage_scan_runs/scan_20260216T012745Z/downloads/reforecast/P2__reforecast__version_4_0__htessel_lisflood__control_reforecast/2020-12-31.zip,"{""area"": [37.2443931, -122.272464, 36.8443931, -121.872464], ""data_format"": ""grib2"", ""download_format"": ""zip"", ""hday"": [""31""], ""hmonth"": [""12""], ""hydrological_model"": [""htessel_lisflood""], ""hyear"": [""2020""], ""leadtime_hour"": [""24""], ""product_type"": [""control_reforecast""], ""system_version"": [""version_4_0""], ""variable"": [""river_discharge_in_the_last_24_hours""]}"
2026-02-16T01:27:46Z,scan_20260216T012745Z,reforecast,P2,P2__reforecast__version_4_0__htessel_lisflood__control_reforecast,cems-glofas-reforecast,version_4_0,htessel_lisflood,control_reforecast,1999-01-04,dry_run,,dry_run,probe not executed in dry-run mode,repro/glofas_coverage_scan_runs/scan_20260216T012745Z/downloads/reforecast/P2__reforecast__version_4_0__htessel_lisflood__control_reforecast/1999-01-04.zip,"{""area"": [37.2443931, -122.272464, 36.8443931, -121.872464], ""data_format"": ""grib2"", ""download_format"": ""zip"", ""hday"": [""04""], ""hmonth"": [""01""], ""hydrological_model"": [""htessel_lisflood""], ""hyear"": [""1999""], ""leadtime_hour"": [""24""], ""product_type"": [""control_reforecast""], ""system_version"": [""version_4_0""], ""variable"": [""river_discharge_in_the_last_24_hours""]}"
2026-02-16T01:27:46Z,scan_20260216T012745Z,reforecast,P2,P2__reforecast__version_4_0__htessel_lisflood__control_reforecast,cems-glofas-reforecast,version_4_0,htessel_lisflood,control_reforecast,2023-11-23,dry_run,,dry_run,probe not executed in dry-run mode,repro/glofas_coverage_scan_runs/scan_20260216T012745Z/downloads/reforecast/P2__reforecast__version_4_0__htessel_lisflood__control_reforecast/2023-11-23.zip,"{""area"": [37.2443931, -122.272464, 36.8443931, -121.872464], ""data_format"": ""grib2"", ""download_format"": ""zip"", ""hday"": [""23""], ""hmonth"": [""11""], ""hydrological_model"": [""htessel_lisflood""], ""hyear"": [""2023""], ""leadtime_hour"": [""24""], ""product_type"": [""control_reforecast""], ""system_version"": [""version_4_0""], ""variable"": [""river_discharge_in_the_last_24_hours""]}"
2026-02-16T01:27:46Z,scan_20260216T012745Z,reforecast,P2,P2__reforecast__version_4_0__htessel_lisflood__control_reforecast,cems-glofas-reforecast,version_4_0,htessel_lisflood,control_reforecast,2011-06-16,dry_run,,dry_run,probe not executed in dry-run mode,repro/glofas_coverage_scan_runs/scan_20260216T012745Z/downloads/reforecast/P2__reforecast__version_4_0__htessel_lisflood__control_reforecast/2011-06-16.zip,"{""area"": [37.2443931, -122.272464, 36.8443931, -121.872464], ""data_format"": ""grib2"", ""download_format"": ""zip"", ""hday"": [""16""], ""hmonth"": [""06""], ""hydrological_model"": [""htessel_lisflood""], ""hyear"": [""2011""], ""leadtime_hour"": [""24""], ""product_type"": [""control_reforecast""], ""system_version"": [""version_4_0""], ""variable"": [""river_discharge_in_the_last_24_hours""]}"
2026-02-16T01:27:46Z,scan_20260216T012745Z,reforecast,P2,P2__reforecast__version_4_0__htessel_lisflood__control_reforecast,cems-glofas-reforecast,version_4_0,htessel_lisflood,control_reforecast,1999-11-15,dry_run,,dry_run,probe not executed in dry-run mode,repro/glofas_coverage_scan_runs/scan_20260216T012745Z/downloads/reforecast/P2__reforecast__version_4_0__htessel_lisflood__control_reforecast/1999-11-15.zip,"{""area"": [37.2443931, -122.272464, 36.8443931, -121.872464], ""data_format"": ""grib2"", ""download_format"": ""zip"", ""hday"": [""15""], ""hmonth"": [""11""], ""hydrological_model"": [""htessel_lisflood""], ""hyear"": [""1999""], ""leadtime_hour"": [""24""], ""product_type"": [""control_reforecast""], ""system_version"": [""version_4_0""], ""variable"": [""river_discharge_in_the_last_24_hours""]}"
2026-02-16T01:27:46Z,scan_20260216T012745Z,reforecast,P2,P2__reforecast__version_4_0__htessel_lisflood__control_reforecast,cems-glofas-reforecast,version_4_0,htessel_lisflood,control_reforecast,2000-09-25,budget_exhausted,,budget,max attempts reached for combo,,
2026-02-16T01:27:46Z,scan_20260216T012745Z,reforecast,P2,P2__reforecast__version_4_0__htessel_lisflood__control_reforecast,cems-glofas-reforecast,version_4_0,htessel_lisflood,control_reforecast,2001-08-06,budget_exhausted,,budget,max attempts reached for combo,,
2026-02-16T01:27:46Z,scan_20260216T012745Z,reforecast,P2,P2__reforecast__version_4_0__htessel_lisflood__control_reforecast,cems-glofas-reforecast,version_4_0,htessel_lisflood,control_reforecast,2002-06-17,budget_exhausted,,budget,max attempts reached for combo,,
2026-02-16T01:27:46Z,scan_20260216T012745Z,reforecast,P2,P2__reforecast__version_4_0__htessel_lisflood__control_reforecast,cems-glofas-reforecast,version_4_0,htessel_lisflood,control_reforecast,2003-04-28,budget_exhausted,,budget,max attempts reached for combo,,
2026-02-16T01:27:46Z,scan_20260216T012745Z,reforecast,P2,P2__reforecast__version_4_0__htessel_lisflood__control_reforecast,cems-glofas-reforecast,version_4_0,htessel_lisflood,control_reforecast,2004-03-08,budget_exhausted,,budget,max attempts reached for combo,,
2026-02-16T01:27:46Z,scan_20260216T012745Z,reforecast,P2,P2__reforecast__version_4_0__htessel_lisflood__control_reforecast,cems-glofas-reforecast,version_4_0,htessel_lisflood,control_reforecast,2005-01-17,budget_exhausted,,budget,max attempts reached for combo,,
2026-02-16T01:27:46Z,scan_20260216T012745Z,reforecast,P2,P2__reforecast__version_4_0__htessel_lisflood__control_reforecast,cems-glofas-reforecast,version_4_0,htessel_lisflood,control_reforecast,2005-11-28,budget_exhausted,,budget,max attempts reached for combo,,
2026-02-16T01:27:46Z,scan_20260216T012745Z,reforecast,P2,P2__reforecast__version_4_0__htessel_lisflood__control_reforecast,cems-glofas-reforecast,version_4_0,htessel_lisflood,control_reforecast,2006-10-09,budget_exhausted,,budget,max attempts reached for combo,,
2026-02-16T01:27:46Z,scan_20260216T012745Z,reforecast,P2,P2__reforecast__version_4_0__htessel_lisflood__control_reforecast,cems-glofas-reforecast,version_4_0,htessel_lisflood,control_reforecast,2007-08-20,budget_exhausted,,budget,max attempts reached for combo,,
2026-02-16T01:27:46Z,scan_20260216T012745Z,reforecast,P2,P2__reforecast__version_4_0__htessel_lisflood__control_reforecast,cems-glofas-reforecast,version_4_0,htessel_lisflood,control_reforecast,2008-06-30,budget_exhausted,,budget,max attempts reached for combo,,
2026-02-16T01:27:46Z,scan_20260216T012745Z,reforecast,P2,P2__reforecast__version_4_0__htessel_lisflood__control_reforecast,cems-glofas-reforecast,version_4_0,htessel_lisflood,control_reforecast,2009-05-11,budget_exhausted,,budget,max attempts reached for combo,,
2026-02-16T01:27:46Z,scan_20260216T012745Z,reforecast,P2,P2__reforecast__version_4_0__htessel_lisflood__control_reforecast,cems-glofas-reforecast,version_4_0,htessel_lisflood,control_reforecast,2010-03-22,budget_exhausted,,budget,max attempts reached for combo,,
2026-02-16T01:27:46Z,scan_20260216T012745Z,reforecast,P2,P2__reforecast__version_4_0__htessel_lisflood__control_reforecast,cems-glofas-reforecast,version_4_0,htessel_lisflood,control_reforecast,2011-01-31,budget_exhausted,,budget,max attempts reached for combo,,
2026-02-16T01:27:46Z,scan_20260216T012745Z,reforecast,P2,P2__reforecast__version_4_0__htessel_lisflood__control_reforecast,cems-glofas-reforecast,version_4_0,htessel_lisflood,control_reforecast,2011-12-12,budget_exhausted,,budget,max attempts reached for combo,,
2026-02-16T01:27:46Z,scan_20260216T012745Z,reforecast,P2,P2__reforecast__version_4_0__htessel_lisflood__control_reforecast,cems-glofas-reforecast,version_4_0,htessel_lisflood,control_reforecast,2012-10-22,budget_exhausted,,budget,max attempts reached for combo,,
2026-02-16T01:27:46Z,scan_20260216T012745Z,reforecast,P2,P2__reforecast__version_4_0__htessel_lisflood__control_reforecast,cems-glofas-reforecast,version_4_0,htessel_lisflood,control_reforecast,2013-09-02,budget_exhausted,,budget,max attempts reached for combo,,
2026-02-16T01:27:46Z,scan_20260216T012745Z,reforecast,P2,P2__reforecast__version_4_0__htessel_lisflood__control_reforecast,cems-glofas-reforecast,version_4_0,htessel_lisflood,control_reforecast,2014-07-14,budget_exhausted,,budget,max attempts reached for combo,,
2026-02-16T01:27:46Z,scan_20260216T012745Z,reforecast,P2,P2__reforecast__version_4_0__htessel_lisflood__control_reforecast,cems-glofas-reforecast,version_4_0,htessel_lisflood,control_reforecast,2015-05-25,budget_exhausted,,budget,max attempts reached for combo,,
2026-02-16T01:27:46Z,scan_20260216T012745Z,reforecast,P2,P2__reforecast__version_4_0__htessel_lisflood__control_reforecast,cems-glofas-reforecast,version_4_0,htessel_lisflood,control_reforecast,2016-04-04,budget_exhausted,,budget,max attempts reached for combo,,
2026-02-16T01:27:46Z,scan_20260216T012745Z,reforecast,P2,P2__reforecast__version_4_0__htessel_lisflood__control_reforecast,cems-glofas-reforecast,version_4_0,htessel_lisflood,control_reforecast,2017-02-13,budget_exhausted,,budget,max attempts reached for combo,,
2026-02-16T01:27:46Z,scan_20260216T012745Z,reforecast,P2,P2__reforecast__version_4_0__htessel_lisflood__control_reforecast,cems-glofas-reforecast,version_4_0,htessel_lisflood,control_reforecast,2017-12-25,budget_exhausted,,budget,max attempts reached for combo,,
2026-02-16T01:27:46Z,scan_20260216T012745Z,reforecast,P2,P2__reforecast__version_4_0__htessel_lisflood__control_reforecast,cems-glofas-reforecast,version_4_0,htessel_lisflood,control_reforecast,2018-11-05,budget_exhausted,,budget,max attempts reached for combo,,
2026-02-16T01:27:46Z,scan_20260216T012745Z,reforecast,P2,P2__reforecast__version_4_0__htessel_lisflood__control_reforecast,cems-glofas-reforecast,version_4_0,htessel_lisflood,control_reforecast,2019-09-16,budget_exhausted,,budget,max attempts reached for combo,,
2026-02-16T01:27:46Z,scan_20260216T012745Z,reforecast,P2,P2__reforecast__version_4_0__htessel_lisflood__control_reforecast,cems-glofas-reforecast,version_4_0,htessel_lisflood,control_reforecast,2020-07-27,budget_exhausted,,budget,max attempts reached for combo,,
2026-02-16T01:27:46Z,scan_20260216T012745Z,reforecast,P2,P2__reforecast__version_4_0__htessel_lisflood__control_reforecast,cems-glofas-reforecast,version_4_0,htessel_lisflood,control_reforecast,2021-06-07,budget_exhausted,,budget,max attempts reached for combo,,
2026-02-16T01:27:46Z,scan_20260216T012745Z,reforecast,P2,P2__reforecast__version_4_0__htessel_lisflood__control_reforecast,cems-glofas-reforecast,version_4_0,htessel_lisflood,control_reforecast,2022-04-18,budget_exhausted,,budget,max attempts reached for combo,,
2026-02-16T01:27:46Z,scan_20260216T012745Z,reforecast,P2,P2__reforecast__version_4_0__htessel_lisflood__control_reforecast,cems-glofas-reforecast,version_4_0,htessel_lisflood,control_reforecast,2023-02-27,budget_exhausted,,budget,max attempts reached for combo,,
2026-02-16T01:27:46Z,scan_20260216T012745Z,reforecast,P2,P2__reforecast__version_4_0__lisflood__control_reforecast,cems-glofas-reforecast,version_4_0,lisflood,control_reforecast,2021-01-04,dry_run,,dry_run,probe not executed in dry-run mode,repro/glofas_coverage_scan_runs/scan_20260216T012745Z/downloads/reforecast/P2__reforecast__version_4_0__lisflood__control_reforecast/2021-01-04.zip,"{""area"": [37.2443931, -122.272464, 36.8443931, -121.872464], ""data_format"": ""grib2"", ""download_format"": ""zip"", ""hday"": [""04""], ""hmonth"": [""01""], ""hydrological_model"": [""lisflood""], ""hyear"": [""2021""], ""leadtime_hour"": [""24""], ""product_type"": [""control_reforecast""], ""system_version"": [""version_4_0""], ""variable"": [""river_discharge_in_the_last_24_hours""]}"
2026-02-16T01:27:46Z,scan_20260216T012745Z,reforecast,P2,P2__reforecast__version_4_0__lisflood__control_reforecast,cems-glofas-reforecast,version_4_0,lisflood,control_reforecast,2020-12-31,dry_run,,dry_run,probe not executed in dry-run mode,repro/glofas_coverage_scan_runs/scan_20260216T012745Z/downloads/reforecast/P2__reforecast__version_4_0__lisflood__control_reforecast/2020-12-31.zip,"{""area"": [37.2443931, -122.272464, 36.8443931, -121.872464], ""data_format"": ""grib2"", ""download_format"": ""zip"", ""hday"": [""31""], ""hmonth"": [""12""], ""hydrological_model"": [""lisflood""], ""hyear"": [""2020""], ""leadtime_hour"": [""24""], ""product_type"": [""control_reforecast""], ""system_version"": [""version_4_0""], ""variable"": [""river_discharge_in_the_last_24_hours""]}"
2026-02-16T01:27:46Z,scan_20260216T012745Z,reforecast,P2,P2__reforecast__version_4_0__lisflood__control_reforecast,cems-glofas-reforecast,version_4_0,lisflood,control_reforecast,1999-01-04,dry_run,,dry_run,probe not executed in dry-run mode,repro/glofas_coverage_scan_runs/scan_20260216T012745Z/downloads/reforecast/P2__reforecast__version_4_0__lisflood__control_reforecast/1999-01-04.zip,"{""area"": [37.2443931, -122.272464, 36.8443931, -121.872464], ""data_format"": ""grib2"", ""download_format"": ""zip"", ""hday"": [""04""], ""hmonth"": [""01""], ""hydrological_model"": [""lisflood""], ""hyear"": [""1999""], ""leadtime_hour"": [""24""], ""product_type"": [""control_reforecast""], ""system_version"": [""version_4_0""], ""variable"": [""river_discharge_in_the_last_24_hours""]}"
2026-02-16T01:27:46Z,scan_20260216T012745Z,reforecast,P2,P2__reforecast__version_4_0__lisflood__control_reforecast,cems-glofas-reforecast,version_4_0,lisflood,control_reforecast,2023-11-23,dry_run,,dry_run,probe not executed in dry-run mode,repro/glofas_coverage_scan_runs/scan_20260216T012745Z/downloads/reforecast/P2__reforecast__version_4_0__lisflood__control_reforecast/2023-11-23.zip,"{""area"": [37.2443931, -122.272464, 36.8443931, -121.872464], ""data_format"": ""grib2"", ""download_format"": ""zip"", ""hday"": [""23""], ""hmonth"": [""11""], ""hydrological_model"": [""lisflood""], ""hyear"": [""2023""], ""leadtime_hour"": [""24""], ""product_type"": [""control_reforecast""], ""system_version"": [""version_4_0""], ""variable"": [""river_discharge_in_the_last_24_hours""]}"
2026-02-16T01:27:46Z,scan_20260216T012745Z,reforecast,P2,P2__reforecast__version_4_0__lisflood__control_reforecast,cems-glofas-reforecast,version_4_0,lisflood,control_reforecast,2011-06-16,dry_run,,dry_run,probe not executed in dry-run mode,repro/glofas_coverage_scan_runs/scan_20260216T012745Z/downloads/reforecast/P2__reforecast__version_4_0__lisflood__control_reforecast/2011-06-16.zip,"{""area"": [37.2443931, -122.272464, 36.8443931, -121.872464], ""data_format"": ""grib2"", ""download_format"": ""zip"", ""hday"": [""16""], ""hmonth"": [""06""], ""hydrological_model"": [""lisflood""], ""hyear"": [""2011""], ""leadtime_hour"": [""24""], ""product_type"": [""control_reforecast""], ""system_version"": [""version_4_0""], ""variable"": [""river_discharge_in_the_last_24_hours""]}"
2026-02-16T01:27:46Z,scan_20260216T012745Z,reforecast,P2,P2__reforecast__version_4_0__lisflood__control_reforecast,cems-glofas-reforecast,version_4_0,lisflood,control_reforecast,1999-11-15,dry_run,,dry_run,probe not executed in dry-run mode,repro/glofas_coverage_scan_runs/scan_20260216T012745Z/downloads/reforecast/P2__reforecast__version_4_0__lisflood__control_reforecast/1999-11-15.zip,"{""area"": [37.2443931, -122.272464, 36.8443931, -121.872464], ""data_format"": ""grib2"", ""download_format"": ""zip"", ""hday"": [""15""], ""hmonth"": [""11""], ""hydrological_model"": [""lisflood""], ""hyear"": [""1999""], ""leadtime_hour"": [""24""], ""product_type"": [""control_reforecast""], ""system_version"": [""version_4_0""], ""variable"": [""river_discharge_in_the_last_24_hours""]}"
2026-02-16T01:27:46Z,scan_20260216T012745Z,reforecast,P2,P2__reforecast__version_4_0__lisflood__control_reforecast,cems-glofas-reforecast,version_4_0,lisflood,control_reforecast,2000-09-25,budget_exhausted,,budget,max attempts reached for combo,,
2026-02-16T01:27:46Z,scan_20260216T012745Z,reforecast,P2,P2__reforecast__version_4_0__lisflood__control_reforecast,cems-glofas-reforecast,version_4_0,lisflood,control_reforecast,2001-08-06,budget_exhausted,,budget,max attempts reached for combo,,
2026-02-16T01:27:46Z,scan_20260216T012745Z,reforecast,P2,P2__reforecast__version_4_0__lisflood__control_reforecast,cems-glofas-reforecast,version_4_0,lisflood,control_reforecast,2002-06-17,budget_exhausted,,budget,max attempts reached for combo,,
2026-02-16T01:27:46Z,scan_20260216T012745Z,reforecast,P2,P2__reforecast__version_4_0__lisflood__control_reforecast,cems-glofas-reforecast,version_4_0,lisflood,control_reforecast,2003-04-28,budget_exhausted,,budget,max attempts reached for combo,,
2026-02-16T01:27:46Z,scan_20260216T012745Z,reforecast,P2,P2__reforecast__version_4_0__lisflood__control_reforecast,cems-glofas-reforecast,version_4_0,lisflood,control_reforecast,2004-03-08,budget_exhausted,,budget,max attempts reached for combo,,
2026-02-16T01:27:46Z,scan_20260216T012745Z,reforecast,P2,P2__reforecast__version_4_0__lisflood__control_reforecast,cems-glofas-reforecast,version_4_0,lisflood,control_reforecast,2005-01-17,budget_exhausted,,budget,max attempts reached for combo,,
2026-02-16T01:27:46Z,scan_20260216T012745Z,reforecast,P2,P2__reforecast__version_4_0__lisflood__control_reforecast,cems-glofas-reforecast,version_4_0,lisflood,control_reforecast,2005-11-28,budget_exhausted,,budget,max attempts reached for combo,,
2026-02-16T01:27:46Z,scan_20260216T012745Z,reforecast,P2,P2__reforecast__version_4_0__lisflood__control_reforecast,cems-glofas-reforecast,version_4_0,lisflood,control_reforecast,2006-10-09,budget_exhausted,,budget,max attempts reached for combo,,
2026-02-16T01:27:46Z,scan_20260216T012745Z,reforecast,P2,P2__reforecast__version_4_0__lisflood__control_reforecast,cems-glofas-reforecast,version_4_0,lisflood,control_reforecast,2007-08-20,budget_exhausted,,budget,max attempts reached for combo,,
2026-02-16T01:27:46Z,scan_20260216T012745Z,reforecast,P2,P2__reforecast__version_4_0__lisflood__control_reforecast,cems-glofas-reforecast,version_4_0,lisflood,control_reforecast,2008-06-30,budget_exhausted,,budget,max attempts reached for combo,,
2026-02-16T01:27:46Z,scan_20260216T012745Z,reforecast,P2,P2__reforecast__version_4_0__lisflood__control_reforecast,cems-glofas-reforecast,version_4_0,lisflood,control_reforecast,2009-05-11,budget_exhausted,,budget,max attempts reached for combo,,
2026-02-16T01:27:46Z,scan_20260216T012745Z,reforecast,P2,P2__reforecast__version_4_0__lisflood__control_reforecast,cems-glofas-reforecast,version_4_0,lisflood,control_reforecast,2010-03-22,budget_exhausted,,budget,max attempts reached for combo,,
2026-02-16T01:27:46Z,scan_20260216T012745Z,reforecast,P2,P2__reforecast__version_4_0__lisflood__control_reforecast,cems-glofas-reforecast,version_4_0,lisflood,control_reforecast,2011-01-31,budget_exhausted,,budget,max attempts reached for combo,,
2026-02-16T01:27:46Z,scan_20260216T012745Z,reforecast,P2,P2__reforecast__version_4_0__lisflood__control_reforecast,cems-glofas-reforecast,version_4_0,lisflood,control_reforecast,2011-12-12,budget_exhausted,,budget,max attempts reached for combo,,
2026-02-16T01:27:46Z,scan_20260216T012745Z,reforecast,P2,P2__reforecast__version_4_0__lisflood__control_reforecast,cems-glofas-reforecast,version_4_0,lisflood,control_reforecast,2012-10-22,budget_exhausted,,budget,max attempts reached for combo,,
2026-02-16T01:27:46Z,scan_20260216T012745Z,reforecast,P2,P2__reforecast__version_4_0__lisflood__control_reforecast,cems-glofas-reforecast,version_4_0,lisflood,control_reforecast,2013-09-02,budget_exhausted,,budget,max attempts reached for combo,,
2026-02-16T01:27:46Z,scan_20260216T012745Z,reforecast,P2,P2__reforecast__version_4_0__lisflood__control_reforecast,cems-glofas-reforecast,version_4_0,lisflood,control_reforecast,2014-07-14,budget_exhausted,,budget,max attempts reached for combo,,
2026-02-16T01:27:46Z,scan_20260216T012745Z,reforecast,P2,P2__reforecast__version_4_0__lisflood__control_reforecast,cems-glofas-reforecast,version_4_0,lisflood,control_reforecast,2015-05-25,budget_exhausted,,budget,max attempts reached for combo,,
2026-02-16T01:27:46Z,scan_20260216T012745Z,reforecast,P2,P2__reforecast__version_4_0__lisflood__control_reforecast,cems-glofas-reforecast,version_4_0,lisflood,control_reforecast,2016-04-04,budget_exhausted,,budget,max attempts reached for combo,,
2026-02-16T01:27:46Z,scan_20260216T012745Z,reforecast,P2,P2__reforecast__version_4_0__lisflood__control_reforecast,cems-glofas-reforecast,version_4_0,lisflood,control_reforecast,2017-02-13,budget_exhausted,,budget,max attempts reached for combo,,
2026-02-16T01:27:46Z,scan_20260216T012745Z,reforecast,P2,P2__reforecast__version_4_0__lisflood__control_reforecast,cems-glofas-reforecast,version_4_0,lisflood,control_reforecast,2017-12-25,budget_exhausted,,budget,max attempts reached for combo,,
2026-02-16T01:27:46Z,scan_20260216T012745Z,reforecast,P2,P2__reforecast__version_4_0__lisflood__control_reforecast,cems-glofas-reforecast,version_4_0,lisflood,control_reforecast,2018-11-05,budget_exhausted,,budget,max attempts reached for combo,,
2026-02-16T01:27:46Z,scan_20260216T012745Z,reforecast,P2,P2__reforecast__version_4_0__lisflood__control_reforecast,cems-glofas-reforecast,version_4_0,lisflood,control_reforecast,2019-09-16,budget_exhausted,,budget,max attempts reached for combo,,
2026-02-16T01:27:46Z,scan_20260216T012745Z,reforecast,P2,P2__reforecast__version_4_0__lisflood__control_reforecast,cems-glofas-reforecast,version_4_0,lisflood,control_reforecast,2020-07-27,budget_exhausted,,budget,max attempts reached for combo,,
2026-02-16T01:27:46Z,scan_20260216T012745Z,reforecast,P2,P2__reforecast__version_4_0__lisflood__control_reforecast,cems-glofas-reforecast,version_4_0,lisflood,control_reforecast,2021-06-07,budget_exhausted,,budget,max attempts reached for combo,,
2026-02-16T01:27:46Z,scan_20260216T012745Z,reforecast,P2,P2__reforecast__version_4_0__lisflood__control_reforecast,cems-glofas-reforecast,version_4_0,lisflood,control_reforecast,2022-04-18,budget_exhausted,,budget,max attempts reached for combo,,
2026-02-16T01:27:46Z,scan_20260216T012745Z,reforecast,P2,P2__reforecast__version_4_0__lisflood__control_reforecast,cems-glofas-reforecast,version_4_0,lisflood,control_reforecast,2023-02-27,budget_exhausted,,budget,max attempts reached for combo,,
2026-02-16T01:27:46Z,scan_20260216T012745Z,reforecast,P3,P3__reforecast__version_2_2__htessel_lisflood__control_reforecast,cems-glofas-reforecast,version_2_2,htessel_lisflood,control_reforecast,2020-12-14,dry_run,,dry_run,probe not executed in dry-run mode,repro/glofas_coverage_scan_runs/scan_20260216T012745Z/downloads/reforecast/P3__reforecast__version_2_2__htessel_lisflood__control_reforecast/2020-12-14.zip,"{""area"": [37.2443931, -122.272464, 36.8443931, -121.872464], ""data_format"": ""grib2"", ""download_format"": ""zip"", ""hday"": [""14""], ""hmonth"": [""12""], ""hydrological_model"": [""htessel_lisflood""], ""hyear"": [""2020""], ""leadtime_hour"": [""24""], ""product_type"": [""control_reforecast""], ""system_version"": [""version_2_2""], ""variable"": [""river_discharge_in_the_last_24_hours""]}"
2026-02-16T01:27:46Z,scan_20260216T012745Z,reforecast,P3,P3__reforecast__version_2_2__htessel_lisflood__control_reforecast,cems-glofas-reforecast,version_2_2,htessel_lisflood,control_reforecast,2021-01-04,dry_run,,dry_run,probe not executed in dry-run mode,repro/glofas_coverage_scan_runs/scan_20260216T012745Z/downloads/reforecast/P3__reforecast__version_2_2__htessel_lisflood__control_reforecast/2021-01-04.zip,"{""area"": [37.2443931, -122.272464, 36.8443931, -121.872464], ""data_format"": ""grib2"", ""download_format"": ""zip"", ""hday"": [""04""], ""hmonth"": [""01""], ""hydrological_model"": [""htessel_lisflood""], ""hyear"": [""2021""], ""leadtime_hour"": [""24""], ""product_type"": [""control_reforecast""], ""system_version"": [""version_2_2""], ""variable"": [""river_discharge_in_the_last_24_hours""]}"
2026-02-16T01:27:46Z,scan_20260216T012745Z,reforecast,P3,P3__reforecast__version_2_2__htessel_lisflood__control_reforecast,cems-glofas-reforecast,version_2_2,htessel_lisflood,control_reforecast,1999-01-04,dry_run,,dry_run,probe not executed in dry-run mode,repro/glofas_coverage_scan_runs/scan_20260216T012745Z/downloads/reforecast/P3__reforecast__version_2_2__htessel_lisflood__control_reforecast/1999-01-04.zip,"{""area"": [37.2443931, -122.272464, 36.8443931, -121.872464], ""data_format"": ""grib2"", ""download_format"": ""zip"", ""hday"": [""04""], ""hmonth"": [""01""], ""hydrological_model"": [""htessel_lisflood""], ""hyear"": [""1999""], ""leadtime_hour"": [""24""], ""product_type"": [""control_reforecast""], ""system_version"": [""version_2_2""], ""variable"": [""river_discharge_in_the_last_24_hours""]}"
2026-02-16T01:27:46Z,scan_20260216T012745Z,reforecast,P3,P3__reforecast__version_2_2__htessel_lisflood__control_reforecast,cems-glofas-reforecast,version_2_2,htessel_lisflood,control_reforecast,2023-11-23,dry_run,,dry_run,probe not executed in dry-run mode,repro/glofas_coverage_scan_runs/scan_20260216T012745Z/downloads/reforecast/P3__reforecast__version_2_2__htessel_lisflood__control_reforecast/2023-11-23.zip,"{""area"": [37.2443931, -122.272464, 36.8443931, -121.872464], ""data_format"": ""grib2"", ""download_format"": ""zip"", ""hday"": [""23""], ""hmonth"": [""11""], ""hydrological_model"": [""htessel_lisflood""], ""hyear"": [""2023""], ""leadtime_hour"": [""24""], ""product_type"": [""control_reforecast""], ""system_version"": [""version_2_2""], ""variable"": [""river_discharge_in_the_last_24_hours""]}"
2026-02-16T01:27:46Z,scan_20260216T012745Z,reforecast,P3,P3__reforecast__version_2_2__htessel_lisflood__control_reforecast,cems-glofas-reforecast,version_2_2,htessel_lisflood,control_reforecast,2011-06-16,dry_run,,dry_run,probe not executed in dry-run mode,repro/glofas_coverage_scan_runs/scan_20260216T012745Z/downloads/reforecast/P3__reforecast__version_2_2__htessel_lisflood__control_reforecast/2011-06-16.zip,"{""area"": [37.2443931, -122.272464, 36.8443931, -121.872464], ""data_format"": ""grib2"", ""download_format"": ""zip"", ""hday"": [""16""], ""hmonth"": [""06""], ""hydrological_model"": [""htessel_lisflood""], ""hyear"": [""2011""], ""leadtime_hour"": [""24""], ""product_type"": [""control_reforecast""], ""system_version"": [""version_2_2""], ""variable"": [""river_discharge_in_the_last_24_hours""]}"
2026-02-16T01:27:46Z,scan_20260216T012745Z,reforecast,P3,P3__reforecast__version_2_2__htessel_lisflood__control_reforecast,cems-glofas-reforecast,version_2_2,htessel_lisflood,control_reforecast,1999-11-15,dry_run,,dry_run,probe not executed in dry-run mode,repro/glofas_coverage_scan_runs/scan_20260216T012745Z/downloads/reforecast/P3__reforecast__version_2_2__htessel_lisflood__control_reforecast/1999-11-15.zip,"{""area"": [37.2443931, -122.272464, 36.8443931, -121.872464], ""data_format"": ""grib2"", ""download_format"": ""zip"", ""hday"": [""15""], ""hmonth"": [""11""], ""hydrological_model"": [""htessel_lisflood""], ""hyear"": [""1999""], ""leadtime_hour"": [""24""], ""product_type"": [""control_reforecast""], ""system_version"": [""version_2_2""], ""variable"": [""river_discharge_in_the_last_24_hours""]}"
2026-02-16T01:27:46Z,scan_20260216T012745Z,reforecast,P3,P3__reforecast__version_2_2__htessel_lisflood__control_reforecast,cems-glofas-reforecast,version_2_2,htessel_lisflood,control_reforecast,2000-09-25,budget_exhausted,,budget,max attempts reached for combo,,
2026-02-16T01:27:46Z,scan_20260216T012745Z,reforecast,P3,P3__reforecast__version_2_2__htessel_lisflood__control_reforecast,cems-glofas-reforecast,version_2_2,htessel_lisflood,control_reforecast,2001-08-06,budget_exhausted,,budget,max attempts reached for combo,,
2026-02-16T01:27:46Z,scan_20260216T012745Z,reforecast,P3,P3__reforecast__version_2_2__htessel_lisflood__control_reforecast,cems-glofas-reforecast,version_2_2,htessel_lisflood,control_reforecast,2002-06-17,budget_exhausted,,budget,max attempts reached for combo,,
2026-02-16T01:27:46Z,scan_20260216T012745Z,reforecast,P3,P3__reforecast__version_2_2__htessel_lisflood__control_reforecast,cems-glofas-reforecast,version_2_2,htessel_lisflood,control_reforecast,2003-04-28,budget_exhausted,,budget,max attempts reached for combo,,
2026-02-16T01:27:46Z,scan_20260216T012745Z,reforecast,P3,P3__reforecast__version_2_2__htessel_lisflood__control_reforecast,cems-glofas-reforecast,version_2_2,htessel_lisflood,control_reforecast,2004-03-08,budget_exhausted,,budget,max attempts reached for combo,,
2026-02-16T01:27:46Z,scan_20260216T012745Z,reforecast,P3,P3__reforecast__version_2_2__htessel_lisflood__control_reforecast,cems-glofas-reforecast,version_2_2,htessel_lisflood,control_reforecast,2005-01-17,budget_exhausted,,budget,max attempts reached for combo,,
2026-02-16T01:27:46Z,scan_20260216T012745Z,reforecast,P3,P3__reforecast__version_2_2__htessel_lisflood__control_reforecast,cems-glofas-reforecast,version_2_2,htessel_lisflood,control_reforecast,2005-11-28,budget_exhausted,,budget,max attempts reached for combo,,
2026-02-16T01:27:46Z,scan_20260216T012745Z,reforecast,P3,P3__reforecast__version_2_2__htessel_lisflood__control_reforecast,cems-glofas-reforecast,version_2_2,htessel_lisflood,control_reforecast,2006-10-09,budget_exhausted,,budget,max attempts reached for combo,,
2026-02-16T01:27:46Z,scan_20260216T012745Z,reforecast,P3,P3__reforecast__version_2_2__htessel_lisflood__control_reforecast,cems-glofas-reforecast,version_2_2,htessel_lisflood,control_reforecast,2007-08-20,budget_exhausted,,budget,max attempts reached for combo,,
2026-02-16T01:27:46Z,scan_20260216T012745Z,reforecast,P3,P3__reforecast__version_2_2__htessel_lisflood__control_reforecast,cems-glofas-reforecast,version_2_2,htessel_lisflood,control_reforecast,2008-06-30,budget_exhausted,,budget,max attempts reached for combo,,
2026-02-16T01:27:46Z,scan_20260216T012745Z,reforecast,P3,P3__reforecast__version_2_2__htessel_lisflood__control_reforecast,cems-glofas-reforecast,version_2_2,htessel_lisflood,control_reforecast,2009-05-11,budget_exhausted,,budget,max attempts reached for combo,,
2026-02-16T01:27:46Z,scan_20260216T012745Z,reforecast,P3,P3__reforecast__version_2_2__htessel_lisflood__control_reforecast,cems-glofas-reforecast,version_2_2,htessel_lisflood,control_reforecast,2010-03-22,budget_exhausted,,budget,max attempts reached for combo,,
2026-02-16T01:27:46Z,scan_20260216T012745Z,reforecast,P3,P3__reforecast__version_2_2__htessel_lisflood__control_reforecast,cems-glofas-reforecast,version_2_2,htessel_lisflood,control_reforecast,2011-01-31,budget_exhausted,,budget,max attempts reached for combo,,
2026-02-16T01:27:46Z,scan_20260216T012745Z,reforecast,P3,P3__reforecast__version_2_2__htessel_lisflood__control_reforecast,cems-glofas-reforecast,version_2_2,htessel_lisflood,control_reforecast,2011-12-12,budget_exhausted,,budget,max attempts reached for combo,,
2026-02-16T01:27:46Z,scan_20260216T012745Z,reforecast,P3,P3__reforecast__version_2_2__htessel_lisflood__control_reforecast,cems-glofas-reforecast,version_2_2,htessel_lisflood,control_reforecast,2012-10-22,budget_exhausted,,budget,max attempts reached for combo,,
2026-02-16T01:27:46Z,scan_20260216T012745Z,reforecast,P3,P3__reforecast__version_2_2__htessel_lisflood__control_reforecast,cems-glofas-reforecast,version_2_2,htessel_lisflood,control_reforecast,2013-09-02,budget_exhausted,,budget,max attempts reached for combo,,
2026-02-16T01:27:46Z,scan_20260216T012745Z,reforecast,P3,P3__reforecast__version_2_2__htessel_lisflood__control_reforecast,cems-glofas-reforecast,version_2_2,htessel_lisflood,control_reforecast,2014-07-14,budget_exhausted,,budget,max attempts reached for combo,,
2026-02-16T01:27:46Z,scan_20260216T012745Z,reforecast,P3,P3__reforecast__version_2_2__htessel_lisflood__control_reforecast,cems-glofas-reforecast,version_2_2,htessel_lisflood,control_reforecast,2015-05-25,budget_exhausted,,budget,max attempts reached for combo,,
2026-02-16T01:27:46Z,scan_20260216T012745Z,reforecast,P3,P3__reforecast__version_2_2__htessel_lisflood__control_reforecast,cems-glofas-reforecast,version_2_2,htessel_lisflood,control_reforecast,2016-04-04,budget_exhausted,,budget,max attempts reached for combo,,
2026-02-16T01:27:46Z,scan_20260216T012745Z,reforecast,P3,P3__reforecast__version_2_2__htessel_lisflood__control_reforecast,cems-glofas-reforecast,version_2_2,htessel_lisflood,control_reforecast,2017-02-13,budget_exhausted,,budget,max attempts reached for combo,,
2026-02-16T01:27:46Z,scan_20260216T012745Z,reforecast,P3,P3__reforecast__version_2_2__htessel_lisflood__control_reforecast,cems-glofas-reforecast,version_2_2,htessel_lisflood,control_reforecast,2017-12-25,budget_exhausted,,budget,max attempts reached for combo,,
2026-02-16T01:27:46Z,scan_20260216T012745Z,reforecast,P3,P3__reforecast__version_2_2__htessel_lisflood__control_reforecast,cems-glofas-reforecast,version_2_2,htessel_lisflood,control_reforecast,2018-11-05,budget_exhausted,,budget,max attempts reached for combo,,
2026-02-16T01:27:46Z,scan_20260216T012745Z,reforecast,P3,P3__reforecast__version_2_2__htessel_lisflood__control_reforecast,cems-glofas-reforecast,version_2_2,htessel_lisflood,control_reforecast,2019-09-16,budget_exhausted,,budget,max attempts reached for combo,,
2026-02-16T01:27:46Z,scan_20260216T012745Z,reforecast,P3,P3__reforecast__version_2_2__htessel_lisflood__control_reforecast,cems-glofas-reforecast,version_2_2,htessel_lisflood,control_reforecast,2020-07-27,budget_exhausted,,budget,max attempts reached for combo,,
2026-02-16T01:27:46Z,scan_20260216T012745Z,reforecast,P3,P3__reforecast__version_2_2__htessel_lisflood__control_reforecast,cems-glofas-reforecast,version_2_2,htessel_lisflood,control_reforecast,2021-06-07,budget_exhausted,,budget,max attempts reached for combo,,
2026-02-16T01:27:46Z,scan_20260216T012745Z,reforecast,P3,P3__reforecast__version_2_2__htessel_lisflood__control_reforecast,cems-glofas-reforecast,version_2_2,htessel_lisflood,control_reforecast,2022-04-18,budget_exhausted,,budget,max attempts reached for combo,,
2026-02-16T01:27:46Z,scan_20260216T012745Z,reforecast,P3,P3__reforecast__version_2_2__htessel_lisflood__control_reforecast,cems-glofas-reforecast,version_2_2,htessel_lisflood,control_reforecast,2023-02-27,budget_exhausted,,budget,max attempts reached for combo,,
2026-02-16T01:27:46Z,scan_20260216T012745Z,reforecast,P3,P3__reforecast__version_2_2__lisflood__control_reforecast,cems-glofas-reforecast,version_2_2,lisflood,control_reforecast,2020-12-14,dry_run,,dry_run,probe not executed in dry-run mode,repro/glofas_coverage_scan_runs/scan_20260216T012745Z/downloads/reforecast/P3__reforecast__version_2_2__lisflood__control_reforecast/2020-12-14.zip,"{""area"": [37.2443931, -122.272464, 36.8443931, -121.872464], ""data_format"": ""grib2"", ""download_format"": ""zip"", ""hday"": [""14""], ""hmonth"": [""12""], ""hydrological_model"": [""lisflood""], ""hyear"": [""2020""], ""leadtime_hour"": [""24""], ""product_type"": [""control_reforecast""], ""system_version"": [""version_2_2""], ""variable"": [""river_discharge_in_the_last_24_hours""]}"
2026-02-16T01:27:46Z,scan_20260216T012745Z,reforecast,P3,P3__reforecast__version_2_2__lisflood__control_reforecast,cems-glofas-reforecast,version_2_2,lisflood,control_reforecast,2021-01-04,dry_run,,dry_run,probe not executed in dry-run mode,repro/glofas_coverage_scan_runs/scan_20260216T012745Z/downloads/reforecast/P3__reforecast__version_2_2__lisflood__control_reforecast/2021-01-04.zip,"{""area"": [37.2443931, -122.272464, 36.8443931, -121.872464], ""data_format"": ""grib2"", ""download_format"": ""zip"", ""hday"": [""04""], ""hmonth"": [""01""], ""hydrological_model"": [""lisflood""], ""hyear"": [""2021""], ""leadtime_hour"": [""24""], ""product_type"": [""control_reforecast""], ""system_version"": [""version_2_2""], ""variable"": [""river_discharge_in_the_last_24_hours""]}"
2026-02-16T01:27:46Z,scan_20260216T012745Z,reforecast,P3,P3__reforecast__version_2_2__lisflood__control_reforecast,cems-glofas-reforecast,version_2_2,lisflood,control_reforecast,1999-01-04,dry_run,,dry_run,probe not executed in dry-run mode,repro/glofas_coverage_scan_runs/scan_20260216T012745Z/downloads/reforecast/P3__reforecast__version_2_2__lisflood__control_reforecast/1999-01-04.zip,"{""area"": [37.2443931, -122.272464, 36.8443931, -121.872464], ""data_format"": ""grib2"", ""download_format"": ""zip"", ""hday"": [""04""], ""hmonth"": [""01""], ""hydrological_model"": [""lisflood""], ""hyear"": [""1999""], ""leadtime_hour"": [""24""], ""product_type"": [""control_reforecast""], ""system_version"": [""version_2_2""], ""variable"": [""river_discharge_in_the_last_24_hours""]}"
2026-02-16T01:27:46Z,scan_20260216T012745Z,reforecast,P3,P3__reforecast__version_2_2__lisflood__control_reforecast,cems-glofas-reforecast,version_2_2,lisflood,control_reforecast,2023-11-23,dry_run,,dry_run,probe not executed in dry-run mode,repro/glofas_coverage_scan_runs/scan_20260216T012745Z/downloads/reforecast/P3__reforecast__version_2_2__lisflood__control_reforecast/2023-11-23.zip,"{""area"": [37.2443931, -122.272464, 36.8443931, -121.872464], ""data_format"": ""grib2"", ""download_format"": ""zip"", ""hday"": [""23""], ""hmonth"": [""11""], ""hydrological_model"": [""lisflood""], ""hyear"": [""2023""], ""leadtime_hour"": [""24""], ""product_type"": [""control_reforecast""], ""system_version"": [""version_2_2""], ""variable"": [""river_discharge_in_the_last_24_hours""]}"
2026-02-16T01:27:46Z,scan_20260216T012745Z,reforecast,P3,P3__reforecast__version_2_2__lisflood__control_reforecast,cems-glofas-reforecast,version_2_2,lisflood,control_reforecast,2011-06-16,dry_run,,dry_run,probe not executed in dry-run mode,repro/glofas_coverage_scan_runs/scan_20260216T012745Z/downloads/reforecast/P3__reforecast__version_2_2__lisflood__control_reforecast/2011-06-16.zip,"{""area"": [37.2443931, -122.272464, 36.8443931, -121.872464], ""data_format"": ""grib2"", ""download_format"": ""zip"", ""hday"": [""16""], ""hmonth"": [""06""], ""hydrological_model"": [""lisflood""], ""hyear"": [""2011""], ""leadtime_hour"": [""24""], ""product_type"": [""control_reforecast""], ""system_version"": [""version_2_2""], ""variable"": [""river_discharge_in_the_last_24_hours""]}"
2026-02-16T01:27:46Z,scan_20260216T012745Z,reforecast,P3,P3__reforecast__version_2_2__lisflood__control_reforecast,cems-glofas-reforecast,version_2_2,lisflood,control_reforecast,1999-11-15,dry_run,,dry_run,probe not executed in dry-run mode,repro/glofas_coverage_scan_runs/scan_20260216T012745Z/downloads/reforecast/P3__reforecast__version_2_2__lisflood__control_reforecast/1999-11-15.zip,"{""area"": [37.2443931, -122.272464, 36.8443931, -121.872464], ""data_format"": ""grib2"", ""download_format"": ""zip"", ""hday"": [""15""], ""hmonth"": [""11""], ""hydrological_model"": [""lisflood""], ""hyear"": [""1999""], ""leadtime_hour"": [""24""], ""product_type"": [""control_reforecast""], ""system_version"": [""version_2_2""], ""variable"": [""river_discharge_in_the_last_24_hours""]}"
2026-02-16T01:27:46Z,scan_20260216T012745Z,reforecast,P3,P3__reforecast__version_2_2__lisflood__control_reforecast,cems-glofas-reforecast,version_2_2,lisflood,control_reforecast,2000-09-25,budget_exhausted,,budget,max attempts reached for combo,,
2026-02-16T01:27:46Z,scan_20260216T012745Z,reforecast,P3,P3__reforecast__version_2_2__lisflood__control_reforecast,cems-glofas-reforecast,version_2_2,lisflood,control_reforecast,2001-08-06,budget_exhausted,,budget,max attempts reached for combo,,
2026-02-16T01:27:46Z,scan_20260216T012745Z,reforecast,P3,P3__reforecast__version_2_2__lisflood__control_reforecast,cems-glofas-reforecast,version_2_2,lisflood,control_reforecast,2002-06-17,budget_exhausted,,budget,max attempts reached for combo,,
2026-02-16T01:27:46Z,scan_20260216T012745Z,reforecast,P3,P3__reforecast__version_2_2__lisflood__control_reforecast,cems-glofas-reforecast,version_2_2,lisflood,control_reforecast,2003-04-28,budget_exhausted,,budget,max attempts reached for combo,,
2026-02-16T01:27:46Z,scan_20260216T012745Z,reforecast,P3,P3__reforecast__version_2_2__lisflood__control_reforecast,cems-glofas-reforecast,version_2_2,lisflood,control_reforecast,2004-03-08,budget_exhausted,,budget,max attempts reached for combo,,
2026-02-16T01:27:46Z,scan_20260216T012745Z,reforecast,P3,P3__reforecast__version_2_2__lisflood__control_reforecast,cems-glofas-reforecast,version_2_2,lisflood,control_reforecast,2005-01-17,budget_exhausted,,budget,max attempts reached for combo,,
2026-02-16T01:27:46Z,scan_20260216T012745Z,reforecast,P3,P3__reforecast__version_2_2__lisflood__control_reforecast,cems-glofas-reforecast,version_2_2,lisflood,control_reforecast,2005-11-28,budget_exhausted,,budget,max attempts reached for combo,,
2026-02-16T01:27:46Z,scan_20260216T012745Z,reforecast,P3,P3__reforecast__version_2_2__lisflood__control_reforecast,cems-glofas-reforecast,version_2_2,lisflood,control_reforecast,2006-10-09,budget_exhausted,,budget,max attempts reached for combo,,
2026-02-16T01:27:46Z,scan_20260216T012745Z,reforecast,P3,P3__reforecast__version_2_2__lisflood__control_reforecast,cems-glofas-reforecast,version_2_2,lisflood,control_reforecast,2007-08-20,budget_exhausted,,budget,max attempts reached for combo,,
2026-02-16T01:27:46Z,scan_20260216T012745Z,reforecast,P3,P3__reforecast__version_2_2__lisflood__control_reforecast,cems-glofas-reforecast,version_2_2,lisflood,control_reforecast,2008-06-30,budget_exhausted,,budget,max attempts reached for combo,,
2026-02-16T01:27:46Z,scan_20260216T012745Z,reforecast,P3,P3__reforecast__version_2_2__lisflood__control_reforecast,cems-glofas-reforecast,version_2_2,lisflood,control_reforecast,2009-05-11,budget_exhausted,,budget,max attempts reached for combo,,
2026-02-16T01:27:46Z,scan_20260216T012745Z,reforecast,P3,P3__reforecast__version_2_2__lisflood__control_reforecast,cems-glofas-reforecast,version_2_2,lisflood,control_reforecast,2010-03-22,budget_exhausted,,budget,max attempts reached for combo,,
2026-02-16T01:27:46Z,scan_20260216T012745Z,reforecast,P3,P3__reforecast__version_2_2__lisflood__control_reforecast,cems-glofas-reforecast,version_2_2,lisflood,control_reforecast,2011-01-31,budget_exhausted,,budget,max attempts reached for combo,,
2026-02-16T01:27:46Z,scan_20260216T012745Z,reforecast,P3,P3__reforecast__version_2_2__lisflood__control_reforecast,cems-glofas-reforecast,version_2_2,lisflood,control_reforecast,2011-12-12,budget_exhausted,,budget,max attempts reached for combo,,
2026-02-16T01:27:46Z,scan_20260216T012745Z,reforecast,P3,P3__reforecast__version_2_2__lisflood__control_reforecast,cems-glofas-reforecast,version_2_2,lisflood,control_reforecast,2012-10-22,budget_exhausted,,budget,max attempts reached for combo,,
2026-02-16T01:27:46Z,scan_20260216T012745Z,reforecast,P3,P3__reforecast__version_2_2__lisflood__control_reforecast,cems-glofas-reforecast,version_2_2,lisflood,control_reforecast,2013-09-02,budget_exhausted,,budget,max attempts reached for combo,,
2026-02-16T01:27:46Z,scan_20260216T012745Z,reforecast,P3,P3__reforecast__version_2_2__lisflood__control_reforecast,cems-glofas-reforecast,version_2_2,lisflood,control_reforecast,2014-07-14,budget_exhausted,,budget,max attempts reached for combo,,
2026-02-16T01:27:46Z,scan_20260216T012745Z,reforecast,P3,P3__reforecast__version_2_2__lisflood__control_reforecast,cems-glofas-reforecast,version_2_2,lisflood,control_reforecast,2015-05-25,budget_exhausted,,budget,max attempts reached for combo,,
2026-02-16T01:27:46Z,scan_20260216T012745Z,reforecast,P3,P3__reforecast__version_2_2__lisflood__control_reforecast,cems-glofas-reforecast,version_2_2,lisflood,control_reforecast,2016-04-04,budget_exhausted,,budget,max attempts reached for combo,,
2026-02-16T01:27:46Z,scan_20260216T012745Z,reforecast,P3,P3__reforecast__version_2_2__lisflood__control_reforecast,cems-glofas-reforecast,version_2_2,lisflood,control_reforecast,2017-02-13,budget_exhausted,,budget,max attempts reached for combo,,
2026-02-16T01:27:46Z,scan_20260216T012745Z,reforecast,P3,P3__reforecast__version_2_2__lisflood__control_reforecast,cems-glofas-reforecast,version_2_2,lisflood,control_reforecast,2017-12-25,budget_exhausted,,budget,max attempts reached for combo,,
2026-02-16T01:27:46Z,scan_20260216T012745Z,reforecast,P3,P3__reforecast__version_2_2__lisflood__control_reforecast,cems-glofas-reforecast,version_2_2,lisflood,control_reforecast,2018-11-05,budget_exhausted,,budget,max attempts reached for combo,,
2026-02-16T01:27:46Z,scan_20260216T012745Z,reforecast,P3,P3__reforecast__version_2_2__lisflood__control_reforecast,cems-glofas-reforecast,version_2_2,lisflood,control_reforecast,2019-09-16,budget_exhausted,,budget,max attempts reached for combo,,
2026-02-16T01:27:46Z,scan_20260216T012745Z,reforecast,P3,P3__reforecast__version_2_2__lisflood__control_reforecast,cems-glofas-reforecast,version_2_2,lisflood,control_reforecast,2020-07-27,budget_exhausted,,budget,max attempts reached for combo,,
2026-02-16T01:27:46Z,scan_20260216T012745Z,reforecast,P3,P3__reforecast__version_2_2__lisflood__control_reforecast,cems-glofas-reforecast,version_2_2,lisflood,control_reforecast,2021-06-07,budget_exhausted,,budget,max attempts reached for combo,,
2026-02-16T01:27:46Z,scan_20260216T012745Z,reforecast,P3,P3__reforecast__version_2_2__lisflood__control_reforecast,cems-glofas-reforecast,version_2_2,lisflood,control_reforecast,2022-04-18,budget_exhausted,,budget,max attempts reached for combo,,
2026-02-16T01:27:46Z,scan_20260216T012745Z,reforecast,P3,P3__reforecast__version_2_2__lisflood__control_reforecast,cems-glofas-reforecast,version_2_2,lisflood,control_reforecast,2023-02-27,budget_exhausted,,budget,max attempts reached for combo,,
2026-02-16T01:27:45Z,scan_20260216T012745Z,historical,P1,P1__historical__version_3_1__htessel_lisflood__consolidated,cems-glofas-historical,version_3_1,htessel_lisflood,consolidated,2021-06-15,dry_run,,dry_run,probe not executed in dry-run mode,repro/glofas_coverage_scan_runs/scan_20260216T012745Z/downloads/historical/P1__historical__version_3_1__htessel_lisflood__consolidated/2021-06-15.zip,"{""area"": [37.2443931, -122.272464, 36.8443931, -121.872464], ""data_format"": ""grib2"", ""download_format"": ""zip"", ""hday"": [""15""], ""hmonth"": [""06""], ""hydrological_model"": [""htessel_lisflood""], ""hyear"": [""2021""], ""product_type"": [""consolidated""], ""system_version"": [""version_3_1""], ""variable"": [""river_discharge_in_the_last_24_hours""]}"
2026-02-16T01:27:45Z,scan_20260216T012745Z,historical,P1,P1__historical__version_3_1__htessel_lisflood__consolidated,cems-glofas-historical,version_3_1,htessel_lisflood,consolidated,2021-05-26,dry_run,,dry_run,probe not executed in dry-run mode,repro/glofas_coverage_scan_runs/scan_20260216T012745Z/downloads/historical/P1__historical__version_3_1__htessel_lisflood__consolidated/2021-05-26.zip,"{""area"": [37.2443931, -122.272464, 36.8443931, -121.872464], ""data_format"": ""grib2"", ""download_format"": ""zip"", ""hday"": [""26""], ""hmonth"": [""05""], ""hydrological_model"": [""htessel_lisflood""], ""hyear"": [""2021""], ""product_type"": [""consolidated""], ""system_version"": [""version_3_1""], ""variable"": [""river_discharge_in_the_last_24_hours""]}"
2026-02-16T01:27:45Z,scan_20260216T012745Z,historical,P1,P1__historical__version_3_1__htessel_lisflood__consolidated,cems-glofas-historical,version_3_1,htessel_lisflood,consolidated,1979-01-01,dry_run,,dry_run,probe not executed in dry-run mode,repro/glofas_coverage_scan_runs/scan_20260216T012745Z/downloads/historical/P1__historical__version_3_1__htessel_lisflood__consolidated/1979-01-01.zip,"{""area"": [37.2443931, -122.272464, 36.8443931, -121.872464], ""data_format"": ""grib2"", ""download_format"": ""zip"", ""hday"": [""01""], ""hmonth"": [""01""], ""hydrological_model"": [""htessel_lisflood""], ""hyear"": [""1979""], ""product_type"": [""consolidated""], ""system_version"": [""version_3_1""], ""variable"": [""river_discharge_in_the_last_24_hours""]}"
2026-02-16T01:27:45Z,scan_20260216T012745Z,historical,P1,P1__historical__version_3_1__htessel_lisflood__consolidated,cems-glofas-historical,version_3_1,htessel_lisflood,consolidated,2026-02-15,dry_run,,dry_run,probe not executed in dry-run mode,repro/glofas_coverage_scan_runs/scan_20260216T012745Z/downloads/historical/P1__historical__version_3_1__htessel_lisflood__consolidated/2026-02-15.zip,"{""area"": [37.2443931, -122.272464, 36.8443931, -121.872464], ""data_format"": ""grib2"", ""download_format"": ""zip"", ""hday"": [""15""], ""hmonth"": [""02""], ""hydrological_model"": [""htessel_lisflood""], ""hyear"": [""2026""], ""product_type"": [""consolidated""], ""system_version"": [""version_3_1""], ""variable"": [""river_discharge_in_the_last_24_hours""]}"
2026-02-16T01:27:45Z,scan_20260216T012745Z,historical,P1,P1__historical__version_3_1__htessel_lisflood__consolidated,cems-glofas-historical,version_3_1,htessel_lisflood,consolidated,2002-07-25,dry_run,,dry_run,probe not executed in dry-run mode,repro/glofas_coverage_scan_runs/scan_20260216T012745Z/downloads/historical/P1__historical__version_3_1__htessel_lisflood__consolidated/2002-07-25.zip,"{""area"": [37.2443931, -122.272464, 36.8443931, -121.872464], ""data_format"": ""grib2"", ""download_format"": ""zip"", ""hday"": [""25""], ""hmonth"": [""07""], ""hydrological_model"": [""htessel_lisflood""], ""hyear"": [""2002""], ""product_type"": [""consolidated""], ""system_version"": [""version_3_1""], ""variable"": [""river_discharge_in_the_last_24_hours""]}"
2026-02-16T01:27:45Z,scan_20260216T012745Z,historical,P1,P1__historical__version_3_1__htessel_lisflood__consolidated,cems-glofas-historical,version_3_1,htessel_lisflood,consolidated,1979-04-01,dry_run,,dry_run,probe not executed in dry-run mode,repro/glofas_coverage_scan_runs/scan_20260216T012745Z/downloads/historical/P1__historical__version_3_1__htessel_lisflood__consolidated/1979-04-01.zip,"{""area"": [37.2443931, -122.272464, 36.8443931, -121.872464], ""data_format"": ""grib2"", ""download_format"": ""zip"", ""hday"": [""01""], ""hmonth"": [""04""], ""hydrological_model"": [""htessel_lisflood""], ""hyear"": [""1979""], ""product_type"": [""consolidated""], ""system_version"": [""version_3_1""], ""variable"": [""river_discharge_in_the_last_24_hours""]}"
2026-02-16T01:27:45Z,scan_20260216T012745Z,historical,P1,P1__historical__version_3_1__htessel_lisflood__consolidated,cems-glofas-historical,version_3_1,htessel_lisflood,consolidated,1979-06-30,budget_exhausted,,budget,max attempts reached for combo,,
2026-02-16T01:27:45Z,scan_20260216T012745Z,historical,P1,P1__historical__version_3_1__htessel_lisflood__consolidated,cems-glofas-historical,version_3_1,htessel_lisflood,consolidated,1979-09-28,budget_exhausted,,budget,max attempts reached for combo,,
2026-02-16T01:27:45Z,scan_20260216T012745Z,historical,P1,P1__historical__version_3_1__htessel_lisflood__consolidated,cems-glofas-historical,version_3_1,htessel_lisflood,consolidated,1979-12-27,budget_exhausted,,budget,max attempts reached for combo,,
2026-02-16T01:27:45Z,scan_20260216T012745Z,historical,P1,P1__historical__version_3_1__htessel_lisflood__consolidated,cems-glofas-historical,version_3_1,htessel_lisflood,consolidated,1980-03-26,budget_exhausted,,budget,max attempts reached for combo,,
2026-02-16T01:27:45Z,scan_20260216T012745Z,historical,P1,P1__historical__version_3_1__htessel_lisflood__consolidated,cems-glofas-historical,version_3_1,htessel_lisflood,consolidated,1980-06-24,budget_exhausted,,budget,max attempts reached for combo,,
2026-02-16T01:27:45Z,scan_20260216T012745Z,historical,P1,P1__historical__version_3_1__htessel_lisflood__consolidated,cems-glofas-historical,version_3_1,htessel_lisflood,consolidated,1980-09-22,budget_exhausted,,budget,max attempts reached for combo,,
2026-02-16T01:27:45Z,scan_20260216T012745Z,historical,P1,P1__historical__version_3_1__htessel_lisflood__consolidated,cems-glofas-historical,version_3_1,htessel_lisflood,consolidated,1980-12-21,budget_exhausted,,budget,max attempts reached for combo,,
2026-02-16T01:27:45Z,scan_20260216T012745Z,historical,P1,P1__historical__version_3_1__htessel_lisflood__consolidated,cems-glofas-historical,version_3_1,htessel_lisflood,consolidated,1981-03-21,budget_exhausted,,budget,max attempts reached for combo,,
2026-02-16T01:27:45Z,scan_20260216T012745Z,historical,P1,P1__historical__version_3_1__htessel_lisflood__consolidated,cems-glofas-historical,version_3_1,htessel_lisflood,consolidated,1981-06-19,budget_exhausted,,budget,max attempts reached for combo,,
2026-02-16T01:27:45Z,scan_20260216T012745Z,historical,P1,P1__historical__version_3_1__htessel_lisflood__consolidated,cems-glofas-historical,version_3_1,htessel_lisflood,consolidated,1981-09-17,budget_exhausted,,budget,max attempts reached for combo,,
2026-02-16T01:27:45Z,scan_20260216T012745Z,historical,P1,P1__historical__version_3_1__htessel_lisflood__consolidated,cems-glofas-historical,version_3_1,htessel_lisflood,consolidated,1981-12-16,budget_exhausted,,budget,max attempts reached for combo,,
2026-02-16T01:27:45Z,scan_20260216T012745Z,historical,P1,P1__historical__version_3_1__htessel_lisflood__consolidated,cems-glofas-historical,version_3_1,htessel_lisflood,consolidated,1982-03-16,budget_exhausted,,budget,max attempts reached for combo,,
2026-02-16T01:27:45Z,scan_20260216T012745Z,historical,P1,P1__historical__version_3_1__htessel_lisflood__consolidated,cems-glofas-historical,version_3_1,htessel_lisflood,consolidated,1982-06-14,budget_exhausted,,budget,max attempts reached for combo,,
2026-02-16T01:27:45Z,scan_20260216T012745Z,historical,P1,P1__historical__version_3_1__htessel_lisflood__consolidated,cems-glofas-historical,version_3_1,htessel_lisflood,consolidated,1982-09-12,budget_exhausted,,budget,max attempts reached for combo,,
2026-02-16T01:27:45Z,scan_20260216T012745Z,historical,P1,P1__historical__version_3_1__htessel_lisflood__consolidated,cems-glofas-historical,version_3_1,htessel_lisflood,consolidated,1982-12-11,budget_exhausted,,budget,max attempts reached for combo,,
2026-02-16T01:27:45Z,scan_20260216T012745Z,historical,P1,P1__historical__version_3_1__htessel_lisflood__consolidated,cems-glofas-historical,version_3_1,htessel_lisflood,consolidated,1983-03-11,budget_exhausted,,budget,max attempts reached for combo,,
2026-02-16T01:27:45Z,scan_20260216T012745Z,historical,P1,P1__historical__version_3_1__htessel_lisflood__consolidated,cems-glofas-historical,version_3_1,htessel_lisflood,consolidated,1983-06-09,budget_exhausted,,budget,max attempts reached for combo,,
2026-02-16T01:27:45Z,scan_20260216T012745Z,historical,P1,P1__historical__version_3_1__htessel_lisflood__consolidated,cems-glofas-historical,version_3_1,htessel_lisflood,consolidated,1983-09-07,budget_exhausted,,budget,max attempts reached for combo,,
2026-02-16T01:27:45Z,scan_20260216T012745Z,historical,P1,P1__historical__version_3_1__htessel_lisflood__consolidated,cems-glofas-historical,version_3_1,htessel_lisflood,consolidated,1983-12-06,budget_exhausted,,budget,max attempts reached for combo,,
2026-02-16T01:27:45Z,scan_20260216T012745Z,historical,P1,P1__historical__version_3_1__htessel_lisflood__consolidated,cems-glofas-historical,version_3_1,htessel_lisflood,consolidated,1984-03-05,budget_exhausted,,budget,max attempts reached for combo,,
2026-02-16T01:27:45Z,scan_20260216T012745Z,historical,P1,P1__historical__version_3_1__htessel_lisflood__consolidated,cems-glofas-historical,version_3_1,htessel_lisflood,consolidated,1984-06-03,budget_exhausted,,budget,max attempts reached for combo,,
2026-02-16T01:27:45Z,scan_20260216T012745Z,historical,P1,P1__historical__version_3_1__htessel_lisflood__consolidated,cems-glofas-historical,version_3_1,htessel_lisflood,consolidated,1984-09-01,budget_exhausted,,budget,max attempts reached for combo,,
2026-02-16T01:27:45Z,scan_20260216T012745Z,historical,P1,P1__historical__version_3_1__htessel_lisflood__consolidated,cems-glofas-historical,version_3_1,htessel_lisflood,consolidated,1984-11-30,budget_exhausted,,budget,max attempts reached for combo,,
2026-02-16T01:27:45Z,scan_20260216T012745Z,historical,P1,P1__historical__version_3_1__htessel_lisflood__consolidated,cems-glofas-historical,version_3_1,htessel_lisflood,consolidated,1985-02-28,budget_exhausted,,budget,max attempts reached for combo,,
2026-02-16T01:27:45Z,scan_20260216T012745Z,historical,P1,P1__historical__version_3_1__htessel_lisflood__consolidated,cems-glofas-historical,version_3_1,htessel_lisflood,consolidated,1985-05-29,budget_exhausted,,budget,max attempts reached for combo,,
2026-02-16T01:27:45Z,scan_20260216T012745Z,historical,P1,P1__historical__version_3_1__htessel_lisflood__consolidated,cems-glofas-historical,version_3_1,htessel_lisflood,consolidated,1985-08-27,budget_exhausted,,budget,max attempts reached for combo,,
2026-02-16T01:27:45Z,scan_20260216T012745Z,historical,P1,P1__historical__version_3_1__htessel_lisflood__consolidated,cems-glofas-historical,version_3_1,htessel_lisflood,consolidated,1985-11-25,budget_exhausted,,budget,max attempts reached for combo,,
2026-02-16T01:27:45Z,scan_20260216T012745Z,historical,P1,P1__historical__version_3_1__htessel_lisflood__consolidated,cems-glofas-historical,version_3_1,htessel_lisflood,consolidated,1986-02-23,budget_exhausted,,budget,max attempts reached for combo,,
2026-02-16T01:27:45Z,scan_20260216T012745Z,historical,P1,P1__historical__version_3_1__htessel_lisflood__consolidated,cems-glofas-historical,version_3_1,htessel_lisflood,consolidated,1986-05-24,budget_exhausted,,budget,max attempts reached for combo,,
2026-02-16T01:27:45Z,scan_20260216T012745Z,historical,P1,P1__historical__version_3_1__htessel_lisflood__consolidated,cems-glofas-historical,version_3_1,htessel_lisflood,consolidated,1986-08-22,budget_exhausted,,budget,max attempts reached for combo,,
2026-02-16T01:27:45Z,scan_20260216T012745Z,historical,P1,P1__historical__version_3_1__htessel_lisflood__consolidated,cems-glofas-historical,version_3_1,htessel_lisflood,consolidated,1986-11-20,budget_exhausted,,budget,max attempts reached for combo,,
2026-02-16T01:27:45Z,scan_20260216T012745Z,historical,P1,P1__historical__version_3_1__htessel_lisflood__consolidated,cems-glofas-historical,version_3_1,htessel_lisflood,consolidated,1987-02-18,budget_exhausted,,budget,max attempts reached for combo,,
2026-02-16T01:27:45Z,scan_20260216T012745Z,historical,P1,P1__historical__version_3_1__htessel_lisflood__consolidated,cems-glofas-historical,version_3_1,htessel_lisflood,consolidated,1987-05-19,budget_exhausted,,budget,max attempts reached for combo,,
2026-02-16T01:27:45Z,scan_20260216T012745Z,historical,P1,P1__historical__version_3_1__htessel_lisflood__consolidated,cems-glofas-historical,version_3_1,htessel_lisflood,consolidated,1987-08-17,budget_exhausted,,budget,max attempts reached for combo,,
2026-02-16T01:27:45Z,scan_20260216T012745Z,historical,P1,P1__historical__version_3_1__htessel_lisflood__consolidated,cems-glofas-historical,version_3_1,htessel_lisflood,consolidated,1987-11-15,budget_exhausted,,budget,max attempts reached for combo,,
2026-02-16T01:27:45Z,scan_20260216T012745Z,historical,P1,P1__historical__version_3_1__htessel_lisflood__consolidated,cems-glofas-historical,version_3_1,htessel_lisflood,consolidated,1988-02-13,budget_exhausted,,budget,max attempts reached for combo,,
2026-02-16T01:27:45Z,scan_20260216T012745Z,historical,P1,P1__historical__version_3_1__htessel_lisflood__consolidated,cems-glofas-historical,version_3_1,htessel_lisflood,consolidated,1988-05-13,budget_exhausted,,budget,max attempts reached for combo,,
2026-02-16T01:27:45Z,scan_20260216T012745Z,historical,P1,P1__historical__version_3_1__htessel_lisflood__consolidated,cems-glofas-historical,version_3_1,htessel_lisflood,consolidated,1988-08-11,budget_exhausted,,budget,max attempts reached for combo,,
2026-02-16T01:27:45Z,scan_20260216T012745Z,historical,P1,P1__historical__version_3_1__htessel_lisflood__consolidated,cems-glofas-historical,version_3_1,htessel_lisflood,consolidated,1988-11-09,budget_exhausted,,budget,max attempts reached for combo,,
2026-02-16T01:27:45Z,scan_20260216T012745Z,historical,P1,P1__historical__version_3_1__htessel_lisflood__consolidated,cems-glofas-historical,version_3_1,htessel_lisflood,consolidated,1989-02-07,budget_exhausted,,budget,max attempts reached for combo,,
2026-02-16T01:27:45Z,scan_20260216T012745Z,historical,P1,P1__historical__version_3_1__htessel_lisflood__consolidated,cems-glofas-historical,version_3_1,htessel_lisflood,consolidated,1989-05-08,budget_exhausted,,budget,max attempts reached for combo,,
2026-02-16T01:27:45Z,scan_20260216T012745Z,historical,P1,P1__historical__version_3_1__htessel_lisflood__consolidated,cems-glofas-historical,version_3_1,htessel_lisflood,consolidated,1989-08-06,budget_exhausted,,budget,max attempts reached for combo,,
2026-02-16T01:27:45Z,scan_20260216T012745Z,historical,P1,P1__historical__version_3_1__htessel_lisflood__consolidated,cems-glofas-historical,version_3_1,htessel_lisflood,consolidated,1989-11-04,budget_exhausted,,budget,max attempts reached for combo,,
2026-02-16T01:27:45Z,scan_20260216T012745Z,historical,P1,P1__historical__version_3_1__htessel_lisflood__consolidated,cems-glofas-historical,version_3_1,htessel_lisflood,consolidated,1990-02-02,budget_exhausted,,budget,max attempts reached for combo,,
2026-02-16T01:27:45Z,scan_20260216T012745Z,historical,P1,P1__historical__version_3_1__htessel_lisflood__consolidated,cems-glofas-historical,version_3_1,htessel_lisflood,consolidated,1990-05-03,budget_exhausted,,budget,max attempts reached for combo,,
2026-02-16T01:27:45Z,scan_20260216T012745Z,historical,P1,P1__historical__version_3_1__htessel_lisflood__consolidated,cems-glofas-historical,version_3_1,htessel_lisflood,consolidated,1990-08-01,budget_exhausted,,budget,max attempts reached for combo,,
2026-02-16T01:27:45Z,scan_20260216T012745Z,historical,P1,P1__historical__version_3_1__htessel_lisflood__consolidated,cems-glofas-historical,version_3_1,htessel_lisflood,consolidated,1990-10-30,budget_exhausted,,budget,max attempts reached for combo,,
2026-02-16T01:27:45Z,scan_20260216T012745Z,historical,P1,P1__historical__version_3_1__htessel_lisflood__consolidated,cems-glofas-historical,version_3_1,htessel_lisflood,consolidated,1991-01-28,budget_exhausted,,budget,max attempts reached for combo,,
2026-02-16T01:27:45Z,scan_20260216T012745Z,historical,P1,P1__historical__version_3_1__htessel_lisflood__consolidated,cems-glofas-historical,version_3_1,htessel_lisflood,consolidated,1991-04-28,budget_exhausted,,budget,max attempts reached for combo,,
2026-02-16T01:27:45Z,scan_20260216T012745Z,historical,P1,P1__historical__version_3_1__htessel_lisflood__consolidated,cems-glofas-historical,version_3_1,htessel_lisflood,consolidated,1991-07-27,budget_exhausted,,budget,max attempts reached for combo,,
2026-02-16T01:27:45Z,scan_20260216T012745Z,historical,P1,P1__historical__version_3_1__htessel_lisflood__consolidated,cems-glofas-historical,version_3_1,htessel_lisflood,consolidated,1991-10-25,budget_exhausted,,budget,max attempts reached for combo,,
2026-02-16T01:27:45Z,scan_20260216T012745Z,historical,P1,P1__historical__version_3_1__htessel_lisflood__consolidated,cems-glofas-historical,version_3_1,htessel_lisflood,consolidated,1992-01-23,budget_exhausted,,budget,max attempts reached for combo,,
2026-02-16T01:27:45Z,scan_20260216T012745Z,historical,P1,P1__historical__version_3_1__htessel_lisflood__consolidated,cems-glofas-historical,version_3_1,htessel_lisflood,consolidated,1992-04-22,budget_exhausted,,budget,max attempts reached for combo,,
2026-02-16T01:27:45Z,scan_20260216T012745Z,historical,P1,P1__historical__version_3_1__htessel_lisflood__consolidated,cems-glofas-historical,version_3_1,htessel_lisflood,consolidated,1992-07-21,budget_exhausted,,budget,max attempts reached for combo,,
2026-02-16T01:27:45Z,scan_20260216T012745Z,historical,P1,P1__historical__version_3_1__htessel_lisflood__consolidated,cems-glofas-historical,version_3_1,htessel_lisflood,consolidated,1992-10-19,budget_exhausted,,budget,max attempts reached for combo,,
2026-02-16T01:27:45Z,scan_20260216T012745Z,historical,P1,P1__historical__version_3_1__htessel_lisflood__consolidated,cems-glofas-historical,version_3_1,htessel_lisflood,consolidated,1993-01-17,budget_exhausted,,budget,max attempts reached for combo,,
2026-02-16T01:27:45Z,scan_20260216T012745Z,historical,P1,P1__historical__version_3_1__htessel_lisflood__consolidated,cems-glofas-historical,version_3_1,htessel_lisflood,consolidated,1993-04-17,budget_exhausted,,budget,max attempts reached for combo,,
2026-02-16T01:27:45Z,scan_20260216T012745Z,historical,P1,P1__historical__version_3_1__htessel_lisflood__consolidated,cems-glofas-historical,version_3_1,htessel_lisflood,consolidated,1993-07-16,budget_exhausted,,budget,max attempts reached for combo,,
2026-02-16T01:27:45Z,scan_20260216T012745Z,historical,P1,P1__historical__version_3_1__htessel_lisflood__consolidated,cems-glofas-historical,version_3_1,htessel_lisflood,consolidated,1993-10-14,budget_exhausted,,budget,max attempts reached for combo,,
2026-02-16T01:27:45Z,scan_20260216T012745Z,historical,P1,P1__historical__version_3_1__htessel_lisflood__consolidated,cems-glofas-historical,version_3_1,htessel_lisflood,consolidated,1994-01-12,budget_exhausted,,budget,max attempts reached for combo,,
2026-02-16T01:27:45Z,scan_20260216T012745Z,historical,P1,P1__historical__version_3_1__htessel_lisflood__consolidated,cems-glofas-historical,version_3_1,htessel_lisflood,consolidated,1994-04-12,budget_exhausted,,budget,max attempts reached for combo,,
2026-02-16T01:27:45Z,scan_20260216T012745Z,historical,P1,P1__historical__version_3_1__htessel_lisflood__consolidated,cems-glofas-historical,version_3_1,htessel_lisflood,consolidated,1994-07-11,budget_exhausted,,budget,max attempts reached for combo,,
2026-02-16T01:27:45Z,scan_20260216T012745Z,historical,P1,P1__historical__version_3_1__htessel_lisflood__consolidated,cems-glofas-historical,version_3_1,htessel_lisflood,consolidated,1994-10-09,budget_exhausted,,budget,max attempts reached for combo,,
2026-02-16T01:27:45Z,scan_20260216T012745Z,historical,P1,P1__historical__version_3_1__htessel_lisflood__consolidated,cems-glofas-historical,version_3_1,htessel_lisflood,consolidated,1995-01-07,budget_exhausted,,budget,max attempts reached for combo,,
2026-02-16T01:27:45Z,scan_20260216T012745Z,historical,P1,P1__historical__version_3_1__htessel_lisflood__consolidated,cems-glofas-historical,version_3_1,htessel_lisflood,consolidated,1995-04-07,budget_exhausted,,budget,max attempts reached for combo,,
2026-02-16T01:27:45Z,scan_20260216T012745Z,historical,P1,P1__historical__version_3_1__htessel_lisflood__consolidated,cems-glofas-historical,version_3_1,htessel_lisflood,consolidated,1995-07-06,budget_exhausted,,budget,max attempts reached for combo,,
2026-02-16T01:27:45Z,scan_20260216T012745Z,historical,P1,P1__historical__version_3_1__htessel_lisflood__consolidated,cems-glofas-historical,version_3_1,htessel_lisflood,consolidated,1995-10-04,budget_exhausted,,budget,max attempts reached for combo,,
2026-02-16T01:27:45Z,scan_20260216T012745Z,historical,P1,P1__historical__version_3_1__htessel_lisflood__consolidated,cems-glofas-historical,version_3_1,htessel_lisflood,consolidated,1996-01-02,budget_exhausted,,budget,max attempts reached for combo,,
2026-02-16T01:27:45Z,scan_20260216T012745Z,historical,P1,P1__historical__version_3_1__htessel_lisflood__consolidated,cems-glofas-historical,version_3_1,htessel_lisflood,consolidated,1996-04-01,budget_exhausted,,budget,max attempts reached for combo,,
2026-02-16T01:27:45Z,scan_20260216T012745Z,historical,P1,P1__historical__version_3_1__htessel_lisflood__consolidated,cems-glofas-historical,version_3_1,htessel_lisflood,consolidated,1996-06-30,budget_exhausted,,budget,max attempts reached for combo,,
2026-02-16T01:27:45Z,scan_20260216T012745Z,historical,P1,P1__historical__version_3_1__htessel_lisflood__consolidated,cems-glofas-historical,version_3_1,htessel_lisflood,consolidated,1996-09-28,budget_exhausted,,budget,max attempts reached for combo,,
2026-02-16T01:27:45Z,scan_20260216T012745Z,historical,P1,P1__historical__version_3_1__htessel_lisflood__consolidated,cems-glofas-historical,version_3_1,htessel_lisflood,consolidated,1996-12-27,budget_exhausted,,budget,max attempts reached for combo,,
2026-02-16T01:27:45Z,scan_20260216T012745Z,historical,P1,P1__historical__version_3_1__htessel_lisflood__consolidated,cems-glofas-historical,version_3_1,htessel_lisflood,consolidated,1997-03-27,budget_exhausted,,budget,max attempts reached for combo,,
2026-02-16T01:27:45Z,scan_20260216T012745Z,historical,P1,P1__historical__version_3_1__htessel_lisflood__consolidated,cems-glofas-historical,version_3_1,htessel_lisflood,consolidated,1997-06-25,budget_exhausted,,budget,max attempts reached for combo,,
2026-02-16T01:27:45Z,scan_20260216T012745Z,historical,P1,P1__historical__version_3_1__htessel_lisflood__consolidated,cems-glofas-historical,version_3_1,htessel_lisflood,consolidated,1997-09-23,budget_exhausted,,budget,max attempts reached for combo,,
2026-02-16T01:27:45Z,scan_20260216T012745Z,historical,P1,P1__historical__version_3_1__htessel_lisflood__consolidated,cems-glofas-historical,version_3_1,htessel_lisflood,consolidated,1997-12-22,budget_exhausted,,budget,max attempts reached for combo,,
2026-02-16T01:27:45Z,scan_20260216T012745Z,historical,P1,P1__historical__version_3_1__htessel_lisflood__consolidated,cems-glofas-historical,version_3_1,htessel_lisflood,consolidated,1998-03-22,budget_exhausted,,budget,max attempts reached for combo,,
2026-02-16T01:27:45Z,scan_20260216T012745Z,historical,P1,P1__historical__version_3_1__htessel_lisflood__consolidated,cems-glofas-historical,version_3_1,htessel_lisflood,consolidated,1998-06-20,budget_exhausted,,budget,max attempts reached for combo,,
2026-02-16T01:27:45Z,scan_20260216T012745Z,historical,P1,P1__historical__version_3_1__htessel_lisflood__consolidated,cems-glofas-historical,version_3_1,htessel_lisflood,consolidated,1998-09-18,budget_exhausted,,budget,max attempts reached for combo,,
2026-02-16T01:27:45Z,scan_20260216T012745Z,historical,P1,P1__historical__version_3_1__htessel_lisflood__consolidated,cems-glofas-historical,version_3_1,htessel_lisflood,consolidated,1998-12-17,budget_exhausted,,budget,max attempts reached for combo,,
2026-02-16T01:27:45Z,scan_20260216T012745Z,historical,P1,P1__historical__version_3_1__htessel_lisflood__consolidated,cems-glofas-historical,version_3_1,htessel_lisflood,consolidated,1999-03-17,budget_exhausted,,budget,max attempts reached for combo,,
2026-02-16T01:27:45Z,scan_20260216T012745Z,historical,P1,P1__historical__version_3_1__htessel_lisflood__consolidated,cems-glofas-historical,version_3_1,htessel_lisflood,consolidated,1999-06-15,budget_exhausted,,budget,max attempts reached for combo,,
2026-02-16T01:27:45Z,scan_20260216T012745Z,historical,P1,P1__historical__version_3_1__htessel_lisflood__consolidated,cems-glofas-historical,version_3_1,htessel_lisflood,consolidated,1999-09-13,budget_exhausted,,budget,max attempts reached for combo,,
2026-02-16T01:27:45Z,scan_20260216T012745Z,historical,P1,P1__historical__version_3_1__htessel_lisflood__consolidated,cems-glofas-historical,version_3_1,htessel_lisflood,consolidated,1999-12-12,budget_exhausted,,budget,max attempts reached for combo,,
2026-02-16T01:27:45Z,scan_20260216T012745Z,historical,P1,P1__historical__version_3_1__htessel_lisflood__consolidated,cems-glofas-historical,version_3_1,htessel_lisflood,consolidated,2000-03-11,budget_exhausted,,budget,max attempts reached for combo,,
2026-02-16T01:27:45Z,scan_20260216T012745Z,historical,P1,P1__historical__version_3_1__htessel_lisflood__consolidated,cems-glofas-historical,version_3_1,htessel_lisflood,consolidated,2000-06-09,budget_exhausted,,budget,max attempts reached for combo,,
2026-02-16T01:27:45Z,scan_20260216T012745Z,historical,P1,P1__historical__version_3_1__htessel_lisflood__consolidated,cems-glofas-historical,version_3_1,htessel_lisflood,consolidated,2000-09-07,budget_exhausted,,budget,max attempts reached for combo,,
2026-02-16T01:27:45Z,scan_20260216T012745Z,historical,P1,P1__historical__version_3_1__htessel_lisflood__consolidated,cems-glofas-historical,version_3_1,htessel_lisflood,consolidated,2000-12-06,budget_exhausted,,budget,max attempts reached for combo,,
2026-02-16T01:27:45Z,scan_20260216T012745Z,historical,P1,P1__historical__version_3_1__htessel_lisflood__consolidated,cems-glofas-historical,version_3_1,htessel_lisflood,consolidated,2001-03-06,budget_exhausted,,budget,max attempts reached for combo,,
2026-02-16T01:27:45Z,scan_20260216T012745Z,historical,P1,P1__historical__version_3_1__htessel_lisflood__consolidated,cems-glofas-historical,version_3_1,htessel_lisflood,consolidated,2001-06-04,budget_exhausted,,budget,max attempts reached for combo,,
2026-02-16T01:27:45Z,scan_20260216T012745Z,historical,P1,P1__historical__version_3_1__htessel_lisflood__consolidated,cems-glofas-historical,version_3_1,htessel_lisflood,consolidated,2001-09-02,budget_exhausted,,budget,max attempts reached for combo,,
2026-02-16T01:27:45Z,scan_20260216T012745Z,historical,P1,P1__historical__version_3_1__htessel_lisflood__consolidated,cems-glofas-historical,version_3_1,htessel_lisflood,consolidated,2001-12-01,budget_exhausted,,budget,max attempts reached for combo,,
2026-02-16T01:27:45Z,scan_20260216T012745Z,historical,P1,P1__historical__version_3_1__htessel_lisflood__consolidated,cems-glofas-historical,version_3_1,htessel_lisflood,consolidated,2002-03-01,budget_exhausted,,budget,max attempts reached for combo,,
2026-02-16T01:27:45Z,scan_20260216T012745Z,historical,P1,P1__historical__version_3_1__htessel_lisflood__consolidated,cems-glofas-historical,version_3_1,htessel_lisflood,consolidated,2002-05-30,budget_exhausted,,budget,max attempts reached for combo,,
2026-02-16T01:27:45Z,scan_20260216T012745Z,historical,P1,P1__historical__version_3_1__htessel_lisflood__consolidated,cems-glofas-historical,version_3_1,htessel_lisflood,consolidated,2002-08-28,budget_exhausted,,budget,max attempts reached for combo,,
2026-02-16T01:27:45Z,scan_20260216T012745Z,historical,P1,P1__historical__version_3_1__htessel_lisflood__consolidated,cems-glofas-historical,version_3_1,htessel_lisflood,consolidated,2002-11-26,budget_exhausted,,budget,max attempts reached for combo,,
2026-02-16T01:27:45Z,scan_20260216T012745Z,historical,P1,P1__historical__version_3_1__htessel_lisflood__consolidated,cems-glofas-historical,version_3_1,htessel_lisflood,consolidated,2003-02-24,budget_exhausted,,budget,max attempts reached for combo,,
2026-02-16T01:27:45Z,scan_20260216T012745Z,historical,P1,P1__historical__version_3_1__htessel_lisflood__consolidated,cems-glofas-historical,version_3_1,htessel_lisflood,consolidated,2003-05-25,budget_exhausted,,budget,max attempts reached for combo,,
2026-02-16T01:27:45Z,scan_20260216T012745Z,historical,P1,P1__historical__version_3_1__htessel_lisflood__consolidated,cems-glofas-historical,version_3_1,htessel_lisflood,consolidated,2003-08-23,budget_exhausted,,budget,max attempts reached for combo,,
2026-02-16T01:27:45Z,scan_20260216T012745Z,historical,P1,P1__historical__version_3_1__htessel_lisflood__consolidated,cems-glofas-historical,version_3_1,htessel_lisflood,consolidated,2003-11-21,budget_exhausted,,budget,max attempts reached for combo,,
2026-02-16T01:27:45Z,scan_20260216T012745Z,historical,P1,P1__historical__version_3_1__htessel_lisflood__consolidated,cems-glofas-historical,version_3_1,htessel_lisflood,consolidated,2004-02-19,budget_exhausted,,budget,max attempts reached for combo,,
2026-02-16T01:27:45Z,scan_20260216T012745Z,historical,P1,P1__historical__version_3_1__htessel_lisflood__consolidated,cems-glofas-historical,version_3_1,htessel_lisflood,consolidated,2004-05-19,budget_exhausted,,budget,max attempts reached for combo,,
2026-02-16T01:27:45Z,scan_20260216T012745Z,historical,P1,P1__historical__version_3_1__htessel_lisflood__consolidated,cems-glofas-historical,version_3_1,htessel_lisflood,consolidated,2004-08-17,budget_exhausted,,budget,max attempts reached for combo,,
2026-02-16T01:27:45Z,scan_20260216T012745Z,historical,P1,P1__historical__version_3_1__htessel_lisflood__consolidated,cems-glofas-historical,version_3_1,htessel_lisflood,consolidated,2004-11-15,budget_exhausted,,budget,max attempts reached for combo,,
2026-02-16T01:27:45Z,scan_20260216T012745Z,historical,P1,P1__historical__version_3_1__htessel_lisflood__consolidated,cems-glofas-historical,version_3_1,htessel_lisflood,consolidated,2005-02-13,budget_exhausted,,budget,max attempts reached for combo,,
2026-02-16T01:27:45Z,scan_20260216T012745Z,historical,P1,P1__historical__version_3_1__htessel_lisflood__consolidated,cems-glofas-historical,version_3_1,htessel_lisflood,consolidated,2005-05-14,budget_exhausted,,budget,max attempts reached for combo,,
2026-02-16T01:27:45Z,scan_20260216T012745Z,historical,P1,P1__historical__version_3_1__htessel_lisflood__consolidated,cems-glofas-historical,version_3_1,htessel_lisflood,consolidated,2005-08-12,budget_exhausted,,budget,max attempts reached for combo,,
2026-02-16T01:27:45Z,scan_20260216T012745Z,historical,P1,P1__historical__version_3_1__htessel_lisflood__consolidated,cems-glofas-historical,version_3_1,htessel_lisflood,consolidated,2005-11-10,budget_exhausted,,budget,max attempts reached for combo,,
2026-02-16T01:27:45Z,scan_20260216T012745Z,historical,P1,P1__historical__version_3_1__htessel_lisflood__consolidated,cems-glofas-historical,version_3_1,htessel_lisflood,consolidated,2006-02-08,budget_exhausted,,budget,max attempts reached for combo,,
2026-02-16T01:27:45Z,scan_20260216T012745Z,historical,P1,P1__historical__version_3_1__htessel_lisflood__consolidated,cems-glofas-historical,version_3_1,htessel_lisflood,consolidated,2006-05-09,budget_exhausted,,budget,max attempts reached for combo,,
2026-02-16T01:27:45Z,scan_20260216T012745Z,historical,P1,P1__historical__version_3_1__htessel_lisflood__consolidated,cems-glofas-historical,version_3_1,htessel_lisflood,consolidated,2006-08-07,budget_exhausted,,budget,max attempts reached for combo,,
2026-02-16T01:27:45Z,scan_20260216T012745Z,historical,P1,P1__historical__version_3_1__htessel_lisflood__consolidated,cems-glofas-historical,version_3_1,htessel_lisflood,consolidated,2006-11-05,budget_exhausted,,budget,max attempts reached for combo,,
2026-02-16T01:27:45Z,scan_20260216T012745Z,historical,P1,P1__historical__version_3_1__htessel_lisflood__consolidated,cems-glofas-historical,version_3_1,htessel_lisflood,consolidated,2007-02-03,budget_exhausted,,budget,max attempts reached for combo,,
2026-02-16T01:27:45Z,scan_20260216T012745Z,historical,P1,P1__historical__version_3_1__htessel_lisflood__consolidated,cems-glofas-historical,version_3_1,htessel_lisflood,consolidated,2007-05-04,budget_exhausted,,budget,max attempts reached for combo,,
2026-02-16T01:27:45Z,scan_20260216T012745Z,historical,P1,P1__historical__version_3_1__htessel_lisflood__consolidated,cems-glofas-historical,version_3_1,htessel_lisflood,consolidated,2007-08-02,budget_exhausted,,budget,max attempts reached for combo,,
2026-02-16T01:27:45Z,scan_20260216T012745Z,historical,P1,P1__historical__version_3_1__htessel_lisflood__consolidated,cems-glofas-historical,version_3_1,htessel_lisflood,consolidated,2007-10-31,budget_exhausted,,budget,max attempts reached for combo,,
2026-02-16T01:27:45Z,scan_20260216T012745Z,historical,P1,P1__historical__version_3_1__htessel_lisflood__consolidated,cems-glofas-historical,version_3_1,htessel_lisflood,consolidated,2008-01-29,budget_exhausted,,budget,max attempts reached for combo,,
2026-02-16T01:27:45Z,scan_20260216T012745Z,historical,P1,P1__historical__version_3_1__htessel_lisflood__consolidated,cems-glofas-historical,version_3_1,htessel_lisflood,consolidated,2008-04-28,budget_exhausted,,budget,max attempts reached for combo,,
2026-02-16T01:27:45Z,scan_20260216T012745Z,historical,P1,P1__historical__version_3_1__htessel_lisflood__consolidated,cems-glofas-historical,version_3_1,htessel_lisflood,consolidated,2008-07-27,budget_exhausted,,budget,max attempts reached for combo,,
2026-02-16T01:27:45Z,scan_20260216T012745Z,historical,P1,P1__historical__version_3_1__htessel_lisflood__consolidated,cems-glofas-historical,version_3_1,htessel_lisflood,consolidated,2008-10-25,budget_exhausted,,budget,max attempts reached for combo,,
2026-02-16T01:27:45Z,scan_20260216T012745Z,historical,P1,P1__historical__version_3_1__htessel_lisflood__consolidated,cems-glofas-historical,version_3_1,htessel_lisflood,consolidated,2009-01-23,budget_exhausted,,budget,max attempts reached for combo,,
2026-02-16T01:27:45Z,scan_20260216T012745Z,historical,P1,P1__historical__version_3_1__htessel_lisflood__consolidated,cems-glofas-historical,version_3_1,htessel_lisflood,consolidated,2009-04-23,budget_exhausted,,budget,max attempts reached for combo,,
2026-02-16T01:27:45Z,scan_20260216T012745Z,historical,P1,P1__historical__version_3_1__htessel_lisflood__consolidated,cems-glofas-historical,version_3_1,htessel_lisflood,consolidated,2009-07-22,budget_exhausted,,budget,max attempts reached for combo,,
2026-02-16T01:27:45Z,scan_20260216T012745Z,historical,P1,P1__historical__version_3_1__htessel_lisflood__consolidated,cems-glofas-historical,version_3_1,htessel_lisflood,consolidated,2009-10-20,budget_exhausted,,budget,max attempts reached for combo,,
2026-02-16T01:27:45Z,scan_20260216T012745Z,historical,P1,P1__historical__version_3_1__htessel_lisflood__consolidated,cems-glofas-historical,version_3_1,htessel_lisflood,consolidated,2010-01-18,budget_exhausted,,budget,max attempts reached for combo,,
2026-02-16T01:27:45Z,scan_20260216T012745Z,historical,P1,P1__historical__version_3_1__htessel_lisflood__consolidated,cems-glofas-historical,version_3_1,htessel_lisflood,consolidated,2010-04-18,budget_exhausted,,budget,max attempts reached for combo,,
2026-02-16T01:27:45Z,scan_20260216T012745Z,historical,P1,P1__historical__version_3_1__htessel_lisflood__consolidated,cems-glofas-historical,version_3_1,htessel_lisflood,consolidated,2010-07-17,budget_exhausted,,budget,max attempts reached for combo,,
2026-02-16T01:27:45Z,scan_20260216T012745Z,historical,P1,P1__historical__version_3_1__htessel_lisflood__consolidated,cems-glofas-historical,version_3_1,htessel_lisflood,consolidated,2010-10-15,budget_exhausted,,budget,max attempts reached for combo,,
2026-02-16T01:27:45Z,scan_20260216T012745Z,historical,P1,P1__historical__version_3_1__htessel_lisflood__consolidated,cems-glofas-historical,version_3_1,htessel_lisflood,consolidated,2011-01-13,budget_exhausted,,budget,max attempts reached for combo,,
2026-02-16T01:27:45Z,scan_20260216T012745Z,historical,P1,P1__historical__version_3_1__htessel_lisflood__consolidated,cems-glofas-historical,version_3_1,htessel_lisflood,consolidated,2011-04-13,budget_exhausted,,budget,max attempts reached for combo,,
2026-02-16T01:27:45Z,scan_20260216T012745Z,historical,P1,P1__historical__version_3_1__htessel_lisflood__consolidated,cems-glofas-historical,version_3_1,htessel_lisflood,consolidated,2011-07-12,budget_exhausted,,budget,max attempts reached for combo,,
2026-02-16T01:27:45Z,scan_20260216T012745Z,historical,P1,P1__historical__version_3_1__htessel_lisflood__consolidated,cems-glofas-historical,version_3_1,htessel_lisflood,consolidated,2011-10-10,budget_exhausted,,budget,max attempts reached for combo,,
2026-02-16T01:27:45Z,scan_20260216T012745Z,historical,P1,P1__historical__version_3_1__htessel_lisflood__consolidated,cems-glofas-historical,version_3_1,htessel_lisflood,consolidated,2012-01-08,budget_exhausted,,budget,max attempts reached for combo,,
2026-02-16T01:27:45Z,scan_20260216T012745Z,historical,P1,P1__historical__version_3_1__htessel_lisflood__consolidated,cems-glofas-historical,version_3_1,htessel_lisflood,consolidated,2012-04-07,budget_exhausted,,budget,max attempts reached for combo,,
2026-02-16T01:27:45Z,scan_20260216T012745Z,historical,P1,P1__historical__version_3_1__htessel_lisflood__consolidated,cems-glofas-historical,version_3_1,htessel_lisflood,consolidated,2012-07-06,budget_exhausted,,budget,max attempts reached for combo,,
2026-02-16T01:27:45Z,scan_20260216T012745Z,historical,P1,P1__historical__version_3_1__htessel_lisflood__consolidated,cems-glofas-historical,version_3_1,htessel_lisflood,consolidated,2012-10-04,budget_exhausted,,budget,max attempts reached for combo,,
2026-02-16T01:27:45Z,scan_20260216T012745Z,historical,P1,P1__historical__version_3_1__htessel_lisflood__consolidated,cems-glofas-historical,version_3_1,htessel_lisflood,consolidated,2013-01-02,budget_exhausted,,budget,max attempts reached for combo,,
2026-02-16T01:27:45Z,scan_20260216T012745Z,historical,P1,P1__historical__version_3_1__htessel_lisflood__consolidated,cems-glofas-historical,version_3_1,htessel_lisflood,consolidated,2013-04-02,budget_exhausted,,budget,max attempts reached for combo,,
2026-02-16T01:27:45Z,scan_20260216T012745Z,historical,P1,P1__historical__version_3_1__htessel_lisflood__consolidated,cems-glofas-historical,version_3_1,htessel_lisflood,consolidated,2013-07-01,budget_exhausted,,budget,max attempts reached for combo,,
2026-02-16T01:27:45Z,scan_20260216T012745Z,historical,P1,P1__historical__version_3_1__htessel_lisflood__consolidated,cems-glofas-historical,version_3_1,htessel_lisflood,consolidated,2013-09-29,budget_exhausted,,budget,max attempts reached for combo,,
2026-02-16T01:27:45Z,scan_20260216T012745Z,historical,P1,P1__historical__version_3_1__htessel_lisflood__consolidated,cems-glofas-historical,version_3_1,htessel_lisflood,consolidated,2013-12-28,budget_exhausted,,budget,max attempts reached for combo,,
2026-02-16T01:27:45Z,scan_20260216T012745Z,historical,P1,P1__historical__version_3_1__htessel_lisflood__consolidated,cems-glofas-historical,version_3_1,htessel_lisflood,consolidated,2014-03-28,budget_exhausted,,budget,max attempts reached for combo,,
2026-02-16T01:27:45Z,scan_20260216T012745Z,historical,P1,P1__historical__version_3_1__htessel_lisflood__consolidated,cems-glofas-historical,version_3_1,htessel_lisflood,consolidated,2014-06-26,budget_exhausted,,budget,max attempts reached for combo,,
2026-02-16T01:27:45Z,scan_20260216T012745Z,historical,P1,P1__historical__version_3_1__htessel_lisflood__consolidated,cems-glofas-historical,version_3_1,htessel_lisflood,consolidated,2014-09-24,budget_exhausted,,budget,max attempts reached for combo,,
2026-02-16T01:27:45Z,scan_20260216T012745Z,historical,P1,P1__historical__version_3_1__htessel_lisflood__consolidated,cems-glofas-historical,version_3_1,htessel_lisflood,consolidated,2014-12-23,budget_exhausted,,budget,max attempts reached for combo,,
2026-02-16T01:27:45Z,scan_20260216T012745Z,historical,P1,P1__historical__version_3_1__htessel_lisflood__consolidated,cems-glofas-historical,version_3_1,htessel_lisflood,consolidated,2015-03-23,budget_exhausted,,budget,max attempts reached for combo,,
2026-02-16T01:27:45Z,scan_20260216T012745Z,historical,P1,P1__historical__version_3_1__htessel_lisflood__consolidated,cems-glofas-historical,version_3_1,htessel_lisflood,consolidated,2015-06-21,budget_exhausted,,budget,max attempts reached for combo,,
2026-02-16T01:27:45Z,scan_20260216T012745Z,historical,P1,P1__historical__version_3_1__htessel_lisflood__consolidated,cems-glofas-historical,version_3_1,htessel_lisflood,consolidated,2015-09-19,budget_exhausted,,budget,max attempts reached for combo,,
2026-02-16T01:27:45Z,scan_20260216T012745Z,historical,P1,P1__historical__version_3_1__htessel_lisflood__consolidated,cems-glofas-historical,version_3_1,htessel_lisflood,consolidated,2015-12-18,budget_exhausted,,budget,max attempts reached for combo,,
2026-02-16T01:27:45Z,scan_20260216T012745Z,historical,P1,P1__historical__version_3_1__htessel_lisflood__consolidated,cems-glofas-historical,version_3_1,htessel_lisflood,consolidated,2016-03-17,budget_exhausted,,budget,max attempts reached for combo,,
2026-02-16T01:27:45Z,scan_20260216T012745Z,historical,P1,P1__historical__version_3_1__htessel_lisflood__consolidated,cems-glofas-historical,version_3_1,htessel_lisflood,consolidated,2016-06-15,budget_exhausted,,budget,max attempts reached for combo,,
2026-02-16T01:27:45Z,scan_20260216T012745Z,historical,P1,P1__historical__version_3_1__htessel_lisflood__consolidated,cems-glofas-historical,version_3_1,htessel_lisflood,consolidated,2016-09-13,budget_exhausted,,budget,max attempts reached for combo,,
2026-02-16T01:27:45Z,scan_20260216T012745Z,historical,P1,P1__historical__version_3_1__htessel_lisflood__consolidated,cems-glofas-historical,version_3_1,htessel_lisflood,consolidated,2016-12-12,budget_exhausted,,budget,max attempts reached for combo,,
2026-02-16T01:27:45Z,scan_20260216T012745Z,historical,P1,P1__historical__version_3_1__htessel_lisflood__consolidated,cems-glofas-historical,version_3_1,htessel_lisflood,consolidated,2017-03-12,budget_exhausted,,budget,max attempts reached for combo,,
2026-02-16T01:27:45Z,scan_20260216T012745Z,historical,P1,P1__historical__version_3_1__htessel_lisflood__consolidated,cems-glofas-historical,version_3_1,htessel_lisflood,consolidated,2017-06-10,budget_exhausted,,budget,max attempts reached for combo,,
2026-02-16T01:27:45Z,scan_20260216T012745Z,historical,P1,P1__historical__version_3_1__htessel_lisflood__consolidated,cems-glofas-historical,version_3_1,htessel_lisflood,consolidated,2017-09-08,budget_exhausted,,budget,max attempts reached for combo,,
2026-02-16T01:27:45Z,scan_20260216T012745Z,historical,P1,P1__historical__version_3_1__htessel_lisflood__consolidated,cems-glofas-historical,version_3_1,htessel_lisflood,consolidated,2017-12-07,budget_exhausted,,budget,max attempts reached for combo,,
2026-02-16T01:27:45Z,scan_20260216T012745Z,historical,P1,P1__historical__version_3_1__htessel_lisflood__consolidated,cems-glofas-historical,version_3_1,htessel_lisflood,consolidated,2018-03-07,budget_exhausted,,budget,max attempts reached for combo,,
2026-02-16T01:27:45Z,scan_20260216T012745Z,historical,P1,P1__historical__version_3_1__htessel_lisflood__consolidated,cems-glofas-historical,version_3_1,htessel_lisflood,consolidated,2018-06-05,budget_exhausted,,budget,max attempts reached for combo,,
2026-02-16T01:27:45Z,scan_20260216T012745Z,historical,P1,P1__historical__version_3_1__htessel_lisflood__consolidated,cems-glofas-historical,version_3_1,htessel_lisflood,consolidated,2018-09-03,budget_exhausted,,budget,max attempts reached for combo,,
2026-02-16T01:27:45Z,scan_20260216T012745Z,historical,P1,P1__historical__version_3_1__htessel_lisflood__consolidated,cems-glofas-historical,version_3_1,htessel_lisflood,consolidated,2018-12-02,budget_exhausted,,budget,max attempts reached for combo,,
2026-02-16T01:27:45Z,scan_20260216T012745Z,historical,P1,P1__historical__version_3_1__htessel_lisflood__consolidated,cems-glofas-historical,version_3_1,htessel_lisflood,consolidated,2019-03-02,budget_exhausted,,budget,max attempts reached for combo,,
2026-02-16T01:27:45Z,scan_20260216T012745Z,historical,P1,P1__historical__version_3_1__htessel_lisflood__consolidated,cems-glofas-historical,version_3_1,htessel_lisflood,consolidated,2019-05-31,budget_exhausted,,budget,max attempts reached for combo,,
2026-02-16T01:27:45Z,scan_20260216T012745Z,historical,P1,P1__historical__version_3_1__htessel_lisflood__consolidated,cems-glofas-historical,version_3_1,htessel_lisflood,consolidated,2019-08-29,budget_exhausted,,budget,max attempts reached for combo,,
2026-02-16T01:27:45Z,scan_20260216T012745Z,historical,P1,P1__historical__version_3_1__htessel_lisflood__consolidated,cems-glofas-historical,version_3_1,htessel_lisflood,consolidated,2019-11-27,budget_exhausted,,budget,max attempts reached for combo,,
2026-02-16T01:27:45Z,scan_20260216T012745Z,historical,P1,P1__historical__version_3_1__htessel_lisflood__consolidated,cems-glofas-historical,version_3_1,htessel_lisflood,consolidated,2020-02-25,budget_exhausted,,budget,max attempts reached for combo,,
2026-02-16T01:27:45Z,scan_20260216T012745Z,historical,P1,P1__historical__version_3_1__htessel_lisflood__consolidated,cems-glofas-historical,version_3_1,htessel_lisflood,consolidated,2020-05-25,budget_exhausted,,budget,max attempts reached for combo,,
2026-02-16T01:27:45Z,scan_20260216T012745Z,historical,P1,P1__historical__version_3_1__htessel_lisflood__consolidated,cems-glofas-historical,version_3_1,htessel_lisflood,consolidated,2020-08-23,budget_exhausted,,budget,max attempts reached for combo,,
2026-02-16T01:27:45Z,scan_20260216T012745Z,historical,P1,P1__historical__version_3_1__htessel_lisflood__consolidated,cems-glofas-historical,version_3_1,htessel_lisflood,consolidated,2020-11-21,budget_exhausted,,budget,max attempts reached for combo,,
2026-02-16T01:27:45Z,scan_20260216T012745Z,historical,P1,P1__historical__version_3_1__htessel_lisflood__consolidated,cems-glofas-historical,version_3_1,htessel_lisflood,consolidated,2021-02-19,budget_exhausted,,budget,max attempts reached for combo,,
2026-02-16T01:27:45Z,scan_20260216T012745Z,historical,P1,P1__historical__version_3_1__htessel_lisflood__consolidated,cems-glofas-historical,version_3_1,htessel_lisflood,consolidated,2021-05-20,budget_exhausted,,budget,max attempts reached for combo,,
2026-02-16T01:27:45Z,scan_20260216T012745Z,historical,P1,P1__historical__version_3_1__htessel_lisflood__consolidated,cems-glofas-historical,version_3_1,htessel_lisflood,consolidated,2021-08-18,budget_exhausted,,budget,max attempts reached for combo,,
2026-02-16T01:27:45Z,scan_20260216T012745Z,historical,P1,P1__historical__version_3_1__htessel_lisflood__consolidated,cems-glofas-historical,version_3_1,htessel_lisflood,consolidated,2021-11-16,budget_exhausted,,budget,max attempts reached for combo,,
2026-02-16T01:27:45Z,scan_20260216T012745Z,historical,P1,P1__historical__version_3_1__htessel_lisflood__consolidated,cems-glofas-historical,version_3_1,htessel_lisflood,consolidated,2022-02-14,budget_exhausted,,budget,max attempts reached for combo,,
2026-02-16T01:27:45Z,scan_20260216T012745Z,historical,P1,P1__historical__version_3_1__htessel_lisflood__consolidated,cems-glofas-historical,version_3_1,htessel_lisflood,consolidated,2022-05-15,budget_exhausted,,budget,max attempts reached for combo,,
2026-02-16T01:27:45Z,scan_20260216T012745Z,historical,P1,P1__historical__version_3_1__htessel_lisflood__consolidated,cems-glofas-historical,version_3_1,htessel_lisflood,consolidated,2022-08-13,budget_exhausted,,budget,max attempts reached for combo,,
2026-02-16T01:27:45Z,scan_20260216T012745Z,historical,P1,P1__historical__version_3_1__htessel_lisflood__consolidated,cems-glofas-historical,version_3_1,htessel_lisflood,consolidated,2022-11-11,budget_exhausted,,budget,max attempts reached for combo,,
2026-02-16T01:27:45Z,scan_20260216T012745Z,historical,P1,P1__historical__version_3_1__htessel_lisflood__consolidated,cems-glofas-historical,version_3_1,htessel_lisflood,consolidated,2023-02-09,budget_exhausted,,budget,max attempts reached for combo,,
2026-02-16T01:27:45Z,scan_20260216T012745Z,historical,P1,P1__historical__version_3_1__htessel_lisflood__consolidated,cems-glofas-historical,version_3_1,htessel_lisflood,consolidated,2023-05-10,budget_exhausted,,budget,max attempts reached for combo,,
2026-02-16T01:27:45Z,scan_20260216T012745Z,historical,P1,P1__historical__version_3_1__htessel_lisflood__consolidated,cems-glofas-historical,version_3_1,htessel_lisflood,consolidated,2023-08-08,budget_exhausted,,budget,max attempts reached for combo,,
2026-02-16T01:27:45Z,scan_20260216T012745Z,historical,P1,P1__historical__version_3_1__htessel_lisflood__consolidated,cems-glofas-historical,version_3_1,htessel_lisflood,consolidated,2023-11-06,budget_exhausted,,budget,max attempts reached for combo,,
2026-02-16T01:27:45Z,scan_20260216T012745Z,historical,P1,P1__historical__version_3_1__htessel_lisflood__consolidated,cems-glofas-historical,version_3_1,htessel_lisflood,consolidated,2024-02-04,budget_exhausted,,budget,max attempts reached for combo,,
2026-02-16T01:27:45Z,scan_20260216T012745Z,historical,P1,P1__historical__version_3_1__htessel_lisflood__consolidated,cems-glofas-historical,version_3_1,htessel_lisflood,consolidated,2024-05-04,budget_exhausted,,budget,max attempts reached for combo,,
2026-02-16T01:27:45Z,scan_20260216T012745Z,historical,P1,P1__historical__version_3_1__htessel_lisflood__consolidated,cems-glofas-historical,version_3_1,htessel_lisflood,consolidated,2024-08-02,budget_exhausted,,budget,max attempts reached for combo,,
2026-02-16T01:27:45Z,scan_20260216T012745Z,historical,P1,P1__historical__version_3_1__htessel_lisflood__consolidated,cems-glofas-historical,version_3_1,htessel_lisflood,consolidated,2024-10-31,budget_exhausted,,budget,max attempts reached for combo,,
2026-02-16T01:27:45Z,scan_20260216T012745Z,historical,P1,P1__historical__version_3_1__htessel_lisflood__consolidated,cems-glofas-historical,version_3_1,htessel_lisflood,consolidated,2025-01-29,budget_exhausted,,budget,max attempts reached for combo,,
2026-02-16T01:27:45Z,scan_20260216T012745Z,historical,P1,P1__historical__version_3_1__htessel_lisflood__consolidated,cems-glofas-historical,version_3_1,htessel_lisflood,consolidated,2025-04-29,budget_exhausted,,budget,max attempts reached for combo,,
2026-02-16T01:27:45Z,scan_20260216T012745Z,historical,P1,P1__historical__version_3_1__htessel_lisflood__consolidated,cems-glofas-historical,version_3_1,htessel_lisflood,consolidated,2025-07-28,budget_exhausted,,budget,max attempts reached for combo,,
2026-02-16T01:27:45Z,scan_20260216T012745Z,historical,P1,P1__historical__version_3_1__htessel_lisflood__consolidated,cems-glofas-historical,version_3_1,htessel_lisflood,consolidated,2025-10-26,budget_exhausted,,budget,max attempts reached for combo,,
2026-02-16T01:27:45Z,scan_20260216T012745Z,historical,P1,P1__historical__version_3_1__htessel_lisflood__consolidated,cems-glofas-historical,version_3_1,htessel_lisflood,consolidated,2026-01-24,budget_exhausted,,budget,max attempts reached for combo,,
2026-02-16T01:27:46Z,scan_20260216T012745Z,historical,P1,P1__historical__version_3_1__lisflood__consolidated,cems-glofas-historical,version_3_1,lisflood,consolidated,2021-06-15,dry_run,,dry_run,probe not executed in dry-run mode,repro/glofas_coverage_scan_runs/scan_20260216T012745Z/downloads/historical/P1__historical__version_3_1__lisflood__consolidated/2021-06-15.zip,"{""area"": [37.2443931, -122.272464, 36.8443931, -121.872464], ""data_format"": ""grib2"", ""download_format"": ""zip"", ""hday"": [""15""], ""hmonth"": [""06""], ""hydrological_model"": [""lisflood""], ""hyear"": [""2021""], ""product_type"": [""consolidated""], ""system_version"": [""version_3_1""], ""variable"": [""river_discharge_in_the_last_24_hours""]}"
2026-02-16T01:27:46Z,scan_20260216T012745Z,historical,P1,P1__historical__version_3_1__lisflood__consolidated,cems-glofas-historical,version_3_1,lisflood,consolidated,2021-05-26,dry_run,,dry_run,probe not executed in dry-run mode,repro/glofas_coverage_scan_runs/scan_20260216T012745Z/downloads/historical/P1__historical__version_3_1__lisflood__consolidated/2021-05-26.zip,"{""area"": [37.2443931, -122.272464, 36.8443931, -121.872464], ""data_format"": ""grib2"", ""download_format"": ""zip"", ""hday"": [""26""], ""hmonth"": [""05""], ""hydrological_model"": [""lisflood""], ""hyear"": [""2021""], ""product_type"": [""consolidated""], ""system_version"": [""version_3_1""], ""variable"": [""river_discharge_in_the_last_24_hours""]}"
2026-02-16T01:27:46Z,scan_20260216T012745Z,historical,P1,P1__historical__version_3_1__lisflood__consolidated,cems-glofas-historical,version_3_1,lisflood,consolidated,1979-01-01,dry_run,,dry_run,probe not executed in dry-run mode,repro/glofas_coverage_scan_runs/scan_20260216T012745Z/downloads/historical/P1__historical__version_3_1__lisflood__consolidated/1979-01-01.zip,"{""area"": [37.2443931, -122.272464, 36.8443931, -121.872464], ""data_format"": ""grib2"", ""download_format"": ""zip"", ""hday"": [""01""], ""hmonth"": [""01""], ""hydrological_model"": [""lisflood""], ""hyear"": [""1979""], ""product_type"": [""consolidated""], ""system_version"": [""version_3_1""], ""variable"": [""river_discharge_in_the_last_24_hours""]}"
2026-02-16T01:27:46Z,scan_20260216T012745Z,historical,P1,P1__historical__version_3_1__lisflood__consolidated,cems-glofas-historical,version_3_1,lisflood,consolidated,2026-02-15,dry_run,,dry_run,probe not executed in dry-run mode,repro/glofas_coverage_scan_runs/scan_20260216T012745Z/downloads/historical/P1__historical__version_3_1__lisflood__consolidated/2026-02-15.zip,"{""area"": [37.2443931, -122.272464, 36.8443931, -121.872464], ""data_format"": ""grib2"", ""download_format"": ""zip"", ""hday"": [""15""], ""hmonth"": [""02""], ""hydrological_model"": [""lisflood""], ""hyear"": [""2026""], ""product_type"": [""consolidated""], ""system_version"": [""version_3_1""], ""variable"": [""river_discharge_in_the_last_24_hours""]}"
2026-02-16T01:27:46Z,scan_20260216T012745Z,historical,P1,P1__historical__version_3_1__lisflood__consolidated,cems-glofas-historical,version_3_1,lisflood,consolidated,2002-07-25,dry_run,,dry_run,probe not executed in dry-run mode,repro/glofas_coverage_scan_runs/scan_20260216T012745Z/downloads/historical/P1__historical__version_3_1__lisflood__consolidated/2002-07-25.zip,"{""area"": [37.2443931, -122.272464, 36.8443931, -121.872464], ""data_format"": ""grib2"", ""download_format"": ""zip"", ""hday"": [""25""], ""hmonth"": [""07""], ""hydrological_model"": [""lisflood""], ""hyear"": [""2002""], ""product_type"": [""consolidated""], ""system_version"": [""version_3_1""], ""variable"": [""river_discharge_in_the_last_24_hours""]}"
2026-02-16T01:27:46Z,scan_20260216T012745Z,historical,P1,P1__historical__version_3_1__lisflood__consolidated,cems-glofas-historical,version_3_1,lisflood,consolidated,1979-04-01,dry_run,,dry_run,probe not executed in dry-run mode,repro/glofas_coverage_scan_runs/scan_20260216T012745Z/downloads/historical/P1__historical__version_3_1__lisflood__consolidated/1979-04-01.zip,"{""area"": [37.2443931, -122.272464, 36.8443931, -121.872464], ""data_format"": ""grib2"", ""download_format"": ""zip"", ""hday"": [""01""], ""hmonth"": [""04""], ""hydrological_model"": [""lisflood""], ""hyear"": [""1979""], ""product_type"": [""consolidated""], ""system_version"": [""version_3_1""], ""variable"": [""river_discharge_in_the_last_24_hours""]}"
2026-02-16T01:27:46Z,scan_20260216T012745Z,historical,P1,P1__historical__version_3_1__lisflood__consolidated,cems-glofas-historical,version_3_1,lisflood,consolidated,1979-06-30,budget_exhausted,,budget,max attempts reached for combo,,
2026-02-16T01:27:46Z,scan_20260216T012745Z,historical,P1,P1__historical__version_3_1__lisflood__consolidated,cems-glofas-historical,version_3_1,lisflood,consolidated,1979-09-28,budget_exhausted,,budget,max attempts reached for combo,,
2026-02-16T01:27:46Z,scan_20260216T012745Z,historical,P1,P1__historical__version_3_1__lisflood__consolidated,cems-glofas-historical,version_3_1,lisflood,consolidated,1979-12-27,budget_exhausted,,budget,max attempts reached for combo,,
2026-02-16T01:27:46Z,scan_20260216T012745Z,historical,P1,P1__historical__version_3_1__lisflood__consolidated,cems-glofas-historical,version_3_1,lisflood,consolidated,1980-03-26,budget_exhausted,,budget,max attempts reached for combo,,
2026-02-16T01:27:46Z,scan_20260216T012745Z,historical,P1,P1__historical__version_3_1__lisflood__consolidated,cems-glofas-historical,version_3_1,lisflood,consolidated,1980-06-24,budget_exhausted,,budget,max attempts reached for combo,,
2026-02-16T01:27:46Z,scan_20260216T012745Z,historical,P1,P1__historical__version_3_1__lisflood__consolidated,cems-glofas-historical,version_3_1,lisflood,consolidated,1980-09-22,budget_exhausted,,budget,max attempts reached for combo,,
2026-02-16T01:27:46Z,scan_20260216T012745Z,historical,P1,P1__historical__version_3_1__lisflood__consolidated,cems-glofas-historical,version_3_1,lisflood,consolidated,1980-12-21,budget_exhausted,,budget,max attempts reached for combo,,
2026-02-16T01:27:46Z,scan_20260216T012745Z,historical,P1,P1__historical__version_3_1__lisflood__consolidated,cems-glofas-historical,version_3_1,lisflood,consolidated,1981-03-21,budget_exhausted,,budget,max attempts reached for combo,,
2026-02-16T01:27:46Z,scan_20260216T012745Z,historical,P1,P1__historical__version_3_1__lisflood__consolidated,cems-glofas-historical,version_3_1,lisflood,consolidated,1981-06-19,budget_exhausted,,budget,max attempts reached for combo,,
2026-02-16T01:27:46Z,scan_20260216T012745Z,historical,P1,P1__historical__version_3_1__lisflood__consolidated,cems-glofas-historical,version_3_1,lisflood,consolidated,1981-09-17,budget_exhausted,,budget,max attempts reached for combo,,
2026-02-16T01:27:46Z,scan_20260216T012745Z,historical,P1,P1__historical__version_3_1__lisflood__consolidated,cems-glofas-historical,version_3_1,lisflood,consolidated,1981-12-16,budget_exhausted,,budget,max attempts reached for combo,,
2026-02-16T01:27:46Z,scan_20260216T012745Z,historical,P1,P1__historical__version_3_1__lisflood__consolidated,cems-glofas-historical,version_3_1,lisflood,consolidated,1982-03-16,budget_exhausted,,budget,max attempts reached for combo,,
2026-02-16T01:27:46Z,scan_20260216T012745Z,historical,P1,P1__historical__version_3_1__lisflood__consolidated,cems-glofas-historical,version_3_1,lisflood,consolidated,1982-06-14,budget_exhausted,,budget,max attempts reached for combo,,
2026-02-16T01:27:46Z,scan_20260216T012745Z,historical,P1,P1__historical__version_3_1__lisflood__consolidated,cems-glofas-historical,version_3_1,lisflood,consolidated,1982-09-12,budget_exhausted,,budget,max attempts reached for combo,,
2026-02-16T01:27:46Z,scan_20260216T012745Z,historical,P1,P1__historical__version_3_1__lisflood__consolidated,cems-glofas-historical,version_3_1,lisflood,consolidated,1982-12-11,budget_exhausted,,budget,max attempts reached for combo,,
2026-02-16T01:27:46Z,scan_20260216T012745Z,historical,P1,P1__historical__version_3_1__lisflood__consolidated,cems-glofas-historical,version_3_1,lisflood,consolidated,1983-03-11,budget_exhausted,,budget,max attempts reached for combo,,
2026-02-16T01:27:46Z,scan_20260216T012745Z,historical,P1,P1__historical__version_3_1__lisflood__consolidated,cems-glofas-historical,version_3_1,lisflood,consolidated,1983-06-09,budget_exhausted,,budget,max attempts reached for combo,,
2026-02-16T01:27:46Z,scan_20260216T012745Z,historical,P1,P1__historical__version_3_1__lisflood__consolidated,cems-glofas-historical,version_3_1,lisflood,consolidated,1983-09-07,budget_exhausted,,budget,max attempts reached for combo,,
2026-02-16T01:27:46Z,scan_20260216T012745Z,historical,P1,P1__historical__version_3_1__lisflood__consolidated,cems-glofas-historical,version_3_1,lisflood,consolidated,1983-12-06,budget_exhausted,,budget,max attempts reached for combo,,
2026-02-16T01:27:46Z,scan_20260216T012745Z,historical,P1,P1__historical__version_3_1__lisflood__consolidated,cems-glofas-historical,version_3_1,lisflood,consolidated,1984-03-05,budget_exhausted,,budget,max attempts reached for combo,,
2026-02-16T01:27:46Z,scan_20260216T012745Z,historical,P1,P1__historical__version_3_1__lisflood__consolidated,cems-glofas-historical,version_3_1,lisflood,consolidated,1984-06-03,budget_exhausted,,budget,max attempts reached for combo,,
2026-02-16T01:27:46Z,scan_20260216T012745Z,historical,P1,P1__historical__version_3_1__lisflood__consolidated,cems-glofas-historical,version_3_1,lisflood,consolidated,1984-09-01,budget_exhausted,,budget,max attempts reached for combo,,
2026-02-16T01:27:46Z,scan_20260216T012745Z,historical,P1,P1__historical__version_3_1__lisflood__consolidated,cems-glofas-historical,version_3_1,lisflood,consolidated,1984-11-30,budget_exhausted,,budget,max attempts reached for combo,,
2026-02-16T01:27:46Z,scan_20260216T012745Z,historical,P1,P1__historical__version_3_1__lisflood__consolidated,cems-glofas-historical,version_3_1,lisflood,consolidated,1985-02-28,budget_exhausted,,budget,max attempts reached for combo,,
2026-02-16T01:27:46Z,scan_20260216T012745Z,historical,P1,P1__historical__version_3_1__lisflood__consolidated,cems-glofas-historical,version_3_1,lisflood,consolidated,1985-05-29,budget_exhausted,,budget,max attempts reached for combo,,
2026-02-16T01:27:46Z,scan_20260216T012745Z,historical,P1,P1__historical__version_3_1__lisflood__consolidated,cems-glofas-historical,version_3_1,lisflood,consolidated,1985-08-27,budget_exhausted,,budget,max attempts reached for combo,,
2026-02-16T01:27:46Z,scan_20260216T012745Z,historical,P1,P1__historical__version_3_1__lisflood__consolidated,cems-glofas-historical,version_3_1,lisflood,consolidated,1985-11-25,budget_exhausted,,budget,max attempts reached for combo,,
2026-02-16T01:27:46Z,scan_20260216T012745Z,historical,P1,P1__historical__version_3_1__lisflood__consolidated,cems-glofas-historical,version_3_1,lisflood,consolidated,1986-02-23,budget_exhausted,,budget,max attempts reached for combo,,
2026-02-16T01:27:46Z,scan_20260216T012745Z,historical,P1,P1__historical__version_3_1__lisflood__consolidated,cems-glofas-historical,version_3_1,lisflood,consolidated,1986-05-24,budget_exhausted,,budget,max attempts reached for combo,,
2026-02-16T01:27:46Z,scan_20260216T012745Z,historical,P1,P1__historical__version_3_1__lisflood__consolidated,cems-glofas-historical,version_3_1,lisflood,consolidated,1986-08-22,budget_exhausted,,budget,max attempts reached for combo,,
2026-02-16T01:27:46Z,scan_20260216T012745Z,historical,P1,P1__historical__version_3_1__lisflood__consolidated,cems-glofas-historical,version_3_1,lisflood,consolidated,1986-11-20,budget_exhausted,,budget,max attempts reached for combo,,
2026-02-16T01:27:46Z,scan_20260216T012745Z,historical,P1,P1__historical__version_3_1__lisflood__consolidated,cems-glofas-historical,version_3_1,lisflood,consolidated,1987-02-18,budget_exhausted,,budget,max attempts reached for combo,,
2026-02-16T01:27:46Z,scan_20260216T012745Z,historical,P1,P1__historical__version_3_1__lisflood__consolidated,cems-glofas-historical,version_3_1,lisflood,consolidated,1987-05-19,budget_exhausted,,budget,max attempts reached for combo,,
2026-02-16T01:27:46Z,scan_20260216T012745Z,historical,P1,P1__historical__version_3_1__lisflood__consolidated,cems-glofas-historical,version_3_1,lisflood,consolidated,1987-08-17,budget_exhausted,,budget,max attempts reached for combo,,
2026-02-16T01:27:46Z,scan_20260216T012745Z,historical,P1,P1__historical__version_3_1__lisflood__consolidated,cems-glofas-historical,version_3_1,lisflood,consolidated,1987-11-15,budget_exhausted,,budget,max attempts reached for combo,,
2026-02-16T01:27:46Z,scan_20260216T012745Z,historical,P1,P1__historical__version_3_1__lisflood__consolidated,cems-glofas-historical,version_3_1,lisflood,consolidated,1988-02-13,budget_exhausted,,budget,max attempts reached for combo,,
2026-02-16T01:27:46Z,scan_20260216T012745Z,historical,P1,P1__historical__version_3_1__lisflood__consolidated,cems-glofas-historical,version_3_1,lisflood,consolidated,1988-05-13,budget_exhausted,,budget,max attempts reached for combo,,
2026-02-16T01:27:46Z,scan_20260216T012745Z,historical,P1,P1__historical__version_3_1__lisflood__consolidated,cems-glofas-historical,version_3_1,lisflood,consolidated,1988-08-11,budget_exhausted,,budget,max attempts reached for combo,,
2026-02-16T01:27:46Z,scan_20260216T012745Z,historical,P1,P1__historical__version_3_1__lisflood__consolidated,cems-glofas-historical,version_3_1,lisflood,consolidated,1988-11-09,budget_exhausted,,budget,max attempts reached for combo,,
2026-02-16T01:27:46Z,scan_20260216T012745Z,historical,P1,P1__historical__version_3_1__lisflood__consolidated,cems-glofas-historical,version_3_1,lisflood,consolidated,1989-02-07,budget_exhausted,,budget,max attempts reached for combo,,
2026-02-16T01:27:46Z,scan_20260216T012745Z,historical,P1,P1__historical__version_3_1__lisflood__consolidated,cems-glofas-historical,version_3_1,lisflood,consolidated,1989-05-08,budget_exhausted,,budget,max attempts reached for combo,,
2026-02-16T01:27:46Z,scan_20260216T012745Z,historical,P1,P1__historical__version_3_1__lisflood__consolidated,cems-glofas-historical,version_3_1,lisflood,consolidated,1989-08-06,budget_exhausted,,budget,max attempts reached for combo,,
2026-02-16T01:27:46Z,scan_20260216T012745Z,historical,P1,P1__historical__version_3_1__lisflood__consolidated,cems-glofas-historical,version_3_1,lisflood,consolidated,1989-11-04,budget_exhausted,,budget,max attempts reached for combo,,
2026-02-16T01:27:46Z,scan_20260216T012745Z,historical,P1,P1__historical__version_3_1__lisflood__consolidated,cems-glofas-historical,version_3_1,lisflood,consolidated,1990-02-02,budget_exhausted,,budget,max attempts reached for combo,,
2026-02-16T01:27:46Z,scan_20260216T012745Z,historical,P1,P1__historical__version_3_1__lisflood__consolidated,cems-glofas-historical,version_3_1,lisflood,consolidated,1990-05-03,budget_exhausted,,budget,max attempts reached for combo,,
2026-02-16T01:27:46Z,scan_20260216T012745Z,historical,P1,P1__historical__version_3_1__lisflood__consolidated,cems-glofas-historical,version_3_1,lisflood,consolidated,1990-08-01,budget_exhausted,,budget,max attempts reached for combo,,
2026-02-16T01:27:46Z,scan_20260216T012745Z,historical,P1,P1__historical__version_3_1__lisflood__consolidated,cems-glofas-historical,version_3_1,lisflood,consolidated,1990-10-30,budget_exhausted,,budget,max attempts reached for combo,,
2026-02-16T01:27:46Z,scan_20260216T012745Z,historical,P1,P1__historical__version_3_1__lisflood__consolidated,cems-glofas-historical,version_3_1,lisflood,consolidated,1991-01-28,budget_exhausted,,budget,max attempts reached for combo,,
2026-02-16T01:27:46Z,scan_20260216T012745Z,historical,P1,P1__historical__version_3_1__lisflood__consolidated,cems-glofas-historical,version_3_1,lisflood,consolidated,1991-04-28,budget_exhausted,,budget,max attempts reached for combo,,
2026-02-16T01:27:46Z,scan_20260216T012745Z,historical,P1,P1__historical__version_3_1__lisflood__consolidated,cems-glofas-historical,version_3_1,lisflood,consolidated,1991-07-27,budget_exhausted,,budget,max attempts reached for combo,,
2026-02-16T01:27:46Z,scan_20260216T012745Z,historical,P1,P1__historical__version_3_1__lisflood__consolidated,cems-glofas-historical,version_3_1,lisflood,consolidated,1991-10-25,budget_exhausted,,budget,max attempts reached for combo,,
2026-02-16T01:27:46Z,scan_20260216T012745Z,historical,P1,P1__historical__version_3_1__lisflood__consolidated,cems-glofas-historical,version_3_1,lisflood,consolidated,1992-01-23,budget_exhausted,,budget,max attempts reached for combo,,
2026-02-16T01:27:46Z,scan_20260216T012745Z,historical,P1,P1__historical__version_3_1__lisflood__consolidated,cems-glofas-historical,version_3_1,lisflood,consolidated,1992-04-22,budget_exhausted,,budget,max attempts reached for combo,,
2026-02-16T01:27:46Z,scan_20260216T012745Z,historical,P1,P1__historical__version_3_1__lisflood__consolidated,cems-glofas-historical,version_3_1,lisflood,consolidated,1992-07-21,budget_exhausted,,budget,max attempts reached for combo,,
2026-02-16T01:27:46Z,scan_20260216T012745Z,historical,P1,P1__historical__version_3_1__lisflood__consolidated,cems-glofas-historical,version_3_1,lisflood,consolidated,1992-10-19,budget_exhausted,,budget,max attempts reached for combo,,
2026-02-16T01:27:46Z,scan_20260216T012745Z,historical,P1,P1__historical__version_3_1__lisflood__consolidated,cems-glofas-historical,version_3_1,lisflood,consolidated,1993-01-17,budget_exhausted,,budget,max attempts reached for combo,,
2026-02-16T01:27:46Z,scan_20260216T012745Z,historical,P1,P1__historical__version_3_1__lisflood__consolidated,cems-glofas-historical,version_3_1,lisflood,consolidated,1993-04-17,budget_exhausted,,budget,max attempts reached for combo,,
2026-02-16T01:27:46Z,scan_20260216T012745Z,historical,P1,P1__historical__version_3_1__lisflood__consolidated,cems-glofas-historical,version_3_1,lisflood,consolidated,1993-07-16,budget_exhausted,,budget,max attempts reached for combo,,
2026-02-16T01:27:46Z,scan_20260216T012745Z,historical,P1,P1__historical__version_3_1__lisflood__consolidated,cems-glofas-historical,version_3_1,lisflood,consolidated,1993-10-14,budget_exhausted,,budget,max attempts reached for combo,,
2026-02-16T01:27:46Z,scan_20260216T012745Z,historical,P1,P1__historical__version_3_1__lisflood__consolidated,cems-glofas-historical,version_3_1,lisflood,consolidated,1994-01-12,budget_exhausted,,budget,max attempts reached for combo,,
2026-02-16T01:27:46Z,scan_20260216T012745Z,historical,P1,P1__historical__version_3_1__lisflood__consolidated,cems-glofas-historical,version_3_1,lisflood,consolidated,1994-04-12,budget_exhausted,,budget,max attempts reached for combo,,
2026-02-16T01:27:46Z,scan_20260216T012745Z,historical,P1,P1__historical__version_3_1__lisflood__consolidated,cems-glofas-historical,version_3_1,lisflood,consolidated,1994-07-11,budget_exhausted,,budget,max attempts reached for combo,,
2026-02-16T01:27:46Z,scan_20260216T012745Z,historical,P1,P1__historical__version_3_1__lisflood__consolidated,cems-glofas-historical,version_3_1,lisflood,consolidated,1994-10-09,budget_exhausted,,budget,max attempts reached for combo,,
2026-02-16T01:27:46Z,scan_20260216T012745Z,historical,P1,P1__historical__version_3_1__lisflood__consolidated,cems-glofas-historical,version_3_1,lisflood,consolidated,1995-01-07,budget_exhausted,,budget,max attempts reached for combo,,
2026-02-16T01:27:46Z,scan_20260216T012745Z,historical,P1,P1__historical__version_3_1__lisflood__consolidated,cems-glofas-historical,version_3_1,lisflood,consolidated,1995-04-07,budget_exhausted,,budget,max attempts reached for combo,,
2026-02-16T01:27:46Z,scan_20260216T012745Z,historical,P1,P1__historical__version_3_1__lisflood__consolidated,cems-glofas-historical,version_3_1,lisflood,consolidated,1995-07-06,budget_exhausted,,budget,max attempts reached for combo,,
2026-02-16T01:27:46Z,scan_20260216T012745Z,historical,P1,P1__historical__version_3_1__lisflood__consolidated,cems-glofas-historical,version_3_1,lisflood,consolidated,1995-10-04,budget_exhausted,,budget,max attempts reached for combo,,
2026-02-16T01:27:46Z,scan_20260216T012745Z,historical,P1,P1__historical__version_3_1__lisflood__consolidated,cems-glofas-historical,version_3_1,lisflood,consolidated,1996-01-02,budget_exhausted,,budget,max attempts reached for combo,,
2026-02-16T01:27:46Z,scan_20260216T012745Z,historical,P1,P1__historical__version_3_1__lisflood__consolidated,cems-glofas-historical,version_3_1,lisflood,consolidated,1996-04-01,budget_exhausted,,budget,max attempts reached for combo,,
2026-02-16T01:27:46Z,scan_20260216T012745Z,historical,P1,P1__historical__version_3_1__lisflood__consolidated,cems-glofas-historical,version_3_1,lisflood,consolidated,1996-06-30,budget_exhausted,,budget,max attempts reached for combo,,
2026-02-16T01:27:46Z,scan_20260216T012745Z,historical,P1,P1__historical__version_3_1__lisflood__consolidated,cems-glofas-historical,version_3_1,lisflood,consolidated,1996-09-28,budget_exhausted,,budget,max attempts reached for combo,,
2026-02-16T01:27:46Z,scan_20260216T012745Z,historical,P1,P1__historical__version_3_1__lisflood__consolidated,cems-glofas-historical,version_3_1,lisflood,consolidated,1996-12-27,budget_exhausted,,budget,max attempts reached for combo,,
2026-02-16T01:27:46Z,scan_20260216T012745Z,historical,P1,P1__historical__version_3_1__lisflood__consolidated,cems-glofas-historical,version_3_1,lisflood,consolidated,1997-03-27,budget_exhausted,,budget,max attempts reached for combo,,
2026-02-16T01:27:46Z,scan_20260216T012745Z,historical,P1,P1__historical__version_3_1__lisflood__consolidated,cems-glofas-historical,version_3_1,lisflood,consolidated,1997-06-25,budget_exhausted,,budget,max attempts reached for combo,,
2026-02-16T01:27:46Z,scan_20260216T012745Z,historical,P1,P1__historical__version_3_1__lisflood__consolidated,cems-glofas-historical,version_3_1,lisflood,consolidated,1997-09-23,budget_exhausted,,budget,max attempts reached for combo,,
2026-02-16T01:27:46Z,scan_20260216T012745Z,historical,P1,P1__historical__version_3_1__lisflood__consolidated,cems-glofas-historical,version_3_1,lisflood,consolidated,1997-12-22,budget_exhausted,,budget,max attempts reached for combo,,
2026-02-16T01:27:46Z,scan_20260216T012745Z,historical,P1,P1__historical__version_3_1__lisflood__consolidated,cems-glofas-historical,version_3_1,lisflood,consolidated,1998-03-22,budget_exhausted,,budget,max attempts reached for combo,,
2026-02-16T01:27:46Z,scan_20260216T012745Z,historical,P1,P1__historical__version_3_1__lisflood__consolidated,cems-glofas-historical,version_3_1,lisflood,consolidated,1998-06-20,budget_exhausted,,budget,max attempts reached for combo,,
2026-02-16T01:27:46Z,scan_20260216T012745Z,historical,P1,P1__historical__version_3_1__lisflood__consolidated,cems-glofas-historical,version_3_1,lisflood,consolidated,1998-09-18,budget_exhausted,,budget,max attempts reached for combo,,
2026-02-16T01:27:46Z,scan_20260216T012745Z,historical,P1,P1__historical__version_3_1__lisflood__consolidated,cems-glofas-historical,version_3_1,lisflood,consolidated,1998-12-17,budget_exhausted,,budget,max attempts reached for combo,,
2026-02-16T01:27:46Z,scan_20260216T012745Z,historical,P1,P1__historical__version_3_1__lisflood__consolidated,cems-glofas-historical,version_3_1,lisflood,consolidated,1999-03-17,budget_exhausted,,budget,max attempts reached for combo,,
2026-02-16T01:27:46Z,scan_20260216T012745Z,historical,P1,P1__historical__version_3_1__lisflood__consolidated,cems-glofas-historical,version_3_1,lisflood,consolidated,1999-06-15,budget_exhausted,,budget,max attempts reached for combo,,
2026-02-16T01:27:46Z,scan_20260216T012745Z,historical,P1,P1__historical__version_3_1__lisflood__consolidated,cems-glofas-historical,version_3_1,lisflood,consolidated,1999-09-13,budget_exhausted,,budget,max attempts reached for combo,,
2026-02-16T01:27:46Z,scan_20260216T012745Z,historical,P1,P1__historical__version_3_1__lisflood__consolidated,cems-glofas-historical,version_3_1,lisflood,consolidated,1999-12-12,budget_exhausted,,budget,max attempts reached for combo,,
2026-02-16T01:27:46Z,scan_20260216T012745Z,historical,P1,P1__historical__version_3_1__lisflood__consolidated,cems-glofas-historical,version_3_1,lisflood,consolidated,2000-03-11,budget_exhausted,,budget,max attempts reached for combo,,
2026-02-16T01:27:46Z,scan_20260216T012745Z,historical,P1,P1__historical__version_3_1__lisflood__consolidated,cems-glofas-historical,version_3_1,lisflood,consolidated,2000-06-09,budget_exhausted,,budget,max attempts reached for combo,,
2026-02-16T01:27:46Z,scan_20260216T012745Z,historical,P1,P1__historical__version_3_1__lisflood__consolidated,cems-glofas-historical,version_3_1,lisflood,consolidated,2000-09-07,budget_exhausted,,budget,max attempts reached for combo,,
2026-02-16T01:27:46Z,scan_20260216T012745Z,historical,P1,P1__historical__version_3_1__lisflood__consolidated,cems-glofas-historical,version_3_1,lisflood,consolidated,2000-12-06,budget_exhausted,,budget,max attempts reached for combo,,
2026-02-16T01:27:46Z,scan_20260216T012745Z,historical,P1,P1__historical__version_3_1__lisflood__consolidated,cems-glofas-historical,version_3_1,lisflood,consolidated,2001-03-06,budget_exhausted,,budget,max attempts reached for combo,,
2026-02-16T01:27:46Z,scan_20260216T012745Z,historical,P1,P1__historical__version_3_1__lisflood__consolidated,cems-glofas-historical,version_3_1,lisflood,consolidated,2001-06-04,budget_exhausted,,budget,max attempts reached for combo,,
2026-02-16T01:27:46Z,scan_20260216T012745Z,historical,P1,P1__historical__version_3_1__lisflood__consolidated,cems-glofas-historical,version_3_1,lisflood,consolidated,2001-09-02,budget_exhausted,,budget,max attempts reached for combo,,
2026-02-16T01:27:46Z,scan_20260216T012745Z,historical,P1,P1__historical__version_3_1__lisflood__consolidated,cems-glofas-historical,version_3_1,lisflood,consolidated,2001-12-01,budget_exhausted,,budget,max attempts reached for combo,,
2026-02-16T01:27:46Z,scan_20260216T012745Z,historical,P1,P1__historical__version_3_1__lisflood__consolidated,cems-glofas-historical,version_3_1,lisflood,consolidated,2002-03-01,budget_exhausted,,budget,max attempts reached for combo,,
2026-02-16T01:27:46Z,scan_20260216T012745Z,historical,P1,P1__historical__version_3_1__lisflood__consolidated,cems-glofas-historical,version_3_1,lisflood,consolidated,2002-05-30,budget_exhausted,,budget,max attempts reached for combo,,
2026-02-16T01:27:46Z,scan_20260216T012745Z,historical,P1,P1__historical__version_3_1__lisflood__consolidated,cems-glofas-historical,version_3_1,lisflood,consolidated,2002-08-28,budget_exhausted,,budget,max attempts reached for combo,,
2026-02-16T01:27:46Z,scan_20260216T012745Z,historical,P1,P1__historical__version_3_1__lisflood__consolidated,cems-glofas-historical,version_3_1,lisflood,consolidated,2002-11-26,budget_exhausted,,budget,max attempts reached for combo,,
2026-02-16T01:27:46Z,scan_20260216T012745Z,historical,P1,P1__historical__version_3_1__lisflood__consolidated,cems-glofas-historical,version_3_1,lisflood,consolidated,2003-02-24,budget_exhausted,,budget,max attempts reached for combo,,
2026-02-16T01:27:46Z,scan_20260216T012745Z,historical,P1,P1__historical__version_3_1__lisflood__consolidated,cems-glofas-historical,version_3_1,lisflood,consolidated,2003-05-25,budget_exhausted,,budget,max attempts reached for combo,,
2026-02-16T01:27:46Z,scan_20260216T012745Z,historical,P1,P1__historical__version_3_1__lisflood__consolidated,cems-glofas-historical,version_3_1,lisflood,consolidated,2003-08-23,budget_exhausted,,budget,max attempts reached for combo,,
2026-02-16T01:27:46Z,scan_20260216T012745Z,historical,P1,P1__historical__version_3_1__lisflood__consolidated,cems-glofas-historical,version_3_1,lisflood,consolidated,2003-11-21,budget_exhausted,,budget,max attempts reached for combo,,
2026-02-16T01:27:46Z,scan_20260216T012745Z,historical,P1,P1__historical__version_3_1__lisflood__consolidated,cems-glofas-historical,version_3_1,lisflood,consolidated,2004-02-19,budget_exhausted,,budget,max attempts reached for combo,,
2026-02-16T01:27:46Z,scan_20260216T012745Z,historical,P1,P1__historical__version_3_1__lisflood__consolidated,cems-glofas-historical,version_3_1,lisflood,consolidated,2004-05-19,budget_exhausted,,budget,max attempts reached for combo,,
2026-02-16T01:27:46Z,scan_20260216T012745Z,historical,P1,P1__historical__version_3_1__lisflood__consolidated,cems-glofas-historical,version_3_1,lisflood,consolidated,2004-08-17,budget_exhausted,,budget,max attempts reached for combo,,
2026-02-16T01:27:46Z,scan_20260216T012745Z,historical,P1,P1__historical__version_3_1__lisflood__consolidated,cems-glofas-historical,version_3_1,lisflood,consolidated,2004-11-15,budget_exhausted,,budget,max attempts reached for combo,,
2026-02-16T01:27:46Z,scan_20260216T012745Z,historical,P1,P1__historical__version_3_1__lisflood__consolidated,cems-glofas-historical,version_3_1,lisflood,consolidated,2005-02-13,budget_exhausted,,budget,max attempts reached for combo,,
2026-02-16T01:27:46Z,scan_20260216T012745Z,historical,P1,P1__historical__version_3_1__lisflood__consolidated,cems-glofas-historical,version_3_1,lisflood,consolidated,2005-05-14,budget_exhausted,,budget,max attempts reached for combo,,
2026-02-16T01:27:46Z,scan_20260216T012745Z,historical,P1,P1__historical__version_3_1__lisflood__consolidated,cems-glofas-historical,version_3_1,lisflood,consolidated,2005-08-12,budget_exhausted,,budget,max attempts reached for combo,,
2026-02-16T01:27:46Z,scan_20260216T012745Z,historical,P1,P1__historical__version_3_1__lisflood__consolidated,cems-glofas-historical,version_3_1,lisflood,consolidated,2005-11-10,budget_exhausted,,budget,max attempts reached for combo,,
2026-02-16T01:27:46Z,scan_20260216T012745Z,historical,P1,P1__historical__version_3_1__lisflood__consolidated,cems-glofas-historical,version_3_1,lisflood,consolidated,2006-02-08,budget_exhausted,,budget,max attempts reached for combo,,
2026-02-16T01:27:46Z,scan_20260216T012745Z,historical,P1,P1__historical__version_3_1__lisflood__consolidated,cems-glofas-historical,version_3_1,lisflood,consolidated,2006-05-09,budget_exhausted,,budget,max attempts reached for combo,,
2026-02-16T01:27:46Z,scan_20260216T012745Z,historical,P1,P1__historical__version_3_1__lisflood__consolidated,cems-glofas-historical,version_3_1,lisflood,consolidated,2006-08-07,budget_exhausted,,budget,max attempts reached for combo,,
2026-02-16T01:27:46Z,scan_20260216T012745Z,historical,P1,P1__historical__version_3_1__lisflood__consolidated,cems-glofas-historical,version_3_1,lisflood,consolidated,2006-11-05,budget_exhausted,,budget,max attempts reached for combo,,
2026-02-16T01:27:46Z,scan_20260216T012745Z,historical,P1,P1__historical__version_3_1__lisflood__consolidated,cems-glofas-historical,version_3_1,lisflood,consolidated,2007-02-03,budget_exhausted,,budget,max attempts reached for combo,,
2026-02-16T01:27:46Z,scan_20260216T012745Z,historical,P1,P1__historical__version_3_1__lisflood__consolidated,cems-glofas-historical,version_3_1,lisflood,consolidated,2007-05-04,budget_exhausted,,budget,max attempts reached for combo,,
2026-02-16T01:27:46Z,scan_20260216T012745Z,historical,P1,P1__historical__version_3_1__lisflood__consolidated,cems-glofas-historical,version_3_1,lisflood,consolidated,2007-08-02,budget_exhausted,,budget,max attempts reached for combo,,
2026-02-16T01:27:46Z,scan_20260216T012745Z,historical,P1,P1__historical__version_3_1__lisflood__consolidated,cems-glofas-historical,version_3_1,lisflood,consolidated,2007-10-31,budget_exhausted,,budget,max attempts reached for combo,,
2026-02-16T01:27:46Z,scan_20260216T012745Z,historical,P1,P1__historical__version_3_1__lisflood__consolidated,cems-glofas-historical,version_3_1,lisflood,consolidated,2008-01-29,budget_exhausted,,budget,max attempts reached for combo,,
2026-02-16T01:27:46Z,scan_20260216T012745Z,historical,P1,P1__historical__version_3_1__lisflood__consolidated,cems-glofas-historical,version_3_1,lisflood,consolidated,2008-04-28,budget_exhausted,,budget,max attempts reached for combo,,
2026-02-16T01:27:46Z,scan_20260216T012745Z,historical,P1,P1__historical__version_3_1__lisflood__consolidated,cems-glofas-historical,version_3_1,lisflood,consolidated,2008-07-27,budget_exhausted,,budget,max attempts reached for combo,,
2026-02-16T01:27:46Z,scan_20260216T012745Z,historical,P1,P1__historical__version_3_1__lisflood__consolidated,cems-glofas-historical,version_3_1,lisflood,consolidated,2008-10-25,budget_exhausted,,budget,max attempts reached for combo,,
2026-02-16T01:27:46Z,scan_20260216T012745Z,historical,P1,P1__historical__version_3_1__lisflood__consolidated,cems-glofas-historical,version_3_1,lisflood,consolidated,2009-01-23,budget_exhausted,,budget,max attempts reached for combo,,
2026-02-16T01:27:46Z,scan_20260216T012745Z,historical,P1,P1__historical__version_3_1__lisflood__consolidated,cems-glofas-historical,version_3_1,lisflood,consolidated,2009-04-23,budget_exhausted,,budget,max attempts reached for combo,,
2026-02-16T01:27:46Z,scan_20260216T012745Z,historical,P1,P1__historical__version_3_1__lisflood__consolidated,cems-glofas-historical,version_3_1,lisflood,consolidated,2009-07-22,budget_exhausted,,budget,max attempts reached for combo,,
2026-02-16T01:27:46Z,scan_20260216T012745Z,historical,P1,P1__historical__version_3_1__lisflood__consolidated,cems-glofas-historical,version_3_1,lisflood,consolidated,2009-10-20,budget_exhausted,,budget,max attempts reached for combo,,
2026-02-16T01:27:46Z,scan_20260216T012745Z,historical,P1,P1__historical__version_3_1__lisflood__consolidated,cems-glofas-historical,version_3_1,lisflood,consolidated,2010-01-18,budget_exhausted,,budget,max attempts reached for combo,,
2026-02-16T01:27:46Z,scan_20260216T012745Z,historical,P1,P1__historical__version_3_1__lisflood__consolidated,cems-glofas-historical,version_3_1,lisflood,consolidated,2010-04-18,budget_exhausted,,budget,max attempts reached for combo,,
2026-02-16T01:27:46Z,scan_20260216T012745Z,historical,P1,P1__historical__version_3_1__lisflood__consolidated,cems-glofas-historical,version_3_1,lisflood,consolidated,2010-07-17,budget_exhausted,,budget,max attempts reached for combo,,
2026-02-16T01:27:46Z,scan_20260216T012745Z,historical,P1,P1__historical__version_3_1__lisflood__consolidated,cems-glofas-historical,version_3_1,lisflood,consolidated,2010-10-15,budget_exhausted,,budget,max attempts reached for combo,,
2026-02-16T01:27:46Z,scan_20260216T012745Z,historical,P1,P1__historical__version_3_1__lisflood__consolidated,cems-glofas-historical,version_3_1,lisflood,consolidated,2011-01-13,budget_exhausted,,budget,max attempts reached for combo,,
2026-02-16T01:27:46Z,scan_20260216T012745Z,historical,P1,P1__historical__version_3_1__lisflood__consolidated,cems-glofas-historical,version_3_1,lisflood,consolidated,2011-04-13,budget_exhausted,,budget,max attempts reached for combo,,
2026-02-16T01:27:46Z,scan_20260216T012745Z,historical,P1,P1__historical__version_3_1__lisflood__consolidated,cems-glofas-historical,version_3_1,lisflood,consolidated,2011-07-12,budget_exhausted,,budget,max attempts reached for combo,,
2026-02-16T01:27:46Z,scan_20260216T012745Z,historical,P1,P1__historical__version_3_1__lisflood__consolidated,cems-glofas-historical,version_3_1,lisflood,consolidated,2011-10-10,budget_exhausted,,budget,max attempts reached for combo,,
2026-02-16T01:27:46Z,scan_20260216T012745Z,historical,P1,P1__historical__version_3_1__lisflood__consolidated,cems-glofas-historical,version_3_1,lisflood,consolidated,2012-01-08,budget_exhausted,,budget,max attempts reached for combo,,
2026-02-16T01:27:46Z,scan_20260216T012745Z,historical,P1,P1__historical__version_3_1__lisflood__consolidated,cems-glofas-historical,version_3_1,lisflood,consolidated,2012-04-07,budget_exhausted,,budget,max attempts reached for combo,,
2026-02-16T01:27:46Z,scan_20260216T012745Z,historical,P1,P1__historical__version_3_1__lisflood__consolidated,cems-glofas-historical,version_3_1,lisflood,consolidated,2012-07-06,budget_exhausted,,budget,max attempts reached for combo,,
2026-02-16T01:27:46Z,scan_20260216T012745Z,historical,P1,P1__historical__version_3_1__lisflood__consolidated,cems-glofas-historical,version_3_1,lisflood,consolidated,2012-10-04,budget_exhausted,,budget,max attempts reached for combo,,
2026-02-16T01:27:46Z,scan_20260216T012745Z,historical,P1,P1__historical__version_3_1__lisflood__consolidated,cems-glofas-historical,version_3_1,lisflood,consolidated,2013-01-02,budget_exhausted,,budget,max attempts reached for combo,,
2026-02-16T01:27:46Z,scan_20260216T012745Z,historical,P1,P1__historical__version_3_1__lisflood__consolidated,cems-glofas-historical,version_3_1,lisflood,consolidated,2013-04-02,budget_exhausted,,budget,max attempts reached for combo,,
2026-02-16T01:27:46Z,scan_20260216T012745Z,historical,P1,P1__historical__version_3_1__lisflood__consolidated,cems-glofas-historical,version_3_1,lisflood,consolidated,2013-07-01,budget_exhausted,,budget,max attempts reached for combo,,
2026-02-16T01:27:46Z,scan_20260216T012745Z,historical,P1,P1__historical__version_3_1__lisflood__consolidated,cems-glofas-historical,version_3_1,lisflood,consolidated,2013-09-29,budget_exhausted,,budget,max attempts reached for combo,,
2026-02-16T01:27:46Z,scan_20260216T012745Z,historical,P1,P1__historical__version_3_1__lisflood__consolidated,cems-glofas-historical,version_3_1,lisflood,consolidated,2013-12-28,budget_exhausted,,budget,max attempts reached for combo,,
2026-02-16T01:27:46Z,scan_20260216T012745Z,historical,P1,P1__historical__version_3_1__lisflood__consolidated,cems-glofas-historical,version_3_1,lisflood,consolidated,2014-03-28,budget_exhausted,,budget,max attempts reached for combo,,
2026-02-16T01:27:46Z,scan_20260216T012745Z,historical,P1,P1__historical__version_3_1__lisflood__consolidated,cems-glofas-historical,version_3_1,lisflood,consolidated,2014-06-26,budget_exhausted,,budget,max attempts reached for combo,,
2026-02-16T01:27:46Z,scan_20260216T012745Z,historical,P1,P1__historical__version_3_1__lisflood__consolidated,cems-glofas-historical,version_3_1,lisflood,consolidated,2014-09-24,budget_exhausted,,budget,max attempts reached for combo,,
2026-02-16T01:27:46Z,scan_20260216T012745Z,historical,P1,P1__historical__version_3_1__lisflood__consolidated,cems-glofas-historical,version_3_1,lisflood,consolidated,2014-12-23,budget_exhausted,,budget,max attempts reached for combo,,
2026-02-16T01:27:46Z,scan_20260216T012745Z,historical,P1,P1__historical__version_3_1__lisflood__consolidated,cems-glofas-historical,version_3_1,lisflood,consolidated,2015-03-23,budget_exhausted,,budget,max attempts reached for combo,,
2026-02-16T01:27:46Z,scan_20260216T012745Z,historical,P1,P1__historical__version_3_1__lisflood__consolidated,cems-glofas-historical,version_3_1,lisflood,consolidated,2015-06-21,budget_exhausted,,budget,max attempts reached for combo,,
2026-02-16T01:27:46Z,scan_20260216T012745Z,historical,P1,P1__historical__version_3_1__lisflood__consolidated,cems-glofas-historical,version_3_1,lisflood,consolidated,2015-09-19,budget_exhausted,,budget,max attempts reached for combo,,
2026-02-16T01:27:46Z,scan_20260216T012745Z,historical,P1,P1__historical__version_3_1__lisflood__consolidated,cems-glofas-historical,version_3_1,lisflood,consolidated,2015-12-18,budget_exhausted,,budget,max attempts reached for combo,,
2026-02-16T01:27:46Z,scan_20260216T012745Z,historical,P1,P1__historical__version_3_1__lisflood__consolidated,cems-glofas-historical,version_3_1,lisflood,consolidated,2016-03-17,budget_exhausted,,budget,max attempts reached for combo,,
2026-02-16T01:27:46Z,scan_20260216T012745Z,historical,P1,P1__historical__version_3_1__lisflood__consolidated,cems-glofas-historical,version_3_1,lisflood,consolidated,2016-06-15,budget_exhausted,,budget,max attempts reached for combo,,
2026-02-16T01:27:46Z,scan_20260216T012745Z,historical,P1,P1__historical__version_3_1__lisflood__consolidated,cems-glofas-historical,version_3_1,lisflood,consolidated,2016-09-13,budget_exhausted,,budget,max attempts reached for combo,,
2026-02-16T01:27:46Z,scan_20260216T012745Z,historical,P1,P1__historical__version_3_1__lisflood__consolidated,cems-glofas-historical,version_3_1,lisflood,consolidated,2016-12-12,budget_exhausted,,budget,max attempts reached for combo,,
2026-02-16T01:27:46Z,scan_20260216T012745Z,historical,P1,P1__historical__version_3_1__lisflood__consolidated,cems-glofas-historical,version_3_1,lisflood,consolidated,2017-03-12,budget_exhausted,,budget,max attempts reached for combo,,
2026-02-16T01:27:46Z,scan_20260216T012745Z,historical,P1,P1__historical__version_3_1__lisflood__consolidated,cems-glofas-historical,version_3_1,lisflood,consolidated,2017-06-10,budget_exhausted,,budget,max attempts reached for combo,,
2026-02-16T01:27:46Z,scan_20260216T012745Z,historical,P1,P1__historical__version_3_1__lisflood__consolidated,cems-glofas-historical,version_3_1,lisflood,consolidated,2017-09-08,budget_exhausted,,budget,max attempts reached for combo,,
2026-02-16T01:27:46Z,scan_20260216T012745Z,historical,P1,P1__historical__version_3_1__lisflood__consolidated,cems-glofas-historical,version_3_1,lisflood,consolidated,2017-12-07,budget_exhausted,,budget,max attempts reached for combo,,
2026-02-16T01:27:46Z,scan_20260216T012745Z,historical,P1,P1__historical__version_3_1__lisflood__consolidated,cems-glofas-historical,version_3_1,lisflood,consolidated,2018-03-07,budget_exhausted,,budget,max attempts reached for combo,,
2026-02-16T01:27:46Z,scan_20260216T012745Z,historical,P1,P1__historical__version_3_1__lisflood__consolidated,cems-glofas-historical,version_3_1,lisflood,consolidated,2018-06-05,budget_exhausted,,budget,max attempts reached for combo,,
2026-02-16T01:27:46Z,scan_20260216T012745Z,historical,P1,P1__historical__version_3_1__lisflood__consolidated,cems-glofas-historical,version_3_1,lisflood,consolidated,2018-09-03,budget_exhausted,,budget,max attempts reached for combo,,
2026-02-16T01:27:46Z,scan_20260216T012745Z,historical,P1,P1__historical__version_3_1__lisflood__consolidated,cems-glofas-historical,version_3_1,lisflood,consolidated,2018-12-02,budget_exhausted,,budget,max attempts reached for combo,,
2026-02-16T01:27:46Z,scan_20260216T012745Z,historical,P1,P1__historical__version_3_1__lisflood__consolidated,cems-glofas-historical,version_3_1,lisflood,consolidated,2019-03-02,budget_exhausted,,budget,max attempts reached for combo,,
2026-02-16T01:27:46Z,scan_20260216T012745Z,historical,P1,P1__historical__version_3_1__lisflood__consolidated,cems-glofas-historical,version_3_1,lisflood,consolidated,2019-05-31,budget_exhausted,,budget,max attempts reached for combo,,
2026-02-16T01:27:46Z,scan_20260216T012745Z,historical,P1,P1__historical__version_3_1__lisflood__consolidated,cems-glofas-historical,version_3_1,lisflood,consolidated,2019-08-29,budget_exhausted,,budget,max attempts reached for combo,,
2026-02-16T01:27:46Z,scan_20260216T012745Z,historical,P1,P1__historical__version_3_1__lisflood__consolidated,cems-glofas-historical,version_3_1,lisflood,consolidated,2019-11-27,budget_exhausted,,budget,max attempts reached for combo,,
2026-02-16T01:27:46Z,scan_20260216T012745Z,historical,P1,P1__historical__version_3_1__lisflood__consolidated,cems-glofas-historical,version_3_1,lisflood,consolidated,2020-02-25,budget_exhausted,,budget,max attempts reached for combo,,
2026-02-16T01:27:46Z,scan_20260216T012745Z,historical,P1,P1__historical__version_3_1__lisflood__consolidated,cems-glofas-historical,version_3_1,lisflood,consolidated,2020-05-25,budget_exhausted,,budget,max attempts reached for combo,,
2026-02-16T01:27:46Z,scan_20260216T012745Z,historical,P1,P1__historical__version_3_1__lisflood__consolidated,cems-glofas-historical,version_3_1,lisflood,consolidated,2020-08-23,budget_exhausted,,budget,max attempts reached for combo,,
2026-02-16T01:27:46Z,scan_20260216T012745Z,historical,P1,P1__historical__version_3_1__lisflood__consolidated,cems-glofas-historical,version_3_1,lisflood,consolidated,2020-11-21,budget_exhausted,,budget,max attempts reached for combo,,
2026-02-16T01:27:46Z,scan_20260216T012745Z,historical,P1,P1__historical__version_3_1__lisflood__consolidated,cems-glofas-historical,version_3_1,lisflood,consolidated,2021-02-19,budget_exhausted,,budget,max attempts reached for combo,,
2026-02-16T01:27:46Z,scan_20260216T012745Z,historical,P1,P1__historical__version_3_1__lisflood__consolidated,cems-glofas-historical,version_3_1,lisflood,consolidated,2021-05-20,budget_exhausted,,budget,max attempts reached for combo,,
2026-02-16T01:27:46Z,scan_20260216T012745Z,historical,P1,P1__historical__version_3_1__lisflood__consolidated,cems-glofas-historical,version_3_1,lisflood,consolidated,2021-08-18,budget_exhausted,,budget,max attempts reached for combo,,
2026-02-16T01:27:46Z,scan_20260216T012745Z,historical,P1,P1__historical__version_3_1__lisflood__consolidated,cems-glofas-historical,version_3_1,lisflood,consolidated,2021-11-16,budget_exhausted,,budget,max attempts reached for combo,,
2026-02-16T01:27:46Z,scan_20260216T012745Z,historical,P1,P1__historical__version_3_1__lisflood__consolidated,cems-glofas-historical,version_3_1,lisflood,consolidated,2022-02-14,budget_exhausted,,budget,max attempts reached for combo,,
2026-02-16T01:27:46Z,scan_20260216T012745Z,historical,P1,P1__historical__version_3_1__lisflood__consolidated,cems-glofas-historical,version_3_1,lisflood,consolidated,2022-05-15,budget_exhausted,,budget,max attempts reached for combo,,
2026-02-16T01:27:46Z,scan_20260216T012745Z,historical,P1,P1__historical__version_3_1__lisflood__consolidated,cems-glofas-historical,version_3_1,lisflood,consolidated,2022-08-13,budget_exhausted,,budget,max attempts reached for combo,,
2026-02-16T01:27:46Z,scan_20260216T012745Z,historical,P1,P1__historical__version_3_1__lisflood__consolidated,cems-glofas-historical,version_3_1,lisflood,consolidated,2022-11-11,budget_exhausted,,budget,max attempts reached for combo,,
2026-02-16T01:27:46Z,scan_20260216T012745Z,historical,P1,P1__historical__version_3_1__lisflood__consolidated,cems-glofas-historical,version_3_1,lisflood,consolidated,2023-02-09,budget_exhausted,,budget,max attempts reached for combo,,
2026-02-16T01:27:46Z,scan_20260216T012745Z,historical,P1,P1__historical__version_3_1__lisflood__consolidated,cems-glofas-historical,version_3_1,lisflood,consolidated,2023-05-10,budget_exhausted,,budget,max attempts reached for combo,,
2026-02-16T01:27:46Z,scan_20260216T012745Z,historical,P1,P1__historical__version_3_1__lisflood__consolidated,cems-glofas-historical,version_3_1,lisflood,consolidated,2023-08-08,budget_exhausted,,budget,max attempts reached for combo,,
2026-02-16T01:27:46Z,scan_20260216T012745Z,historical,P1,P1__historical__version_3_1__lisflood__consolidated,cems-glofas-historical,version_3_1,lisflood,consolidated,2023-11-06,budget_exhausted,,budget,max attempts reached for combo,,
2026-02-16T01:27:46Z,scan_20260216T012745Z,historical,P1,P1__historical__version_3_1__lisflood__consolidated,cems-glofas-historical,version_3_1,lisflood,consolidated,2024-02-04,budget_exhausted,,budget,max attempts reached for combo,,
2026-02-16T01:27:46Z,scan_20260216T012745Z,historical,P1,P1__historical__version_3_1__lisflood__consolidated,cems-glofas-historical,version_3_1,lisflood,consolidated,2024-05-04,budget_exhausted,,budget,max attempts reached for combo,,
2026-02-16T01:27:46Z,scan_20260216T012745Z,historical,P1,P1__historical__version_3_1__lisflood__consolidated,cems-glofas-historical,version_3_1,lisflood,consolidated,2024-08-02,budget_exhausted,,budget,max attempts reached for combo,,
2026-02-16T01:27:46Z,scan_20260216T012745Z,historical,P1,P1__historical__version_3_1__lisflood__consolidated,cems-glofas-historical,version_3_1,lisflood,consolidated,2024-10-31,budget_exhausted,,budget,max attempts reached for combo,,
2026-02-16T01:27:46Z,scan_20260216T012745Z,historical,P1,P1__historical__version_3_1__lisflood__consolidated,cems-glofas-historical,version_3_1,lisflood,consolidated,2025-01-29,budget_exhausted,,budget,max attempts reached for combo,,
2026-02-16T01:27:46Z,scan_20260216T012745Z,historical,P1,P1__historical__version_3_1__lisflood__consolidated,cems-glofas-historical,version_3_1,lisflood,consolidated,2025-04-29,budget_exhausted,,budget,max attempts reached for combo,,
2026-02-16T01:27:46Z,scan_20260216T012745Z,historical,P1,P1__historical__version_3_1__lisflood__consolidated,cems-glofas-historical,version_3_1,lisflood,consolidated,2025-07-28,budget_exhausted,,budget,max attempts reached for combo,,
2026-02-16T01:27:46Z,scan_20260216T012745Z,historical,P1,P1__historical__version_3_1__lisflood__consolidated,cems-glofas-historical,version_3_1,lisflood,consolidated,2025-10-26,budget_exhausted,,budget,max attempts reached for combo,,
2026-02-16T01:27:46Z,scan_20260216T012745Z,historical,P1,P1__historical__version_3_1__lisflood__consolidated,cems-glofas-historical,version_3_1,lisflood,consolidated,2026-01-24,budget_exhausted,,budget,max attempts reached for combo,,
2026-02-16T01:27:46Z,scan_20260216T012745Z,historical,P2,P2__historical__version_4_0__htessel_lisflood__consolidated,cems-glofas-historical,version_4_0,htessel_lisflood,consolidated,2023-03-27,dry_run,,dry_run,probe not executed in dry-run mode,repro/glofas_coverage_scan_runs/scan_20260216T012745Z/downloads/historical/P2__historical__version_4_0__htessel_lisflood__consolidated/2023-03-27.zip,"{""area"": [37.2443931, -122.272464, 36.8443931, -121.872464], ""data_format"": ""grib2"", ""download_format"": ""zip"", ""hday"": [""27""], ""hmonth"": [""03""], ""hydrological_model"": [""htessel_lisflood""], ""hyear"": [""2023""], ""product_type"": [""consolidated""], ""system_version"": [""version_4_0""], ""variable"": [""river_discharge_in_the_last_24_hours""]}"
2026-02-16T01:27:46Z,scan_20260216T012745Z,historical,P2,P2__historical__version_4_0__htessel_lisflood__consolidated,cems-glofas-historical,version_4_0,htessel_lisflood,consolidated,2021-01-04,dry_run,,dry_run,probe not executed in dry-run mode,repro/glofas_coverage_scan_runs/scan_20260216T012745Z/downloads/historical/P2__historical__version_4_0__htessel_lisflood__consolidated/2021-01-04.zip,"{""area"": [37.2443931, -122.272464, 36.8443931, -121.872464], ""data_format"": ""grib2"", ""download_format"": ""zip"", ""hday"": [""04""], ""hmonth"": [""01""], ""hydrological_model"": [""htessel_lisflood""], ""hyear"": [""2021""], ""product_type"": [""consolidated""], ""system_version"": [""version_4_0""], ""variable"": [""river_discharge_in_the_last_24_hours""]}"
2026-02-16T01:27:46Z,scan_20260216T012745Z,historical,P2,P2__historical__version_4_0__htessel_lisflood__consolidated,cems-glofas-historical,version_4_0,htessel_lisflood,consolidated,1979-01-01,dry_run,,dry_run,probe not executed in dry-run mode,repro/glofas_coverage_scan_runs/scan_20260216T012745Z/downloads/historical/P2__historical__version_4_0__htessel_lisflood__consolidated/1979-01-01.zip,"{""area"": [37.2443931, -122.272464, 36.8443931, -121.872464], ""data_format"": ""grib2"", ""download_format"": ""zip"", ""hday"": [""01""], ""hmonth"": [""01""], ""hydrological_model"": [""htessel_lisflood""], ""hyear"": [""1979""], ""product_type"": [""consolidated""], ""system_version"": [""version_4_0""], ""variable"": [""river_discharge_in_the_last_24_hours""]}"
2026-02-16T01:27:46Z,scan_20260216T012745Z,historical,P2,P2__historical__version_4_0__htessel_lisflood__consolidated,cems-glofas-historical,version_4_0,htessel_lisflood,consolidated,2026-02-15,dry_run,,dry_run,probe not executed in dry-run mode,repro/glofas_coverage_scan_runs/scan_20260216T012745Z/downloads/historical/P2__historical__version_4_0__htessel_lisflood__consolidated/2026-02-15.zip,"{""area"": [37.2443931, -122.272464, 36.8443931, -121.872464], ""data_format"": ""grib2"", ""download_format"": ""zip"", ""hday"": [""15""], ""hmonth"": [""02""], ""hydrological_model"": [""htessel_lisflood""], ""hyear"": [""2026""], ""product_type"": [""consolidated""], ""system_version"": [""version_4_0""], ""variable"": [""river_discharge_in_the_last_24_hours""]}"
2026-02-16T01:27:46Z,scan_20260216T012745Z,historical,P2,P2__historical__version_4_0__htessel_lisflood__consolidated,cems-glofas-historical,version_4_0,htessel_lisflood,consolidated,2002-07-25,dry_run,,dry_run,probe not executed in dry-run mode,repro/glofas_coverage_scan_runs/scan_20260216T012745Z/downloads/historical/P2__historical__version_4_0__htessel_lisflood__consolidated/2002-07-25.zip,"{""area"": [37.2443931, -122.272464, 36.8443931, -121.872464], ""data_format"": ""grib2"", ""download_format"": ""zip"", ""hday"": [""25""], ""hmonth"": [""07""], ""hydrological_model"": [""htessel_lisflood""], ""hyear"": [""2002""], ""product_type"": [""consolidated""], ""system_version"": [""version_4_0""], ""variable"": [""river_discharge_in_the_last_24_hours""]}"
2026-02-16T01:27:46Z,scan_20260216T012745Z,historical,P2,P2__historical__version_4_0__htessel_lisflood__consolidated,cems-glofas-historical,version_4_0,htessel_lisflood,consolidated,1979-04-01,dry_run,,dry_run,probe not executed in dry-run mode,repro/glofas_coverage_scan_runs/scan_20260216T012745Z/downloads/historical/P2__historical__version_4_0__htessel_lisflood__consolidated/1979-04-01.zip,"{""area"": [37.2443931, -122.272464, 36.8443931, -121.872464], ""data_format"": ""grib2"", ""download_format"": ""zip"", ""hday"": [""01""], ""hmonth"": [""04""], ""hydrological_model"": [""htessel_lisflood""], ""hyear"": [""1979""], ""product_type"": [""consolidated""], ""system_version"": [""version_4_0""], ""variable"": [""river_discharge_in_the_last_24_hours""]}"
2026-02-16T01:27:46Z,scan_20260216T012745Z,historical,P2,P2__historical__version_4_0__htessel_lisflood__consolidated,cems-glofas-historical,version_4_0,htessel_lisflood,consolidated,1979-06-30,budget_exhausted,,budget,max attempts reached for combo,,
2026-02-16T01:27:46Z,scan_20260216T012745Z,historical,P2,P2__historical__version_4_0__htessel_lisflood__consolidated,cems-glofas-historical,version_4_0,htessel_lisflood,consolidated,1979-09-28,budget_exhausted,,budget,max attempts reached for combo,,
2026-02-16T01:27:46Z,scan_20260216T012745Z,historical,P2,P2__historical__version_4_0__htessel_lisflood__consolidated,cems-glofas-historical,version_4_0,htessel_lisflood,consolidated,1979-12-27,budget_exhausted,,budget,max attempts reached for combo,,
2026-02-16T01:27:46Z,scan_20260216T012745Z,historical,P2,P2__historical__version_4_0__htessel_lisflood__consolidated,cems-glofas-historical,version_4_0,htessel_lisflood,consolidated,1980-03-26,budget_exhausted,,budget,max attempts reached for combo,,
2026-02-16T01:27:46Z,scan_20260216T012745Z,historical,P2,P2__historical__version_4_0__htessel_lisflood__consolidated,cems-glofas-historical,version_4_0,htessel_lisflood,consolidated,1980-06-24,budget_exhausted,,budget,max attempts reached for combo,,
2026-02-16T01:27:46Z,scan_20260216T012745Z,historical,P2,P2__historical__version_4_0__htessel_lisflood__consolidated,cems-glofas-historical,version_4_0,htessel_lisflood,consolidated,1980-09-22,budget_exhausted,,budget,max attempts reached for combo,,
2026-02-16T01:27:46Z,scan_20260216T012745Z,historical,P2,P2__historical__version_4_0__htessel_lisflood__consolidated,cems-glofas-historical,version_4_0,htessel_lisflood,consolidated,1980-12-21,budget_exhausted,,budget,max attempts reached for combo,,
2026-02-16T01:27:46Z,scan_20260216T012745Z,historical,P2,P2__historical__version_4_0__htessel_lisflood__consolidated,cems-glofas-historical,version_4_0,htessel_lisflood,consolidated,1981-03-21,budget_exhausted,,budget,max attempts reached for combo,,
2026-02-16T01:27:46Z,scan_20260216T012745Z,historical,P2,P2__historical__version_4_0__htessel_lisflood__consolidated,cems-glofas-historical,version_4_0,htessel_lisflood,consolidated,1981-06-19,budget_exhausted,,budget,max attempts reached for combo,,
2026-02-16T01:27:46Z,scan_20260216T012745Z,historical,P2,P2__historical__version_4_0__htessel_lisflood__consolidated,cems-glofas-historical,version_4_0,htessel_lisflood,consolidated,1981-09-17,budget_exhausted,,budget,max attempts reached for combo,,
2026-02-16T01:27:46Z,scan_20260216T012745Z,historical,P2,P2__historical__version_4_0__htessel_lisflood__consolidated,cems-glofas-historical,version_4_0,htessel_lisflood,consolidated,1981-12-16,budget_exhausted,,budget,max attempts reached for combo,,
2026-02-16T01:27:46Z,scan_20260216T012745Z,historical,P2,P2__historical__version_4_0__htessel_lisflood__consolidated,cems-glofas-historical,version_4_0,htessel_lisflood,consolidated,1982-03-16,budget_exhausted,,budget,max attempts reached for combo,,
2026-02-16T01:27:46Z,scan_20260216T012745Z,historical,P2,P2__historical__version_4_0__htessel_lisflood__consolidated,cems-glofas-historical,version_4_0,htessel_lisflood,consolidated,1982-06-14,budget_exhausted,,budget,max attempts reached for combo,,
2026-02-16T01:27:46Z,scan_20260216T012745Z,historical,P2,P2__historical__version_4_0__htessel_lisflood__consolidated,cems-glofas-historical,version_4_0,htessel_lisflood,consolidated,1982-09-12,budget_exhausted,,budget,max attempts reached for combo,,
2026-02-16T01:27:46Z,scan_20260216T012745Z,historical,P2,P2__historical__version_4_0__htessel_lisflood__consolidated,cems-glofas-historical,version_4_0,htessel_lisflood,consolidated,1982-12-11,budget_exhausted,,budget,max attempts reached for combo,,
2026-02-16T01:27:46Z,scan_20260216T012745Z,historical,P2,P2__historical__version_4_0__htessel_lisflood__consolidated,cems-glofas-historical,version_4_0,htessel_lisflood,consolidated,1983-03-11,budget_exhausted,,budget,max attempts reached for combo,,
2026-02-16T01:27:46Z,scan_20260216T012745Z,historical,P2,P2__historical__version_4_0__htessel_lisflood__consolidated,cems-glofas-historical,version_4_0,htessel_lisflood,consolidated,1983-06-09,budget_exhausted,,budget,max attempts reached for combo,,
2026-02-16T01:27:46Z,scan_20260216T012745Z,historical,P2,P2__historical__version_4_0__htessel_lisflood__consolidated,cems-glofas-historical,version_4_0,htessel_lisflood,consolidated,1983-09-07,budget_exhausted,,budget,max attempts reached for combo,,
2026-02-16T01:27:46Z,scan_20260216T012745Z,historical,P2,P2__historical__version_4_0__htessel_lisflood__consolidated,cems-glofas-historical,version_4_0,htessel_lisflood,consolidated,1983-12-06,budget_exhausted,,budget,max attempts reached for combo,,
2026-02-16T01:27:46Z,scan_20260216T012745Z,historical,P2,P2__historical__version_4_0__htessel_lisflood__consolidated,cems-glofas-historical,version_4_0,htessel_lisflood,consolidated,1984-03-05,budget_exhausted,,budget,max attempts reached for combo,,
2026-02-16T01:27:46Z,scan_20260216T012745Z,historical,P2,P2__historical__version_4_0__htessel_lisflood__consolidated,cems-glofas-historical,version_4_0,htessel_lisflood,consolidated,1984-06-03,budget_exhausted,,budget,max attempts reached for combo,,
2026-02-16T01:27:46Z,scan_20260216T012745Z,historical,P2,P2__historical__version_4_0__htessel_lisflood__consolidated,cems-glofas-historical,version_4_0,htessel_lisflood,consolidated,1984-09-01,budget_exhausted,,budget,max attempts reached for combo,,
2026-02-16T01:27:46Z,scan_20260216T012745Z,historical,P2,P2__historical__version_4_0__htessel_lisflood__consolidated,cems-glofas-historical,version_4_0,htessel_lisflood,consolidated,1984-11-30,budget_exhausted,,budget,max attempts reached for combo,,
2026-02-16T01:27:46Z,scan_20260216T012745Z,historical,P2,P2__historical__version_4_0__htessel_lisflood__consolidated,cems-glofas-historical,version_4_0,htessel_lisflood,consolidated,1985-02-28,budget_exhausted,,budget,max attempts reached for combo,,
2026-02-16T01:27:46Z,scan_20260216T012745Z,historical,P2,P2__historical__version_4_0__htessel_lisflood__consolidated,cems-glofas-historical,version_4_0,htessel_lisflood,consolidated,1985-05-29,budget_exhausted,,budget,max attempts reached for combo,,
2026-02-16T01:27:46Z,scan_20260216T012745Z,historical,P2,P2__historical__version_4_0__htessel_lisflood__consolidated,cems-glofas-historical,version_4_0,htessel_lisflood,consolidated,1985-08-27,budget_exhausted,,budget,max attempts reached for combo,,
2026-02-16T01:27:46Z,scan_20260216T012745Z,historical,P2,P2__historical__version_4_0__htessel_lisflood__consolidated,cems-glofas-historical,version_4_0,htessel_lisflood,consolidated,1985-11-25,budget_exhausted,,budget,max attempts reached for combo,,
2026-02-16T01:27:46Z,scan_20260216T012745Z,historical,P2,P2__historical__version_4_0__htessel_lisflood__consolidated,cems-glofas-historical,version_4_0,htessel_lisflood,consolidated,1986-02-23,budget_exhausted,,budget,max attempts reached for combo,,
2026-02-16T01:27:46Z,scan_20260216T012745Z,historical,P2,P2__historical__version_4_0__htessel_lisflood__consolidated,cems-glofas-historical,version_4_0,htessel_lisflood,consolidated,1986-05-24,budget_exhausted,,budget,max attempts reached for combo,,
2026-02-16T01:27:46Z,scan_20260216T012745Z,historical,P2,P2__historical__version_4_0__htessel_lisflood__consolidated,cems-glofas-historical,version_4_0,htessel_lisflood,consolidated,1986-08-22,budget_exhausted,,budget,max attempts reached for combo,,
2026-02-16T01:27:46Z,scan_20260216T012745Z,historical,P2,P2__historical__version_4_0__htessel_lisflood__consolidated,cems-glofas-historical,version_4_0,htessel_lisflood,consolidated,1986-11-20,budget_exhausted,,budget,max attempts reached for combo,,
2026-02-16T01:27:46Z,scan_20260216T012745Z,historical,P2,P2__historical__version_4_0__htessel_lisflood__consolidated,cems-glofas-historical,version_4_0,htessel_lisflood,consolidated,1987-02-18,budget_exhausted,,budget,max attempts reached for combo,,
2026-02-16T01:27:46Z,scan_20260216T012745Z,historical,P2,P2__historical__version_4_0__htessel_lisflood__consolidated,cems-glofas-historical,version_4_0,htessel_lisflood,consolidated,1987-05-19,budget_exhausted,,budget,max attempts reached for combo,,
2026-02-16T01:27:46Z,scan_20260216T012745Z,historical,P2,P2__historical__version_4_0__htessel_lisflood__consolidated,cems-glofas-historical,version_4_0,htessel_lisflood,consolidated,1987-08-17,budget_exhausted,,budget,max attempts reached for combo,,
2026-02-16T01:27:46Z,scan_20260216T012745Z,historical,P2,P2__historical__version_4_0__htessel_lisflood__consolidated,cems-glofas-historical,version_4_0,htessel_lisflood,consolidated,1987-11-15,budget_exhausted,,budget,max attempts reached for combo,,
2026-02-16T01:27:46Z,scan_20260216T012745Z,historical,P2,P2__historical__version_4_0__htessel_lisflood__consolidated,cems-glofas-historical,version_4_0,htessel_lisflood,consolidated,1988-02-13,budget_exhausted,,budget,max attempts reached for combo,,
2026-02-16T01:27:46Z,scan_20260216T012745Z,historical,P2,P2__historical__version_4_0__htessel_lisflood__consolidated,cems-glofas-historical,version_4_0,htessel_lisflood,consolidated,1988-05-13,budget_exhausted,,budget,max attempts reached for combo,,
2026-02-16T01:27:46Z,scan_20260216T012745Z,historical,P2,P2__historical__version_4_0__htessel_lisflood__consolidated,cems-glofas-historical,version_4_0,htessel_lisflood,consolidated,1988-08-11,budget_exhausted,,budget,max attempts reached for combo,,
2026-02-16T01:27:46Z,scan_20260216T012745Z,historical,P2,P2__historical__version_4_0__htessel_lisflood__consolidated,cems-glofas-historical,version_4_0,htessel_lisflood,consolidated,1988-11-09,budget_exhausted,,budget,max attempts reached for combo,,
2026-02-16T01:27:46Z,scan_20260216T012745Z,historical,P2,P2__historical__version_4_0__htessel_lisflood__consolidated,cems-glofas-historical,version_4_0,htessel_lisflood,consolidated,1989-02-07,budget_exhausted,,budget,max attempts reached for combo,,
2026-02-16T01:27:46Z,scan_20260216T012745Z,historical,P2,P2__historical__version_4_0__htessel_lisflood__consolidated,cems-glofas-historical,version_4_0,htessel_lisflood,consolidated,1989-05-08,budget_exhausted,,budget,max attempts reached for combo,,
2026-02-16T01:27:46Z,scan_20260216T012745Z,historical,P2,P2__historical__version_4_0__htessel_lisflood__consolidated,cems-glofas-historical,version_4_0,htessel_lisflood,consolidated,1989-08-06,budget_exhausted,,budget,max attempts reached for combo,,
2026-02-16T01:27:46Z,scan_20260216T012745Z,historical,P2,P2__historical__version_4_0__htessel_lisflood__consolidated,cems-glofas-historical,version_4_0,htessel_lisflood,consolidated,1989-11-04,budget_exhausted,,budget,max attempts reached for combo,,
2026-02-16T01:27:46Z,scan_20260216T012745Z,historical,P2,P2__historical__version_4_0__htessel_lisflood__consolidated,cems-glofas-historical,version_4_0,htessel_lisflood,consolidated,1990-02-02,budget_exhausted,,budget,max attempts reached for combo,,
2026-02-16T01:27:46Z,scan_20260216T012745Z,historical,P2,P2__historical__version_4_0__htessel_lisflood__consolidated,cems-glofas-historical,version_4_0,htessel_lisflood,consolidated,1990-05-03,budget_exhausted,,budget,max attempts reached for combo,,
2026-02-16T01:27:46Z,scan_20260216T012745Z,historical,P2,P2__historical__version_4_0__htessel_lisflood__consolidated,cems-glofas-historical,version_4_0,htessel_lisflood,consolidated,1990-08-01,budget_exhausted,,budget,max attempts reached for combo,,
2026-02-16T01:27:46Z,scan_20260216T012745Z,historical,P2,P2__historical__version_4_0__htessel_lisflood__consolidated,cems-glofas-historical,version_4_0,htessel_lisflood,consolidated,1990-10-30,budget_exhausted,,budget,max attempts reached for combo,,
2026-02-16T01:27:46Z,scan_20260216T012745Z,historical,P2,P2__historical__version_4_0__htessel_lisflood__consolidated,cems-glofas-historical,version_4_0,htessel_lisflood,consolidated,1991-01-28,budget_exhausted,,budget,max attempts reached for combo,,
2026-02-16T01:27:46Z,scan_20260216T012745Z,historical,P2,P2__historical__version_4_0__htessel_lisflood__consolidated,cems-glofas-historical,version_4_0,htessel_lisflood,consolidated,1991-04-28,budget_exhausted,,budget,max attempts reached for combo,,
2026-02-16T01:27:46Z,scan_20260216T012745Z,historical,P2,P2__historical__version_4_0__htessel_lisflood__consolidated,cems-glofas-historical,version_4_0,htessel_lisflood,consolidated,1991-07-27,budget_exhausted,,budget,max attempts reached for combo,,
2026-02-16T01:27:46Z,scan_20260216T012745Z,historical,P2,P2__historical__version_4_0__htessel_lisflood__consolidated,cems-glofas-historical,version_4_0,htessel_lisflood,consolidated,1991-10-25,budget_exhausted,,budget,max attempts reached for combo,,
2026-02-16T01:27:46Z,scan_20260216T012745Z,historical,P2,P2__historical__version_4_0__htessel_lisflood__consolidated,cems-glofas-historical,version_4_0,htessel_lisflood,consolidated,1992-01-23,budget_exhausted,,budget,max attempts reached for combo,,
2026-02-16T01:27:46Z,scan_20260216T012745Z,historical,P2,P2__historical__version_4_0__htessel_lisflood__consolidated,cems-glofas-historical,version_4_0,htessel_lisflood,consolidated,1992-04-22,budget_exhausted,,budget,max attempts reached for combo,,
2026-02-16T01:27:46Z,scan_20260216T012745Z,historical,P2,P2__historical__version_4_0__htessel_lisflood__consolidated,cems-glofas-historical,version_4_0,htessel_lisflood,consolidated,1992-07-21,budget_exhausted,,budget,max attempts reached for combo,,
2026-02-16T01:27:46Z,scan_20260216T012745Z,historical,P2,P2__historical__version_4_0__htessel_lisflood__consolidated,cems-glofas-historical,version_4_0,htessel_lisflood,consolidated,1992-10-19,budget_exhausted,,budget,max attempts reached for combo,,
2026-02-16T01:27:46Z,scan_20260216T012745Z,historical,P2,P2__historical__version_4_0__htessel_lisflood__consolidated,cems-glofas-historical,version_4_0,htessel_lisflood,consolidated,1993-01-17,budget_exhausted,,budget,max attempts reached for combo,,
2026-02-16T01:27:46Z,scan_20260216T012745Z,historical,P2,P2__historical__version_4_0__htessel_lisflood__consolidated,cems-glofas-historical,version_4_0,htessel_lisflood,consolidated,1993-04-17,budget_exhausted,,budget,max attempts reached for combo,,
2026-02-16T01:27:46Z,scan_20260216T012745Z,historical,P2,P2__historical__version_4_0__htessel_lisflood__consolidated,cems-glofas-historical,version_4_0,htessel_lisflood,consolidated,1993-07-16,budget_exhausted,,budget,max attempts reached for combo,,
2026-02-16T01:27:46Z,scan_20260216T012745Z,historical,P2,P2__historical__version_4_0__htessel_lisflood__consolidated,cems-glofas-historical,version_4_0,htessel_lisflood,consolidated,1993-10-14,budget_exhausted,,budget,max attempts reached for combo,,
2026-02-16T01:27:46Z,scan_20260216T012745Z,historical,P2,P2__historical__version_4_0__htessel_lisflood__consolidated,cems-glofas-historical,version_4_0,htessel_lisflood,consolidated,1994-01-12,budget_exhausted,,budget,max attempts reached for combo,,
2026-02-16T01:27:46Z,scan_20260216T012745Z,historical,P2,P2__historical__version_4_0__htessel_lisflood__consolidated,cems-glofas-historical,version_4_0,htessel_lisflood,consolidated,1994-04-12,budget_exhausted,,budget,max attempts reached for combo,,
2026-02-16T01:27:46Z,scan_20260216T012745Z,historical,P2,P2__historical__version_4_0__htessel_lisflood__consolidated,cems-glofas-historical,version_4_0,htessel_lisflood,consolidated,1994-07-11,budget_exhausted,,budget,max attempts reached for combo,,
2026-02-16T01:27:46Z,scan_20260216T012745Z,historical,P2,P2__historical__version_4_0__htessel_lisflood__consolidated,cems-glofas-historical,version_4_0,htessel_lisflood,consolidated,1994-10-09,budget_exhausted,,budget,max attempts reached for combo,,
2026-02-16T01:27:46Z,scan_20260216T012745Z,historical,P2,P2__historical__version_4_0__htessel_lisflood__consolidated,cems-glofas-historical,version_4_0,htessel_lisflood,consolidated,1995-01-07,budget_exhausted,,budget,max attempts reached for combo,,
2026-02-16T01:27:46Z,scan_20260216T012745Z,historical,P2,P2__historical__version_4_0__htessel_lisflood__consolidated,cems-glofas-historical,version_4_0,htessel_lisflood,consolidated,1995-04-07,budget_exhausted,,budget,max attempts reached for combo,,
2026-02-16T01:27:46Z,scan_20260216T012745Z,historical,P2,P2__historical__version_4_0__htessel_lisflood__consolidated,cems-glofas-historical,version_4_0,htessel_lisflood,consolidated,1995-07-06,budget_exhausted,,budget,max attempts reached for combo,,
2026-02-16T01:27:46Z,scan_20260216T012745Z,historical,P2,P2__historical__version_4_0__htessel_lisflood__consolidated,cems-glofas-historical,version_4_0,htessel_lisflood,consolidated,1995-10-04,budget_exhausted,,budget,max attempts reached for combo,,
2026-02-16T01:27:46Z,scan_20260216T012745Z,historical,P2,P2__historical__version_4_0__htessel_lisflood__consolidated,cems-glofas-historical,version_4_0,htessel_lisflood,consolidated,1996-01-02,budget_exhausted,,budget,max attempts reached for combo,,
2026-02-16T01:27:46Z,scan_20260216T012745Z,historical,P2,P2__historical__version_4_0__htessel_lisflood__consolidated,cems-glofas-historical,version_4_0,htessel_lisflood,consolidated,1996-04-01,budget_exhausted,,budget,max attempts reached for combo,,
2026-02-16T01:27:46Z,scan_20260216T012745Z,historical,P2,P2__historical__version_4_0__htessel_lisflood__consolidated,cems-glofas-historical,version_4_0,htessel_lisflood,consolidated,1996-06-30,budget_exhausted,,budget,max attempts reached for combo,,
2026-02-16T01:27:46Z,scan_20260216T012745Z,historical,P2,P2__historical__version_4_0__htessel_lisflood__consolidated,cems-glofas-historical,version_4_0,htessel_lisflood,consolidated,1996-09-28,budget_exhausted,,budget,max attempts reached for combo,,
2026-02-16T01:27:46Z,scan_20260216T012745Z,historical,P2,P2__historical__version_4_0__htessel_lisflood__consolidated,cems-glofas-historical,version_4_0,htessel_lisflood,consolidated,1996-12-27,budget_exhausted,,budget,max attempts reached for combo,,
2026-02-16T01:27:46Z,scan_20260216T012745Z,historical,P2,P2__historical__version_4_0__htessel_lisflood__consolidated,cems-glofas-historical,version_4_0,htessel_lisflood,consolidated,1997-03-27,budget_exhausted,,budget,max attempts reached for combo,,
2026-02-16T01:27:46Z,scan_20260216T012745Z,historical,P2,P2__historical__version_4_0__htessel_lisflood__consolidated,cems-glofas-historical,version_4_0,htessel_lisflood,consolidated,1997-06-25,budget_exhausted,,budget,max attempts reached for combo,,
2026-02-16T01:27:46Z,scan_20260216T012745Z,historical,P2,P2__historical__version_4_0__htessel_lisflood__consolidated,cems-glofas-historical,version_4_0,htessel_lisflood,consolidated,1997-09-23,budget_exhausted,,budget,max attempts reached for combo,,
2026-02-16T01:27:46Z,scan_20260216T012745Z,historical,P2,P2__historical__version_4_0__htessel_lisflood__consolidated,cems-glofas-historical,version_4_0,htessel_lisflood,consolidated,1997-12-22,budget_exhausted,,budget,max attempts reached for combo,,
2026-02-16T01:27:46Z,scan_20260216T012745Z,historical,P2,P2__historical__version_4_0__htessel_lisflood__consolidated,cems-glofas-historical,version_4_0,htessel_lisflood,consolidated,1998-03-22,budget_exhausted,,budget,max attempts reached for combo,,
2026-02-16T01:27:46Z,scan_20260216T012745Z,historical,P2,P2__historical__version_4_0__htessel_lisflood__consolidated,cems-glofas-historical,version_4_0,htessel_lisflood,consolidated,1998-06-20,budget_exhausted,,budget,max attempts reached for combo,,
2026-02-16T01:27:46Z,scan_20260216T012745Z,historical,P2,P2__historical__version_4_0__htessel_lisflood__consolidated,cems-glofas-historical,version_4_0,htessel_lisflood,consolidated,1998-09-18,budget_exhausted,,budget,max attempts reached for combo,,
2026-02-16T01:27:46Z,scan_20260216T012745Z,historical,P2,P2__historical__version_4_0__htessel_lisflood__consolidated,cems-glofas-historical,version_4_0,htessel_lisflood,consolidated,1998-12-17,budget_exhausted,,budget,max attempts reached for combo,,
2026-02-16T01:27:46Z,scan_20260216T012745Z,historical,P2,P2__historical__version_4_0__htessel_lisflood__consolidated,cems-glofas-historical,version_4_0,htessel_lisflood,consolidated,1999-03-17,budget_exhausted,,budget,max attempts reached for combo,,
2026-02-16T01:27:46Z,scan_20260216T012745Z,historical,P2,P2__historical__version_4_0__htessel_lisflood__consolidated,cems-glofas-historical,version_4_0,htessel_lisflood,consolidated,1999-06-15,budget_exhausted,,budget,max attempts reached for combo,,
2026-02-16T01:27:46Z,scan_20260216T012745Z,historical,P2,P2__historical__version_4_0__htessel_lisflood__consolidated,cems-glofas-historical,version_4_0,htessel_lisflood,consolidated,1999-09-13,budget_exhausted,,budget,max attempts reached for combo,,
2026-02-16T01:27:46Z,scan_20260216T012745Z,historical,P2,P2__historical__version_4_0__htessel_lisflood__consolidated,cems-glofas-historical,version_4_0,htessel_lisflood,consolidated,1999-12-12,budget_exhausted,,budget,max attempts reached for combo,,
2026-02-16T01:27:46Z,scan_20260216T012745Z,historical,P2,P2__historical__version_4_0__htessel_lisflood__consolidated,cems-glofas-historical,version_4_0,htessel_lisflood,consolidated,2000-03-11,budget_exhausted,,budget,max attempts reached for combo,,
2026-02-16T01:27:46Z,scan_20260216T012745Z,historical,P2,P2__historical__version_4_0__htessel_lisflood__consolidated,cems-glofas-historical,version_4_0,htessel_lisflood,consolidated,2000-06-09,budget_exhausted,,budget,max attempts reached for combo,,
2026-02-16T01:27:46Z,scan_20260216T012745Z,historical,P2,P2__historical__version_4_0__htessel_lisflood__consolidated,cems-glofas-historical,version_4_0,htessel_lisflood,consolidated,2000-09-07,budget_exhausted,,budget,max attempts reached for combo,,
2026-02-16T01:27:46Z,scan_20260216T012745Z,historical,P2,P2__historical__version_4_0__htessel_lisflood__consolidated,cems-glofas-historical,version_4_0,htessel_lisflood,consolidated,2000-12-06,budget_exhausted,,budget,max attempts reached for combo,,
2026-02-16T01:27:46Z,scan_20260216T012745Z,historical,P2,P2__historical__version_4_0__htessel_lisflood__consolidated,cems-glofas-historical,version_4_0,htessel_lisflood,consolidated,2001-03-06,budget_exhausted,,budget,max attempts reached for combo,,
2026-02-16T01:27:46Z,scan_20260216T012745Z,historical,P2,P2__historical__version_4_0__htessel_lisflood__consolidated,cems-glofas-historical,version_4_0,htessel_lisflood,consolidated,2001-06-04,budget_exhausted,,budget,max attempts reached for combo,,
2026-02-16T01:27:46Z,scan_20260216T012745Z,historical,P2,P2__historical__version_4_0__htessel_lisflood__consolidated,cems-glofas-historical,version_4_0,htessel_lisflood,consolidated,2001-09-02,budget_exhausted,,budget,max attempts reached for combo,,
2026-02-16T01:27:46Z,scan_20260216T012745Z,historical,P2,P2__historical__version_4_0__htessel_lisflood__consolidated,cems-glofas-historical,version_4_0,htessel_lisflood,consolidated,2001-12-01,budget_exhausted,,budget,max attempts reached for combo,,
2026-02-16T01:27:46Z,scan_20260216T012745Z,historical,P2,P2__historical__version_4_0__htessel_lisflood__consolidated,cems-glofas-historical,version_4_0,htessel_lisflood,consolidated,2002-03-01,budget_exhausted,,budget,max attempts reached for combo,,
2026-02-16T01:27:46Z,scan_20260216T012745Z,historical,P2,P2__historical__version_4_0__htessel_lisflood__consolidated,cems-glofas-historical,version_4_0,htessel_lisflood,consolidated,2002-05-30,budget_exhausted,,budget,max attempts reached for combo,,
2026-02-16T01:27:46Z,scan_20260216T012745Z,historical,P2,P2__historical__version_4_0__htessel_lisflood__consolidated,cems-glofas-historical,version_4_0,htessel_lisflood,consolidated,2002-08-28,budget_exhausted,,budget,max attempts reached for combo,,
2026-02-16T01:27:46Z,scan_20260216T012745Z,historical,P2,P2__historical__version_4_0__htessel_lisflood__consolidated,cems-glofas-historical,version_4_0,htessel_lisflood,consolidated,2002-11-26,budget_exhausted,,budget,max attempts reached for combo,,
2026-02-16T01:27:46Z,scan_20260216T012745Z,historical,P2,P2__historical__version_4_0__htessel_lisflood__consolidated,cems-glofas-historical,version_4_0,htessel_lisflood,consolidated,2003-02-24,budget_exhausted,,budget,max attempts reached for combo,,
2026-02-16T01:27:46Z,scan_20260216T012745Z,historical,P2,P2__historical__version_4_0__htessel_lisflood__consolidated,cems-glofas-historical,version_4_0,htessel_lisflood,consolidated,2003-05-25,budget_exhausted,,budget,max attempts reached for combo,,
2026-02-16T01:27:46Z,scan_20260216T012745Z,historical,P2,P2__historical__version_4_0__htessel_lisflood__consolidated,cems-glofas-historical,version_4_0,htessel_lisflood,consolidated,2003-08-23,budget_exhausted,,budget,max attempts reached for combo,,
2026-02-16T01:27:46Z,scan_20260216T012745Z,historical,P2,P2__historical__version_4_0__htessel_lisflood__consolidated,cems-glofas-historical,version_4_0,htessel_lisflood,consolidated,2003-11-21,budget_exhausted,,budget,max attempts reached for combo,,
2026-02-16T01:27:46Z,scan_20260216T012745Z,historical,P2,P2__historical__version_4_0__htessel_lisflood__consolidated,cems-glofas-historical,version_4_0,htessel_lisflood,consolidated,2004-02-19,budget_exhausted,,budget,max attempts reached for combo,,
2026-02-16T01:27:46Z,scan_20260216T012745Z,historical,P2,P2__historical__version_4_0__htessel_lisflood__consolidated,cems-glofas-historical,version_4_0,htessel_lisflood,consolidated,2004-05-19,budget_exhausted,,budget,max attempts reached for combo,,
2026-02-16T01:27:46Z,scan_20260216T012745Z,historical,P2,P2__historical__version_4_0__htessel_lisflood__consolidated,cems-glofas-historical,version_4_0,htessel_lisflood,consolidated,2004-08-17,budget_exhausted,,budget,max attempts reached for combo,,
2026-02-16T01:27:46Z,scan_20260216T012745Z,historical,P2,P2__historical__version_4_0__htessel_lisflood__consolidated,cems-glofas-historical,version_4_0,htessel_lisflood,consolidated,2004-11-15,budget_exhausted,,budget,max attempts reached for combo,,
2026-02-16T01:27:46Z,scan_20260216T012745Z,historical,P2,P2__historical__version_4_0__htessel_lisflood__consolidated,cems-glofas-historical,version_4_0,htessel_lisflood,consolidated,2005-02-13,budget_exhausted,,budget,max attempts reached for combo,,
2026-02-16T01:27:46Z,scan_20260216T012745Z,historical,P2,P2__historical__version_4_0__htessel_lisflood__consolidated,cems-glofas-historical,version_4_0,htessel_lisflood,consolidated,2005-05-14,budget_exhausted,,budget,max attempts reached for combo,,
2026-02-16T01:27:46Z,scan_20260216T012745Z,historical,P2,P2__historical__version_4_0__htessel_lisflood__consolidated,cems-glofas-historical,version_4_0,htessel_lisflood,consolidated,2005-08-12,budget_exhausted,,budget,max attempts reached for combo,,
2026-02-16T01:27:46Z,scan_20260216T012745Z,historical,P2,P2__historical__version_4_0__htessel_lisflood__consolidated,cems-glofas-historical,version_4_0,htessel_lisflood,consolidated,2005-11-10,budget_exhausted,,budget,max attempts reached for combo,,
2026-02-16T01:27:46Z,scan_20260216T012745Z,historical,P2,P2__historical__version_4_0__htessel_lisflood__consolidated,cems-glofas-historical,version_4_0,htessel_lisflood,consolidated,2006-02-08,budget_exhausted,,budget,max attempts reached for combo,,
2026-02-16T01:27:46Z,scan_20260216T012745Z,historical,P2,P2__historical__version_4_0__htessel_lisflood__consolidated,cems-glofas-historical,version_4_0,htessel_lisflood,consolidated,2006-05-09,budget_exhausted,,budget,max attempts reached for combo,,
2026-02-16T01:27:46Z,scan_20260216T012745Z,historical,P2,P2__historical__version_4_0__htessel_lisflood__consolidated,cems-glofas-historical,version_4_0,htessel_lisflood,consolidated,2006-08-07,budget_exhausted,,budget,max attempts reached for combo,,
2026-02-16T01:27:46Z,scan_20260216T012745Z,historical,P2,P2__historical__version_4_0__htessel_lisflood__consolidated,cems-glofas-historical,version_4_0,htessel_lisflood,consolidated,2006-11-05,budget_exhausted,,budget,max attempts reached for combo,,
2026-02-16T01:27:46Z,scan_20260216T012745Z,historical,P2,P2__historical__version_4_0__htessel_lisflood__consolidated,cems-glofas-historical,version_4_0,htessel_lisflood,consolidated,2007-02-03,budget_exhausted,,budget,max attempts reached for combo,,
2026-02-16T01:27:46Z,scan_20260216T012745Z,historical,P2,P2__historical__version_4_0__htessel_lisflood__consolidated,cems-glofas-historical,version_4_0,htessel_lisflood,consolidated,2007-05-04,budget_exhausted,,budget,max attempts reached for combo,,
2026-02-16T01:27:46Z,scan_20260216T012745Z,historical,P2,P2__historical__version_4_0__htessel_lisflood__consolidated,cems-glofas-historical,version_4_0,htessel_lisflood,consolidated,2007-08-02,budget_exhausted,,budget,max attempts reached for combo,,
2026-02-16T01:27:46Z,scan_20260216T012745Z,historical,P2,P2__historical__version_4_0__htessel_lisflood__consolidated,cems-glofas-historical,version_4_0,htessel_lisflood,consolidated,2007-10-31,budget_exhausted,,budget,max attempts reached for combo,,
2026-02-16T01:27:46Z,scan_20260216T012745Z,historical,P2,P2__historical__version_4_0__htessel_lisflood__consolidated,cems-glofas-historical,version_4_0,htessel_lisflood,consolidated,2008-01-29,budget_exhausted,,budget,max attempts reached for combo,,
2026-02-16T01:27:46Z,scan_20260216T012745Z,historical,P2,P2__historical__version_4_0__htessel_lisflood__consolidated,cems-glofas-historical,version_4_0,htessel_lisflood,consolidated,2008-04-28,budget_exhausted,,budget,max attempts reached for combo,,
2026-02-16T01:27:46Z,scan_20260216T012745Z,historical,P2,P2__historical__version_4_0__htessel_lisflood__consolidated,cems-glofas-historical,version_4_0,htessel_lisflood,consolidated,2008-07-27,budget_exhausted,,budget,max attempts reached for combo,,
2026-02-16T01:27:46Z,scan_20260216T012745Z,historical,P2,P2__historical__version_4_0__htessel_lisflood__consolidated,cems-glofas-historical,version_4_0,htessel_lisflood,consolidated,2008-10-25,budget_exhausted,,budget,max attempts reached for combo,,
2026-02-16T01:27:46Z,scan_20260216T012745Z,historical,P2,P2__historical__version_4_0__htessel_lisflood__consolidated,cems-glofas-historical,version_4_0,htessel_lisflood,consolidated,2009-01-23,budget_exhausted,,budget,max attempts reached for combo,,
2026-02-16T01:27:46Z,scan_20260216T012745Z,historical,P2,P2__historical__version_4_0__htessel_lisflood__consolidated,cems-glofas-historical,version_4_0,htessel_lisflood,consolidated,2009-04-23,budget_exhausted,,budget,max attempts reached for combo,,
2026-02-16T01:27:46Z,scan_20260216T012745Z,historical,P2,P2__historical__version_4_0__htessel_lisflood__consolidated,cems-glofas-historical,version_4_0,htessel_lisflood,consolidated,2009-07-22,budget_exhausted,,budget,max attempts reached for combo,,
2026-02-16T01:27:46Z,scan_20260216T012745Z,historical,P2,P2__historical__version_4_0__htessel_lisflood__consolidated,cems-glofas-historical,version_4_0,htessel_lisflood,consolidated,2009-10-20,budget_exhausted,,budget,max attempts reached for combo,,
2026-02-16T01:27:46Z,scan_20260216T012745Z,historical,P2,P2__historical__version_4_0__htessel_lisflood__consolidated,cems-glofas-historical,version_4_0,htessel_lisflood,consolidated,2010-01-18,budget_exhausted,,budget,max attempts reached for combo,,
2026-02-16T01:27:46Z,scan_20260216T012745Z,historical,P2,P2__historical__version_4_0__htessel_lisflood__consolidated,cems-glofas-historical,version_4_0,htessel_lisflood,consolidated,2010-04-18,budget_exhausted,,budget,max attempts reached for combo,,
2026-02-16T01:27:46Z,scan_20260216T012745Z,historical,P2,P2__historical__version_4_0__htessel_lisflood__consolidated,cems-glofas-historical,version_4_0,htessel_lisflood,consolidated,2010-07-17,budget_exhausted,,budget,max attempts reached for combo,,
2026-02-16T01:27:46Z,scan_20260216T012745Z,historical,P2,P2__historical__version_4_0__htessel_lisflood__consolidated,cems-glofas-historical,version_4_0,htessel_lisflood,consolidated,2010-10-15,budget_exhausted,,budget,max attempts reached for combo,,
2026-02-16T01:27:46Z,scan_20260216T012745Z,historical,P2,P2__historical__version_4_0__htessel_lisflood__consolidated,cems-glofas-historical,version_4_0,htessel_lisflood,consolidated,2011-01-13,budget_exhausted,,budget,max attempts reached for combo,,
2026-02-16T01:27:46Z,scan_20260216T012745Z,historical,P2,P2__historical__version_4_0__htessel_lisflood__consolidated,cems-glofas-historical,version_4_0,htessel_lisflood,consolidated,2011-04-13,budget_exhausted,,budget,max attempts reached for combo,,
2026-02-16T01:27:46Z,scan_20260216T012745Z,historical,P2,P2__historical__version_4_0__htessel_lisflood__consolidated,cems-glofas-historical,version_4_0,htessel_lisflood,consolidated,2011-07-12,budget_exhausted,,budget,max attempts reached for combo,,
2026-02-16T01:27:46Z,scan_20260216T012745Z,historical,P2,P2__historical__version_4_0__htessel_lisflood__consolidated,cems-glofas-historical,version_4_0,htessel_lisflood,consolidated,2011-10-10,budget_exhausted,,budget,max attempts reached for combo,,
2026-02-16T01:27:46Z,scan_20260216T012745Z,historical,P2,P2__historical__version_4_0__htessel_lisflood__consolidated,cems-glofas-historical,version_4_0,htessel_lisflood,consolidated,2012-01-08,budget_exhausted,,budget,max attempts reached for combo,,
2026-02-16T01:27:46Z,scan_20260216T012745Z,historical,P2,P2__historical__version_4_0__htessel_lisflood__consolidated,cems-glofas-historical,version_4_0,htessel_lisflood,consolidated,2012-04-07,budget_exhausted,,budget,max attempts reached for combo,,
2026-02-16T01:27:46Z,scan_20260216T012745Z,historical,P2,P2__historical__version_4_0__htessel_lisflood__consolidated,cems-glofas-historical,version_4_0,htessel_lisflood,consolidated,2012-07-06,budget_exhausted,,budget,max attempts reached for combo,,
2026-02-16T01:27:46Z,scan_20260216T012745Z,historical,P2,P2__historical__version_4_0__htessel_lisflood__consolidated,cems-glofas-historical,version_4_0,htessel_lisflood,consolidated,2012-10-04,budget_exhausted,,budget,max attempts reached for combo,,
2026-02-16T01:27:46Z,scan_20260216T012745Z,historical,P2,P2__historical__version_4_0__htessel_lisflood__consolidated,cems-glofas-historical,version_4_0,htessel_lisflood,consolidated,2013-01-02,budget_exhausted,,budget,max attempts reached for combo,,
2026-02-16T01:27:46Z,scan_20260216T012745Z,historical,P2,P2__historical__version_4_0__htessel_lisflood__consolidated,cems-glofas-historical,version_4_0,htessel_lisflood,consolidated,2013-04-02,budget_exhausted,,budget,max attempts reached for combo,,
2026-02-16T01:27:46Z,scan_20260216T012745Z,historical,P2,P2__historical__version_4_0__htessel_lisflood__consolidated,cems-glofas-historical,version_4_0,htessel_lisflood,consolidated,2013-07-01,budget_exhausted,,budget,max attempts reached for combo,,
2026-02-16T01:27:46Z,scan_20260216T012745Z,historical,P2,P2__historical__version_4_0__htessel_lisflood__consolidated,cems-glofas-historical,version_4_0,htessel_lisflood,consolidated,2013-09-29,budget_exhausted,,budget,max attempts reached for combo,,
2026-02-16T01:27:46Z,scan_20260216T012745Z,historical,P2,P2__historical__version_4_0__htessel_lisflood__consolidated,cems-glofas-historical,version_4_0,htessel_lisflood,consolidated,2013-12-28,budget_exhausted,,budget,max attempts reached for combo,,
2026-02-16T01:27:46Z,scan_20260216T012745Z,historical,P2,P2__historical__version_4_0__htessel_lisflood__consolidated,cems-glofas-historical,version_4_0,htessel_lisflood,consolidated,2014-03-28,budget_exhausted,,budget,max attempts reached for combo,,
2026-02-16T01:27:46Z,scan_20260216T012745Z,historical,P2,P2__historical__version_4_0__htessel_lisflood__consolidated,cems-glofas-historical,version_4_0,htessel_lisflood,consolidated,2014-06-26,budget_exhausted,,budget,max attempts reached for combo,,
2026-02-16T01:27:46Z,scan_20260216T012745Z,historical,P2,P2__historical__version_4_0__htessel_lisflood__consolidated,cems-glofas-historical,version_4_0,htessel_lisflood,consolidated,2014-09-24,budget_exhausted,,budget,max attempts reached for combo,,
2026-02-16T01:27:46Z,scan_20260216T012745Z,historical,P2,P2__historical__version_4_0__htessel_lisflood__consolidated,cems-glofas-historical,version_4_0,htessel_lisflood,consolidated,2014-12-23,budget_exhausted,,budget,max attempts reached for combo,,
2026-02-16T01:27:46Z,scan_20260216T012745Z,historical,P2,P2__historical__version_4_0__htessel_lisflood__consolidated,cems-glofas-historical,version_4_0,htessel_lisflood,consolidated,2015-03-23,budget_exhausted,,budget,max attempts reached for combo,,
2026-02-16T01:27:46Z,scan_20260216T012745Z,historical,P2,P2__historical__version_4_0__htessel_lisflood__consolidated,cems-glofas-historical,version_4_0,htessel_lisflood,consolidated,2015-06-21,budget_exhausted,,budget,max attempts reached for combo,,
2026-02-16T01:27:46Z,scan_20260216T012745Z,historical,P2,P2__historical__version_4_0__htessel_lisflood__consolidated,cems-glofas-historical,version_4_0,htessel_lisflood,consolidated,2015-09-19,budget_exhausted,,budget,max attempts reached for combo,,
2026-02-16T01:27:46Z,scan_20260216T012745Z,historical,P2,P2__historical__version_4_0__htessel_lisflood__consolidated,cems-glofas-historical,version_4_0,htessel_lisflood,consolidated,2015-12-18,budget_exhausted,,budget,max attempts reached for combo,,
2026-02-16T01:27:46Z,scan_20260216T012745Z,historical,P2,P2__historical__version_4_0__htessel_lisflood__consolidated,cems-glofas-historical,version_4_0,htessel_lisflood,consolidated,2016-03-17,budget_exhausted,,budget,max attempts reached for combo,,
2026-02-16T01:27:46Z,scan_20260216T012745Z,historical,P2,P2__historical__version_4_0__htessel_lisflood__consolidated,cems-glofas-historical,version_4_0,htessel_lisflood,consolidated,2016-06-15,budget_exhausted,,budget,max attempts reached for combo,,
2026-02-16T01:27:46Z,scan_20260216T012745Z,historical,P2,P2__historical__version_4_0__htessel_lisflood__consolidated,cems-glofas-historical,version_4_0,htessel_lisflood,consolidated,2016-09-13,budget_exhausted,,budget,max attempts reached for combo,,
2026-02-16T01:27:46Z,scan_20260216T012745Z,historical,P2,P2__historical__version_4_0__htessel_lisflood__consolidated,cems-glofas-historical,version_4_0,htessel_lisflood,consolidated,2016-12-12,budget_exhausted,,budget,max attempts reached for combo,,
2026-02-16T01:27:46Z,scan_20260216T012745Z,historical,P2,P2__historical__version_4_0__htessel_lisflood__consolidated,cems-glofas-historical,version_4_0,htessel_lisflood,consolidated,2017-03-12,budget_exhausted,,budget,max attempts reached for combo,,
2026-02-16T01:27:46Z,scan_20260216T012745Z,historical,P2,P2__historical__version_4_0__htessel_lisflood__consolidated,cems-glofas-historical,version_4_0,htessel_lisflood,consolidated,2017-06-10,budget_exhausted,,budget,max attempts reached for combo,,
2026-02-16T01:27:46Z,scan_20260216T012745Z,historical,P2,P2__historical__version_4_0__htessel_lisflood__consolidated,cems-glofas-historical,version_4_0,htessel_lisflood,consolidated,2017-09-08,budget_exhausted,,budget,max attempts reached for combo,,
2026-02-16T01:27:46Z,scan_20260216T012745Z,historical,P2,P2__historical__version_4_0__htessel_lisflood__consolidated,cems-glofas-historical,version_4_0,htessel_lisflood,consolidated,2017-12-07,budget_exhausted,,budget,max attempts reached for combo,,
2026-02-16T01:27:46Z,scan_20260216T012745Z,historical,P2,P2__historical__version_4_0__htessel_lisflood__consolidated,cems-glofas-historical,version_4_0,htessel_lisflood,consolidated,2018-03-07,budget_exhausted,,budget,max attempts reached for combo,,
2026-02-16T01:27:46Z,scan_20260216T012745Z,historical,P2,P2__historical__version_4_0__htessel_lisflood__consolidated,cems-glofas-historical,version_4_0,htessel_lisflood,consolidated,2018-06-05,budget_exhausted,,budget,max attempts reached for combo,,
2026-02-16T01:27:46Z,scan_20260216T012745Z,historical,P2,P2__historical__version_4_0__htessel_lisflood__consolidated,cems-glofas-historical,version_4_0,htessel_lisflood,consolidated,2018-09-03,budget_exhausted,,budget,max attempts reached for combo,,
2026-02-16T01:27:46Z,scan_20260216T012745Z,historical,P2,P2__historical__version_4_0__htessel_lisflood__consolidated,cems-glofas-historical,version_4_0,htessel_lisflood,consolidated,2018-12-02,budget_exhausted,,budget,max attempts reached for combo,,
2026-02-16T01:27:46Z,scan_20260216T012745Z,historical,P2,P2__historical__version_4_0__htessel_lisflood__consolidated,cems-glofas-historical,version_4_0,htessel_lisflood,consolidated,2019-03-02,budget_exhausted,,budget,max attempts reached for combo,,
2026-02-16T01:27:46Z,scan_20260216T012745Z,historical,P2,P2__historical__version_4_0__htessel_lisflood__consolidated,cems-glofas-historical,version_4_0,htessel_lisflood,consolidated,2019-05-31,budget_exhausted,,budget,max attempts reached for combo,,
2026-02-16T01:27:46Z,scan_20260216T012745Z,historical,P2,P2__historical__version_4_0__htessel_lisflood__consolidated,cems-glofas-historical,version_4_0,htessel_lisflood,consolidated,2019-08-29,budget_exhausted,,budget,max attempts reached for combo,,
2026-02-16T01:27:46Z,scan_20260216T012745Z,historical,P2,P2__historical__version_4_0__htessel_lisflood__consolidated,cems-glofas-historical,version_4_0,htessel_lisflood,consolidated,2019-11-27,budget_exhausted,,budget,max attempts reached for combo,,
2026-02-16T01:27:46Z,scan_20260216T012745Z,historical,P2,P2__historical__version_4_0__htessel_lisflood__consolidated,cems-glofas-historical,version_4_0,htessel_lisflood,consolidated,2020-02-25,budget_exhausted,,budget,max attempts reached for combo,,
2026-02-16T01:27:46Z,scan_20260216T012745Z,historical,P2,P2__historical__version_4_0__htessel_lisflood__consolidated,cems-glofas-historical,version_4_0,htessel_lisflood,consolidated,2020-05-25,budget_exhausted,,budget,max attempts reached for combo,,
2026-02-16T01:27:46Z,scan_20260216T012745Z,historical,P2,P2__historical__version_4_0__htessel_lisflood__consolidated,cems-glofas-historical,version_4_0,htessel_lisflood,consolidated,2020-08-23,budget_exhausted,,budget,max attempts reached for combo,,
2026-02-16T01:27:46Z,scan_20260216T012745Z,historical,P2,P2__historical__version_4_0__htessel_lisflood__consolidated,cems-glofas-historical,version_4_0,htessel_lisflood,consolidated,2020-11-21,budget_exhausted,,budget,max attempts reached for combo,,
2026-02-16T01:27:46Z,scan_20260216T012745Z,historical,P2,P2__historical__version_4_0__htessel_lisflood__consolidated,cems-glofas-historical,version_4_0,htessel_lisflood,consolidated,2021-02-19,budget_exhausted,,budget,max attempts reached for combo,,
2026-02-16T01:27:46Z,scan_20260216T012745Z,historical,P2,P2__historical__version_4_0__htessel_lisflood__consolidated,cems-glofas-historical,version_4_0,htessel_lisflood,consolidated,2021-05-20,budget_exhausted,,budget,max attempts reached for combo,,
2026-02-16T01:27:46Z,scan_20260216T012745Z,historical,P2,P2__historical__version_4_0__htessel_lisflood__consolidated,cems-glofas-historical,version_4_0,htessel_lisflood,consolidated,2021-08-18,budget_exhausted,,budget,max attempts reached for combo,,
2026-02-16T01:27:46Z,scan_20260216T012745Z,historical,P2,P2__historical__version_4_0__htessel_lisflood__consolidated,cems-glofas-historical,version_4_0,htessel_lisflood,consolidated,2021-11-16,budget_exhausted,,budget,max attempts reached for combo,,
2026-02-16T01:27:46Z,scan_20260216T012745Z,historical,P2,P2__historical__version_4_0__htessel_lisflood__consolidated,cems-glofas-historical,version_4_0,htessel_lisflood,consolidated,2022-02-14,budget_exhausted,,budget,max attempts reached for combo,,
2026-02-16T01:27:46Z,scan_20260216T012745Z,historical,P2,P2__historical__version_4_0__htessel_lisflood__consolidated,cems-glofas-historical,version_4_0,htessel_lisflood,consolidated,2022-05-15,budget_exhausted,,budget,max attempts reached for combo,,
2026-02-16T01:27:46Z,scan_20260216T012745Z,historical,P2,P2__historical__version_4_0__htessel_lisflood__consolidated,cems-glofas-historical,version_4_0,htessel_lisflood,consolidated,2022-08-13,budget_exhausted,,budget,max attempts reached for combo,,
2026-02-16T01:27:46Z,scan_20260216T012745Z,historical,P2,P2__historical__version_4_0__htessel_lisflood__consolidated,cems-glofas-historical,version_4_0,htessel_lisflood,consolidated,2022-11-11,budget_exhausted,,budget,max attempts reached for combo,,
2026-02-16T01:27:46Z,scan_20260216T012745Z,historical,P2,P2__historical__version_4_0__htessel_lisflood__consolidated,cems-glofas-historical,version_4_0,htessel_lisflood,consolidated,2023-02-09,budget_exhausted,,budget,max attempts reached for combo,,
2026-02-16T01:27:46Z,scan_20260216T012745Z,historical,P2,P2__historical__version_4_0__htessel_lisflood__consolidated,cems-glofas-historical,version_4_0,htessel_lisflood,consolidated,2023-05-10,budget_exhausted,,budget,max attempts reached for combo,,
2026-02-16T01:27:46Z,scan_20260216T012745Z,historical,P2,P2__historical__version_4_0__htessel_lisflood__consolidated,cems-glofas-historical,version_4_0,htessel_lisflood,consolidated,2023-08-08,budget_exhausted,,budget,max attempts reached for combo,,
2026-02-16T01:27:46Z,scan_20260216T012745Z,historical,P2,P2__historical__version_4_0__htessel_lisflood__consolidated,cems-glofas-historical,version_4_0,htessel_lisflood,consolidated,2023-11-06,budget_exhausted,,budget,max attempts reached for combo,,
2026-02-16T01:27:46Z,scan_20260216T012745Z,historical,P2,P2__historical__version_4_0__htessel_lisflood__consolidated,cems-glofas-historical,version_4_0,htessel_lisflood,consolidated,2024-02-04,budget_exhausted,,budget,max attempts reached for combo,,
2026-02-16T01:27:46Z,scan_20260216T012745Z,historical,P2,P2__historical__version_4_0__htessel_lisflood__consolidated,cems-glofas-historical,version_4_0,htessel_lisflood,consolidated,2024-05-04,budget_exhausted,,budget,max attempts reached for combo,,
2026-02-16T01:27:46Z,scan_20260216T012745Z,historical,P2,P2__historical__version_4_0__htessel_lisflood__consolidated,cems-glofas-historical,version_4_0,htessel_lisflood,consolidated,2024-08-02,budget_exhausted,,budget,max attempts reached for combo,,
2026-02-16T01:27:46Z,scan_20260216T012745Z,historical,P2,P2__historical__version_4_0__htessel_lisflood__consolidated,cems-glofas-historical,version_4_0,htessel_lisflood,consolidated,2024-10-31,budget_exhausted,,budget,max attempts reached for combo,,
2026-02-16T01:27:46Z,scan_20260216T012745Z,historical,P2,P2__historical__version_4_0__htessel_lisflood__consolidated,cems-glofas-historical,version_4_0,htessel_lisflood,consolidated,2025-01-29,budget_exhausted,,budget,max attempts reached for combo,,
2026-02-16T01:27:46Z,scan_20260216T012745Z,historical,P2,P2__historical__version_4_0__htessel_lisflood__consolidated,cems-glofas-historical,version_4_0,htessel_lisflood,consolidated,2025-04-29,budget_exhausted,,budget,max attempts reached for combo,,
2026-02-16T01:27:46Z,scan_20260216T012745Z,historical,P2,P2__historical__version_4_0__htessel_lisflood__consolidated,cems-glofas-historical,version_4_0,htessel_lisflood,consolidated,2025-07-28,budget_exhausted,,budget,max attempts reached for combo,,
2026-02-16T01:27:46Z,scan_20260216T012745Z,historical,P2,P2__historical__version_4_0__htessel_lisflood__consolidated,cems-glofas-historical,version_4_0,htessel_lisflood,consolidated,2025-10-26,budget_exhausted,,budget,max attempts reached for combo,,
2026-02-16T01:27:46Z,scan_20260216T012745Z,historical,P2,P2__historical__version_4_0__htessel_lisflood__consolidated,cems-glofas-historical,version_4_0,htessel_lisflood,consolidated,2026-01-24,budget_exhausted,,budget,max attempts reached for combo,,
2026-02-16T01:27:46Z,scan_20260216T012745Z,historical,P2,P2__historical__version_4_0__lisflood__consolidated,cems-glofas-historical,version_4_0,lisflood,consolidated,2023-03-27,dry_run,,dry_run,probe not executed in dry-run mode,repro/glofas_coverage_scan_runs/scan_20260216T012745Z/downloads/historical/P2__historical__version_4_0__lisflood__consolidated/2023-03-27.zip,"{""area"": [37.2443931, -122.272464, 36.8443931, -121.872464], ""data_format"": ""grib2"", ""download_format"": ""zip"", ""hday"": [""27""], ""hmonth"": [""03""], ""hydrological_model"": [""lisflood""], ""hyear"": [""2023""], ""product_type"": [""consolidated""], ""system_version"": [""version_4_0""], ""variable"": [""river_discharge_in_the_last_24_hours""]}"
2026-02-16T01:27:46Z,scan_20260216T012745Z,historical,P2,P2__historical__version_4_0__lisflood__consolidated,cems-glofas-historical,version_4_0,lisflood,consolidated,2021-01-04,dry_run,,dry_run,probe not executed in dry-run mode,repro/glofas_coverage_scan_runs/scan_20260216T012745Z/downloads/historical/P2__historical__version_4_0__lisflood__consolidated/2021-01-04.zip,"{""area"": [37.2443931, -122.272464, 36.8443931, -121.872464], ""data_format"": ""grib2"", ""download_format"": ""zip"", ""hday"": [""04""], ""hmonth"": [""01""], ""hydrological_model"": [""lisflood""], ""hyear"": [""2021""], ""product_type"": [""consolidated""], ""system_version"": [""version_4_0""], ""variable"": [""river_discharge_in_the_last_24_hours""]}"
2026-02-16T01:27:46Z,scan_20260216T012745Z,historical,P2,P2__historical__version_4_0__lisflood__consolidated,cems-glofas-historical,version_4_0,lisflood,consolidated,1979-01-01,dry_run,,dry_run,probe not executed in dry-run mode,repro/glofas_coverage_scan_runs/scan_20260216T012745Z/downloads/historical/P2__historical__version_4_0__lisflood__consolidated/1979-01-01.zip,"{""area"": [37.2443931, -122.272464, 36.8443931, -121.872464], ""data_format"": ""grib2"", ""download_format"": ""zip"", ""hday"": [""01""], ""hmonth"": [""01""], ""hydrological_model"": [""lisflood""], ""hyear"": [""1979""], ""product_type"": [""consolidated""], ""system_version"": [""version_4_0""], ""variable"": [""river_discharge_in_the_last_24_hours""]}"
2026-02-16T01:27:46Z,scan_20260216T012745Z,historical,P2,P2__historical__version_4_0__lisflood__consolidated,cems-glofas-historical,version_4_0,lisflood,consolidated,2026-02-15,dry_run,,dry_run,probe not executed in dry-run mode,repro/glofas_coverage_scan_runs/scan_20260216T012745Z/downloads/historical/P2__historical__version_4_0__lisflood__consolidated/2026-02-15.zip,"{""area"": [37.2443931, -122.272464, 36.8443931, -121.872464], ""data_format"": ""grib2"", ""download_format"": ""zip"", ""hday"": [""15""], ""hmonth"": [""02""], ""hydrological_model"": [""lisflood""], ""hyear"": [""2026""], ""product_type"": [""consolidated""], ""system_version"": [""version_4_0""], ""variable"": [""river_discharge_in_the_last_24_hours""]}"
2026-02-16T01:27:46Z,scan_20260216T012745Z,historical,P2,P2__historical__version_4_0__lisflood__consolidated,cems-glofas-historical,version_4_0,lisflood,consolidated,2002-07-25,dry_run,,dry_run,probe not executed in dry-run mode,repro/glofas_coverage_scan_runs/scan_20260216T012745Z/downloads/historical/P2__historical__version_4_0__lisflood__consolidated/2002-07-25.zip,"{""area"": [37.2443931, -122.272464, 36.8443931, -121.872464], ""data_format"": ""grib2"", ""download_format"": ""zip"", ""hday"": [""25""], ""hmonth"": [""07""], ""hydrological_model"": [""lisflood""], ""hyear"": [""2002""], ""product_type"": [""consolidated""], ""system_version"": [""version_4_0""], ""variable"": [""river_discharge_in_the_last_24_hours""]}"
2026-02-16T01:27:46Z,scan_20260216T012745Z,historical,P2,P2__historical__version_4_0__lisflood__consolidated,cems-glofas-historical,version_4_0,lisflood,consolidated,1979-04-01,dry_run,,dry_run,probe not executed in dry-run mode,repro/glofas_coverage_scan_runs/scan_20260216T012745Z/downloads/historical/P2__historical__version_4_0__lisflood__consolidated/1979-04-01.zip,"{""area"": [37.2443931, -122.272464, 36.8443931, -121.872464], ""data_format"": ""grib2"", ""download_format"": ""zip"", ""hday"": [""01""], ""hmonth"": [""04""], ""hydrological_model"": [""lisflood""], ""hyear"": [""1979""], ""product_type"": [""consolidated""], ""system_version"": [""version_4_0""], ""variable"": [""river_discharge_in_the_last_24_hours""]}"
2026-02-16T01:27:46Z,scan_20260216T012745Z,historical,P2,P2__historical__version_4_0__lisflood__consolidated,cems-glofas-historical,version_4_0,lisflood,consolidated,1979-06-30,budget_exhausted,,budget,max attempts reached for combo,,
2026-02-16T01:27:46Z,scan_20260216T012745Z,historical,P2,P2__historical__version_4_0__lisflood__consolidated,cems-glofas-historical,version_4_0,lisflood,consolidated,1979-09-28,budget_exhausted,,budget,max attempts reached for combo,,
2026-02-16T01:27:46Z,scan_20260216T012745Z,historical,P2,P2__historical__version_4_0__lisflood__consolidated,cems-glofas-historical,version_4_0,lisflood,consolidated,1979-12-27,budget_exhausted,,budget,max attempts reached for combo,,
2026-02-16T01:27:46Z,scan_20260216T012745Z,historical,P2,P2__historical__version_4_0__lisflood__consolidated,cems-glofas-historical,version_4_0,lisflood,consolidated,1980-03-26,budget_exhausted,,budget,max attempts reached for combo,,
2026-02-16T01:27:46Z,scan_20260216T012745Z,historical,P2,P2__historical__version_4_0__lisflood__consolidated,cems-glofas-historical,version_4_0,lisflood,consolidated,1980-06-24,budget_exhausted,,budget,max attempts reached for combo,,
2026-02-16T01:27:46Z,scan_20260216T012745Z,historical,P2,P2__historical__version_4_0__lisflood__consolidated,cems-glofas-historical,version_4_0,lisflood,consolidated,1980-09-22,budget_exhausted,,budget,max attempts reached for combo,,
2026-02-16T01:27:46Z,scan_20260216T012745Z,historical,P2,P2__historical__version_4_0__lisflood__consolidated,cems-glofas-historical,version_4_0,lisflood,consolidated,1980-12-21,budget_exhausted,,budget,max attempts reached for combo,,
2026-02-16T01:27:46Z,scan_20260216T012745Z,historical,P2,P2__historical__version_4_0__lisflood__consolidated,cems-glofas-historical,version_4_0,lisflood,consolidated,1981-03-21,budget_exhausted,,budget,max attempts reached for combo,,
2026-02-16T01:27:46Z,scan_20260216T012745Z,historical,P2,P2__historical__version_4_0__lisflood__consolidated,cems-glofas-historical,version_4_0,lisflood,consolidated,1981-06-19,budget_exhausted,,budget,max attempts reached for combo,,
2026-02-16T01:27:46Z,scan_20260216T012745Z,historical,P2,P2__historical__version_4_0__lisflood__consolidated,cems-glofas-historical,version_4_0,lisflood,consolidated,1981-09-17,budget_exhausted,,budget,max attempts reached for combo,,
2026-02-16T01:27:46Z,scan_20260216T012745Z,historical,P2,P2__historical__version_4_0__lisflood__consolidated,cems-glofas-historical,version_4_0,lisflood,consolidated,1981-12-16,budget_exhausted,,budget,max attempts reached for combo,,
2026-02-16T01:27:46Z,scan_20260216T012745Z,historical,P2,P2__historical__version_4_0__lisflood__consolidated,cems-glofas-historical,version_4_0,lisflood,consolidated,1982-03-16,budget_exhausted,,budget,max attempts reached for combo,,
2026-02-16T01:27:46Z,scan_20260216T012745Z,historical,P2,P2__historical__version_4_0__lisflood__consolidated,cems-glofas-historical,version_4_0,lisflood,consolidated,1982-06-14,budget_exhausted,,budget,max attempts reached for combo,,
2026-02-16T01:27:46Z,scan_20260216T012745Z,historical,P2,P2__historical__version_4_0__lisflood__consolidated,cems-glofas-historical,version_4_0,lisflood,consolidated,1982-09-12,budget_exhausted,,budget,max attempts reached for combo,,
2026-02-16T01:27:46Z,scan_20260216T012745Z,historical,P2,P2__historical__version_4_0__lisflood__consolidated,cems-glofas-historical,version_4_0,lisflood,consolidated,1982-12-11,budget_exhausted,,budget,max attempts reached for combo,,
2026-02-16T01:27:46Z,scan_20260216T012745Z,historical,P2,P2__historical__version_4_0__lisflood__consolidated,cems-glofas-historical,version_4_0,lisflood,consolidated,1983-03-11,budget_exhausted,,budget,max attempts reached for combo,,
2026-02-16T01:27:46Z,scan_20260216T012745Z,historical,P2,P2__historical__version_4_0__lisflood__consolidated,cems-glofas-historical,version_4_0,lisflood,consolidated,1983-06-09,budget_exhausted,,budget,max attempts reached for combo,,
2026-02-16T01:27:46Z,scan_20260216T012745Z,historical,P2,P2__historical__version_4_0__lisflood__consolidated,cems-glofas-historical,version_4_0,lisflood,consolidated,1983-09-07,budget_exhausted,,budget,max attempts reached for combo,,
2026-02-16T01:27:46Z,scan_20260216T012745Z,historical,P2,P2__historical__version_4_0__lisflood__consolidated,cems-glofas-historical,version_4_0,lisflood,consolidated,1983-12-06,budget_exhausted,,budget,max attempts reached for combo,,
2026-02-16T01:27:46Z,scan_20260216T012745Z,historical,P2,P2__historical__version_4_0__lisflood__consolidated,cems-glofas-historical,version_4_0,lisflood,consolidated,1984-03-05,budget_exhausted,,budget,max attempts reached for combo,,
2026-02-16T01:27:46Z,scan_20260216T012745Z,historical,P2,P2__historical__version_4_0__lisflood__consolidated,cems-glofas-historical,version_4_0,lisflood,consolidated,1984-06-03,budget_exhausted,,budget,max attempts reached for combo,,
2026-02-16T01:27:46Z,scan_20260216T012745Z,historical,P2,P2__historical__version_4_0__lisflood__consolidated,cems-glofas-historical,version_4_0,lisflood,consolidated,1984-09-01,budget_exhausted,,budget,max attempts reached for combo,,
2026-02-16T01:27:46Z,scan_20260216T012745Z,historical,P2,P2__historical__version_4_0__lisflood__consolidated,cems-glofas-historical,version_4_0,lisflood,consolidated,1984-11-30,budget_exhausted,,budget,max attempts reached for combo,,
2026-02-16T01:27:46Z,scan_20260216T012745Z,historical,P2,P2__historical__version_4_0__lisflood__consolidated,cems-glofas-historical,version_4_0,lisflood,consolidated,1985-02-28,budget_exhausted,,budget,max attempts reached for combo,,
2026-02-16T01:27:46Z,scan_20260216T012745Z,historical,P2,P2__historical__version_4_0__lisflood__consolidated,cems-glofas-historical,version_4_0,lisflood,consolidated,1985-05-29,budget_exhausted,,budget,max attempts reached for combo,,
2026-02-16T01:27:46Z,scan_20260216T012745Z,historical,P2,P2__historical__version_4_0__lisflood__consolidated,cems-glofas-historical,version_4_0,lisflood,consolidated,1985-08-27,budget_exhausted,,budget,max attempts reached for combo,,
2026-02-16T01:27:46Z,scan_20260216T012745Z,historical,P2,P2__historical__version_4_0__lisflood__consolidated,cems-glofas-historical,version_4_0,lisflood,consolidated,1985-11-25,budget_exhausted,,budget,max attempts reached for combo,,
2026-02-16T01:27:46Z,scan_20260216T012745Z,historical,P2,P2__historical__version_4_0__lisflood__consolidated,cems-glofas-historical,version_4_0,lisflood,consolidated,1986-02-23,budget_exhausted,,budget,max attempts reached for combo,,
2026-02-16T01:27:46Z,scan_20260216T012745Z,historical,P2,P2__historical__version_4_0__lisflood__consolidated,cems-glofas-historical,version_4_0,lisflood,consolidated,1986-05-24,budget_exhausted,,budget,max attempts reached for combo,,
2026-02-16T01:27:46Z,scan_20260216T012745Z,historical,P2,P2__historical__version_4_0__lisflood__consolidated,cems-glofas-historical,version_4_0,lisflood,consolidated,1986-08-22,budget_exhausted,,budget,max attempts reached for combo,,
2026-02-16T01:27:46Z,scan_20260216T012745Z,historical,P2,P2__historical__version_4_0__lisflood__consolidated,cems-glofas-historical,version_4_0,lisflood,consolidated,1986-11-20,budget_exhausted,,budget,max attempts reached for combo,,
2026-02-16T01:27:46Z,scan_20260216T012745Z,historical,P2,P2__historical__version_4_0__lisflood__consolidated,cems-glofas-historical,version_4_0,lisflood,consolidated,1987-02-18,budget_exhausted,,budget,max attempts reached for combo,,
2026-02-16T01:27:46Z,scan_20260216T012745Z,historical,P2,P2__historical__version_4_0__lisflood__consolidated,cems-glofas-historical,version_4_0,lisflood,consolidated,1987-05-19,budget_exhausted,,budget,max attempts reached for combo,,
2026-02-16T01:27:46Z,scan_20260216T012745Z,historical,P2,P2__historical__version_4_0__lisflood__consolidated,cems-glofas-historical,version_4_0,lisflood,consolidated,1987-08-17,budget_exhausted,,budget,max attempts reached for combo,,
2026-02-16T01:27:46Z,scan_20260216T012745Z,historical,P2,P2__historical__version_4_0__lisflood__consolidated,cems-glofas-historical,version_4_0,lisflood,consolidated,1987-11-15,budget_exhausted,,budget,max attempts reached for combo,,
2026-02-16T01:27:46Z,scan_20260216T012745Z,historical,P2,P2__historical__version_4_0__lisflood__consolidated,cems-glofas-historical,version_4_0,lisflood,consolidated,1988-02-13,budget_exhausted,,budget,max attempts reached for combo,,
2026-02-16T01:27:46Z,scan_20260216T012745Z,historical,P2,P2__historical__version_4_0__lisflood__consolidated,cems-glofas-historical,version_4_0,lisflood,consolidated,1988-05-13,budget_exhausted,,budget,max attempts reached for combo,,
2026-02-16T01:27:46Z,scan_20260216T012745Z,historical,P2,P2__historical__version_4_0__lisflood__consolidated,cems-glofas-historical,version_4_0,lisflood,consolidated,1988-08-11,budget_exhausted,,budget,max attempts reached for combo,,
2026-02-16T01:27:46Z,scan_20260216T012745Z,historical,P2,P2__historical__version_4_0__lisflood__consolidated,cems-glofas-historical,version_4_0,lisflood,consolidated,1988-11-09,budget_exhausted,,budget,max attempts reached for combo,,
2026-02-16T01:27:46Z,scan_20260216T012745Z,historical,P2,P2__historical__version_4_0__lisflood__consolidated,cems-glofas-historical,version_4_0,lisflood,consolidated,1989-02-07,budget_exhausted,,budget,max attempts reached for combo,,
2026-02-16T01:27:46Z,scan_20260216T012745Z,historical,P2,P2__historical__version_4_0__lisflood__consolidated,cems-glofas-historical,version_4_0,lisflood,consolidated,1989-05-08,budget_exhausted,,budget,max attempts reached for combo,,
2026-02-16T01:27:46Z,scan_20260216T012745Z,historical,P2,P2__historical__version_4_0__lisflood__consolidated,cems-glofas-historical,version_4_0,lisflood,consolidated,1989-08-06,budget_exhausted,,budget,max attempts reached for combo,,
2026-02-16T01:27:46Z,scan_20260216T012745Z,historical,P2,P2__historical__version_4_0__lisflood__consolidated,cems-glofas-historical,version_4_0,lisflood,consolidated,1989-11-04,budget_exhausted,,budget,max attempts reached for combo,,
2026-02-16T01:27:46Z,scan_20260216T012745Z,historical,P2,P2__historical__version_4_0__lisflood__consolidated,cems-glofas-historical,version_4_0,lisflood,consolidated,1990-02-02,budget_exhausted,,budget,max attempts reached for combo,,
2026-02-16T01:27:46Z,scan_20260216T012745Z,historical,P2,P2__historical__version_4_0__lisflood__consolidated,cems-glofas-historical,version_4_0,lisflood,consolidated,1990-05-03,budget_exhausted,,budget,max attempts reached for combo,,
2026-02-16T01:27:46Z,scan_20260216T012745Z,historical,P2,P2__historical__version_4_0__lisflood__consolidated,cems-glofas-historical,version_4_0,lisflood,consolidated,1990-08-01,budget_exhausted,,budget,max attempts reached for combo,,
2026-02-16T01:27:46Z,scan_20260216T012745Z,historical,P2,P2__historical__version_4_0__lisflood__consolidated,cems-glofas-historical,version_4_0,lisflood,consolidated,1990-10-30,budget_exhausted,,budget,max attempts reached for combo,,
2026-02-16T01:27:46Z,scan_20260216T012745Z,historical,P2,P2__historical__version_4_0__lisflood__consolidated,cems-glofas-historical,version_4_0,lisflood,consolidated,1991-01-28,budget_exhausted,,budget,max attempts reached for combo,,
2026-02-16T01:27:46Z,scan_20260216T012745Z,historical,P2,P2__historical__version_4_0__lisflood__consolidated,cems-glofas-historical,version_4_0,lisflood,consolidated,1991-04-28,budget_exhausted,,budget,max attempts reached for combo,,
2026-02-16T01:27:46Z,scan_20260216T012745Z,historical,P2,P2__historical__version_4_0__lisflood__consolidated,cems-glofas-historical,version_4_0,lisflood,consolidated,1991-07-27,budget_exhausted,,budget,max attempts reached for combo,,
2026-02-16T01:27:46Z,scan_20260216T012745Z,historical,P2,P2__historical__version_4_0__lisflood__consolidated,cems-glofas-historical,version_4_0,lisflood,consolidated,1991-10-25,budget_exhausted,,budget,max attempts reached for combo,,
2026-02-16T01:27:46Z,scan_20260216T012745Z,historical,P2,P2__historical__version_4_0__lisflood__consolidated,cems-glofas-historical,version_4_0,lisflood,consolidated,1992-01-23,budget_exhausted,,budget,max attempts reached for combo,,
2026-02-16T01:27:46Z,scan_20260216T012745Z,historical,P2,P2__historical__version_4_0__lisflood__consolidated,cems-glofas-historical,version_4_0,lisflood,consolidated,1992-04-22,budget_exhausted,,budget,max attempts reached for combo,,
2026-02-16T01:27:46Z,scan_20260216T012745Z,historical,P2,P2__historical__version_4_0__lisflood__consolidated,cems-glofas-historical,version_4_0,lisflood,consolidated,1992-07-21,budget_exhausted,,budget,max attempts reached for combo,,
2026-02-16T01:27:46Z,scan_20260216T012745Z,historical,P2,P2__historical__version_4_0__lisflood__consolidated,cems-glofas-historical,version_4_0,lisflood,consolidated,1992-10-19,budget_exhausted,,budget,max attempts reached for combo,,
2026-02-16T01:27:46Z,scan_20260216T012745Z,historical,P2,P2__historical__version_4_0__lisflood__consolidated,cems-glofas-historical,version_4_0,lisflood,consolidated,1993-01-17,budget_exhausted,,budget,max attempts reached for combo,,
2026-02-16T01:27:46Z,scan_20260216T012745Z,historical,P2,P2__historical__version_4_0__lisflood__consolidated,cems-glofas-historical,version_4_0,lisflood,consolidated,1993-04-17,budget_exhausted,,budget,max attempts reached for combo,,
2026-02-16T01:27:46Z,scan_20260216T012745Z,historical,P2,P2__historical__version_4_0__lisflood__consolidated,cems-glofas-historical,version_4_0,lisflood,consolidated,1993-07-16,budget_exhausted,,budget,max attempts reached for combo,,
2026-02-16T01:27:46Z,scan_20260216T012745Z,historical,P2,P2__historical__version_4_0__lisflood__consolidated,cems-glofas-historical,version_4_0,lisflood,consolidated,1993-10-14,budget_exhausted,,budget,max attempts reached for combo,,
2026-02-16T01:27:46Z,scan_20260216T012745Z,historical,P2,P2__historical__version_4_0__lisflood__consolidated,cems-glofas-historical,version_4_0,lisflood,consolidated,1994-01-12,budget_exhausted,,budget,max attempts reached for combo,,
2026-02-16T01:27:46Z,scan_20260216T012745Z,historical,P2,P2__historical__version_4_0__lisflood__consolidated,cems-glofas-historical,version_4_0,lisflood,consolidated,1994-04-12,budget_exhausted,,budget,max attempts reached for combo,,
2026-02-16T01:27:46Z,scan_20260216T012745Z,historical,P2,P2__historical__version_4_0__lisflood__consolidated,cems-glofas-historical,version_4_0,lisflood,consolidated,1994-07-11,budget_exhausted,,budget,max attempts reached for combo,,
2026-02-16T01:27:46Z,scan_20260216T012745Z,historical,P2,P2__historical__version_4_0__lisflood__consolidated,cems-glofas-historical,version_4_0,lisflood,consolidated,1994-10-09,budget_exhausted,,budget,max attempts reached for combo,,
2026-02-16T01:27:46Z,scan_20260216T012745Z,historical,P2,P2__historical__version_4_0__lisflood__consolidated,cems-glofas-historical,version_4_0,lisflood,consolidated,1995-01-07,budget_exhausted,,budget,max attempts reached for combo,,
2026-02-16T01:27:46Z,scan_20260216T012745Z,historical,P2,P2__historical__version_4_0__lisflood__consolidated,cems-glofas-historical,version_4_0,lisflood,consolidated,1995-04-07,budget_exhausted,,budget,max attempts reached for combo,,
2026-02-16T01:27:46Z,scan_20260216T012745Z,historical,P2,P2__historical__version_4_0__lisflood__consolidated,cems-glofas-historical,version_4_0,lisflood,consolidated,1995-07-06,budget_exhausted,,budget,max attempts reached for combo,,
2026-02-16T01:27:46Z,scan_20260216T012745Z,historical,P2,P2__historical__version_4_0__lisflood__consolidated,cems-glofas-historical,version_4_0,lisflood,consolidated,1995-10-04,budget_exhausted,,budget,max attempts reached for combo,,
2026-02-16T01:27:46Z,scan_20260216T012745Z,historical,P2,P2__historical__version_4_0__lisflood__consolidated,cems-glofas-historical,version_4_0,lisflood,consolidated,1996-01-02,budget_exhausted,,budget,max attempts reached for combo,,
2026-02-16T01:27:46Z,scan_20260216T012745Z,historical,P2,P2__historical__version_4_0__lisflood__consolidated,cems-glofas-historical,version_4_0,lisflood,consolidated,1996-04-01,budget_exhausted,,budget,max attempts reached for combo,,
2026-02-16T01:27:46Z,scan_20260216T012745Z,historical,P2,P2__historical__version_4_0__lisflood__consolidated,cems-glofas-historical,version_4_0,lisflood,consolidated,1996-06-30,budget_exhausted,,budget,max attempts reached for combo,,
2026-02-16T01:27:46Z,scan_20260216T012745Z,historical,P2,P2__historical__version_4_0__lisflood__consolidated,cems-glofas-historical,version_4_0,lisflood,consolidated,1996-09-28,budget_exhausted,,budget,max attempts reached for combo,,
2026-02-16T01:27:46Z,scan_20260216T012745Z,historical,P2,P2__historical__version_4_0__lisflood__consolidated,cems-glofas-historical,version_4_0,lisflood,consolidated,1996-12-27,budget_exhausted,,budget,max attempts reached for combo,,
2026-02-16T01:27:46Z,scan_20260216T012745Z,historical,P2,P2__historical__version_4_0__lisflood__consolidated,cems-glofas-historical,version_4_0,lisflood,consolidated,1997-03-27,budget_exhausted,,budget,max attempts reached for combo,,
2026-02-16T01:27:46Z,scan_20260216T012745Z,historical,P2,P2__historical__version_4_0__lisflood__consolidated,cems-glofas-historical,version_4_0,lisflood,consolidated,1997-06-25,budget_exhausted,,budget,max attempts reached for combo,,
2026-02-16T01:27:46Z,scan_20260216T012745Z,historical,P2,P2__historical__version_4_0__lisflood__consolidated,cems-glofas-historical,version_4_0,lisflood,consolidated,1997-09-23,budget_exhausted,,budget,max attempts reached for combo,,
2026-02-16T01:27:46Z,scan_20260216T012745Z,historical,P2,P2__historical__version_4_0__lisflood__consolidated,cems-glofas-historical,version_4_0,lisflood,consolidated,1997-12-22,budget_exhausted,,budget,max attempts reached for combo,,
2026-02-16T01:27:46Z,scan_20260216T012745Z,historical,P2,P2__historical__version_4_0__lisflood__consolidated,cems-glofas-historical,version_4_0,lisflood,consolidated,1998-03-22,budget_exhausted,,budget,max attempts reached for combo,,
2026-02-16T01:27:46Z,scan_20260216T012745Z,historical,P2,P2__historical__version_4_0__lisflood__consolidated,cems-glofas-historical,version_4_0,lisflood,consolidated,1998-06-20,budget_exhausted,,budget,max attempts reached for combo,,
2026-02-16T01:27:46Z,scan_20260216T012745Z,historical,P2,P2__historical__version_4_0__lisflood__consolidated,cems-glofas-historical,version_4_0,lisflood,consolidated,1998-09-18,budget_exhausted,,budget,max attempts reached for combo,,
2026-02-16T01:27:46Z,scan_20260216T012745Z,historical,P2,P2__historical__version_4_0__lisflood__consolidated,cems-glofas-historical,version_4_0,lisflood,consolidated,1998-12-17,budget_exhausted,,budget,max attempts reached for combo,,
2026-02-16T01:27:46Z,scan_20260216T012745Z,historical,P2,P2__historical__version_4_0__lisflood__consolidated,cems-glofas-historical,version_4_0,lisflood,consolidated,1999-03-17,budget_exhausted,,budget,max attempts reached for combo,,
2026-02-16T01:27:46Z,scan_20260216T012745Z,historical,P2,P2__historical__version_4_0__lisflood__consolidated,cems-glofas-historical,version_4_0,lisflood,consolidated,1999-06-15,budget_exhausted,,budget,max attempts reached for combo,,
2026-02-16T01:27:46Z,scan_20260216T012745Z,historical,P2,P2__historical__version_4_0__lisflood__consolidated,cems-glofas-historical,version_4_0,lisflood,consolidated,1999-09-13,budget_exhausted,,budget,max attempts reached for combo,,
2026-02-16T01:27:46Z,scan_20260216T012745Z,historical,P2,P2__historical__version_4_0__lisflood__consolidated,cems-glofas-historical,version_4_0,lisflood,consolidated,1999-12-12,budget_exhausted,,budget,max attempts reached for combo,,
2026-02-16T01:27:46Z,scan_20260216T012745Z,historical,P2,P2__historical__version_4_0__lisflood__consolidated,cems-glofas-historical,version_4_0,lisflood,consolidated,2000-03-11,budget_exhausted,,budget,max attempts reached for combo,,
2026-02-16T01:27:46Z,scan_20260216T012745Z,historical,P2,P2__historical__version_4_0__lisflood__consolidated,cems-glofas-historical,version_4_0,lisflood,consolidated,2000-06-09,budget_exhausted,,budget,max attempts reached for combo,,
2026-02-16T01:27:46Z,scan_20260216T012745Z,historical,P2,P2__historical__version_4_0__lisflood__consolidated,cems-glofas-historical,version_4_0,lisflood,consolidated,2000-09-07,budget_exhausted,,budget,max attempts reached for combo,,
2026-02-16T01:27:46Z,scan_20260216T012745Z,historical,P2,P2__historical__version_4_0__lisflood__consolidated,cems-glofas-historical,version_4_0,lisflood,consolidated,2000-12-06,budget_exhausted,,budget,max attempts reached for combo,,
2026-02-16T01:27:46Z,scan_20260216T012745Z,historical,P2,P2__historical__version_4_0__lisflood__consolidated,cems-glofas-historical,version_4_0,lisflood,consolidated,2001-03-06,budget_exhausted,,budget,max attempts reached for combo,,
2026-02-16T01:27:46Z,scan_20260216T012745Z,historical,P2,P2__historical__version_4_0__lisflood__consolidated,cems-glofas-historical,version_4_0,lisflood,consolidated,2001-06-04,budget_exhausted,,budget,max attempts reached for combo,,
2026-02-16T01:27:46Z,scan_20260216T012745Z,historical,P2,P2__historical__version_4_0__lisflood__consolidated,cems-glofas-historical,version_4_0,lisflood,consolidated,2001-09-02,budget_exhausted,,budget,max attempts reached for combo,,
2026-02-16T01:27:46Z,scan_20260216T012745Z,historical,P2,P2__historical__version_4_0__lisflood__consolidated,cems-glofas-historical,version_4_0,lisflood,consolidated,2001-12-01,budget_exhausted,,budget,max attempts reached for combo,,
2026-02-16T01:27:46Z,scan_20260216T012745Z,historical,P2,P2__historical__version_4_0__lisflood__consolidated,cems-glofas-historical,version_4_0,lisflood,consolidated,2002-03-01,budget_exhausted,,budget,max attempts reached for combo,,
2026-02-16T01:27:46Z,scan_20260216T012745Z,historical,P2,P2__historical__version_4_0__lisflood__consolidated,cems-glofas-historical,version_4_0,lisflood,consolidated,2002-05-30,budget_exhausted,,budget,max attempts reached for combo,,
2026-02-16T01:27:46Z,scan_20260216T012745Z,historical,P2,P2__historical__version_4_0__lisflood__consolidated,cems-glofas-historical,version_4_0,lisflood,consolidated,2002-08-28,budget_exhausted,,budget,max attempts reached for combo,,
2026-02-16T01:27:46Z,scan_20260216T012745Z,historical,P2,P2__historical__version_4_0__lisflood__consolidated,cems-glofas-historical,version_4_0,lisflood,consolidated,2002-11-26,budget_exhausted,,budget,max attempts reached for combo,,
2026-02-16T01:27:46Z,scan_20260216T012745Z,historical,P2,P2__historical__version_4_0__lisflood__consolidated,cems-glofas-historical,version_4_0,lisflood,consolidated,2003-02-24,budget_exhausted,,budget,max attempts reached for combo,,
2026-02-16T01:27:46Z,scan_20260216T012745Z,historical,P2,P2__historical__version_4_0__lisflood__consolidated,cems-glofas-historical,version_4_0,lisflood,consolidated,2003-05-25,budget_exhausted,,budget,max attempts reached for combo,,
2026-02-16T01:27:46Z,scan_20260216T012745Z,historical,P2,P2__historical__version_4_0__lisflood__consolidated,cems-glofas-historical,version_4_0,lisflood,consolidated,2003-08-23,budget_exhausted,,budget,max attempts reached for combo,,
2026-02-16T01:27:46Z,scan_20260216T012745Z,historical,P2,P2__historical__version_4_0__lisflood__consolidated,cems-glofas-historical,version_4_0,lisflood,consolidated,2003-11-21,budget_exhausted,,budget,max attempts reached for combo,,
2026-02-16T01:27:46Z,scan_20260216T012745Z,historical,P2,P2__historical__version_4_0__lisflood__consolidated,cems-glofas-historical,version_4_0,lisflood,consolidated,2004-02-19,budget_exhausted,,budget,max attempts reached for combo,,
2026-02-16T01:27:46Z,scan_20260216T012745Z,historical,P2,P2__historical__version_4_0__lisflood__consolidated,cems-glofas-historical,version_4_0,lisflood,consolidated,2004-05-19,budget_exhausted,,budget,max attempts reached for combo,,
2026-02-16T01:27:46Z,scan_20260216T012745Z,historical,P2,P2__historical__version_4_0__lisflood__consolidated,cems-glofas-historical,version_4_0,lisflood,consolidated,2004-08-17,budget_exhausted,,budget,max attempts reached for combo,,
2026-02-16T01:27:46Z,scan_20260216T012745Z,historical,P2,P2__historical__version_4_0__lisflood__consolidated,cems-glofas-historical,version_4_0,lisflood,consolidated,2004-11-15,budget_exhausted,,budget,max attempts reached for combo,,
2026-02-16T01:27:46Z,scan_20260216T012745Z,historical,P2,P2__historical__version_4_0__lisflood__consolidated,cems-glofas-historical,version_4_0,lisflood,consolidated,2005-02-13,budget_exhausted,,budget,max attempts reached for combo,,
2026-02-16T01:27:46Z,scan_20260216T012745Z,historical,P2,P2__historical__version_4_0__lisflood__consolidated,cems-glofas-historical,version_4_0,lisflood,consolidated,2005-05-14,budget_exhausted,,budget,max attempts reached for combo,,
2026-02-16T01:27:46Z,scan_20260216T012745Z,historical,P2,P2__historical__version_4_0__lisflood__consolidated,cems-glofas-historical,version_4_0,lisflood,consolidated,2005-08-12,budget_exhausted,,budget,max attempts reached for combo,,
2026-02-16T01:27:46Z,scan_20260216T012745Z,historical,P2,P2__historical__version_4_0__lisflood__consolidated,cems-glofas-historical,version_4_0,lisflood,consolidated,2005-11-10,budget_exhausted,,budget,max attempts reached for combo,,
2026-02-16T01:27:46Z,scan_20260216T012745Z,historical,P2,P2__historical__version_4_0__lisflood__consolidated,cems-glofas-historical,version_4_0,lisflood,consolidated,2006-02-08,budget_exhausted,,budget,max attempts reached for combo,,
2026-02-16T01:27:46Z,scan_20260216T012745Z,historical,P2,P2__historical__version_4_0__lisflood__consolidated,cems-glofas-historical,version_4_0,lisflood,consolidated,2006-05-09,budget_exhausted,,budget,max attempts reached for combo,,
2026-02-16T01:27:46Z,scan_20260216T012745Z,historical,P2,P2__historical__version_4_0__lisflood__consolidated,cems-glofas-historical,version_4_0,lisflood,consolidated,2006-08-07,budget_exhausted,,budget,max attempts reached for combo,,
2026-02-16T01:27:46Z,scan_20260216T012745Z,historical,P2,P2__historical__version_4_0__lisflood__consolidated,cems-glofas-historical,version_4_0,lisflood,consolidated,2006-11-05,budget_exhausted,,budget,max attempts reached for combo,,
2026-02-16T01:27:46Z,scan_20260216T012745Z,historical,P2,P2__historical__version_4_0__lisflood__consolidated,cems-glofas-historical,version_4_0,lisflood,consolidated,2007-02-03,budget_exhausted,,budget,max attempts reached for combo,,
2026-02-16T01:27:46Z,scan_20260216T012745Z,historical,P2,P2__historical__version_4_0__lisflood__consolidated,cems-glofas-historical,version_4_0,lisflood,consolidated,2007-05-04,budget_exhausted,,budget,max attempts reached for combo,,
2026-02-16T01:27:46Z,scan_20260216T012745Z,historical,P2,P2__historical__version_4_0__lisflood__consolidated,cems-glofas-historical,version_4_0,lisflood,consolidated,2007-08-02,budget_exhausted,,budget,max attempts reached for combo,,
2026-02-16T01:27:46Z,scan_20260216T012745Z,historical,P2,P2__historical__version_4_0__lisflood__consolidated,cems-glofas-historical,version_4_0,lisflood,consolidated,2007-10-31,budget_exhausted,,budget,max attempts reached for combo,,
2026-02-16T01:27:46Z,scan_20260216T012745Z,historical,P2,P2__historical__version_4_0__lisflood__consolidated,cems-glofas-historical,version_4_0,lisflood,consolidated,2008-01-29,budget_exhausted,,budget,max attempts reached for combo,,
2026-02-16T01:27:46Z,scan_20260216T012745Z,historical,P2,P2__historical__version_4_0__lisflood__consolidated,cems-glofas-historical,version_4_0,lisflood,consolidated,2008-04-28,budget_exhausted,,budget,max attempts reached for combo,,
2026-02-16T01:27:46Z,scan_20260216T012745Z,historical,P2,P2__historical__version_4_0__lisflood__consolidated,cems-glofas-historical,version_4_0,lisflood,consolidated,2008-07-27,budget_exhausted,,budget,max attempts reached for combo,,
2026-02-16T01:27:46Z,scan_20260216T012745Z,historical,P2,P2__historical__version_4_0__lisflood__consolidated,cems-glofas-historical,version_4_0,lisflood,consolidated,2008-10-25,budget_exhausted,,budget,max attempts reached for combo,,
2026-02-16T01:27:46Z,scan_20260216T012745Z,historical,P2,P2__historical__version_4_0__lisflood__consolidated,cems-glofas-historical,version_4_0,lisflood,consolidated,2009-01-23,budget_exhausted,,budget,max attempts reached for combo,,
2026-02-16T01:27:46Z,scan_20260216T012745Z,historical,P2,P2__historical__version_4_0__lisflood__consolidated,cems-glofas-historical,version_4_0,lisflood,consolidated,2009-04-23,budget_exhausted,,budget,max attempts reached for combo,,
2026-02-16T01:27:46Z,scan_20260216T012745Z,historical,P2,P2__historical__version_4_0__lisflood__consolidated,cems-glofas-historical,version_4_0,lisflood,consolidated,2009-07-22,budget_exhausted,,budget,max attempts reached for combo,,
2026-02-16T01:27:46Z,scan_20260216T012745Z,historical,P2,P2__historical__version_4_0__lisflood__consolidated,cems-glofas-historical,version_4_0,lisflood,consolidated,2009-10-20,budget_exhausted,,budget,max attempts reached for combo,,
2026-02-16T01:27:46Z,scan_20260216T012745Z,historical,P2,P2__historical__version_4_0__lisflood__consolidated,cems-glofas-historical,version_4_0,lisflood,consolidated,2010-01-18,budget_exhausted,,budget,max attempts reached for combo,,
2026-02-16T01:27:46Z,scan_20260216T012745Z,historical,P2,P2__historical__version_4_0__lisflood__consolidated,cems-glofas-historical,version_4_0,lisflood,consolidated,2010-04-18,budget_exhausted,,budget,max attempts reached for combo,,
2026-02-16T01:27:46Z,scan_20260216T012745Z,historical,P2,P2__historical__version_4_0__lisflood__consolidated,cems-glofas-historical,version_4_0,lisflood,consolidated,2010-07-17,budget_exhausted,,budget,max attempts reached for combo,,
2026-02-16T01:27:46Z,scan_20260216T012745Z,historical,P2,P2__historical__version_4_0__lisflood__consolidated,cems-glofas-historical,version_4_0,lisflood,consolidated,2010-10-15,budget_exhausted,,budget,max attempts reached for combo,,
2026-02-16T01:27:46Z,scan_20260216T012745Z,historical,P2,P2__historical__version_4_0__lisflood__consolidated,cems-glofas-historical,version_4_0,lisflood,consolidated,2011-01-13,budget_exhausted,,budget,max attempts reached for combo,,
2026-02-16T01:27:46Z,scan_20260216T012745Z,historical,P2,P2__historical__version_4_0__lisflood__consolidated,cems-glofas-historical,version_4_0,lisflood,consolidated,2011-04-13,budget_exhausted,,budget,max attempts reached for combo,,
2026-02-16T01:27:46Z,scan_20260216T012745Z,historical,P2,P2__historical__version_4_0__lisflood__consolidated,cems-glofas-historical,version_4_0,lisflood,consolidated,2011-07-12,budget_exhausted,,budget,max attempts reached for combo,,
2026-02-16T01:27:46Z,scan_20260216T012745Z,historical,P2,P2__historical__version_4_0__lisflood__consolidated,cems-glofas-historical,version_4_0,lisflood,consolidated,2011-10-10,budget_exhausted,,budget,max attempts reached for combo,,
2026-02-16T01:27:46Z,scan_20260216T012745Z,historical,P2,P2__historical__version_4_0__lisflood__consolidated,cems-glofas-historical,version_4_0,lisflood,consolidated,2012-01-08,budget_exhausted,,budget,max attempts reached for combo,,
2026-02-16T01:27:46Z,scan_20260216T012745Z,historical,P2,P2__historical__version_4_0__lisflood__consolidated,cems-glofas-historical,version_4_0,lisflood,consolidated,2012-04-07,budget_exhausted,,budget,max attempts reached for combo,,
2026-02-16T01:27:46Z,scan_20260216T012745Z,historical,P2,P2__historical__version_4_0__lisflood__consolidated,cems-glofas-historical,version_4_0,lisflood,consolidated,2012-07-06,budget_exhausted,,budget,max attempts reached for combo,,
2026-02-16T01:27:46Z,scan_20260216T012745Z,historical,P2,P2__historical__version_4_0__lisflood__consolidated,cems-glofas-historical,version_4_0,lisflood,consolidated,2012-10-04,budget_exhausted,,budget,max attempts reached for combo,,
2026-02-16T01:27:46Z,scan_20260216T012745Z,historical,P2,P2__historical__version_4_0__lisflood__consolidated,cems-glofas-historical,version_4_0,lisflood,consolidated,2013-01-02,budget_exhausted,,budget,max attempts reached for combo,,
2026-02-16T01:27:46Z,scan_20260216T012745Z,historical,P2,P2__historical__version_4_0__lisflood__consolidated,cems-glofas-historical,version_4_0,lisflood,consolidated,2013-04-02,budget_exhausted,,budget,max attempts reached for combo,,
2026-02-16T01:27:46Z,scan_20260216T012745Z,historical,P2,P2__historical__version_4_0__lisflood__consolidated,cems-glofas-historical,version_4_0,lisflood,consolidated,2013-07-01,budget_exhausted,,budget,max attempts reached for combo,,
2026-02-16T01:27:46Z,scan_20260216T012745Z,historical,P2,P2__historical__version_4_0__lisflood__consolidated,cems-glofas-historical,version_4_0,lisflood,consolidated,2013-09-29,budget_exhausted,,budget,max attempts reached for combo,,
2026-02-16T01:27:46Z,scan_20260216T012745Z,historical,P2,P2__historical__version_4_0__lisflood__consolidated,cems-glofas-historical,version_4_0,lisflood,consolidated,2013-12-28,budget_exhausted,,budget,max attempts reached for combo,,
2026-02-16T01:27:46Z,scan_20260216T012745Z,historical,P2,P2__historical__version_4_0__lisflood__consolidated,cems-glofas-historical,version_4_0,lisflood,consolidated,2014-03-28,budget_exhausted,,budget,max attempts reached for combo,,
2026-02-16T01:27:46Z,scan_20260216T012745Z,historical,P2,P2__historical__version_4_0__lisflood__consolidated,cems-glofas-historical,version_4_0,lisflood,consolidated,2014-06-26,budget_exhausted,,budget,max attempts reached for combo,,
2026-02-16T01:27:46Z,scan_20260216T012745Z,historical,P2,P2__historical__version_4_0__lisflood__consolidated,cems-glofas-historical,version_4_0,lisflood,consolidated,2014-09-24,budget_exhausted,,budget,max attempts reached for combo,,
2026-02-16T01:27:46Z,scan_20260216T012745Z,historical,P2,P2__historical__version_4_0__lisflood__consolidated,cems-glofas-historical,version_4_0,lisflood,consolidated,2014-12-23,budget_exhausted,,budget,max attempts reached for combo,,
2026-02-16T01:27:46Z,scan_20260216T012745Z,historical,P2,P2__historical__version_4_0__lisflood__consolidated,cems-glofas-historical,version_4_0,lisflood,consolidated,2015-03-23,budget_exhausted,,budget,max attempts reached for combo,,
2026-02-16T01:27:46Z,scan_20260216T012745Z,historical,P2,P2__historical__version_4_0__lisflood__consolidated,cems-glofas-historical,version_4_0,lisflood,consolidated,2015-06-21,budget_exhausted,,budget,max attempts reached for combo,,
2026-02-16T01:27:46Z,scan_20260216T012745Z,historical,P2,P2__historical__version_4_0__lisflood__consolidated,cems-glofas-historical,version_4_0,lisflood,consolidated,2015-09-19,budget_exhausted,,budget,max attempts reached for combo,,
2026-02-16T01:27:46Z,scan_20260216T012745Z,historical,P2,P2__historical__version_4_0__lisflood__consolidated,cems-glofas-historical,version_4_0,lisflood,consolidated,2015-12-18,budget_exhausted,,budget,max attempts reached for combo,,
2026-02-16T01:27:46Z,scan_20260216T012745Z,historical,P2,P2__historical__version_4_0__lisflood__consolidated,cems-glofas-historical,version_4_0,lisflood,consolidated,2016-03-17,budget_exhausted,,budget,max attempts reached for combo,,
2026-02-16T01:27:46Z,scan_20260216T012745Z,historical,P2,P2__historical__version_4_0__lisflood__consolidated,cems-glofas-historical,version_4_0,lisflood,consolidated,2016-06-15,budget_exhausted,,budget,max attempts reached for combo,,
2026-02-16T01:27:46Z,scan_20260216T012745Z,historical,P2,P2__historical__version_4_0__lisflood__consolidated,cems-glofas-historical,version_4_0,lisflood,consolidated,2016-09-13,budget_exhausted,,budget,max attempts reached for combo,,
2026-02-16T01:27:46Z,scan_20260216T012745Z,historical,P2,P2__historical__version_4_0__lisflood__consolidated,cems-glofas-historical,version_4_0,lisflood,consolidated,2016-12-12,budget_exhausted,,budget,max attempts reached for combo,,
2026-02-16T01:27:46Z,scan_20260216T012745Z,historical,P2,P2__historical__version_4_0__lisflood__consolidated,cems-glofas-historical,version_4_0,lisflood,consolidated,2017-03-12,budget_exhausted,,budget,max attempts reached for combo,,
2026-02-16T01:27:46Z,scan_20260216T012745Z,historical,P2,P2__historical__version_4_0__lisflood__consolidated,cems-glofas-historical,version_4_0,lisflood,consolidated,2017-06-10,budget_exhausted,,budget,max attempts reached for combo,,
2026-02-16T01:27:46Z,scan_20260216T012745Z,historical,P2,P2__historical__version_4_0__lisflood__consolidated,cems-glofas-historical,version_4_0,lisflood,consolidated,2017-09-08,budget_exhausted,,budget,max attempts reached for combo,,
2026-02-16T01:27:46Z,scan_20260216T012745Z,historical,P2,P2__historical__version_4_0__lisflood__consolidated,cems-glofas-historical,version_4_0,lisflood,consolidated,2017-12-07,budget_exhausted,,budget,max attempts reached for combo,,
2026-02-16T01:27:46Z,scan_20260216T012745Z,historical,P2,P2__historical__version_4_0__lisflood__consolidated,cems-glofas-historical,version_4_0,lisflood,consolidated,2018-03-07,budget_exhausted,,budget,max attempts reached for combo,,
2026-02-16T01:27:46Z,scan_20260216T012745Z,historical,P2,P2__historical__version_4_0__lisflood__consolidated,cems-glofas-historical,version_4_0,lisflood,consolidated,2018-06-05,budget_exhausted,,budget,max attempts reached for combo,,
2026-02-16T01:27:46Z,scan_20260216T012745Z,historical,P2,P2__historical__version_4_0__lisflood__consolidated,cems-glofas-historical,version_4_0,lisflood,consolidated,2018-09-03,budget_exhausted,,budget,max attempts reached for combo,,
2026-02-16T01:27:46Z,scan_20260216T012745Z,historical,P2,P2__historical__version_4_0__lisflood__consolidated,cems-glofas-historical,version_4_0,lisflood,consolidated,2018-12-02,budget_exhausted,,budget,max attempts reached for combo,,
2026-02-16T01:27:46Z,scan_20260216T012745Z,historical,P2,P2__historical__version_4_0__lisflood__consolidated,cems-glofas-historical,version_4_0,lisflood,consolidated,2019-03-02,budget_exhausted,,budget,max attempts reached for combo,,
2026-02-16T01:27:46Z,scan_20260216T012745Z,historical,P2,P2__historical__version_4_0__lisflood__consolidated,cems-glofas-historical,version_4_0,lisflood,consolidated,2019-05-31,budget_exhausted,,budget,max attempts reached for combo,,
2026-02-16T01:27:46Z,scan_20260216T012745Z,historical,P2,P2__historical__version_4_0__lisflood__consolidated,cems-glofas-historical,version_4_0,lisflood,consolidated,2019-08-29,budget_exhausted,,budget,max attempts reached for combo,,
2026-02-16T01:27:46Z,scan_20260216T012745Z,historical,P2,P2__historical__version_4_0__lisflood__consolidated,cems-glofas-historical,version_4_0,lisflood,consolidated,2019-11-27,budget_exhausted,,budget,max attempts reached for combo,,
2026-02-16T01:27:46Z,scan_20260216T012745Z,historical,P2,P2__historical__version_4_0__lisflood__consolidated,cems-glofas-historical,version_4_0,lisflood,consolidated,2020-02-25,budget_exhausted,,budget,max attempts reached for combo,,
2026-02-16T01:27:46Z,scan_20260216T012745Z,historical,P2,P2__historical__version_4_0__lisflood__consolidated,cems-glofas-historical,version_4_0,lisflood,consolidated,2020-05-25,budget_exhausted,,budget,max attempts reached for combo,,
2026-02-16T01:27:46Z,scan_20260216T012745Z,historical,P2,P2__historical__version_4_0__lisflood__consolidated,cems-glofas-historical,version_4_0,lisflood,consolidated,2020-08-23,budget_exhausted,,budget,max attempts reached for combo,,
2026-02-16T01:27:46Z,scan_20260216T012745Z,historical,P2,P2__historical__version_4_0__lisflood__consolidated,cems-glofas-historical,version_4_0,lisflood,consolidated,2020-11-21,budget_exhausted,,budget,max attempts reached for combo,,
2026-02-16T01:27:46Z,scan_20260216T012745Z,historical,P2,P2__historical__version_4_0__lisflood__consolidated,cems-glofas-historical,version_4_0,lisflood,consolidated,2021-02-19,budget_exhausted,,budget,max attempts reached for combo,,
2026-02-16T01:27:46Z,scan_20260216T012745Z,historical,P2,P2__historical__version_4_0__lisflood__consolidated,cems-glofas-historical,version_4_0,lisflood,consolidated,2021-05-20,budget_exhausted,,budget,max attempts reached for combo,,
2026-02-16T01:27:46Z,scan_20260216T012745Z,historical,P2,P2__historical__version_4_0__lisflood__consolidated,cems-glofas-historical,version_4_0,lisflood,consolidated,2021-08-18,budget_exhausted,,budget,max attempts reached for combo,,
2026-02-16T01:27:46Z,scan_20260216T012745Z,historical,P2,P2__historical__version_4_0__lisflood__consolidated,cems-glofas-historical,version_4_0,lisflood,consolidated,2021-11-16,budget_exhausted,,budget,max attempts reached for combo,,
2026-02-16T01:27:46Z,scan_20260216T012745Z,historical,P2,P2__historical__version_4_0__lisflood__consolidated,cems-glofas-historical,version_4_0,lisflood,consolidated,2022-02-14,budget_exhausted,,budget,max attempts reached for combo,,
2026-02-16T01:27:46Z,scan_20260216T012745Z,historical,P2,P2__historical__version_4_0__lisflood__consolidated,cems-glofas-historical,version_4_0,lisflood,consolidated,2022-05-15,budget_exhausted,,budget,max attempts reached for combo,,
2026-02-16T01:27:46Z,scan_20260216T012745Z,historical,P2,P2__historical__version_4_0__lisflood__consolidated,cems-glofas-historical,version_4_0,lisflood,consolidated,2022-08-13,budget_exhausted,,budget,max attempts reached for combo,,
2026-02-16T01:27:46Z,scan_20260216T012745Z,historical,P2,P2__historical__version_4_0__lisflood__consolidated,cems-glofas-historical,version_4_0,lisflood,consolidated,2022-11-11,budget_exhausted,,budget,max attempts reached for combo,,
2026-02-16T01:27:46Z,scan_20260216T012745Z,historical,P2,P2__historical__version_4_0__lisflood__consolidated,cems-glofas-historical,version_4_0,lisflood,consolidated,2023-02-09,budget_exhausted,,budget,max attempts reached for combo,,
2026-02-16T01:27:46Z,scan_20260216T012745Z,historical,P2,P2__historical__version_4_0__lisflood__consolidated,cems-glofas-historical,version_4_0,lisflood,consolidated,2023-05-10,budget_exhausted,,budget,max attempts reached for combo,,
2026-02-16T01:27:46Z,scan_20260216T012745Z,historical,P2,P2__historical__version_4_0__lisflood__consolidated,cems-glofas-historical,version_4_0,lisflood,consolidated,2023-08-08,budget_exhausted,,budget,max attempts reached for combo,,
2026-02-16T01:27:46Z,scan_20260216T012745Z,historical,P2,P2__historical__version_4_0__lisflood__consolidated,cems-glofas-historical,version_4_0,lisflood,consolidated,2023-11-06,budget_exhausted,,budget,max attempts reached for combo,,
2026-02-16T01:27:46Z,scan_20260216T012745Z,historical,P2,P2__historical__version_4_0__lisflood__consolidated,cems-glofas-historical,version_4_0,lisflood,consolidated,2024-02-04,budget_exhausted,,budget,max attempts reached for combo,,
2026-02-16T01:27:46Z,scan_20260216T012745Z,historical,P2,P2__historical__version_4_0__lisflood__consolidated,cems-glofas-historical,version_4_0,lisflood,consolidated,2024-05-04,budget_exhausted,,budget,max attempts reached for combo,,
2026-02-16T01:27:46Z,scan_20260216T012745Z,historical,P2,P2__historical__version_4_0__lisflood__consolidated,cems-glofas-historical,version_4_0,lisflood,consolidated,2024-08-02,budget_exhausted,,budget,max attempts reached for combo,,
2026-02-16T01:27:46Z,scan_20260216T012745Z,historical,P2,P2__historical__version_4_0__lisflood__consolidated,cems-glofas-historical,version_4_0,lisflood,consolidated,2024-10-31,budget_exhausted,,budget,max attempts reached for combo,,
2026-02-16T01:27:46Z,scan_20260216T012745Z,historical,P2,P2__historical__version_4_0__lisflood__consolidated,cems-glofas-historical,version_4_0,lisflood,consolidated,2025-01-29,budget_exhausted,,budget,max attempts reached for combo,,
2026-02-16T01:27:46Z,scan_20260216T012745Z,historical,P2,P2__historical__version_4_0__lisflood__consolidated,cems-glofas-historical,version_4_0,lisflood,consolidated,2025-04-29,budget_exhausted,,budget,max attempts reached for combo,,
2026-02-16T01:27:46Z,scan_20260216T012745Z,historical,P2,P2__historical__version_4_0__lisflood__consolidated,cems-glofas-historical,version_4_0,lisflood,consolidated,2025-07-28,budget_exhausted,,budget,max attempts reached for combo,,
2026-02-16T01:27:46Z,scan_20260216T012745Z,historical,P2,P2__historical__version_4_0__lisflood__consolidated,cems-glofas-historical,version_4_0,lisflood,consolidated,2025-10-26,budget_exhausted,,budget,max attempts reached for combo,,
2026-02-16T01:27:46Z,scan_20260216T012745Z,historical,P2,P2__historical__version_4_0__lisflood__consolidated,cems-glofas-historical,version_4_0,lisflood,consolidated,2026-01-24,budget_exhausted,,budget,max attempts reached for combo,,
2026-02-16T01:27:46Z,scan_20260216T012745Z,historical,P3,P3__historical__version_2_1__htessel_lisflood__consolidated,cems-glofas-historical,version_2_1,htessel_lisflood,consolidated,2020-01-16,dry_run,,dry_run,probe not executed in dry-run mode,repro/glofas_coverage_scan_runs/scan_20260216T012745Z/downloads/historical/P3__historical__version_2_1__htessel_lisflood__consolidated/2020-01-16.zip,"{""area"": [37.2443931, -122.272464, 36.8443931, -121.872464], ""data_format"": ""grib2"", ""download_format"": ""zip"", ""hday"": [""16""], ""hmonth"": [""01""], ""hydrological_model"": [""htessel_lisflood""], ""hyear"": [""2020""], ""product_type"": [""consolidated""], ""system_version"": [""version_2_1""], ""variable"": [""river_discharge_in_the_last_24_hours""]}"
2026-02-16T01:27:46Z,scan_20260216T012745Z,historical,P3,P3__historical__version_2_1__htessel_lisflood__consolidated,cems-glofas-historical,version_2_1,htessel_lisflood,consolidated,2019-11-05,dry_run,,dry_run,probe not executed in dry-run mode,repro/glofas_coverage_scan_runs/scan_20260216T012745Z/downloads/historical/P3__historical__version_2_1__htessel_lisflood__consolidated/2019-11-05.zip,"{""area"": [37.2443931, -122.272464, 36.8443931, -121.872464], ""data_format"": ""grib2"", ""download_format"": ""zip"", ""hday"": [""05""], ""hmonth"": [""11""], ""hydrological_model"": [""htessel_lisflood""], ""hyear"": [""2019""], ""product_type"": [""consolidated""], ""system_version"": [""version_2_1""], ""variable"": [""river_discharge_in_the_last_24_hours""]}"
2026-02-16T01:27:46Z,scan_20260216T012745Z,historical,P3,P3__historical__version_2_1__htessel_lisflood__consolidated,cems-glofas-historical,version_2_1,htessel_lisflood,consolidated,1979-01-01,dry_run,,dry_run,probe not executed in dry-run mode,repro/glofas_coverage_scan_runs/scan_20260216T012745Z/downloads/historical/P3__historical__version_2_1__htessel_lisflood__consolidated/1979-01-01.zip,"{""area"": [37.2443931, -122.272464, 36.8443931, -121.872464], ""data_format"": ""grib2"", ""download_format"": ""zip"", ""hday"": [""01""], ""hmonth"": [""01""], ""hydrological_model"": [""htessel_lisflood""], ""hyear"": [""1979""], ""product_type"": [""consolidated""], ""system_version"": [""version_2_1""], ""variable"": [""river_discharge_in_the_last_24_hours""]}"
2026-02-16T01:27:46Z,scan_20260216T012745Z,historical,P3,P3__historical__version_2_1__htessel_lisflood__consolidated,cems-glofas-historical,version_2_1,htessel_lisflood,consolidated,2026-02-15,dry_run,,dry_run,probe not executed in dry-run mode,repro/glofas_coverage_scan_runs/scan_20260216T012745Z/downloads/historical/P3__historical__version_2_1__htessel_lisflood__consolidated/2026-02-15.zip,"{""area"": [37.2443931, -122.272464, 36.8443931, -121.872464], ""data_format"": ""grib2"", ""download_format"": ""zip"", ""hday"": [""15""], ""hmonth"": [""02""], ""hydrological_model"": [""htessel_lisflood""], ""hyear"": [""2026""], ""product_type"": [""consolidated""], ""system_version"": [""version_2_1""], ""variable"": [""river_discharge_in_the_last_24_hours""]}"
2026-02-16T01:27:46Z,scan_20260216T012745Z,historical,P3,P3__historical__version_2_1__htessel_lisflood__consolidated,cems-glofas-historical,version_2_1,htessel_lisflood,consolidated,2002-07-25,dry_run,,dry_run,probe not executed in dry-run mode,repro/glofas_coverage_scan_runs/scan_20260216T012745Z/downloads/historical/P3__historical__version_2_1__htessel_lisflood__consolidated/2002-07-25.zip,"{""area"": [37.2443931, -122.272464, 36.8443931, -121.872464], ""data_format"": ""grib2"", ""download_format"": ""zip"", ""hday"": [""25""], ""hmonth"": [""07""], ""hydrological_model"": [""htessel_lisflood""], ""hyear"": [""2002""], ""product_type"": [""consolidated""], ""system_version"": [""version_2_1""], ""variable"": [""river_discharge_in_the_last_24_hours""]}"
2026-02-16T01:27:46Z,scan_20260216T012745Z,historical,P3,P3__historical__version_2_1__htessel_lisflood__consolidated,cems-glofas-historical,version_2_1,htessel_lisflood,consolidated,1979-04-01,dry_run,,dry_run,probe not executed in dry-run mode,repro/glofas_coverage_scan_runs/scan_20260216T012745Z/downloads/historical/P3__historical__version_2_1__htessel_lisflood__consolidated/1979-04-01.zip,"{""area"": [37.2443931, -122.272464, 36.8443931, -121.872464], ""data_format"": ""grib2"", ""download_format"": ""zip"", ""hday"": [""01""], ""hmonth"": [""04""], ""hydrological_model"": [""htessel_lisflood""], ""hyear"": [""1979""], ""product_type"": [""consolidated""], ""system_version"": [""version_2_1""], ""variable"": [""river_discharge_in_the_last_24_hours""]}"
2026-02-16T01:27:46Z,scan_20260216T012745Z,historical,P3,P3__historical__version_2_1__htessel_lisflood__consolidated,cems-glofas-historical,version_2_1,htessel_lisflood,consolidated,1979-06-30,budget_exhausted,,budget,max attempts reached for combo,,
2026-02-16T01:27:46Z,scan_20260216T012745Z,historical,P3,P3__historical__version_2_1__htessel_lisflood__consolidated,cems-glofas-historical,version_2_1,htessel_lisflood,consolidated,1979-09-28,budget_exhausted,,budget,max attempts reached for combo,,
2026-02-16T01:27:46Z,scan_20260216T012745Z,historical,P3,P3__historical__version_2_1__htessel_lisflood__consolidated,cems-glofas-historical,version_2_1,htessel_lisflood,consolidated,1979-12-27,budget_exhausted,,budget,max attempts reached for combo,,
2026-02-16T01:27:46Z,scan_20260216T012745Z,historical,P3,P3__historical__version_2_1__htessel_lisflood__consolidated,cems-glofas-historical,version_2_1,htessel_lisflood,consolidated,1980-03-26,budget_exhausted,,budget,max attempts reached for combo,,
2026-02-16T01:27:46Z,scan_20260216T012745Z,historical,P3,P3__historical__version_2_1__htessel_lisflood__consolidated,cems-glofas-historical,version_2_1,htessel_lisflood,consolidated,1980-06-24,budget_exhausted,,budget,max attempts reached for combo,,
2026-02-16T01:27:46Z,scan_20260216T012745Z,historical,P3,P3__historical__version_2_1__htessel_lisflood__consolidated,cems-glofas-historical,version_2_1,htessel_lisflood,consolidated,1980-09-22,budget_exhausted,,budget,max attempts reached for combo,,
2026-02-16T01:27:46Z,scan_20260216T012745Z,historical,P3,P3__historical__version_2_1__htessel_lisflood__consolidated,cems-glofas-historical,version_2_1,htessel_lisflood,consolidated,1980-12-21,budget_exhausted,,budget,max attempts reached for combo,,
2026-02-16T01:27:46Z,scan_20260216T012745Z,historical,P3,P3__historical__version_2_1__htessel_lisflood__consolidated,cems-glofas-historical,version_2_1,htessel_lisflood,consolidated,1981-03-21,budget_exhausted,,budget,max attempts reached for combo,,
2026-02-16T01:27:46Z,scan_20260216T012745Z,historical,P3,P3__historical__version_2_1__htessel_lisflood__consolidated,cems-glofas-historical,version_2_1,htessel_lisflood,consolidated,1981-06-19,budget_exhausted,,budget,max attempts reached for combo,,
2026-02-16T01:27:46Z,scan_20260216T012745Z,historical,P3,P3__historical__version_2_1__htessel_lisflood__consolidated,cems-glofas-historical,version_2_1,htessel_lisflood,consolidated,1981-09-17,budget_exhausted,,budget,max attempts reached for combo,,
2026-02-16T01:27:46Z,scan_20260216T012745Z,historical,P3,P3__historical__version_2_1__htessel_lisflood__consolidated,cems-glofas-historical,version_2_1,htessel_lisflood,consolidated,1981-12-16,budget_exhausted,,budget,max attempts reached for combo,,
2026-02-16T01:27:46Z,scan_20260216T012745Z,historical,P3,P3__historical__version_2_1__htessel_lisflood__consolidated,cems-glofas-historical,version_2_1,htessel_lisflood,consolidated,1982-03-16,budget_exhausted,,budget,max attempts reached for combo,,
2026-02-16T01:27:46Z,scan_20260216T012745Z,historical,P3,P3__historical__version_2_1__htessel_lisflood__consolidated,cems-glofas-historical,version_2_1,htessel_lisflood,consolidated,1982-06-14,budget_exhausted,,budget,max attempts reached for combo,,
2026-02-16T01:27:46Z,scan_20260216T012745Z,historical,P3,P3__historical__version_2_1__htessel_lisflood__consolidated,cems-glofas-historical,version_2_1,htessel_lisflood,consolidated,1982-09-12,budget_exhausted,,budget,max attempts reached for combo,,
2026-02-16T01:27:46Z,scan_20260216T012745Z,historical,P3,P3__historical__version_2_1__htessel_lisflood__consolidated,cems-glofas-historical,version_2_1,htessel_lisflood,consolidated,1982-12-11,budget_exhausted,,budget,max attempts reached for combo,,
2026-02-16T01:27:46Z,scan_20260216T012745Z,historical,P3,P3__historical__version_2_1__htessel_lisflood__consolidated,cems-glofas-historical,version_2_1,htessel_lisflood,consolidated,1983-03-11,budget_exhausted,,budget,max attempts reached for combo,,
2026-02-16T01:27:46Z,scan_20260216T012745Z,historical,P3,P3__historical__version_2_1__htessel_lisflood__consolidated,cems-glofas-historical,version_2_1,htessel_lisflood,consolidated,1983-06-09,budget_exhausted,,budget,max attempts reached for combo,,
2026-02-16T01:27:46Z,scan_20260216T012745Z,historical,P3,P3__historical__version_2_1__htessel_lisflood__consolidated,cems-glofas-historical,version_2_1,htessel_lisflood,consolidated,1983-09-07,budget_exhausted,,budget,max attempts reached for combo,,
2026-02-16T01:27:46Z,scan_20260216T012745Z,historical,P3,P3__historical__version_2_1__htessel_lisflood__consolidated,cems-glofas-historical,version_2_1,htessel_lisflood,consolidated,1983-12-06,budget_exhausted,,budget,max attempts reached for combo,,
2026-02-16T01:27:46Z,scan_20260216T012745Z,historical,P3,P3__historical__version_2_1__htessel_lisflood__consolidated,cems-glofas-historical,version_2_1,htessel_lisflood,consolidated,1984-03-05,budget_exhausted,,budget,max attempts reached for combo,,
2026-02-16T01:27:46Z,scan_20260216T012745Z,historical,P3,P3__historical__version_2_1__htessel_lisflood__consolidated,cems-glofas-historical,version_2_1,htessel_lisflood,consolidated,1984-06-03,budget_exhausted,,budget,max attempts reached for combo,,
2026-02-16T01:27:46Z,scan_20260216T012745Z,historical,P3,P3__historical__version_2_1__htessel_lisflood__consolidated,cems-glofas-historical,version_2_1,htessel_lisflood,consolidated,1984-09-01,budget_exhausted,,budget,max attempts reached for combo,,
2026-02-16T01:27:46Z,scan_20260216T012745Z,historical,P3,P3__historical__version_2_1__htessel_lisflood__consolidated,cems-glofas-historical,version_2_1,htessel_lisflood,consolidated,1984-11-30,budget_exhausted,,budget,max attempts reached for combo,,
2026-02-16T01:27:46Z,scan_20260216T012745Z,historical,P3,P3__historical__version_2_1__htessel_lisflood__consolidated,cems-glofas-historical,version_2_1,htessel_lisflood,consolidated,1985-02-28,budget_exhausted,,budget,max attempts reached for combo,,
2026-02-16T01:27:46Z,scan_20260216T012745Z,historical,P3,P3__historical__version_2_1__htessel_lisflood__consolidated,cems-glofas-historical,version_2_1,htessel_lisflood,consolidated,1985-05-29,budget_exhausted,,budget,max attempts reached for combo,,
2026-02-16T01:27:46Z,scan_20260216T012745Z,historical,P3,P3__historical__version_2_1__htessel_lisflood__consolidated,cems-glofas-historical,version_2_1,htessel_lisflood,consolidated,1985-08-27,budget_exhausted,,budget,max attempts reached for combo,,
2026-02-16T01:27:46Z,scan_20260216T012745Z,historical,P3,P3__historical__version_2_1__htessel_lisflood__consolidated,cems-glofas-historical,version_2_1,htessel_lisflood,consolidated,1985-11-25,budget_exhausted,,budget,max attempts reached for combo,,
2026-02-16T01:27:46Z,scan_20260216T012745Z,historical,P3,P3__historical__version_2_1__htessel_lisflood__consolidated,cems-glofas-historical,version_2_1,htessel_lisflood,consolidated,1986-02-23,budget_exhausted,,budget,max attempts reached for combo,,
2026-02-16T01:27:46Z,scan_20260216T012745Z,historical,P3,P3__historical__version_2_1__htessel_lisflood__consolidated,cems-glofas-historical,version_2_1,htessel_lisflood,consolidated,1986-05-24,budget_exhausted,,budget,max attempts reached for combo,,
2026-02-16T01:27:46Z,scan_20260216T012745Z,historical,P3,P3__historical__version_2_1__htessel_lisflood__consolidated,cems-glofas-historical,version_2_1,htessel_lisflood,consolidated,1986-08-22,budget_exhausted,,budget,max attempts reached for combo,,
2026-02-16T01:27:46Z,scan_20260216T012745Z,historical,P3,P3__historical__version_2_1__htessel_lisflood__consolidated,cems-glofas-historical,version_2_1,htessel_lisflood,consolidated,1986-11-20,budget_exhausted,,budget,max attempts reached for combo,,
2026-02-16T01:27:46Z,scan_20260216T012745Z,historical,P3,P3__historical__version_2_1__htessel_lisflood__consolidated,cems-glofas-historical,version_2_1,htessel_lisflood,consolidated,1987-02-18,budget_exhausted,,budget,max attempts reached for combo,,
2026-02-16T01:27:46Z,scan_20260216T012745Z,historical,P3,P3__historical__version_2_1__htessel_lisflood__consolidated,cems-glofas-historical,version_2_1,htessel_lisflood,consolidated,1987-05-19,budget_exhausted,,budget,max attempts reached for combo,,
2026-02-16T01:27:46Z,scan_20260216T012745Z,historical,P3,P3__historical__version_2_1__htessel_lisflood__consolidated,cems-glofas-historical,version_2_1,htessel_lisflood,consolidated,1987-08-17,budget_exhausted,,budget,max attempts reached for combo,,
2026-02-16T01:27:46Z,scan_20260216T012745Z,historical,P3,P3__historical__version_2_1__htessel_lisflood__consolidated,cems-glofas-historical,version_2_1,htessel_lisflood,consolidated,1987-11-15,budget_exhausted,,budget,max attempts reached for combo,,
2026-02-16T01:27:46Z,scan_20260216T012745Z,historical,P3,P3__historical__version_2_1__htessel_lisflood__consolidated,cems-glofas-historical,version_2_1,htessel_lisflood,consolidated,1988-02-13,budget_exhausted,,budget,max attempts reached for combo,,
2026-02-16T01:27:46Z,scan_20260216T012745Z,historical,P3,P3__historical__version_2_1__htessel_lisflood__consolidated,cems-glofas-historical,version_2_1,htessel_lisflood,consolidated,1988-05-13,budget_exhausted,,budget,max attempts reached for combo,,
2026-02-16T01:27:46Z,scan_20260216T012745Z,historical,P3,P3__historical__version_2_1__htessel_lisflood__consolidated,cems-glofas-historical,version_2_1,htessel_lisflood,consolidated,1988-08-11,budget_exhausted,,budget,max attempts reached for combo,,
2026-02-16T01:27:46Z,scan_20260216T012745Z,historical,P3,P3__historical__version_2_1__htessel_lisflood__consolidated,cems-glofas-historical,version_2_1,htessel_lisflood,consolidated,1988-11-09,budget_exhausted,,budget,max attempts reached for combo,,
2026-02-16T01:27:46Z,scan_20260216T012745Z,historical,P3,P3__historical__version_2_1__htessel_lisflood__consolidated,cems-glofas-historical,version_2_1,htessel_lisflood,consolidated,1989-02-07,budget_exhausted,,budget,max attempts reached for combo,,
2026-02-16T01:27:46Z,scan_20260216T012745Z,historical,P3,P3__historical__version_2_1__htessel_lisflood__consolidated,cems-glofas-historical,version_2_1,htessel_lisflood,consolidated,1989-05-08,budget_exhausted,,budget,max attempts reached for combo,,
2026-02-16T01:27:46Z,scan_20260216T012745Z,historical,P3,P3__historical__version_2_1__htessel_lisflood__consolidated,cems-glofas-historical,version_2_1,htessel_lisflood,consolidated,1989-08-06,budget_exhausted,,budget,max attempts reached for combo,,
2026-02-16T01:27:46Z,scan_20260216T012745Z,historical,P3,P3__historical__version_2_1__htessel_lisflood__consolidated,cems-glofas-historical,version_2_1,htessel_lisflood,consolidated,1989-11-04,budget_exhausted,,budget,max attempts reached for combo,,
2026-02-16T01:27:46Z,scan_20260216T012745Z,historical,P3,P3__historical__version_2_1__htessel_lisflood__consolidated,cems-glofas-historical,version_2_1,htessel_lisflood,consolidated,1990-02-02,budget_exhausted,,budget,max attempts reached for combo,,
2026-02-16T01:27:46Z,scan_20260216T012745Z,historical,P3,P3__historical__version_2_1__htessel_lisflood__consolidated,cems-glofas-historical,version_2_1,htessel_lisflood,consolidated,1990-05-03,budget_exhausted,,budget,max attempts reached for combo,,
2026-02-16T01:27:46Z,scan_20260216T012745Z,historical,P3,P3__historical__version_2_1__htessel_lisflood__consolidated,cems-glofas-historical,version_2_1,htessel_lisflood,consolidated,1990-08-01,budget_exhausted,,budget,max attempts reached for combo,,
2026-02-16T01:27:46Z,scan_20260216T012745Z,historical,P3,P3__historical__version_2_1__htessel_lisflood__consolidated,cems-glofas-historical,version_2_1,htessel_lisflood,consolidated,1990-10-30,budget_exhausted,,budget,max attempts reached for combo,,
2026-02-16T01:27:46Z,scan_20260216T012745Z,historical,P3,P3__historical__version_2_1__htessel_lisflood__consolidated,cems-glofas-historical,version_2_1,htessel_lisflood,consolidated,1991-01-28,budget_exhausted,,budget,max attempts reached for combo,,
2026-02-16T01:27:46Z,scan_20260216T012745Z,historical,P3,P3__historical__version_2_1__htessel_lisflood__consolidated,cems-glofas-historical,version_2_1,htessel_lisflood,consolidated,1991-04-28,budget_exhausted,,budget,max attempts reached for combo,,
2026-02-16T01:27:46Z,scan_20260216T012745Z,historical,P3,P3__historical__version_2_1__htessel_lisflood__consolidated,cems-glofas-historical,version_2_1,htessel_lisflood,consolidated,1991-07-27,budget_exhausted,,budget,max attempts reached for combo,,
2026-02-16T01:27:46Z,scan_20260216T012745Z,historical,P3,P3__historical__version_2_1__htessel_lisflood__consolidated,cems-glofas-historical,version_2_1,htessel_lisflood,consolidated,1991-10-25,budget_exhausted,,budget,max attempts reached for combo,,
2026-02-16T01:27:46Z,scan_20260216T012745Z,historical,P3,P3__historical__version_2_1__htessel_lisflood__consolidated,cems-glofas-historical,version_2_1,htessel_lisflood,consolidated,1992-01-23,budget_exhausted,,budget,max attempts reached for combo,,
2026-02-16T01:27:46Z,scan_20260216T012745Z,historical,P3,P3__historical__version_2_1__htessel_lisflood__consolidated,cems-glofas-historical,version_2_1,htessel_lisflood,consolidated,1992-04-22,budget_exhausted,,budget,max attempts reached for combo,,
2026-02-16T01:27:46Z,scan_20260216T012745Z,historical,P3,P3__historical__version_2_1__htessel_lisflood__consolidated,cems-glofas-historical,version_2_1,htessel_lisflood,consolidated,1992-07-21,budget_exhausted,,budget,max attempts reached for combo,,
2026-02-16T01:27:46Z,scan_20260216T012745Z,historical,P3,P3__historical__version_2_1__htessel_lisflood__consolidated,cems-glofas-historical,version_2_1,htessel_lisflood,consolidated,1992-10-19,budget_exhausted,,budget,max attempts reached for combo,,
2026-02-16T01:27:46Z,scan_20260216T012745Z,historical,P3,P3__historical__version_2_1__htessel_lisflood__consolidated,cems-glofas-historical,version_2_1,htessel_lisflood,consolidated,1993-01-17,budget_exhausted,,budget,max attempts reached for combo,,
2026-02-16T01:27:46Z,scan_20260216T012745Z,historical,P3,P3__historical__version_2_1__htessel_lisflood__consolidated,cems-glofas-historical,version_2_1,htessel_lisflood,consolidated,1993-04-17,budget_exhausted,,budget,max attempts reached for combo,,
2026-02-16T01:27:46Z,scan_20260216T012745Z,historical,P3,P3__historical__version_2_1__htessel_lisflood__consolidated,cems-glofas-historical,version_2_1,htessel_lisflood,consolidated,1993-07-16,budget_exhausted,,budget,max attempts reached for combo,,
2026-02-16T01:27:46Z,scan_20260216T012745Z,historical,P3,P3__historical__version_2_1__htessel_lisflood__consolidated,cems-glofas-historical,version_2_1,htessel_lisflood,consolidated,1993-10-14,budget_exhausted,,budget,max attempts reached for combo,,
2026-02-16T01:27:46Z,scan_20260216T012745Z,historical,P3,P3__historical__version_2_1__htessel_lisflood__consolidated,cems-glofas-historical,version_2_1,htessel_lisflood,consolidated,1994-01-12,budget_exhausted,,budget,max attempts reached for combo,,
2026-02-16T01:27:46Z,scan_20260216T012745Z,historical,P3,P3__historical__version_2_1__htessel_lisflood__consolidated,cems-glofas-historical,version_2_1,htessel_lisflood,consolidated,1994-04-12,budget_exhausted,,budget,max attempts reached for combo,,
2026-02-16T01:27:46Z,scan_20260216T012745Z,historical,P3,P3__historical__version_2_1__htessel_lisflood__consolidated,cems-glofas-historical,version_2_1,htessel_lisflood,consolidated,1994-07-11,budget_exhausted,,budget,max attempts reached for combo,,
2026-02-16T01:27:46Z,scan_20260216T012745Z,historical,P3,P3__historical__version_2_1__htessel_lisflood__consolidated,cems-glofas-historical,version_2_1,htessel_lisflood,consolidated,1994-10-09,budget_exhausted,,budget,max attempts reached for combo,,
2026-02-16T01:27:46Z,scan_20260216T012745Z,historical,P3,P3__historical__version_2_1__htessel_lisflood__consolidated,cems-glofas-historical,version_2_1,htessel_lisflood,consolidated,1995-01-07,budget_exhausted,,budget,max attempts reached for combo,,
2026-02-16T01:27:46Z,scan_20260216T012745Z,historical,P3,P3__historical__version_2_1__htessel_lisflood__consolidated,cems-glofas-historical,version_2_1,htessel_lisflood,consolidated,1995-04-07,budget_exhausted,,budget,max attempts reached for combo,,
2026-02-16T01:27:46Z,scan_20260216T012745Z,historical,P3,P3__historical__version_2_1__htessel_lisflood__consolidated,cems-glofas-historical,version_2_1,htessel_lisflood,consolidated,1995-07-06,budget_exhausted,,budget,max attempts reached for combo,,
2026-02-16T01:27:46Z,scan_20260216T012745Z,historical,P3,P3__historical__version_2_1__htessel_lisflood__consolidated,cems-glofas-historical,version_2_1,htessel_lisflood,consolidated,1995-10-04,budget_exhausted,,budget,max attempts reached for combo,,
2026-02-16T01:27:46Z,scan_20260216T012745Z,historical,P3,P3__historical__version_2_1__htessel_lisflood__consolidated,cems-glofas-historical,version_2_1,htessel_lisflood,consolidated,1996-01-02,budget_exhausted,,budget,max attempts reached for combo,,
2026-02-16T01:27:46Z,scan_20260216T012745Z,historical,P3,P3__historical__version_2_1__htessel_lisflood__consolidated,cems-glofas-historical,version_2_1,htessel_lisflood,consolidated,1996-04-01,budget_exhausted,,budget,max attempts reached for combo,,
2026-02-16T01:27:46Z,scan_20260216T012745Z,historical,P3,P3__historical__version_2_1__htessel_lisflood__consolidated,cems-glofas-historical,version_2_1,htessel_lisflood,consolidated,1996-06-30,budget_exhausted,,budget,max attempts reached for combo,,
2026-02-16T01:27:46Z,scan_20260216T012745Z,historical,P3,P3__historical__version_2_1__htessel_lisflood__consolidated,cems-glofas-historical,version_2_1,htessel_lisflood,consolidated,1996-09-28,budget_exhausted,,budget,max attempts reached for combo,,
2026-02-16T01:27:46Z,scan_20260216T012745Z,historical,P3,P3__historical__version_2_1__htessel_lisflood__consolidated,cems-glofas-historical,version_2_1,htessel_lisflood,consolidated,1996-12-27,budget_exhausted,,budget,max attempts reached for combo,,
2026-02-16T01:27:46Z,scan_20260216T012745Z,historical,P3,P3__historical__version_2_1__htessel_lisflood__consolidated,cems-glofas-historical,version_2_1,htessel_lisflood,consolidated,1997-03-27,budget_exhausted,,budget,max attempts reached for combo,,
2026-02-16T01:27:46Z,scan_20260216T012745Z,historical,P3,P3__historical__version_2_1__htessel_lisflood__consolidated,cems-glofas-historical,version_2_1,htessel_lisflood,consolidated,1997-06-25,budget_exhausted,,budget,max attempts reached for combo,,
2026-02-16T01:27:46Z,scan_20260216T012745Z,historical,P3,P3__historical__version_2_1__htessel_lisflood__consolidated,cems-glofas-historical,version_2_1,htessel_lisflood,consolidated,1997-09-23,budget_exhausted,,budget,max attempts reached for combo,,
2026-02-16T01:27:46Z,scan_20260216T012745Z,historical,P3,P3__historical__version_2_1__htessel_lisflood__consolidated,cems-glofas-historical,version_2_1,htessel_lisflood,consolidated,1997-12-22,budget_exhausted,,budget,max attempts reached for combo,,
2026-02-16T01:27:46Z,scan_20260216T012745Z,historical,P3,P3__historical__version_2_1__htessel_lisflood__consolidated,cems-glofas-historical,version_2_1,htessel_lisflood,consolidated,1998-03-22,budget_exhausted,,budget,max attempts reached for combo,,
2026-02-16T01:27:46Z,scan_20260216T012745Z,historical,P3,P3__historical__version_2_1__htessel_lisflood__consolidated,cems-glofas-historical,version_2_1,htessel_lisflood,consolidated,1998-06-20,budget_exhausted,,budget,max attempts reached for combo,,
2026-02-16T01:27:46Z,scan_20260216T012745Z,historical,P3,P3__historical__version_2_1__htessel_lisflood__consolidated,cems-glofas-historical,version_2_1,htessel_lisflood,consolidated,1998-09-18,budget_exhausted,,budget,max attempts reached for combo,,
2026-02-16T01:27:46Z,scan_20260216T012745Z,historical,P3,P3__historical__version_2_1__htessel_lisflood__consolidated,cems-glofas-historical,version_2_1,htessel_lisflood,consolidated,1998-12-17,budget_exhausted,,budget,max attempts reached for combo,,
2026-02-16T01:27:46Z,scan_20260216T012745Z,historical,P3,P3__historical__version_2_1__htessel_lisflood__consolidated,cems-glofas-historical,version_2_1,htessel_lisflood,consolidated,1999-03-17,budget_exhausted,,budget,max attempts reached for combo,,
2026-02-16T01:27:46Z,scan_20260216T012745Z,historical,P3,P3__historical__version_2_1__htessel_lisflood__consolidated,cems-glofas-historical,version_2_1,htessel_lisflood,consolidated,1999-06-15,budget_exhausted,,budget,max attempts reached for combo,,
2026-02-16T01:27:46Z,scan_20260216T012745Z,historical,P3,P3__historical__version_2_1__htessel_lisflood__consolidated,cems-glofas-historical,version_2_1,htessel_lisflood,consolidated,1999-09-13,budget_exhausted,,budget,max attempts reached for combo,,
2026-02-16T01:27:46Z,scan_20260216T012745Z,historical,P3,P3__historical__version_2_1__htessel_lisflood__consolidated,cems-glofas-historical,version_2_1,htessel_lisflood,consolidated,1999-12-12,budget_exhausted,,budget,max attempts reached for combo,,
2026-02-16T01:27:46Z,scan_20260216T012745Z,historical,P3,P3__historical__version_2_1__htessel_lisflood__consolidated,cems-glofas-historical,version_2_1,htessel_lisflood,consolidated,2000-03-11,budget_exhausted,,budget,max attempts reached for combo,,
2026-02-16T01:27:46Z,scan_20260216T012745Z,historical,P3,P3__historical__version_2_1__htessel_lisflood__consolidated,cems-glofas-historical,version_2_1,htessel_lisflood,consolidated,2000-06-09,budget_exhausted,,budget,max attempts reached for combo,,
2026-02-16T01:27:46Z,scan_20260216T012745Z,historical,P3,P3__historical__version_2_1__htessel_lisflood__consolidated,cems-glofas-historical,version_2_1,htessel_lisflood,consolidated,2000-09-07,budget_exhausted,,budget,max attempts reached for combo,,
2026-02-16T01:27:46Z,scan_20260216T012745Z,historical,P3,P3__historical__version_2_1__htessel_lisflood__consolidated,cems-glofas-historical,version_2_1,htessel_lisflood,consolidated,2000-12-06,budget_exhausted,,budget,max attempts reached for combo,,
2026-02-16T01:27:46Z,scan_20260216T012745Z,historical,P3,P3__historical__version_2_1__htessel_lisflood__consolidated,cems-glofas-historical,version_2_1,htessel_lisflood,consolidated,2001-03-06,budget_exhausted,,budget,max attempts reached for combo,,
2026-02-16T01:27:46Z,scan_20260216T012745Z,historical,P3,P3__historical__version_2_1__htessel_lisflood__consolidated,cems-glofas-historical,version_2_1,htessel_lisflood,consolidated,2001-06-04,budget_exhausted,,budget,max attempts reached for combo,,
2026-02-16T01:27:46Z,scan_20260216T012745Z,historical,P3,P3__historical__version_2_1__htessel_lisflood__consolidated,cems-glofas-historical,version_2_1,htessel_lisflood,consolidated,2001-09-02,budget_exhausted,,budget,max attempts reached for combo,,
2026-02-16T01:27:46Z,scan_20260216T012745Z,historical,P3,P3__historical__version_2_1__htessel_lisflood__consolidated,cems-glofas-historical,version_2_1,htessel_lisflood,consolidated,2001-12-01,budget_exhausted,,budget,max attempts reached for combo,,
2026-02-16T01:27:46Z,scan_20260216T012745Z,historical,P3,P3__historical__version_2_1__htessel_lisflood__consolidated,cems-glofas-historical,version_2_1,htessel_lisflood,consolidated,2002-03-01,budget_exhausted,,budget,max attempts reached for combo,,
2026-02-16T01:27:46Z,scan_20260216T012745Z,historical,P3,P3__historical__version_2_1__htessel_lisflood__consolidated,cems-glofas-historical,version_2_1,htessel_lisflood,consolidated,2002-05-30,budget_exhausted,,budget,max attempts reached for combo,,
2026-02-16T01:27:46Z,scan_20260216T012745Z,historical,P3,P3__historical__version_2_1__htessel_lisflood__consolidated,cems-glofas-historical,version_2_1,htessel_lisflood,consolidated,2002-08-28,budget_exhausted,,budget,max attempts reached for combo,,
2026-02-16T01:27:46Z,scan_20260216T012745Z,historical,P3,P3__historical__version_2_1__htessel_lisflood__consolidated,cems-glofas-historical,version_2_1,htessel_lisflood,consolidated,2002-11-26,budget_exhausted,,budget,max attempts reached for combo,,
2026-02-16T01:27:46Z,scan_20260216T012745Z,historical,P3,P3__historical__version_2_1__htessel_lisflood__consolidated,cems-glofas-historical,version_2_1,htessel_lisflood,consolidated,2003-02-24,budget_exhausted,,budget,max attempts reached for combo,,
2026-02-16T01:27:46Z,scan_20260216T012745Z,historical,P3,P3__historical__version_2_1__htessel_lisflood__consolidated,cems-glofas-historical,version_2_1,htessel_lisflood,consolidated,2003-05-25,budget_exhausted,,budget,max attempts reached for combo,,
2026-02-16T01:27:46Z,scan_20260216T012745Z,historical,P3,P3__historical__version_2_1__htessel_lisflood__consolidated,cems-glofas-historical,version_2_1,htessel_lisflood,consolidated,2003-08-23,budget_exhausted,,budget,max attempts reached for combo,,
2026-02-16T01:27:46Z,scan_20260216T012745Z,historical,P3,P3__historical__version_2_1__htessel_lisflood__consolidated,cems-glofas-historical,version_2_1,htessel_lisflood,consolidated,2003-11-21,budget_exhausted,,budget,max attempts reached for combo,,
2026-02-16T01:27:46Z,scan_20260216T012745Z,historical,P3,P3__historical__version_2_1__htessel_lisflood__consolidated,cems-glofas-historical,version_2_1,htessel_lisflood,consolidated,2004-02-19,budget_exhausted,,budget,max attempts reached for combo,,
2026-02-16T01:27:46Z,scan_20260216T012745Z,historical,P3,P3__historical__version_2_1__htessel_lisflood__consolidated,cems-glofas-historical,version_2_1,htessel_lisflood,consolidated,2004-05-19,budget_exhausted,,budget,max attempts reached for combo,,
2026-02-16T01:27:46Z,scan_20260216T012745Z,historical,P3,P3__historical__version_2_1__htessel_lisflood__consolidated,cems-glofas-historical,version_2_1,htessel_lisflood,consolidated,2004-08-17,budget_exhausted,,budget,max attempts reached for combo,,
2026-02-16T01:27:46Z,scan_20260216T012745Z,historical,P3,P3__historical__version_2_1__htessel_lisflood__consolidated,cems-glofas-historical,version_2_1,htessel_lisflood,consolidated,2004-11-15,budget_exhausted,,budget,max attempts reached for combo,,
2026-02-16T01:27:46Z,scan_20260216T012745Z,historical,P3,P3__historical__version_2_1__htessel_lisflood__consolidated,cems-glofas-historical,version_2_1,htessel_lisflood,consolidated,2005-02-13,budget_exhausted,,budget,max attempts reached for combo,,
2026-02-16T01:27:46Z,scan_20260216T012745Z,historical,P3,P3__historical__version_2_1__htessel_lisflood__consolidated,cems-glofas-historical,version_2_1,htessel_lisflood,consolidated,2005-05-14,budget_exhausted,,budget,max attempts reached for combo,,
2026-02-16T01:27:46Z,scan_20260216T012745Z,historical,P3,P3__historical__version_2_1__htessel_lisflood__consolidated,cems-glofas-historical,version_2_1,htessel_lisflood,consolidated,2005-08-12,budget_exhausted,,budget,max attempts reached for combo,,
2026-02-16T01:27:46Z,scan_20260216T012745Z,historical,P3,P3__historical__version_2_1__htessel_lisflood__consolidated,cems-glofas-historical,version_2_1,htessel_lisflood,consolidated,2005-11-10,budget_exhausted,,budget,max attempts reached for combo,,
2026-02-16T01:27:46Z,scan_20260216T012745Z,historical,P3,P3__historical__version_2_1__htessel_lisflood__consolidated,cems-glofas-historical,version_2_1,htessel_lisflood,consolidated,2006-02-08,budget_exhausted,,budget,max attempts reached for combo,,
2026-02-16T01:27:46Z,scan_20260216T012745Z,historical,P3,P3__historical__version_2_1__htessel_lisflood__consolidated,cems-glofas-historical,version_2_1,htessel_lisflood,consolidated,2006-05-09,budget_exhausted,,budget,max attempts reached for combo,,
2026-02-16T01:27:46Z,scan_20260216T012745Z,historical,P3,P3__historical__version_2_1__htessel_lisflood__consolidated,cems-glofas-historical,version_2_1,htessel_lisflood,consolidated,2006-08-07,budget_exhausted,,budget,max attempts reached for combo,,
2026-02-16T01:27:46Z,scan_20260216T012745Z,historical,P3,P3__historical__version_2_1__htessel_lisflood__consolidated,cems-glofas-historical,version_2_1,htessel_lisflood,consolidated,2006-11-05,budget_exhausted,,budget,max attempts reached for combo,,
2026-02-16T01:27:46Z,scan_20260216T012745Z,historical,P3,P3__historical__version_2_1__htessel_lisflood__consolidated,cems-glofas-historical,version_2_1,htessel_lisflood,consolidated,2007-02-03,budget_exhausted,,budget,max attempts reached for combo,,
2026-02-16T01:27:46Z,scan_20260216T012745Z,historical,P3,P3__historical__version_2_1__htessel_lisflood__consolidated,cems-glofas-historical,version_2_1,htessel_lisflood,consolidated,2007-05-04,budget_exhausted,,budget,max attempts reached for combo,,
2026-02-16T01:27:46Z,scan_20260216T012745Z,historical,P3,P3__historical__version_2_1__htessel_lisflood__consolidated,cems-glofas-historical,version_2_1,htessel_lisflood,consolidated,2007-08-02,budget_exhausted,,budget,max attempts reached for combo,,
2026-02-16T01:27:46Z,scan_20260216T012745Z,historical,P3,P3__historical__version_2_1__htessel_lisflood__consolidated,cems-glofas-historical,version_2_1,htessel_lisflood,consolidated,2007-10-31,budget_exhausted,,budget,max attempts reached for combo,,
2026-02-16T01:27:46Z,scan_20260216T012745Z,historical,P3,P3__historical__version_2_1__htessel_lisflood__consolidated,cems-glofas-historical,version_2_1,htessel_lisflood,consolidated,2008-01-29,budget_exhausted,,budget,max attempts reached for combo,,
2026-02-16T01:27:46Z,scan_20260216T012745Z,historical,P3,P3__historical__version_2_1__htessel_lisflood__consolidated,cems-glofas-historical,version_2_1,htessel_lisflood,consolidated,2008-04-28,budget_exhausted,,budget,max attempts reached for combo,,
2026-02-16T01:27:46Z,scan_20260216T012745Z,historical,P3,P3__historical__version_2_1__htessel_lisflood__consolidated,cems-glofas-historical,version_2_1,htessel_lisflood,consolidated,2008-07-27,budget_exhausted,,budget,max attempts reached for combo,,
2026-02-16T01:27:46Z,scan_20260216T012745Z,historical,P3,P3__historical__version_2_1__htessel_lisflood__consolidated,cems-glofas-historical,version_2_1,htessel_lisflood,consolidated,2008-10-25,budget_exhausted,,budget,max attempts reached for combo,,
2026-02-16T01:27:46Z,scan_20260216T012745Z,historical,P3,P3__historical__version_2_1__htessel_lisflood__consolidated,cems-glofas-historical,version_2_1,htessel_lisflood,consolidated,2009-01-23,budget_exhausted,,budget,max attempts reached for combo,,
2026-02-16T01:27:46Z,scan_20260216T012745Z,historical,P3,P3__historical__version_2_1__htessel_lisflood__consolidated,cems-glofas-historical,version_2_1,htessel_lisflood,consolidated,2009-04-23,budget_exhausted,,budget,max attempts reached for combo,,
2026-02-16T01:27:46Z,scan_20260216T012745Z,historical,P3,P3__historical__version_2_1__htessel_lisflood__consolidated,cems-glofas-historical,version_2_1,htessel_lisflood,consolidated,2009-07-22,budget_exhausted,,budget,max attempts reached for combo,,
2026-02-16T01:27:46Z,scan_20260216T012745Z,historical,P3,P3__historical__version_2_1__htessel_lisflood__consolidated,cems-glofas-historical,version_2_1,htessel_lisflood,consolidated,2009-10-20,budget_exhausted,,budget,max attempts reached for combo,,
2026-02-16T01:27:46Z,scan_20260216T012745Z,historical,P3,P3__historical__version_2_1__htessel_lisflood__consolidated,cems-glofas-historical,version_2_1,htessel_lisflood,consolidated,2010-01-18,budget_exhausted,,budget,max attempts reached for combo,,
2026-02-16T01:27:46Z,scan_20260216T012745Z,historical,P3,P3__historical__version_2_1__htessel_lisflood__consolidated,cems-glofas-historical,version_2_1,htessel_lisflood,consolidated,2010-04-18,budget_exhausted,,budget,max attempts reached for combo,,
2026-02-16T01:27:46Z,scan_20260216T012745Z,historical,P3,P3__historical__version_2_1__htessel_lisflood__consolidated,cems-glofas-historical,version_2_1,htessel_lisflood,consolidated,2010-07-17,budget_exhausted,,budget,max attempts reached for combo,,
2026-02-16T01:27:46Z,scan_20260216T012745Z,historical,P3,P3__historical__version_2_1__htessel_lisflood__consolidated,cems-glofas-historical,version_2_1,htessel_lisflood,consolidated,2010-10-15,budget_exhausted,,budget,max attempts reached for combo,,
2026-02-16T01:27:46Z,scan_20260216T012745Z,historical,P3,P3__historical__version_2_1__htessel_lisflood__consolidated,cems-glofas-historical,version_2_1,htessel_lisflood,consolidated,2011-01-13,budget_exhausted,,budget,max attempts reached for combo,,
2026-02-16T01:27:46Z,scan_20260216T012745Z,historical,P3,P3__historical__version_2_1__htessel_lisflood__consolidated,cems-glofas-historical,version_2_1,htessel_lisflood,consolidated,2011-04-13,budget_exhausted,,budget,max attempts reached for combo,,
2026-02-16T01:27:46Z,scan_20260216T012745Z,historical,P3,P3__historical__version_2_1__htessel_lisflood__consolidated,cems-glofas-historical,version_2_1,htessel_lisflood,consolidated,2011-07-12,budget_exhausted,,budget,max attempts reached for combo,,
2026-02-16T01:27:46Z,scan_20260216T012745Z,historical,P3,P3__historical__version_2_1__htessel_lisflood__consolidated,cems-glofas-historical,version_2_1,htessel_lisflood,consolidated,2011-10-10,budget_exhausted,,budget,max attempts reached for combo,,
2026-02-16T01:27:46Z,scan_20260216T012745Z,historical,P3,P3__historical__version_2_1__htessel_lisflood__consolidated,cems-glofas-historical,version_2_1,htessel_lisflood,consolidated,2012-01-08,budget_exhausted,,budget,max attempts reached for combo,,
2026-02-16T01:27:46Z,scan_20260216T012745Z,historical,P3,P3__historical__version_2_1__htessel_lisflood__consolidated,cems-glofas-historical,version_2_1,htessel_lisflood,consolidated,2012-04-07,budget_exhausted,,budget,max attempts reached for combo,,
2026-02-16T01:27:46Z,scan_20260216T012745Z,historical,P3,P3__historical__version_2_1__htessel_lisflood__consolidated,cems-glofas-historical,version_2_1,htessel_lisflood,consolidated,2012-07-06,budget_exhausted,,budget,max attempts reached for combo,,
2026-02-16T01:27:46Z,scan_20260216T012745Z,historical,P3,P3__historical__version_2_1__htessel_lisflood__consolidated,cems-glofas-historical,version_2_1,htessel_lisflood,consolidated,2012-10-04,budget_exhausted,,budget,max attempts reached for combo,,
2026-02-16T01:27:46Z,scan_20260216T012745Z,historical,P3,P3__historical__version_2_1__htessel_lisflood__consolidated,cems-glofas-historical,version_2_1,htessel_lisflood,consolidated,2013-01-02,budget_exhausted,,budget,max attempts reached for combo,,
2026-02-16T01:27:46Z,scan_20260216T012745Z,historical,P3,P3__historical__version_2_1__htessel_lisflood__consolidated,cems-glofas-historical,version_2_1,htessel_lisflood,consolidated,2013-04-02,budget_exhausted,,budget,max attempts reached for combo,,
2026-02-16T01:27:46Z,scan_20260216T012745Z,historical,P3,P3__historical__version_2_1__htessel_lisflood__consolidated,cems-glofas-historical,version_2_1,htessel_lisflood,consolidated,2013-07-01,budget_exhausted,,budget,max attempts reached for combo,,
2026-02-16T01:27:46Z,scan_20260216T012745Z,historical,P3,P3__historical__version_2_1__htessel_lisflood__consolidated,cems-glofas-historical,version_2_1,htessel_lisflood,consolidated,2013-09-29,budget_exhausted,,budget,max attempts reached for combo,,
2026-02-16T01:27:46Z,scan_20260216T012745Z,historical,P3,P3__historical__version_2_1__htessel_lisflood__consolidated,cems-glofas-historical,version_2_1,htessel_lisflood,consolidated,2013-12-28,budget_exhausted,,budget,max attempts reached for combo,,
2026-02-16T01:27:46Z,scan_20260216T012745Z,historical,P3,P3__historical__version_2_1__htessel_lisflood__consolidated,cems-glofas-historical,version_2_1,htessel_lisflood,consolidated,2014-03-28,budget_exhausted,,budget,max attempts reached for combo,,
2026-02-16T01:27:46Z,scan_20260216T012745Z,historical,P3,P3__historical__version_2_1__htessel_lisflood__consolidated,cems-glofas-historical,version_2_1,htessel_lisflood,consolidated,2014-06-26,budget_exhausted,,budget,max attempts reached for combo,,
2026-02-16T01:27:46Z,scan_20260216T012745Z,historical,P3,P3__historical__version_2_1__htessel_lisflood__consolidated,cems-glofas-historical,version_2_1,htessel_lisflood,consolidated,2014-09-24,budget_exhausted,,budget,max attempts reached for combo,,
2026-02-16T01:27:46Z,scan_20260216T012745Z,historical,P3,P3__historical__version_2_1__htessel_lisflood__consolidated,cems-glofas-historical,version_2_1,htessel_lisflood,consolidated,2014-12-23,budget_exhausted,,budget,max attempts reached for combo,,
2026-02-16T01:27:46Z,scan_20260216T012745Z,historical,P3,P3__historical__version_2_1__htessel_lisflood__consolidated,cems-glofas-historical,version_2_1,htessel_lisflood,consolidated,2015-03-23,budget_exhausted,,budget,max attempts reached for combo,,
2026-02-16T01:27:46Z,scan_20260216T012745Z,historical,P3,P3__historical__version_2_1__htessel_lisflood__consolidated,cems-glofas-historical,version_2_1,htessel_lisflood,consolidated,2015-06-21,budget_exhausted,,budget,max attempts reached for combo,,
2026-02-16T01:27:46Z,scan_20260216T012745Z,historical,P3,P3__historical__version_2_1__htessel_lisflood__consolidated,cems-glofas-historical,version_2_1,htessel_lisflood,consolidated,2015-09-19,budget_exhausted,,budget,max attempts reached for combo,,
2026-02-16T01:27:46Z,scan_20260216T012745Z,historical,P3,P3__historical__version_2_1__htessel_lisflood__consolidated,cems-glofas-historical,version_2_1,htessel_lisflood,consolidated,2015-12-18,budget_exhausted,,budget,max attempts reached for combo,,
2026-02-16T01:27:46Z,scan_20260216T012745Z,historical,P3,P3__historical__version_2_1__htessel_lisflood__consolidated,cems-glofas-historical,version_2_1,htessel_lisflood,consolidated,2016-03-17,budget_exhausted,,budget,max attempts reached for combo,,
2026-02-16T01:27:46Z,scan_20260216T012745Z,historical,P3,P3__historical__version_2_1__htessel_lisflood__consolidated,cems-glofas-historical,version_2_1,htessel_lisflood,consolidated,2016-06-15,budget_exhausted,,budget,max attempts reached for combo,,
2026-02-16T01:27:46Z,scan_20260216T012745Z,historical,P3,P3__historical__version_2_1__htessel_lisflood__consolidated,cems-glofas-historical,version_2_1,htessel_lisflood,consolidated,2016-09-13,budget_exhausted,,budget,max attempts reached for combo,,
2026-02-16T01:27:46Z,scan_20260216T012745Z,historical,P3,P3__historical__version_2_1__htessel_lisflood__consolidated,cems-glofas-historical,version_2_1,htessel_lisflood,consolidated,2016-12-12,budget_exhausted,,budget,max attempts reached for combo,,
2026-02-16T01:27:46Z,scan_20260216T012745Z,historical,P3,P3__historical__version_2_1__htessel_lisflood__consolidated,cems-glofas-historical,version_2_1,htessel_lisflood,consolidated,2017-03-12,budget_exhausted,,budget,max attempts reached for combo,,
2026-02-16T01:27:46Z,scan_20260216T012745Z,historical,P3,P3__historical__version_2_1__htessel_lisflood__consolidated,cems-glofas-historical,version_2_1,htessel_lisflood,consolidated,2017-06-10,budget_exhausted,,budget,max attempts reached for combo,,
2026-02-16T01:27:46Z,scan_20260216T012745Z,historical,P3,P3__historical__version_2_1__htessel_lisflood__consolidated,cems-glofas-historical,version_2_1,htessel_lisflood,consolidated,2017-09-08,budget_exhausted,,budget,max attempts reached for combo,,
2026-02-16T01:27:46Z,scan_20260216T012745Z,historical,P3,P3__historical__version_2_1__htessel_lisflood__consolidated,cems-glofas-historical,version_2_1,htessel_lisflood,consolidated,2017-12-07,budget_exhausted,,budget,max attempts reached for combo,,
2026-02-16T01:27:46Z,scan_20260216T012745Z,historical,P3,P3__historical__version_2_1__htessel_lisflood__consolidated,cems-glofas-historical,version_2_1,htessel_lisflood,consolidated,2018-03-07,budget_exhausted,,budget,max attempts reached for combo,,
2026-02-16T01:27:46Z,scan_20260216T012745Z,historical,P3,P3__historical__version_2_1__htessel_lisflood__consolidated,cems-glofas-historical,version_2_1,htessel_lisflood,consolidated,2018-06-05,budget_exhausted,,budget,max attempts reached for combo,,
2026-02-16T01:27:46Z,scan_20260216T012745Z,historical,P3,P3__historical__version_2_1__htessel_lisflood__consolidated,cems-glofas-historical,version_2_1,htessel_lisflood,consolidated,2018-09-03,budget_exhausted,,budget,max attempts reached for combo,,
2026-02-16T01:27:46Z,scan_20260216T012745Z,historical,P3,P3__historical__version_2_1__htessel_lisflood__consolidated,cems-glofas-historical,version_2_1,htessel_lisflood,consolidated,2018-12-02,budget_exhausted,,budget,max attempts reached for combo,,
2026-02-16T01:27:46Z,scan_20260216T012745Z,historical,P3,P3__historical__version_2_1__htessel_lisflood__consolidated,cems-glofas-historical,version_2_1,htessel_lisflood,consolidated,2019-03-02,budget_exhausted,,budget,max attempts reached for combo,,
2026-02-16T01:27:46Z,scan_20260216T012745Z,historical,P3,P3__historical__version_2_1__htessel_lisflood__consolidated,cems-glofas-historical,version_2_1,htessel_lisflood,consolidated,2019-05-31,budget_exhausted,,budget,max attempts reached for combo,,
2026-02-16T01:27:46Z,scan_20260216T012745Z,historical,P3,P3__historical__version_2_1__htessel_lisflood__consolidated,cems-glofas-historical,version_2_1,htessel_lisflood,consolidated,2019-08-29,budget_exhausted,,budget,max attempts reached for combo,,
2026-02-16T01:27:46Z,scan_20260216T012745Z,historical,P3,P3__historical__version_2_1__htessel_lisflood__consolidated,cems-glofas-historical,version_2_1,htessel_lisflood,consolidated,2019-11-27,budget_exhausted,,budget,max attempts reached for combo,,
2026-02-16T01:27:46Z,scan_20260216T012745Z,historical,P3,P3__historical__version_2_1__htessel_lisflood__consolidated,cems-glofas-historical,version_2_1,htessel_lisflood,consolidated,2020-02-25,budget_exhausted,,budget,max attempts reached for combo,,
2026-02-16T01:27:46Z,scan_20260216T012745Z,historical,P3,P3__historical__version_2_1__htessel_lisflood__consolidated,cems-glofas-historical,version_2_1,htessel_lisflood,consolidated,2020-05-25,budget_exhausted,,budget,max attempts reached for combo,,
2026-02-16T01:27:46Z,scan_20260216T012745Z,historical,P3,P3__historical__version_2_1__htessel_lisflood__consolidated,cems-glofas-historical,version_2_1,htessel_lisflood,consolidated,2020-08-23,budget_exhausted,,budget,max attempts reached for combo,,
2026-02-16T01:27:46Z,scan_20260216T012745Z,historical,P3,P3__historical__version_2_1__htessel_lisflood__consolidated,cems-glofas-historical,version_2_1,htessel_lisflood,consolidated,2020-11-21,budget_exhausted,,budget,max attempts reached for combo,,
2026-02-16T01:27:46Z,scan_20260216T012745Z,historical,P3,P3__historical__version_2_1__htessel_lisflood__consolidated,cems-glofas-historical,version_2_1,htessel_lisflood,consolidated,2021-02-19,budget_exhausted,,budget,max attempts reached for combo,,
2026-02-16T01:27:46Z,scan_20260216T012745Z,historical,P3,P3__historical__version_2_1__htessel_lisflood__consolidated,cems-glofas-historical,version_2_1,htessel_lisflood,consolidated,2021-05-20,budget_exhausted,,budget,max attempts reached for combo,,
2026-02-16T01:27:46Z,scan_20260216T012745Z,historical,P3,P3__historical__version_2_1__htessel_lisflood__consolidated,cems-glofas-historical,version_2_1,htessel_lisflood,consolidated,2021-08-18,budget_exhausted,,budget,max attempts reached for combo,,
2026-02-16T01:27:46Z,scan_20260216T012745Z,historical,P3,P3__historical__version_2_1__htessel_lisflood__consolidated,cems-glofas-historical,version_2_1,htessel_lisflood,consolidated,2021-11-16,budget_exhausted,,budget,max attempts reached for combo,,
2026-02-16T01:27:46Z,scan_20260216T012745Z,historical,P3,P3__historical__version_2_1__htessel_lisflood__consolidated,cems-glofas-historical,version_2_1,htessel_lisflood,consolidated,2022-02-14,budget_exhausted,,budget,max attempts reached for combo,,
2026-02-16T01:27:46Z,scan_20260216T012745Z,historical,P3,P3__historical__version_2_1__htessel_lisflood__consolidated,cems-glofas-historical,version_2_1,htessel_lisflood,consolidated,2022-05-15,budget_exhausted,,budget,max attempts reached for combo,,
2026-02-16T01:27:46Z,scan_20260216T012745Z,historical,P3,P3__historical__version_2_1__htessel_lisflood__consolidated,cems-glofas-historical,version_2_1,htessel_lisflood,consolidated,2022-08-13,budget_exhausted,,budget,max attempts reached for combo,,
2026-02-16T01:27:46Z,scan_20260216T012745Z,historical,P3,P3__historical__version_2_1__htessel_lisflood__consolidated,cems-glofas-historical,version_2_1,htessel_lisflood,consolidated,2022-11-11,budget_exhausted,,budget,max attempts reached for combo,,
2026-02-16T01:27:46Z,scan_20260216T012745Z,historical,P3,P3__historical__version_2_1__htessel_lisflood__consolidated,cems-glofas-historical,version_2_1,htessel_lisflood,consolidated,2023-02-09,budget_exhausted,,budget,max attempts reached for combo,,
2026-02-16T01:27:46Z,scan_20260216T012745Z,historical,P3,P3__historical__version_2_1__htessel_lisflood__consolidated,cems-glofas-historical,version_2_1,htessel_lisflood,consolidated,2023-05-10,budget_exhausted,,budget,max attempts reached for combo,,
2026-02-16T01:27:46Z,scan_20260216T012745Z,historical,P3,P3__historical__version_2_1__htessel_lisflood__consolidated,cems-glofas-historical,version_2_1,htessel_lisflood,consolidated,2023-08-08,budget_exhausted,,budget,max attempts reached for combo,,
2026-02-16T01:27:46Z,scan_20260216T012745Z,historical,P3,P3__historical__version_2_1__htessel_lisflood__consolidated,cems-glofas-historical,version_2_1,htessel_lisflood,consolidated,2023-11-06,budget_exhausted,,budget,max attempts reached for combo,,
2026-02-16T01:27:46Z,scan_20260216T012745Z,historical,P3,P3__historical__version_2_1__htessel_lisflood__consolidated,cems-glofas-historical,version_2_1,htessel_lisflood,consolidated,2024-02-04,budget_exhausted,,budget,max attempts reached for combo,,
2026-02-16T01:27:46Z,scan_20260216T012745Z,historical,P3,P3__historical__version_2_1__htessel_lisflood__consolidated,cems-glofas-historical,version_2_1,htessel_lisflood,consolidated,2024-05-04,budget_exhausted,,budget,max attempts reached for combo,,
2026-02-16T01:27:46Z,scan_20260216T012745Z,historical,P3,P3__historical__version_2_1__htessel_lisflood__consolidated,cems-glofas-historical,version_2_1,htessel_lisflood,consolidated,2024-08-02,budget_exhausted,,budget,max attempts reached for combo,,
2026-02-16T01:27:46Z,scan_20260216T012745Z,historical,P3,P3__historical__version_2_1__htessel_lisflood__consolidated,cems-glofas-historical,version_2_1,htessel_lisflood,consolidated,2024-10-31,budget_exhausted,,budget,max attempts reached for combo,,
2026-02-16T01:27:46Z,scan_20260216T012745Z,historical,P3,P3__historical__version_2_1__htessel_lisflood__consolidated,cems-glofas-historical,version_2_1,htessel_lisflood,consolidated,2025-01-29,budget_exhausted,,budget,max attempts reached for combo,,
2026-02-16T01:27:46Z,scan_20260216T012745Z,historical,P3,P3__historical__version_2_1__htessel_lisflood__consolidated,cems-glofas-historical,version_2_1,htessel_lisflood,consolidated,2025-04-29,budget_exhausted,,budget,max attempts reached for combo,,
2026-02-16T01:27:46Z,scan_20260216T012745Z,historical,P3,P3__historical__version_2_1__htessel_lisflood__consolidated,cems-glofas-historical,version_2_1,htessel_lisflood,consolidated,2025-07-28,budget_exhausted,,budget,max attempts reached for combo,,
2026-02-16T01:27:46Z,scan_20260216T012745Z,historical,P3,P3__historical__version_2_1__htessel_lisflood__consolidated,cems-glofas-historical,version_2_1,htessel_lisflood,consolidated,2025-10-26,budget_exhausted,,budget,max attempts reached for combo,,
2026-02-16T01:27:46Z,scan_20260216T012745Z,historical,P3,P3__historical__version_2_1__htessel_lisflood__consolidated,cems-glofas-historical,version_2_1,htessel_lisflood,consolidated,2026-01-24,budget_exhausted,,budget,max attempts reached for combo,,
2026-02-16T01:27:46Z,scan_20260216T012745Z,historical,P3,P3__historical__version_2_1__lisflood__consolidated,cems-glofas-historical,version_2_1,lisflood,consolidated,2020-01-16,dry_run,,dry_run,probe not executed in dry-run mode,repro/glofas_coverage_scan_runs/scan_20260216T012745Z/downloads/historical/P3__historical__version_2_1__lisflood__consolidated/2020-01-16.zip,"{""area"": [37.2443931, -122.272464, 36.8443931, -121.872464], ""data_format"": ""grib2"", ""download_format"": ""zip"", ""hday"": [""16""], ""hmonth"": [""01""], ""hydrological_model"": [""lisflood""], ""hyear"": [""2020""], ""product_type"": [""consolidated""], ""system_version"": [""version_2_1""], ""variable"": [""river_discharge_in_the_last_24_hours""]}"
2026-02-16T01:27:46Z,scan_20260216T012745Z,historical,P3,P3__historical__version_2_1__lisflood__consolidated,cems-glofas-historical,version_2_1,lisflood,consolidated,2019-11-05,dry_run,,dry_run,probe not executed in dry-run mode,repro/glofas_coverage_scan_runs/scan_20260216T012745Z/downloads/historical/P3__historical__version_2_1__lisflood__consolidated/2019-11-05.zip,"{""area"": [37.2443931, -122.272464, 36.8443931, -121.872464], ""data_format"": ""grib2"", ""download_format"": ""zip"", ""hday"": [""05""], ""hmonth"": [""11""], ""hydrological_model"": [""lisflood""], ""hyear"": [""2019""], ""product_type"": [""consolidated""], ""system_version"": [""version_2_1""], ""variable"": [""river_discharge_in_the_last_24_hours""]}"
2026-02-16T01:27:46Z,scan_20260216T012745Z,historical,P3,P3__historical__version_2_1__lisflood__consolidated,cems-glofas-historical,version_2_1,lisflood,consolidated,1979-01-01,dry_run,,dry_run,probe not executed in dry-run mode,repro/glofas_coverage_scan_runs/scan_20260216T012745Z/downloads/historical/P3__historical__version_2_1__lisflood__consolidated/1979-01-01.zip,"{""area"": [37.2443931, -122.272464, 36.8443931, -121.872464], ""data_format"": ""grib2"", ""download_format"": ""zip"", ""hday"": [""01""], ""hmonth"": [""01""], ""hydrological_model"": [""lisflood""], ""hyear"": [""1979""], ""product_type"": [""consolidated""], ""system_version"": [""version_2_1""], ""variable"": [""river_discharge_in_the_last_24_hours""]}"
2026-02-16T01:27:46Z,scan_20260216T012745Z,historical,P3,P3__historical__version_2_1__lisflood__consolidated,cems-glofas-historical,version_2_1,lisflood,consolidated,2026-02-15,dry_run,,dry_run,probe not executed in dry-run mode,repro/glofas_coverage_scan_runs/scan_20260216T012745Z/downloads/historical/P3__historical__version_2_1__lisflood__consolidated/2026-02-15.zip,"{""area"": [37.2443931, -122.272464, 36.8443931, -121.872464], ""data_format"": ""grib2"", ""download_format"": ""zip"", ""hday"": [""15""], ""hmonth"": [""02""], ""hydrological_model"": [""lisflood""], ""hyear"": [""2026""], ""product_type"": [""consolidated""], ""system_version"": [""version_2_1""], ""variable"": [""river_discharge_in_the_last_24_hours""]}"
2026-02-16T01:27:46Z,scan_20260216T012745Z,historical,P3,P3__historical__version_2_1__lisflood__consolidated,cems-glofas-historical,version_2_1,lisflood,consolidated,2002-07-25,dry_run,,dry_run,probe not executed in dry-run mode,repro/glofas_coverage_scan_runs/scan_20260216T012745Z/downloads/historical/P3__historical__version_2_1__lisflood__consolidated/2002-07-25.zip,"{""area"": [37.2443931, -122.272464, 36.8443931, -121.872464], ""data_format"": ""grib2"", ""download_format"": ""zip"", ""hday"": [""25""], ""hmonth"": [""07""], ""hydrological_model"": [""lisflood""], ""hyear"": [""2002""], ""product_type"": [""consolidated""], ""system_version"": [""version_2_1""], ""variable"": [""river_discharge_in_the_last_24_hours""]}"
2026-02-16T01:27:46Z,scan_20260216T012745Z,historical,P3,P3__historical__version_2_1__lisflood__consolidated,cems-glofas-historical,version_2_1,lisflood,consolidated,1979-04-01,dry_run,,dry_run,probe not executed in dry-run mode,repro/glofas_coverage_scan_runs/scan_20260216T012745Z/downloads/historical/P3__historical__version_2_1__lisflood__consolidated/1979-04-01.zip,"{""area"": [37.2443931, -122.272464, 36.8443931, -121.872464], ""data_format"": ""grib2"", ""download_format"": ""zip"", ""hday"": [""01""], ""hmonth"": [""04""], ""hydrological_model"": [""lisflood""], ""hyear"": [""1979""], ""product_type"": [""consolidated""], ""system_version"": [""version_2_1""], ""variable"": [""river_discharge_in_the_last_24_hours""]}"
2026-02-16T01:27:46Z,scan_20260216T012745Z,historical,P3,P3__historical__version_2_1__lisflood__consolidated,cems-glofas-historical,version_2_1,lisflood,consolidated,1979-06-30,budget_exhausted,,budget,max attempts reached for combo,,
2026-02-16T01:27:46Z,scan_20260216T012745Z,historical,P3,P3__historical__version_2_1__lisflood__consolidated,cems-glofas-historical,version_2_1,lisflood,consolidated,1979-09-28,budget_exhausted,,budget,max attempts reached for combo,,
2026-02-16T01:27:46Z,scan_20260216T012745Z,historical,P3,P3__historical__version_2_1__lisflood__consolidated,cems-glofas-historical,version_2_1,lisflood,consolidated,1979-12-27,budget_exhausted,,budget,max attempts reached for combo,,
2026-02-16T01:27:46Z,scan_20260216T012745Z,historical,P3,P3__historical__version_2_1__lisflood__consolidated,cems-glofas-historical,version_2_1,lisflood,consolidated,1980-03-26,budget_exhausted,,budget,max attempts reached for combo,,
2026-02-16T01:27:46Z,scan_20260216T012745Z,historical,P3,P3__historical__version_2_1__lisflood__consolidated,cems-glofas-historical,version_2_1,lisflood,consolidated,1980-06-24,budget_exhausted,,budget,max attempts reached for combo,,
2026-02-16T01:27:46Z,scan_20260216T012745Z,historical,P3,P3__historical__version_2_1__lisflood__consolidated,cems-glofas-historical,version_2_1,lisflood,consolidated,1980-09-22,budget_exhausted,,budget,max attempts reached for combo,,
2026-02-16T01:27:46Z,scan_20260216T012745Z,historical,P3,P3__historical__version_2_1__lisflood__consolidated,cems-glofas-historical,version_2_1,lisflood,consolidated,1980-12-21,budget_exhausted,,budget,max attempts reached for combo,,
2026-02-16T01:27:46Z,scan_20260216T012745Z,historical,P3,P3__historical__version_2_1__lisflood__consolidated,cems-glofas-historical,version_2_1,lisflood,consolidated,1981-03-21,budget_exhausted,,budget,max attempts reached for combo,,
2026-02-16T01:27:46Z,scan_20260216T012745Z,historical,P3,P3__historical__version_2_1__lisflood__consolidated,cems-glofas-historical,version_2_1,lisflood,consolidated,1981-06-19,budget_exhausted,,budget,max attempts reached for combo,,
2026-02-16T01:27:46Z,scan_20260216T012745Z,historical,P3,P3__historical__version_2_1__lisflood__consolidated,cems-glofas-historical,version_2_1,lisflood,consolidated,1981-09-17,budget_exhausted,,budget,max attempts reached for combo,,
2026-02-16T01:27:46Z,scan_20260216T012745Z,historical,P3,P3__historical__version_2_1__lisflood__consolidated,cems-glofas-historical,version_2_1,lisflood,consolidated,1981-12-16,budget_exhausted,,budget,max attempts reached for combo,,
2026-02-16T01:27:46Z,scan_20260216T012745Z,historical,P3,P3__historical__version_2_1__lisflood__consolidated,cems-glofas-historical,version_2_1,lisflood,consolidated,1982-03-16,budget_exhausted,,budget,max attempts reached for combo,,
2026-02-16T01:27:46Z,scan_20260216T012745Z,historical,P3,P3__historical__version_2_1__lisflood__consolidated,cems-glofas-historical,version_2_1,lisflood,consolidated,1982-06-14,budget_exhausted,,budget,max attempts reached for combo,,
2026-02-16T01:27:46Z,scan_20260216T012745Z,historical,P3,P3__historical__version_2_1__lisflood__consolidated,cems-glofas-historical,version_2_1,lisflood,consolidated,1982-09-12,budget_exhausted,,budget,max attempts reached for combo,,
2026-02-16T01:27:46Z,scan_20260216T012745Z,historical,P3,P3__historical__version_2_1__lisflood__consolidated,cems-glofas-historical,version_2_1,lisflood,consolidated,1982-12-11,budget_exhausted,,budget,max attempts reached for combo,,
2026-02-16T01:27:46Z,scan_20260216T012745Z,historical,P3,P3__historical__version_2_1__lisflood__consolidated,cems-glofas-historical,version_2_1,lisflood,consolidated,1983-03-11,budget_exhausted,,budget,max attempts reached for combo,,
2026-02-16T01:27:46Z,scan_20260216T012745Z,historical,P3,P3__historical__version_2_1__lisflood__consolidated,cems-glofas-historical,version_2_1,lisflood,consolidated,1983-06-09,budget_exhausted,,budget,max attempts reached for combo,,
2026-02-16T01:27:46Z,scan_20260216T012745Z,historical,P3,P3__historical__version_2_1__lisflood__consolidated,cems-glofas-historical,version_2_1,lisflood,consolidated,1983-09-07,budget_exhausted,,budget,max attempts reached for combo,,
2026-02-16T01:27:46Z,scan_20260216T012745Z,historical,P3,P3__historical__version_2_1__lisflood__consolidated,cems-glofas-historical,version_2_1,lisflood,consolidated,1983-12-06,budget_exhausted,,budget,max attempts reached for combo,,
2026-02-16T01:27:46Z,scan_20260216T012745Z,historical,P3,P3__historical__version_2_1__lisflood__consolidated,cems-glofas-historical,version_2_1,lisflood,consolidated,1984-03-05,budget_exhausted,,budget,max attempts reached for combo,,
2026-02-16T01:27:46Z,scan_20260216T012745Z,historical,P3,P3__historical__version_2_1__lisflood__consolidated,cems-glofas-historical,version_2_1,lisflood,consolidated,1984-06-03,budget_exhausted,,budget,max attempts reached for combo,,
2026-02-16T01:27:46Z,scan_20260216T012745Z,historical,P3,P3__historical__version_2_1__lisflood__consolidated,cems-glofas-historical,version_2_1,lisflood,consolidated,1984-09-01,budget_exhausted,,budget,max attempts reached for combo,,
2026-02-16T01:27:46Z,scan_20260216T012745Z,historical,P3,P3__historical__version_2_1__lisflood__consolidated,cems-glofas-historical,version_2_1,lisflood,consolidated,1984-11-30,budget_exhausted,,budget,max attempts reached for combo,,
2026-02-16T01:27:46Z,scan_20260216T012745Z,historical,P3,P3__historical__version_2_1__lisflood__consolidated,cems-glofas-historical,version_2_1,lisflood,consolidated,1985-02-28,budget_exhausted,,budget,max attempts reached for combo,,
2026-02-16T01:27:46Z,scan_20260216T012745Z,historical,P3,P3__historical__version_2_1__lisflood__consolidated,cems-glofas-historical,version_2_1,lisflood,consolidated,1985-05-29,budget_exhausted,,budget,max attempts reached for combo,,
2026-02-16T01:27:46Z,scan_20260216T012745Z,historical,P3,P3__historical__version_2_1__lisflood__consolidated,cems-glofas-historical,version_2_1,lisflood,consolidated,1985-08-27,budget_exhausted,,budget,max attempts reached for combo,,
2026-02-16T01:27:46Z,scan_20260216T012745Z,historical,P3,P3__historical__version_2_1__lisflood__consolidated,cems-glofas-historical,version_2_1,lisflood,consolidated,1985-11-25,budget_exhausted,,budget,max attempts reached for combo,,
2026-02-16T01:27:46Z,scan_20260216T012745Z,historical,P3,P3__historical__version_2_1__lisflood__consolidated,cems-glofas-historical,version_2_1,lisflood,consolidated,1986-02-23,budget_exhausted,,budget,max attempts reached for combo,,
2026-02-16T01:27:46Z,scan_20260216T012745Z,historical,P3,P3__historical__version_2_1__lisflood__consolidated,cems-glofas-historical,version_2_1,lisflood,consolidated,1986-05-24,budget_exhausted,,budget,max attempts reached for combo,,
2026-02-16T01:27:46Z,scan_20260216T012745Z,historical,P3,P3__historical__version_2_1__lisflood__consolidated,cems-glofas-historical,version_2_1,lisflood,consolidated,1986-08-22,budget_exhausted,,budget,max attempts reached for combo,,
2026-02-16T01:27:46Z,scan_20260216T012745Z,historical,P3,P3__historical__version_2_1__lisflood__consolidated,cems-glofas-historical,version_2_1,lisflood,consolidated,1986-11-20,budget_exhausted,,budget,max attempts reached for combo,,
2026-02-16T01:27:46Z,scan_20260216T012745Z,historical,P3,P3__historical__version_2_1__lisflood__consolidated,cems-glofas-historical,version_2_1,lisflood,consolidated,1987-02-18,budget_exhausted,,budget,max attempts reached for combo,,
2026-02-16T01:27:46Z,scan_20260216T012745Z,historical,P3,P3__historical__version_2_1__lisflood__consolidated,cems-glofas-historical,version_2_1,lisflood,consolidated,1987-05-19,budget_exhausted,,budget,max attempts reached for combo,,
2026-02-16T01:27:46Z,scan_20260216T012745Z,historical,P3,P3__historical__version_2_1__lisflood__consolidated,cems-glofas-historical,version_2_1,lisflood,consolidated,1987-08-17,budget_exhausted,,budget,max attempts reached for combo,,
2026-02-16T01:27:46Z,scan_20260216T012745Z,historical,P3,P3__historical__version_2_1__lisflood__consolidated,cems-glofas-historical,version_2_1,lisflood,consolidated,1987-11-15,budget_exhausted,,budget,max attempts reached for combo,,
2026-02-16T01:27:46Z,scan_20260216T012745Z,historical,P3,P3__historical__version_2_1__lisflood__consolidated,cems-glofas-historical,version_2_1,lisflood,consolidated,1988-02-13,budget_exhausted,,budget,max attempts reached for combo,,
2026-02-16T01:27:46Z,scan_20260216T012745Z,historical,P3,P3__historical__version_2_1__lisflood__consolidated,cems-glofas-historical,version_2_1,lisflood,consolidated,1988-05-13,budget_exhausted,,budget,max attempts reached for combo,,
2026-02-16T01:27:46Z,scan_20260216T012745Z,historical,P3,P3__historical__version_2_1__lisflood__consolidated,cems-glofas-historical,version_2_1,lisflood,consolidated,1988-08-11,budget_exhausted,,budget,max attempts reached for combo,,
2026-02-16T01:27:46Z,scan_20260216T012745Z,historical,P3,P3__historical__version_2_1__lisflood__consolidated,cems-glofas-historical,version_2_1,lisflood,consolidated,1988-11-09,budget_exhausted,,budget,max attempts reached for combo,,
2026-02-16T01:27:46Z,scan_20260216T012745Z,historical,P3,P3__historical__version_2_1__lisflood__consolidated,cems-glofas-historical,version_2_1,lisflood,consolidated,1989-02-07,budget_exhausted,,budget,max attempts reached for combo,,
2026-02-16T01:27:46Z,scan_20260216T012745Z,historical,P3,P3__historical__version_2_1__lisflood__consolidated,cems-glofas-historical,version_2_1,lisflood,consolidated,1989-05-08,budget_exhausted,,budget,max attempts reached for combo,,
2026-02-16T01:27:46Z,scan_20260216T012745Z,historical,P3,P3__historical__version_2_1__lisflood__consolidated,cems-glofas-historical,version_2_1,lisflood,consolidated,1989-08-06,budget_exhausted,,budget,max attempts reached for combo,,
2026-02-16T01:27:46Z,scan_20260216T012745Z,historical,P3,P3__historical__version_2_1__lisflood__consolidated,cems-glofas-historical,version_2_1,lisflood,consolidated,1989-11-04,budget_exhausted,,budget,max attempts reached for combo,,
2026-02-16T01:27:46Z,scan_20260216T012745Z,historical,P3,P3__historical__version_2_1__lisflood__consolidated,cems-glofas-historical,version_2_1,lisflood,consolidated,1990-02-02,budget_exhausted,,budget,max attempts reached for combo,,
2026-02-16T01:27:46Z,scan_20260216T012745Z,historical,P3,P3__historical__version_2_1__lisflood__consolidated,cems-glofas-historical,version_2_1,lisflood,consolidated,1990-05-03,budget_exhausted,,budget,max attempts reached for combo,,
2026-02-16T01:27:46Z,scan_20260216T012745Z,historical,P3,P3__historical__version_2_1__lisflood__consolidated,cems-glofas-historical,version_2_1,lisflood,consolidated,1990-08-01,budget_exhausted,,budget,max attempts reached for combo,,
2026-02-16T01:27:46Z,scan_20260216T012745Z,historical,P3,P3__historical__version_2_1__lisflood__consolidated,cems-glofas-historical,version_2_1,lisflood,consolidated,1990-10-30,budget_exhausted,,budget,max attempts reached for combo,,
2026-02-16T01:27:46Z,scan_20260216T012745Z,historical,P3,P3__historical__version_2_1__lisflood__consolidated,cems-glofas-historical,version_2_1,lisflood,consolidated,1991-01-28,budget_exhausted,,budget,max attempts reached for combo,,
2026-02-16T01:27:46Z,scan_20260216T012745Z,historical,P3,P3__historical__version_2_1__lisflood__consolidated,cems-glofas-historical,version_2_1,lisflood,consolidated,1991-04-28,budget_exhausted,,budget,max attempts reached for combo,,
2026-02-16T01:27:46Z,scan_20260216T012745Z,historical,P3,P3__historical__version_2_1__lisflood__consolidated,cems-glofas-historical,version_2_1,lisflood,consolidated,1991-07-27,budget_exhausted,,budget,max attempts reached for combo,,
2026-02-16T01:27:46Z,scan_20260216T012745Z,historical,P3,P3__historical__version_2_1__lisflood__consolidated,cems-glofas-historical,version_2_1,lisflood,consolidated,1991-10-25,budget_exhausted,,budget,max attempts reached for combo,,
2026-02-16T01:27:46Z,scan_20260216T012745Z,historical,P3,P3__historical__version_2_1__lisflood__consolidated,cems-glofas-historical,version_2_1,lisflood,consolidated,1992-01-23,budget_exhausted,,budget,max attempts reached for combo,,
2026-02-16T01:27:46Z,scan_20260216T012745Z,historical,P3,P3__historical__version_2_1__lisflood__consolidated,cems-glofas-historical,version_2_1,lisflood,consolidated,1992-04-22,budget_exhausted,,budget,max attempts reached for combo,,
2026-02-16T01:27:46Z,scan_20260216T012745Z,historical,P3,P3__historical__version_2_1__lisflood__consolidated,cems-glofas-historical,version_2_1,lisflood,consolidated,1992-07-21,budget_exhausted,,budget,max attempts reached for combo,,
2026-02-16T01:27:46Z,scan_20260216T012745Z,historical,P3,P3__historical__version_2_1__lisflood__consolidated,cems-glofas-historical,version_2_1,lisflood,consolidated,1992-10-19,budget_exhausted,,budget,max attempts reached for combo,,
2026-02-16T01:27:46Z,scan_20260216T012745Z,historical,P3,P3__historical__version_2_1__lisflood__consolidated,cems-glofas-historical,version_2_1,lisflood,consolidated,1993-01-17,budget_exhausted,,budget,max attempts reached for combo,,
2026-02-16T01:27:46Z,scan_20260216T012745Z,historical,P3,P3__historical__version_2_1__lisflood__consolidated,cems-glofas-historical,version_2_1,lisflood,consolidated,1993-04-17,budget_exhausted,,budget,max attempts reached for combo,,
2026-02-16T01:27:46Z,scan_20260216T012745Z,historical,P3,P3__historical__version_2_1__lisflood__consolidated,cems-glofas-historical,version_2_1,lisflood,consolidated,1993-07-16,budget_exhausted,,budget,max attempts reached for combo,,
2026-02-16T01:27:46Z,scan_20260216T012745Z,historical,P3,P3__historical__version_2_1__lisflood__consolidated,cems-glofas-historical,version_2_1,lisflood,consolidated,1993-10-14,budget_exhausted,,budget,max attempts reached for combo,,
2026-02-16T01:27:46Z,scan_20260216T012745Z,historical,P3,P3__historical__version_2_1__lisflood__consolidated,cems-glofas-historical,version_2_1,lisflood,consolidated,1994-01-12,budget_exhausted,,budget,max attempts reached for combo,,
2026-02-16T01:27:46Z,scan_20260216T012745Z,historical,P3,P3__historical__version_2_1__lisflood__consolidated,cems-glofas-historical,version_2_1,lisflood,consolidated,1994-04-12,budget_exhausted,,budget,max attempts reached for combo,,
2026-02-16T01:27:46Z,scan_20260216T012745Z,historical,P3,P3__historical__version_2_1__lisflood__consolidated,cems-glofas-historical,version_2_1,lisflood,consolidated,1994-07-11,budget_exhausted,,budget,max attempts reached for combo,,
2026-02-16T01:27:46Z,scan_20260216T012745Z,historical,P3,P3__historical__version_2_1__lisflood__consolidated,cems-glofas-historical,version_2_1,lisflood,consolidated,1994-10-09,budget_exhausted,,budget,max attempts reached for combo,,
2026-02-16T01:27:46Z,scan_20260216T012745Z,historical,P3,P3__historical__version_2_1__lisflood__consolidated,cems-glofas-historical,version_2_1,lisflood,consolidated,1995-01-07,budget_exhausted,,budget,max attempts reached for combo,,
2026-02-16T01:27:46Z,scan_20260216T012745Z,historical,P3,P3__historical__version_2_1__lisflood__consolidated,cems-glofas-historical,version_2_1,lisflood,consolidated,1995-04-07,budget_exhausted,,budget,max attempts reached for combo,,
2026-02-16T01:27:46Z,scan_20260216T012745Z,historical,P3,P3__historical__version_2_1__lisflood__consolidated,cems-glofas-historical,version_2_1,lisflood,consolidated,1995-07-06,budget_exhausted,,budget,max attempts reached for combo,,
2026-02-16T01:27:46Z,scan_20260216T012745Z,historical,P3,P3__historical__version_2_1__lisflood__consolidated,cems-glofas-historical,version_2_1,lisflood,consolidated,1995-10-04,budget_exhausted,,budget,max attempts reached for combo,,
2026-02-16T01:27:46Z,scan_20260216T012745Z,historical,P3,P3__historical__version_2_1__lisflood__consolidated,cems-glofas-historical,version_2_1,lisflood,consolidated,1996-01-02,budget_exhausted,,budget,max attempts reached for combo,,
2026-02-16T01:27:46Z,scan_20260216T012745Z,historical,P3,P3__historical__version_2_1__lisflood__consolidated,cems-glofas-historical,version_2_1,lisflood,consolidated,1996-04-01,budget_exhausted,,budget,max attempts reached for combo,,
2026-02-16T01:27:46Z,scan_20260216T012745Z,historical,P3,P3__historical__version_2_1__lisflood__consolidated,cems-glofas-historical,version_2_1,lisflood,consolidated,1996-06-30,budget_exhausted,,budget,max attempts reached for combo,,
2026-02-16T01:27:46Z,scan_20260216T012745Z,historical,P3,P3__historical__version_2_1__lisflood__consolidated,cems-glofas-historical,version_2_1,lisflood,consolidated,1996-09-28,budget_exhausted,,budget,max attempts reached for combo,,
2026-02-16T01:27:46Z,scan_20260216T012745Z,historical,P3,P3__historical__version_2_1__lisflood__consolidated,cems-glofas-historical,version_2_1,lisflood,consolidated,1996-12-27,budget_exhausted,,budget,max attempts reached for combo,,
2026-02-16T01:27:46Z,scan_20260216T012745Z,historical,P3,P3__historical__version_2_1__lisflood__consolidated,cems-glofas-historical,version_2_1,lisflood,consolidated,1997-03-27,budget_exhausted,,budget,max attempts reached for combo,,
2026-02-16T01:27:46Z,scan_20260216T012745Z,historical,P3,P3__historical__version_2_1__lisflood__consolidated,cems-glofas-historical,version_2_1,lisflood,consolidated,1997-06-25,budget_exhausted,,budget,max attempts reached for combo,,
2026-02-16T01:27:46Z,scan_20260216T012745Z,historical,P3,P3__historical__version_2_1__lisflood__consolidated,cems-glofas-historical,version_2_1,lisflood,consolidated,1997-09-23,budget_exhausted,,budget,max attempts reached for combo,,
2026-02-16T01:27:46Z,scan_20260216T012745Z,historical,P3,P3__historical__version_2_1__lisflood__consolidated,cems-glofas-historical,version_2_1,lisflood,consolidated,1997-12-22,budget_exhausted,,budget,max attempts reached for combo,,
2026-02-16T01:27:46Z,scan_20260216T012745Z,historical,P3,P3__historical__version_2_1__lisflood__consolidated,cems-glofas-historical,version_2_1,lisflood,consolidated,1998-03-22,budget_exhausted,,budget,max attempts reached for combo,,
2026-02-16T01:27:46Z,scan_20260216T012745Z,historical,P3,P3__historical__version_2_1__lisflood__consolidated,cems-glofas-historical,version_2_1,lisflood,consolidated,1998-06-20,budget_exhausted,,budget,max attempts reached for combo,,
2026-02-16T01:27:46Z,scan_20260216T012745Z,historical,P3,P3__historical__version_2_1__lisflood__consolidated,cems-glofas-historical,version_2_1,lisflood,consolidated,1998-09-18,budget_exhausted,,budget,max attempts reached for combo,,
2026-02-16T01:27:46Z,scan_20260216T012745Z,historical,P3,P3__historical__version_2_1__lisflood__consolidated,cems-glofas-historical,version_2_1,lisflood,consolidated,1998-12-17,budget_exhausted,,budget,max attempts reached for combo,,
2026-02-16T01:27:46Z,scan_20260216T012745Z,historical,P3,P3__historical__version_2_1__lisflood__consolidated,cems-glofas-historical,version_2_1,lisflood,consolidated,1999-03-17,budget_exhausted,,budget,max attempts reached for combo,,
2026-02-16T01:27:46Z,scan_20260216T012745Z,historical,P3,P3__historical__version_2_1__lisflood__consolidated,cems-glofas-historical,version_2_1,lisflood,consolidated,1999-06-15,budget_exhausted,,budget,max attempts reached for combo,,
2026-02-16T01:27:46Z,scan_20260216T012745Z,historical,P3,P3__historical__version_2_1__lisflood__consolidated,cems-glofas-historical,version_2_1,lisflood,consolidated,1999-09-13,budget_exhausted,,budget,max attempts reached for combo,,
2026-02-16T01:27:46Z,scan_20260216T012745Z,historical,P3,P3__historical__version_2_1__lisflood__consolidated,cems-glofas-historical,version_2_1,lisflood,consolidated,1999-12-12,budget_exhausted,,budget,max attempts reached for combo,,
2026-02-16T01:27:46Z,scan_20260216T012745Z,historical,P3,P3__historical__version_2_1__lisflood__consolidated,cems-glofas-historical,version_2_1,lisflood,consolidated,2000-03-11,budget_exhausted,,budget,max attempts reached for combo,,
2026-02-16T01:27:46Z,scan_20260216T012745Z,historical,P3,P3__historical__version_2_1__lisflood__consolidated,cems-glofas-historical,version_2_1,lisflood,consolidated,2000-06-09,budget_exhausted,,budget,max attempts reached for combo,,
2026-02-16T01:27:46Z,scan_20260216T012745Z,historical,P3,P3__historical__version_2_1__lisflood__consolidated,cems-glofas-historical,version_2_1,lisflood,consolidated,2000-09-07,budget_exhausted,,budget,max attempts reached for combo,,
2026-02-16T01:27:46Z,scan_20260216T012745Z,historical,P3,P3__historical__version_2_1__lisflood__consolidated,cems-glofas-historical,version_2_1,lisflood,consolidated,2000-12-06,budget_exhausted,,budget,max attempts reached for combo,,
2026-02-16T01:27:46Z,scan_20260216T012745Z,historical,P3,P3__historical__version_2_1__lisflood__consolidated,cems-glofas-historical,version_2_1,lisflood,consolidated,2001-03-06,budget_exhausted,,budget,max attempts reached for combo,,
2026-02-16T01:27:46Z,scan_20260216T012745Z,historical,P3,P3__historical__version_2_1__lisflood__consolidated,cems-glofas-historical,version_2_1,lisflood,consolidated,2001-06-04,budget_exhausted,,budget,max attempts reached for combo,,
2026-02-16T01:27:46Z,scan_20260216T012745Z,historical,P3,P3__historical__version_2_1__lisflood__consolidated,cems-glofas-historical,version_2_1,lisflood,consolidated,2001-09-02,budget_exhausted,,budget,max attempts reached for combo,,
2026-02-16T01:27:46Z,scan_20260216T012745Z,historical,P3,P3__historical__version_2_1__lisflood__consolidated,cems-glofas-historical,version_2_1,lisflood,consolidated,2001-12-01,budget_exhausted,,budget,max attempts reached for combo,,
2026-02-16T01:27:46Z,scan_20260216T012745Z,historical,P3,P3__historical__version_2_1__lisflood__consolidated,cems-glofas-historical,version_2_1,lisflood,consolidated,2002-03-01,budget_exhausted,,budget,max attempts reached for combo,,
2026-02-16T01:27:46Z,scan_20260216T012745Z,historical,P3,P3__historical__version_2_1__lisflood__consolidated,cems-glofas-historical,version_2_1,lisflood,consolidated,2002-05-30,budget_exhausted,,budget,max attempts reached for combo,,
2026-02-16T01:27:46Z,scan_20260216T012745Z,historical,P3,P3__historical__version_2_1__lisflood__consolidated,cems-glofas-historical,version_2_1,lisflood,consolidated,2002-08-28,budget_exhausted,,budget,max attempts reached for combo,,
2026-02-16T01:27:46Z,scan_20260216T012745Z,historical,P3,P3__historical__version_2_1__lisflood__consolidated,cems-glofas-historical,version_2_1,lisflood,consolidated,2002-11-26,budget_exhausted,,budget,max attempts reached for combo,,
2026-02-16T01:27:46Z,scan_20260216T012745Z,historical,P3,P3__historical__version_2_1__lisflood__consolidated,cems-glofas-historical,version_2_1,lisflood,consolidated,2003-02-24,budget_exhausted,,budget,max attempts reached for combo,,
2026-02-16T01:27:46Z,scan_20260216T012745Z,historical,P3,P3__historical__version_2_1__lisflood__consolidated,cems-glofas-historical,version_2_1,lisflood,consolidated,2003-05-25,budget_exhausted,,budget,max attempts reached for combo,,
2026-02-16T01:27:46Z,scan_20260216T012745Z,historical,P3,P3__historical__version_2_1__lisflood__consolidated,cems-glofas-historical,version_2_1,lisflood,consolidated,2003-08-23,budget_exhausted,,budget,max attempts reached for combo,,
2026-02-16T01:27:46Z,scan_20260216T012745Z,historical,P3,P3__historical__version_2_1__lisflood__consolidated,cems-glofas-historical,version_2_1,lisflood,consolidated,2003-11-21,budget_exhausted,,budget,max attempts reached for combo,,
2026-02-16T01:27:46Z,scan_20260216T012745Z,historical,P3,P3__historical__version_2_1__lisflood__consolidated,cems-glofas-historical,version_2_1,lisflood,consolidated,2004-02-19,budget_exhausted,,budget,max attempts reached for combo,,
2026-02-16T01:27:46Z,scan_20260216T012745Z,historical,P3,P3__historical__version_2_1__lisflood__consolidated,cems-glofas-historical,version_2_1,lisflood,consolidated,2004-05-19,budget_exhausted,,budget,max attempts reached for combo,,
2026-02-16T01:27:46Z,scan_20260216T012745Z,historical,P3,P3__historical__version_2_1__lisflood__consolidated,cems-glofas-historical,version_2_1,lisflood,consolidated,2004-08-17,budget_exhausted,,budget,max attempts reached for combo,,
2026-02-16T01:27:46Z,scan_20260216T012745Z,historical,P3,P3__historical__version_2_1__lisflood__consolidated,cems-glofas-historical,version_2_1,lisflood,consolidated,2004-11-15,budget_exhausted,,budget,max attempts reached for combo,,
2026-02-16T01:27:46Z,scan_20260216T012745Z,historical,P3,P3__historical__version_2_1__lisflood__consolidated,cems-glofas-historical,version_2_1,lisflood,consolidated,2005-02-13,budget_exhausted,,budget,max attempts reached for combo,,
2026-02-16T01:27:46Z,scan_20260216T012745Z,historical,P3,P3__historical__version_2_1__lisflood__consolidated,cems-glofas-historical,version_2_1,lisflood,consolidated,2005-05-14,budget_exhausted,,budget,max attempts reached for combo,,
2026-02-16T01:27:46Z,scan_20260216T012745Z,historical,P3,P3__historical__version_2_1__lisflood__consolidated,cems-glofas-historical,version_2_1,lisflood,consolidated,2005-08-12,budget_exhausted,,budget,max attempts reached for combo,,
2026-02-16T01:27:46Z,scan_20260216T012745Z,historical,P3,P3__historical__version_2_1__lisflood__consolidated,cems-glofas-historical,version_2_1,lisflood,consolidated,2005-11-10,budget_exhausted,,budget,max attempts reached for combo,,
2026-02-16T01:27:46Z,scan_20260216T012745Z,historical,P3,P3__historical__version_2_1__lisflood__consolidated,cems-glofas-historical,version_2_1,lisflood,consolidated,2006-02-08,budget_exhausted,,budget,max attempts reached for combo,,
2026-02-16T01:27:46Z,scan_20260216T012745Z,historical,P3,P3__historical__version_2_1__lisflood__consolidated,cems-glofas-historical,version_2_1,lisflood,consolidated,2006-05-09,budget_exhausted,,budget,max attempts reached for combo,,
2026-02-16T01:27:46Z,scan_20260216T012745Z,historical,P3,P3__historical__version_2_1__lisflood__consolidated,cems-glofas-historical,version_2_1,lisflood,consolidated,2006-08-07,budget_exhausted,,budget,max attempts reached for combo,,
2026-02-16T01:27:46Z,scan_20260216T012745Z,historical,P3,P3__historical__version_2_1__lisflood__consolidated,cems-glofas-historical,version_2_1,lisflood,consolidated,2006-11-05,budget_exhausted,,budget,max attempts reached for combo,,
2026-02-16T01:27:46Z,scan_20260216T012745Z,historical,P3,P3__historical__version_2_1__lisflood__consolidated,cems-glofas-historical,version_2_1,lisflood,consolidated,2007-02-03,budget_exhausted,,budget,max attempts reached for combo,,
2026-02-16T01:27:46Z,scan_20260216T012745Z,historical,P3,P3__historical__version_2_1__lisflood__consolidated,cems-glofas-historical,version_2_1,lisflood,consolidated,2007-05-04,budget_exhausted,,budget,max attempts reached for combo,,
2026-02-16T01:27:46Z,scan_20260216T012745Z,historical,P3,P3__historical__version_2_1__lisflood__consolidated,cems-glofas-historical,version_2_1,lisflood,consolidated,2007-08-02,budget_exhausted,,budget,max attempts reached for combo,,
2026-02-16T01:27:46Z,scan_20260216T012745Z,historical,P3,P3__historical__version_2_1__lisflood__consolidated,cems-glofas-historical,version_2_1,lisflood,consolidated,2007-10-31,budget_exhausted,,budget,max attempts reached for combo,,
2026-02-16T01:27:46Z,scan_20260216T012745Z,historical,P3,P3__historical__version_2_1__lisflood__consolidated,cems-glofas-historical,version_2_1,lisflood,consolidated,2008-01-29,budget_exhausted,,budget,max attempts reached for combo,,
2026-02-16T01:27:46Z,scan_20260216T012745Z,historical,P3,P3__historical__version_2_1__lisflood__consolidated,cems-glofas-historical,version_2_1,lisflood,consolidated,2008-04-28,budget_exhausted,,budget,max attempts reached for combo,,
2026-02-16T01:27:46Z,scan_20260216T012745Z,historical,P3,P3__historical__version_2_1__lisflood__consolidated,cems-glofas-historical,version_2_1,lisflood,consolidated,2008-07-27,budget_exhausted,,budget,max attempts reached for combo,,
2026-02-16T01:27:46Z,scan_20260216T012745Z,historical,P3,P3__historical__version_2_1__lisflood__consolidated,cems-glofas-historical,version_2_1,lisflood,consolidated,2008-10-25,budget_exhausted,,budget,max attempts reached for combo,,
2026-02-16T01:27:46Z,scan_20260216T012745Z,historical,P3,P3__historical__version_2_1__lisflood__consolidated,cems-glofas-historical,version_2_1,lisflood,consolidated,2009-01-23,budget_exhausted,,budget,max attempts reached for combo,,
2026-02-16T01:27:46Z,scan_20260216T012745Z,historical,P3,P3__historical__version_2_1__lisflood__consolidated,cems-glofas-historical,version_2_1,lisflood,consolidated,2009-04-23,budget_exhausted,,budget,max attempts reached for combo,,
2026-02-16T01:27:46Z,scan_20260216T012745Z,historical,P3,P3__historical__version_2_1__lisflood__consolidated,cems-glofas-historical,version_2_1,lisflood,consolidated,2009-07-22,budget_exhausted,,budget,max attempts reached for combo,,
2026-02-16T01:27:46Z,scan_20260216T012745Z,historical,P3,P3__historical__version_2_1__lisflood__consolidated,cems-glofas-historical,version_2_1,lisflood,consolidated,2009-10-20,budget_exhausted,,budget,max attempts reached for combo,,
2026-02-16T01:27:46Z,scan_20260216T012745Z,historical,P3,P3__historical__version_2_1__lisflood__consolidated,cems-glofas-historical,version_2_1,lisflood,consolidated,2010-01-18,budget_exhausted,,budget,max attempts reached for combo,,
2026-02-16T01:27:46Z,scan_20260216T012745Z,historical,P3,P3__historical__version_2_1__lisflood__consolidated,cems-glofas-historical,version_2_1,lisflood,consolidated,2010-04-18,budget_exhausted,,budget,max attempts reached for combo,,
2026-02-16T01:27:46Z,scan_20260216T012745Z,historical,P3,P3__historical__version_2_1__lisflood__consolidated,cems-glofas-historical,version_2_1,lisflood,consolidated,2010-07-17,budget_exhausted,,budget,max attempts reached for combo,,
2026-02-16T01:27:46Z,scan_20260216T012745Z,historical,P3,P3__historical__version_2_1__lisflood__consolidated,cems-glofas-historical,version_2_1,lisflood,consolidated,2010-10-15,budget_exhausted,,budget,max attempts reached for combo,,
2026-02-16T01:27:46Z,scan_20260216T012745Z,historical,P3,P3__historical__version_2_1__lisflood__consolidated,cems-glofas-historical,version_2_1,lisflood,consolidated,2011-01-13,budget_exhausted,,budget,max attempts reached for combo,,
2026-02-16T01:27:46Z,scan_20260216T012745Z,historical,P3,P3__historical__version_2_1__lisflood__consolidated,cems-glofas-historical,version_2_1,lisflood,consolidated,2011-04-13,budget_exhausted,,budget,max attempts reached for combo,,
2026-02-16T01:27:46Z,scan_20260216T012745Z,historical,P3,P3__historical__version_2_1__lisflood__consolidated,cems-glofas-historical,version_2_1,lisflood,consolidated,2011-07-12,budget_exhausted,,budget,max attempts reached for combo,,
2026-02-16T01:27:46Z,scan_20260216T012745Z,historical,P3,P3__historical__version_2_1__lisflood__consolidated,cems-glofas-historical,version_2_1,lisflood,consolidated,2011-10-10,budget_exhausted,,budget,max attempts reached for combo,,
2026-02-16T01:27:46Z,scan_20260216T012745Z,historical,P3,P3__historical__version_2_1__lisflood__consolidated,cems-glofas-historical,version_2_1,lisflood,consolidated,2012-01-08,budget_exhausted,,budget,max attempts reached for combo,,
2026-02-16T01:27:46Z,scan_20260216T012745Z,historical,P3,P3__historical__version_2_1__lisflood__consolidated,cems-glofas-historical,version_2_1,lisflood,consolidated,2012-04-07,budget_exhausted,,budget,max attempts reached for combo,,
2026-02-16T01:27:46Z,scan_20260216T012745Z,historical,P3,P3__historical__version_2_1__lisflood__consolidated,cems-glofas-historical,version_2_1,lisflood,consolidated,2012-07-06,budget_exhausted,,budget,max attempts reached for combo,,
2026-02-16T01:27:46Z,scan_20260216T012745Z,historical,P3,P3__historical__version_2_1__lisflood__consolidated,cems-glofas-historical,version_2_1,lisflood,consolidated,2012-10-04,budget_exhausted,,budget,max attempts reached for combo,,
2026-02-16T01:27:46Z,scan_20260216T012745Z,historical,P3,P3__historical__version_2_1__lisflood__consolidated,cems-glofas-historical,version_2_1,lisflood,consolidated,2013-01-02,budget_exhausted,,budget,max attempts reached for combo,,
2026-02-16T01:27:46Z,scan_20260216T012745Z,historical,P3,P3__historical__version_2_1__lisflood__consolidated,cems-glofas-historical,version_2_1,lisflood,consolidated,2013-04-02,budget_exhausted,,budget,max attempts reached for combo,,
2026-02-16T01:27:46Z,scan_20260216T012745Z,historical,P3,P3__historical__version_2_1__lisflood__consolidated,cems-glofas-historical,version_2_1,lisflood,consolidated,2013-07-01,budget_exhausted,,budget,max attempts reached for combo,,
2026-02-16T01:27:46Z,scan_20260216T012745Z,historical,P3,P3__historical__version_2_1__lisflood__consolidated,cems-glofas-historical,version_2_1,lisflood,consolidated,2013-09-29,budget_exhausted,,budget,max attempts reached for combo,,
2026-02-16T01:27:46Z,scan_20260216T012745Z,historical,P3,P3__historical__version_2_1__lisflood__consolidated,cems-glofas-historical,version_2_1,lisflood,consolidated,2013-12-28,budget_exhausted,,budget,max attempts reached for combo,,
2026-02-16T01:27:46Z,scan_20260216T012745Z,historical,P3,P3__historical__version_2_1__lisflood__consolidated,cems-glofas-historical,version_2_1,lisflood,consolidated,2014-03-28,budget_exhausted,,budget,max attempts reached for combo,,
2026-02-16T01:27:46Z,scan_20260216T012745Z,historical,P3,P3__historical__version_2_1__lisflood__consolidated,cems-glofas-historical,version_2_1,lisflood,consolidated,2014-06-26,budget_exhausted,,budget,max attempts reached for combo,,
2026-02-16T01:27:46Z,scan_20260216T012745Z,historical,P3,P3__historical__version_2_1__lisflood__consolidated,cems-glofas-historical,version_2_1,lisflood,consolidated,2014-09-24,budget_exhausted,,budget,max attempts reached for combo,,
2026-02-16T01:27:46Z,scan_20260216T012745Z,historical,P3,P3__historical__version_2_1__lisflood__consolidated,cems-glofas-historical,version_2_1,lisflood,consolidated,2014-12-23,budget_exhausted,,budget,max attempts reached for combo,,
2026-02-16T01:27:46Z,scan_20260216T012745Z,historical,P3,P3__historical__version_2_1__lisflood__consolidated,cems-glofas-historical,version_2_1,lisflood,consolidated,2015-03-23,budget_exhausted,,budget,max attempts reached for combo,,
2026-02-16T01:27:46Z,scan_20260216T012745Z,historical,P3,P3__historical__version_2_1__lisflood__consolidated,cems-glofas-historical,version_2_1,lisflood,consolidated,2015-06-21,budget_exhausted,,budget,max attempts reached for combo,,
2026-02-16T01:27:46Z,scan_20260216T012745Z,historical,P3,P3__historical__version_2_1__lisflood__consolidated,cems-glofas-historical,version_2_1,lisflood,consolidated,2015-09-19,budget_exhausted,,budget,max attempts reached for combo,,
2026-02-16T01:27:46Z,scan_20260216T012745Z,historical,P3,P3__historical__version_2_1__lisflood__consolidated,cems-glofas-historical,version_2_1,lisflood,consolidated,2015-12-18,budget_exhausted,,budget,max attempts reached for combo,,
2026-02-16T01:27:46Z,scan_20260216T012745Z,historical,P3,P3__historical__version_2_1__lisflood__consolidated,cems-glofas-historical,version_2_1,lisflood,consolidated,2016-03-17,budget_exhausted,,budget,max attempts reached for combo,,
2026-02-16T01:27:46Z,scan_20260216T012745Z,historical,P3,P3__historical__version_2_1__lisflood__consolidated,cems-glofas-historical,version_2_1,lisflood,consolidated,2016-06-15,budget_exhausted,,budget,max attempts reached for combo,,
2026-02-16T01:27:46Z,scan_20260216T012745Z,historical,P3,P3__historical__version_2_1__lisflood__consolidated,cems-glofas-historical,version_2_1,lisflood,consolidated,2016-09-13,budget_exhausted,,budget,max attempts reached for combo,,
2026-02-16T01:27:46Z,scan_20260216T012745Z,historical,P3,P3__historical__version_2_1__lisflood__consolidated,cems-glofas-historical,version_2_1,lisflood,consolidated,2016-12-12,budget_exhausted,,budget,max attempts reached for combo,,
2026-02-16T01:27:46Z,scan_20260216T012745Z,historical,P3,P3__historical__version_2_1__lisflood__consolidated,cems-glofas-historical,version_2_1,lisflood,consolidated,2017-03-12,budget_exhausted,,budget,max attempts reached for combo,,
2026-02-16T01:27:46Z,scan_20260216T012745Z,historical,P3,P3__historical__version_2_1__lisflood__consolidated,cems-glofas-historical,version_2_1,lisflood,consolidated,2017-06-10,budget_exhausted,,budget,max attempts reached for combo,,
2026-02-16T01:27:46Z,scan_20260216T012745Z,historical,P3,P3__historical__version_2_1__lisflood__consolidated,cems-glofas-historical,version_2_1,lisflood,consolidated,2017-09-08,budget_exhausted,,budget,max attempts reached for combo,,
2026-02-16T01:27:46Z,scan_20260216T012745Z,historical,P3,P3__historical__version_2_1__lisflood__consolidated,cems-glofas-historical,version_2_1,lisflood,consolidated,2017-12-07,budget_exhausted,,budget,max attempts reached for combo,,
2026-02-16T01:27:46Z,scan_20260216T012745Z,historical,P3,P3__historical__version_2_1__lisflood__consolidated,cems-glofas-historical,version_2_1,lisflood,consolidated,2018-03-07,budget_exhausted,,budget,max attempts reached for combo,,
2026-02-16T01:27:46Z,scan_20260216T012745Z,historical,P3,P3__historical__version_2_1__lisflood__consolidated,cems-glofas-historical,version_2_1,lisflood,consolidated,2018-06-05,budget_exhausted,,budget,max attempts reached for combo,,
2026-02-16T01:27:46Z,scan_20260216T012745Z,historical,P3,P3__historical__version_2_1__lisflood__consolidated,cems-glofas-historical,version_2_1,lisflood,consolidated,2018-09-03,budget_exhausted,,budget,max attempts reached for combo,,
2026-02-16T01:27:46Z,scan_20260216T012745Z,historical,P3,P3__historical__version_2_1__lisflood__consolidated,cems-glofas-historical,version_2_1,lisflood,consolidated,2018-12-02,budget_exhausted,,budget,max attempts reached for combo,,
2026-02-16T01:27:46Z,scan_20260216T012745Z,historical,P3,P3__historical__version_2_1__lisflood__consolidated,cems-glofas-historical,version_2_1,lisflood,consolidated,2019-03-02,budget_exhausted,,budget,max attempts reached for combo,,
2026-02-16T01:27:46Z,scan_20260216T012745Z,historical,P3,P3__historical__version_2_1__lisflood__consolidated,cems-glofas-historical,version_2_1,lisflood,consolidated,2019-05-31,budget_exhausted,,budget,max attempts reached for combo,,
2026-02-16T01:27:46Z,scan_20260216T012745Z,historical,P3,P3__historical__version_2_1__lisflood__consolidated,cems-glofas-historical,version_2_1,lisflood,consolidated,2019-08-29,budget_exhausted,,budget,max attempts reached for combo,,
2026-02-16T01:27:46Z,scan_20260216T012745Z,historical,P3,P3__historical__version_2_1__lisflood__consolidated,cems-glofas-historical,version_2_1,lisflood,consolidated,2019-11-27,budget_exhausted,,budget,max attempts reached for combo,,
2026-02-16T01:27:46Z,scan_20260216T012745Z,historical,P3,P3__historical__version_2_1__lisflood__consolidated,cems-glofas-historical,version_2_1,lisflood,consolidated,2020-02-25,budget_exhausted,,budget,max attempts reached for combo,,
2026-02-16T01:27:46Z,scan_20260216T012745Z,historical,P3,P3__historical__version_2_1__lisflood__consolidated,cems-glofas-historical,version_2_1,lisflood,consolidated,2020-05-25,budget_exhausted,,budget,max attempts reached for combo,,
2026-02-16T01:27:46Z,scan_20260216T012745Z,historical,P3,P3__historical__version_2_1__lisflood__consolidated,cems-glofas-historical,version_2_1,lisflood,consolidated,2020-08-23,budget_exhausted,,budget,max attempts reached for combo,,
2026-02-16T01:27:46Z,scan_20260216T012745Z,historical,P3,P3__historical__version_2_1__lisflood__consolidated,cems-glofas-historical,version_2_1,lisflood,consolidated,2020-11-21,budget_exhausted,,budget,max attempts reached for combo,,
2026-02-16T01:27:46Z,scan_20260216T012745Z,historical,P3,P3__historical__version_2_1__lisflood__consolidated,cems-glofas-historical,version_2_1,lisflood,consolidated,2021-02-19,budget_exhausted,,budget,max attempts reached for combo,,
2026-02-16T01:27:46Z,scan_20260216T012745Z,historical,P3,P3__historical__version_2_1__lisflood__consolidated,cems-glofas-historical,version_2_1,lisflood,consolidated,2021-05-20,budget_exhausted,,budget,max attempts reached for combo,,
2026-02-16T01:27:46Z,scan_20260216T012745Z,historical,P3,P3__historical__version_2_1__lisflood__consolidated,cems-glofas-historical,version_2_1,lisflood,consolidated,2021-08-18,budget_exhausted,,budget,max attempts reached for combo,,
2026-02-16T01:27:46Z,scan_20260216T012745Z,historical,P3,P3__historical__version_2_1__lisflood__consolidated,cems-glofas-historical,version_2_1,lisflood,consolidated,2021-11-16,budget_exhausted,,budget,max attempts reached for combo,,
2026-02-16T01:27:46Z,scan_20260216T012745Z,historical,P3,P3__historical__version_2_1__lisflood__consolidated,cems-glofas-historical,version_2_1,lisflood,consolidated,2022-02-14,budget_exhausted,,budget,max attempts reached for combo,,
2026-02-16T01:27:46Z,scan_20260216T012745Z,historical,P3,P3__historical__version_2_1__lisflood__consolidated,cems-glofas-historical,version_2_1,lisflood,consolidated,2022-05-15,budget_exhausted,,budget,max attempts reached for combo,,
2026-02-16T01:27:46Z,scan_20260216T012745Z,historical,P3,P3__historical__version_2_1__lisflood__consolidated,cems-glofas-historical,version_2_1,lisflood,consolidated,2022-08-13,budget_exhausted,,budget,max attempts reached for combo,,
2026-02-16T01:27:46Z,scan_20260216T012745Z,historical,P3,P3__historical__version_2_1__lisflood__consolidated,cems-glofas-historical,version_2_1,lisflood,consolidated,2022-11-11,budget_exhausted,,budget,max attempts reached for combo,,
2026-02-16T01:27:46Z,scan_20260216T012745Z,historical,P3,P3__historical__version_2_1__lisflood__consolidated,cems-glofas-historical,version_2_1,lisflood,consolidated,2023-02-09,budget_exhausted,,budget,max attempts reached for combo,,
2026-02-16T01:27:46Z,scan_20260216T012745Z,historical,P3,P3__historical__version_2_1__lisflood__consolidated,cems-glofas-historical,version_2_1,lisflood,consolidated,2023-05-10,budget_exhausted,,budget,max attempts reached for combo,,
2026-02-16T01:27:46Z,scan_20260216T012745Z,historical,P3,P3__historical__version_2_1__lisflood__consolidated,cems-glofas-historical,version_2_1,lisflood,consolidated,2023-08-08,budget_exhausted,,budget,max attempts reached for combo,,
2026-02-16T01:27:46Z,scan_20260216T012745Z,historical,P3,P3__historical__version_2_1__lisflood__consolidated,cems-glofas-historical,version_2_1,lisflood,consolidated,2023-11-06,budget_exhausted,,budget,max attempts reached for combo,,
2026-02-16T01:27:46Z,scan_20260216T012745Z,historical,P3,P3__historical__version_2_1__lisflood__consolidated,cems-glofas-historical,version_2_1,lisflood,consolidated,2024-02-04,budget_exhausted,,budget,max attempts reached for combo,,
2026-02-16T01:27:46Z,scan_20260216T012745Z,historical,P3,P3__historical__version_2_1__lisflood__consolidated,cems-glofas-historical,version_2_1,lisflood,consolidated,2024-05-04,budget_exhausted,,budget,max attempts reached for combo,,
2026-02-16T01:27:46Z,scan_20260216T012745Z,historical,P3,P3__historical__version_2_1__lisflood__consolidated,cems-glofas-historical,version_2_1,lisflood,consolidated,2024-08-02,budget_exhausted,,budget,max attempts reached for combo,,
2026-02-16T01:27:46Z,scan_20260216T012745Z,historical,P3,P3__historical__version_2_1__lisflood__consolidated,cems-glofas-historical,version_2_1,lisflood,consolidated,2024-10-31,budget_exhausted,,budget,max attempts reached for combo,,
2026-02-16T01:27:46Z,scan_20260216T012745Z,historical,P3,P3__historical__version_2_1__lisflood__consolidated,cems-glofas-historical,version_2_1,lisflood,consolidated,2025-01-29,budget_exhausted,,budget,max attempts reached for combo,,
2026-02-16T01:27:46Z,scan_20260216T012745Z,historical,P3,P3__historical__version_2_1__lisflood__consolidated,cems-glofas-historical,version_2_1,lisflood,consolidated,2025-04-29,budget_exhausted,,budget,max attempts reached for combo,,
2026-02-16T01:27:46Z,scan_20260216T012745Z,historical,P3,P3__historical__version_2_1__lisflood__consolidated,cems-glofas-historical,version_2_1,lisflood,consolidated,2025-07-28,budget_exhausted,,budget,max attempts reached for combo,,
2026-02-16T01:27:46Z,scan_20260216T012745Z,historical,P3,P3__historical__version_2_1__lisflood__consolidated,cems-glofas-historical,version_2_1,lisflood,consolidated,2025-10-26,budget_exhausted,,budget,max attempts reached for combo,,
2026-02-16T01:27:46Z,scan_20260216T012745Z,historical,P3,P3__historical__version_2_1__lisflood__consolidated,cems-glofas-historical,version_2_1,lisflood,consolidated,2026-01-24,budget_exhausted,,budget,max attempts reached for combo,,
