timestamp_utc,run_id,lane,priority,combo_id,dataset,system_version,hydrological_model,product_type,probe_date,status,bytes,error_class,error_message,output_path,request_json
2026-02-16T01:50:38Z,scan_20260216T015036Z,reforecast,P1,P1__reforecast__version_3_1__htessel_lisflood__control_reforecast,cems-glofas-reforecast,version_3_1,htessel_lisflood,control_reforecast,2021-06-14,error,,invalid_request,"400 Client Error: Bad Request for url: https://ewds.climate.copernicus.eu/api/retrieve/v1/processes/cems-glofas-reforecast/execution
invalid request
Request has not produced a valid combination of values, please check your selection.
{'system_version': ['version_3_1'], 'hydrological_model': ['htessel_lisflood'], 'product_type': ['control_reforecast'], 'variable': ['river_discharge_in_the_last_24_hours'], 'data_format': ['grib'], 'area': ['37.2443931', '-122.272464', '36.8443931', '-121.872464'], 'hyear': ['2021'], 'hmonth': ['06'], 'hday': ['14'], 'leadtime_hour': ['24']}",repro/glofas_coverage_scan_runs/scan_20260216T015036Z/downloads/reforecast/P1__reforecast__version_3_1__htessel_lisflood__control_reforecast/2021-06-14.zip,"{""area"": [37.2443931, -122.272464, 36.8443931, -121.872464], ""data_format"": ""grib2"", ""download_format"": ""zip"", ""hday"": [""14""], ""hmonth"": [""06""], ""hydrological_model"": [""htessel_lisflood""], ""hyear"": [""2021""], ""leadtime_hour"": [""24""], ""product_type"": [""control_reforecast""], ""system_version"": [""version_3_1""], ""variable"": [""river_discharge_in_the_last_24_hours""]}"
2026-02-16T01:50:39Z,scan_20260216T015036Z,reforecast,P1,P1__reforecast__version_3_1__htessel_lisflood__control_reforecast,cems-glofas-reforecast,version_3_1,htessel_lisflood,control_reforecast,2021-06-17,error,,invalid_request,"400 Client Error: Bad Request for url: https://ewds.climate.copernicus.eu/api/retrieve/v1/processes/cems-glofas-reforecast/execution
invalid request
Request has not produced a valid combination of values, please check your selection.
{'system_version': ['version_3_1'], 'hydrological_model': ['htessel_lisflood'], 'product_type': ['control_reforecast'], 'variable': ['river_discharge_in_the_last_24_hours'], 'data_format': ['grib'], 'area': ['37.2443931', '-122.272464', '36.8443931', '-121.872464'], 'hyear': ['2021'], 'hmonth': ['06'], 'hday': ['17'], 'leadtime_hour': ['24']}",repro/glofas_coverage_scan_runs/scan_20260216T015036Z/downloads/reforecast/P1__reforecast__version_3_1__htessel_lisflood__control_reforecast/2021-06-17.zip,"{""area"": [37.2443931, -122.272464, 36.8443931, -121.872464], ""data_format"": ""grib2"", ""download_format"": ""zip"", ""hday"": [""17""], ""hmonth"": [""06""], ""hydrological_model"": [""htessel_lisflood""], ""hyear"": [""2021""], ""leadtime_hour"": [""24""], ""product_type"": [""control_reforecast""], ""system_version"": [""version_3_1""], ""variable"": [""river_discharge_in_the_last_24_hours""]}"
2026-02-16T01:50:40Z,scan_20260216T015036Z,reforecast,P1,P1__reforecast__version_3_1__htessel_lisflood__control_reforecast,cems-glofas-reforecast,version_3_1,htessel_lisflood,control_reforecast,1999-01-04,error,,invalid_request,"400 Client Error: Bad Request for url: https://ewds.climate.copernicus.eu/api/retrieve/v1/processes/cems-glofas-reforecast/execution
invalid request
Request has not produced a valid combination of values, please check your selection.
{'system_version': ['version_3_1'], 'hydrological_model': ['htessel_lisflood'], 'product_type': ['control_reforecast'], 'variable': ['river_discharge_in_the_last_24_hours'], 'data_format': ['grib'], 'area': ['37.2443931', '-122.272464', '36.8443931', '-121.872464'], 'hyear': ['1999'], 'hmonth': ['01'], 'hday': ['04'], 'leadtime_hour': ['24']}",repro/glofas_coverage_scan_runs/scan_20260216T015036Z/downloads/reforecast/P1__reforecast__version_3_1__htessel_lisflood__control_reforecast/1999-01-04.zip,"{""area"": [37.2443931, -122.272464, 36.8443931, -121.872464], ""data_format"": ""grib2"", ""download_format"": ""zip"", ""hday"": [""04""], ""hmonth"": [""01""], ""hydrological_model"": [""htessel_lisflood""], ""hyear"": [""1999""], ""leadtime_hour"": [""24""], ""product_type"": [""control_reforecast""], ""system_version"": [""version_3_1""], ""variable"": [""river_discharge_in_the_last_24_hours""]}"
2026-02-16T01:50:41Z,scan_20260216T015036Z,reforecast,P1,P1__reforecast__version_3_1__htessel_lisflood__control_reforecast,cems-glofas-reforecast,version_3_1,htessel_lisflood,control_reforecast,2023-11-23,error,,invalid_request,"400 Client Error: Bad Request for url: https://ewds.climate.copernicus.eu/api/retrieve/v1/processes/cems-glofas-reforecast/execution
invalid request
Request has not produced a valid combination of values, please check your selection.
{'system_version': ['version_3_1'], 'hydrological_model': ['htessel_lisflood'], 'product_type': ['control_reforecast'], 'variable': ['river_discharge_in_the_last_24_hours'], 'data_format': ['grib'], 'area': ['37.2443931', '-122.272464', '36.8443931', '-121.872464'], 'hyear': ['2023'], 'hmonth': ['11'], 'hday': ['23'], 'leadtime_hour': ['24']}",repro/glofas_coverage_scan_runs/scan_20260216T015036Z/downloads/reforecast/P1__reforecast__version_3_1__htessel_lisflood__control_reforecast/2023-11-23.zip,"{""area"": [37.2443931, -122.272464, 36.8443931, -121.872464], ""data_format"": ""grib2"", ""download_format"": ""zip"", ""hday"": [""23""], ""hmonth"": [""11""], ""hydrological_model"": [""htessel_lisflood""], ""hyear"": [""2023""], ""leadtime_hour"": [""24""], ""product_type"": [""control_reforecast""], ""system_version"": [""version_3_1""], ""variable"": [""river_discharge_in_the_last_24_hours""]}"
2026-02-16T01:50:42Z,scan_20260216T015036Z,reforecast,P1,P1__reforecast__version_3_1__htessel_lisflood__control_reforecast,cems-glofas-reforecast,version_3_1,htessel_lisflood,control_reforecast,2011-06-16,error,,invalid_request,"400 Client Error: Bad Request for url: https://ewds.climate.copernicus.eu/api/retrieve/v1/processes/cems-glofas-reforecast/execution
invalid request
Request has not produced a valid combination of values, please check your selection.
{'system_version': ['version_3_1'], 'hydrological_model': ['htessel_lisflood'], 'product_type': ['control_reforecast'], 'variable': ['river_discharge_in_the_last_24_hours'], 'data_format': ['grib'], 'area': ['37.2443931', '-122.272464', '36.8443931', '-121.872464'], 'hyear': ['2011'], 'hmonth': ['06'], 'hday': ['16'], 'leadtime_hour': ['24']}",repro/glofas_coverage_scan_runs/scan_20260216T015036Z/downloads/reforecast/P1__reforecast__version_3_1__htessel_lisflood__control_reforecast/2011-06-16.zip,"{""area"": [37.2443931, -122.272464, 36.8443931, -121.872464], ""data_format"": ""grib2"", ""download_format"": ""zip"", ""hday"": [""16""], ""hmonth"": [""06""], ""hydrological_model"": [""htessel_lisflood""], ""hyear"": [""2011""], ""leadtime_hour"": [""24""], ""product_type"": [""control_reforecast""], ""system_version"": [""version_3_1""], ""variable"": [""river_discharge_in_the_last_24_hours""]}"
2026-02-16T01:50:43Z,scan_20260216T015036Z,reforecast,P1,P1__reforecast__version_3_1__htessel_lisflood__control_reforecast,cems-glofas-reforecast,version_3_1,htessel_lisflood,control_reforecast,1999-11-15,error,,invalid_request,"400 Client Error: Bad Request for url: https://ewds.climate.copernicus.eu/api/retrieve/v1/processes/cems-glofas-reforecast/execution
invalid request
Request has not produced a valid combination of values, please check your selection.
{'system_version': ['version_3_1'], 'hydrological_model': ['htessel_lisflood'], 'product_type': ['control_reforecast'], 'variable': ['river_discharge_in_the_last_24_hours'], 'data_format': ['grib'], 'area': ['37.2443931', '-122.272464', '36.8443931', '-121.872464'], 'hyear': ['1999'], 'hmonth': ['11'], 'hday': ['15'], 'leadtime_hour': ['24']}",repro/glofas_coverage_scan_runs/scan_20260216T015036Z/downloads/reforecast/P1__reforecast__version_3_1__htessel_lisflood__control_reforecast/1999-11-15.zip,"{""area"": [37.2443931, -122.272464, 36.8443931, -121.872464], ""data_format"": ""grib2"", ""download_format"": ""zip"", ""hday"": [""15""], ""hmonth"": [""11""], ""hydrological_model"": [""htessel_lisflood""], ""hyear"": [""1999""], ""leadtime_hour"": [""24""], ""product_type"": [""control_reforecast""], ""system_version"": [""version_3_1""], ""variable"": [""river_discharge_in_the_last_24_hours""]}"
2026-02-16T01:50:45Z,scan_20260216T015036Z,reforecast,P1,P1__reforecast__version_3_1__htessel_lisflood__control_reforecast,cems-glofas-reforecast,version_3_1,htessel_lisflood,control_reforecast,2000-09-25,error,,invalid_request,"400 Client Error: Bad Request for url: https://ewds.climate.copernicus.eu/api/retrieve/v1/processes/cems-glofas-reforecast/execution
invalid request
Request has not produced a valid combination of values, please check your selection.
{'system_version': ['version_3_1'], 'hydrological_model': ['htessel_lisflood'], 'product_type': ['control_reforecast'], 'variable': ['river_discharge_in_the_last_24_hours'], 'data_format': ['grib'], 'area': ['37.2443931', '-122.272464', '36.8443931', '-121.872464'], 'hyear': ['2000'], 'hmonth': ['09'], 'hday': ['25'], 'leadtime_hour': ['24']}",repro/glofas_coverage_scan_runs/scan_20260216T015036Z/downloads/reforecast/P1__reforecast__version_3_1__htessel_lisflood__control_reforecast/2000-09-25.zip,"{""area"": [37.2443931, -122.272464, 36.8443931, -121.872464], ""data_format"": ""grib2"", ""download_format"": ""zip"", ""hday"": [""25""], ""hmonth"": [""09""], ""hydrological_model"": [""htessel_lisflood""], ""hyear"": [""2000""], ""leadtime_hour"": [""24""], ""product_type"": [""control_reforecast""], ""system_version"": [""version_3_1""], ""variable"": [""river_discharge_in_the_last_24_hours""]}"
2026-02-16T01:50:46Z,scan_20260216T015036Z,reforecast,P1,P1__reforecast__version_3_1__htessel_lisflood__control_reforecast,cems-glofas-reforecast,version_3_1,htessel_lisflood,control_reforecast,2001-08-06,error,,invalid_request,"400 Client Error: Bad Request for url: https://ewds.climate.copernicus.eu/api/retrieve/v1/processes/cems-glofas-reforecast/execution
invalid request
Request has not produced a valid combination of values, please check your selection.
{'system_version': ['version_3_1'], 'hydrological_model': ['htessel_lisflood'], 'product_type': ['control_reforecast'], 'variable': ['river_discharge_in_the_last_24_hours'], 'data_format': ['grib'], 'area': ['37.2443931', '-122.272464', '36.8443931', '-121.872464'], 'hyear': ['2001'], 'hmonth': ['08'], 'hday': ['06'], 'leadtime_hour': ['24']}",repro/glofas_coverage_scan_runs/scan_20260216T015036Z/downloads/reforecast/P1__reforecast__version_3_1__htessel_lisflood__control_reforecast/2001-08-06.zip,"{""area"": [37.2443931, -122.272464, 36.8443931, -121.872464], ""data_format"": ""grib2"", ""download_format"": ""zip"", ""hday"": [""06""], ""hmonth"": [""08""], ""hydrological_model"": [""htessel_lisflood""], ""hyear"": [""2001""], ""leadtime_hour"": [""24""], ""product_type"": [""control_reforecast""], ""system_version"": [""version_3_1""], ""variable"": [""river_discharge_in_the_last_24_hours""]}"
2026-02-16T01:50:47Z,scan_20260216T015036Z,reforecast,P1,P1__reforecast__version_3_1__htessel_lisflood__ensemble_perturbed_reforecast,cems-glofas-reforecast,version_3_1,htessel_lisflood,ensemble_perturbed_reforecast,2021-06-14,error,,invalid_request,"400 Client Error: Bad Request for url: https://ewds.climate.copernicus.eu/api/retrieve/v1/processes/cems-glofas-reforecast/execution
invalid request
Request has not produced a valid combination of values, please check your selection.
{'system_version': ['version_3_1'], 'hydrological_model': ['htessel_lisflood'], 'product_type': ['ensemble_perturbed_reforecast'], 'variable': ['river_discharge_in_the_last_24_hours'], 'data_format': ['grib'], 'area': ['37.2443931', '-122.272464', '36.8443931', '-121.872464'], 'hyear': ['2021'], 'hmonth': ['06'], 'hday': ['14'], 'leadtime_hour': ['24']}",repro/glofas_coverage_scan_runs/scan_20260216T015036Z/downloads/reforecast/P1__reforecast__version_3_1__htessel_lisflood__ensemble_perturbed_reforecast/2021-06-14.zip,"{""area"": [37.2443931, -122.272464, 36.8443931, -121.872464], ""data_format"": ""grib2"", ""download_format"": ""zip"", ""hday"": [""14""], ""hmonth"": [""06""], ""hydrological_model"": [""htessel_lisflood""], ""hyear"": [""2021""], ""leadtime_hour"": [""24""], ""product_type"": [""ensemble_perturbed_reforecast""], ""system_version"": [""version_3_1""], ""variable"": [""river_discharge_in_the_last_24_hours""]}"
2026-02-16T01:50:48Z,scan_20260216T015036Z,reforecast,P1,P1__reforecast__version_3_1__htessel_lisflood__ensemble_perturbed_reforecast,cems-glofas-reforecast,version_3_1,htessel_lisflood,ensemble_perturbed_reforecast,2021-06-17,error,,invalid_request,"400 Client Error: Bad Request for url: https://ewds.climate.copernicus.eu/api/retrieve/v1/processes/cems-glofas-reforecast/execution
invalid request
Request has not produced a valid combination of values, please check your selection.
{'system_version': ['version_3_1'], 'hydrological_model': ['htessel_lisflood'], 'product_type': ['ensemble_perturbed_reforecast'], 'variable': ['river_discharge_in_the_last_24_hours'], 'data_format': ['grib'], 'area': ['37.2443931', '-122.272464', '36.8443931', '-121.872464'], 'hyear': ['2021'], 'hmonth': ['06'], 'hday': ['17'], 'leadtime_hour': ['24']}",repro/glofas_coverage_scan_runs/scan_20260216T015036Z/downloads/reforecast/P1__reforecast__version_3_1__htessel_lisflood__ensemble_perturbed_reforecast/2021-06-17.zip,"{""area"": [37.2443931, -122.272464, 36.8443931, -121.872464], ""data_format"": ""grib2"", ""download_format"": ""zip"", ""hday"": [""17""], ""hmonth"": [""06""], ""hydrological_model"": [""htessel_lisflood""], ""hyear"": [""2021""], ""leadtime_hour"": [""24""], ""product_type"": [""ensemble_perturbed_reforecast""], ""system_version"": [""version_3_1""], ""variable"": [""river_discharge_in_the_last_24_hours""]}"
2026-02-16T01:50:49Z,scan_20260216T015036Z,reforecast,P1,P1__reforecast__version_3_1__htessel_lisflood__ensemble_perturbed_reforecast,cems-glofas-reforecast,version_3_1,htessel_lisflood,ensemble_perturbed_reforecast,1999-01-04,error,,invalid_request,"400 Client Error: Bad Request for url: https://ewds.climate.copernicus.eu/api/retrieve/v1/processes/cems-glofas-reforecast/execution
invalid request
Request has not produced a valid combination of values, please check your selection.
{'system_version': ['version_3_1'], 'hydrological_model': ['htessel_lisflood'], 'product_type': ['ensemble_perturbed_reforecast'], 'variable': ['river_discharge_in_the_last_24_hours'], 'data_format': ['grib'], 'area': ['37.2443931', '-122.272464', '36.8443931', '-121.872464'], 'hyear': ['1999'], 'hmonth': ['01'], 'hday': ['04'], 'leadtime_hour': ['24']}",repro/glofas_coverage_scan_runs/scan_20260216T015036Z/downloads/reforecast/P1__reforecast__version_3_1__htessel_lisflood__ensemble_perturbed_reforecast/1999-01-04.zip,"{""area"": [37.2443931, -122.272464, 36.8443931, -121.872464], ""data_format"": ""grib2"", ""download_format"": ""zip"", ""hday"": [""04""], ""hmonth"": [""01""], ""hydrological_model"": [""htessel_lisflood""], ""hyear"": [""1999""], ""leadtime_hour"": [""24""], ""product_type"": [""ensemble_perturbed_reforecast""], ""system_version"": [""version_3_1""], ""variable"": [""river_discharge_in_the_last_24_hours""]}"
2026-02-16T01:50:50Z,scan_20260216T015036Z,reforecast,P1,P1__reforecast__version_3_1__htessel_lisflood__ensemble_perturbed_reforecast,cems-glofas-reforecast,version_3_1,htessel_lisflood,ensemble_perturbed_reforecast,2023-11-23,error,,invalid_request,"400 Client Error: Bad Request for url: https://ewds.climate.copernicus.eu/api/retrieve/v1/processes/cems-glofas-reforecast/execution
invalid request
Request has not produced a valid combination of values, please check your selection.
{'system_version': ['version_3_1'], 'hydrological_model': ['htessel_lisflood'], 'product_type': ['ensemble_perturbed_reforecast'], 'variable': ['river_discharge_in_the_last_24_hours'], 'data_format': ['grib'], 'area': ['37.2443931', '-122.272464', '36.8443931', '-121.872464'], 'hyear': ['2023'], 'hmonth': ['11'], 'hday': ['23'], 'leadtime_hour': ['24']}",repro/glofas_coverage_scan_runs/scan_20260216T015036Z/downloads/reforecast/P1__reforecast__version_3_1__htessel_lisflood__ensemble_perturbed_reforecast/2023-11-23.zip,"{""area"": [37.2443931, -122.272464, 36.8443931, -121.872464], ""data_format"": ""grib2"", ""download_format"": ""zip"", ""hday"": [""23""], ""hmonth"": [""11""], ""hydrological_model"": [""htessel_lisflood""], ""hyear"": [""2023""], ""leadtime_hour"": [""24""], ""product_type"": [""ensemble_perturbed_reforecast""], ""system_version"": [""version_3_1""], ""variable"": [""river_discharge_in_the_last_24_hours""]}"
2026-02-16T01:50:51Z,scan_20260216T015036Z,reforecast,P1,P1__reforecast__version_3_1__htessel_lisflood__ensemble_perturbed_reforecast,cems-glofas-reforecast,version_3_1,htessel_lisflood,ensemble_perturbed_reforecast,2011-06-16,error,,invalid_request,"400 Client Error: Bad Request for url: https://ewds.climate.copernicus.eu/api/retrieve/v1/processes/cems-glofas-reforecast/execution
invalid request
Request has not produced a valid combination of values, please check your selection.
{'system_version': ['version_3_1'], 'hydrological_model': ['htessel_lisflood'], 'product_type': ['ensemble_perturbed_reforecast'], 'variable': ['river_discharge_in_the_last_24_hours'], 'data_format': ['grib'], 'area': ['37.2443931', '-122.272464', '36.8443931', '-121.872464'], 'hyear': ['2011'], 'hmonth': ['06'], 'hday': ['16'], 'leadtime_hour': ['24']}",repro/glofas_coverage_scan_runs/scan_20260216T015036Z/downloads/reforecast/P1__reforecast__version_3_1__htessel_lisflood__ensemble_perturbed_reforecast/2011-06-16.zip,"{""area"": [37.2443931, -122.272464, 36.8443931, -121.872464], ""data_format"": ""grib2"", ""download_format"": ""zip"", ""hday"": [""16""], ""hmonth"": [""06""], ""hydrological_model"": [""htessel_lisflood""], ""hyear"": [""2011""], ""leadtime_hour"": [""24""], ""product_type"": [""ensemble_perturbed_reforecast""], ""system_version"": [""version_3_1""], ""variable"": [""river_discharge_in_the_last_24_hours""]}"
2026-02-16T01:50:53Z,scan_20260216T015036Z,reforecast,P1,P1__reforecast__version_3_1__htessel_lisflood__ensemble_perturbed_reforecast,cems-glofas-reforecast,version_3_1,htessel_lisflood,ensemble_perturbed_reforecast,1999-11-15,error,,invalid_request,"400 Client Error: Bad Request for url: https://ewds.climate.copernicus.eu/api/retrieve/v1/processes/cems-glofas-reforecast/execution
invalid request
Request has not produced a valid combination of values, please check your selection.
{'system_version': ['version_3_1'], 'hydrological_model': ['htessel_lisflood'], 'product_type': ['ensemble_perturbed_reforecast'], 'variable': ['river_discharge_in_the_last_24_hours'], 'data_format': ['grib'], 'area': ['37.2443931', '-122.272464', '36.8443931', '-121.872464'], 'hyear': ['1999'], 'hmonth': ['11'], 'hday': ['15'], 'leadtime_hour': ['24']}",repro/glofas_coverage_scan_runs/scan_20260216T015036Z/downloads/reforecast/P1__reforecast__version_3_1__htessel_lisflood__ensemble_perturbed_reforecast/1999-11-15.zip,"{""area"": [37.2443931, -122.272464, 36.8443931, -121.872464], ""data_format"": ""grib2"", ""download_format"": ""zip"", ""hday"": [""15""], ""hmonth"": [""11""], ""hydrological_model"": [""htessel_lisflood""], ""hyear"": [""1999""], ""leadtime_hour"": [""24""], ""product_type"": [""ensemble_perturbed_reforecast""], ""system_version"": [""version_3_1""], ""variable"": [""river_discharge_in_the_last_24_hours""]}"
2026-02-16T01:50:54Z,scan_20260216T015036Z,reforecast,P1,P1__reforecast__version_3_1__htessel_lisflood__ensemble_perturbed_reforecast,cems-glofas-reforecast,version_3_1,htessel_lisflood,ensemble_perturbed_reforecast,2000-09-25,error,,invalid_request,"400 Client Error: Bad Request for url: https://ewds.climate.copernicus.eu/api/retrieve/v1/processes/cems-glofas-reforecast/execution
invalid request
Request has not produced a valid combination of values, please check your selection.
{'system_version': ['version_3_1'], 'hydrological_model': ['htessel_lisflood'], 'product_type': ['ensemble_perturbed_reforecast'], 'variable': ['river_discharge_in_the_last_24_hours'], 'data_format': ['grib'], 'area': ['37.2443931', '-122.272464', '36.8443931', '-121.872464'], 'hyear': ['2000'], 'hmonth': ['09'], 'hday': ['25'], 'leadtime_hour': ['24']}",repro/glofas_coverage_scan_runs/scan_20260216T015036Z/downloads/reforecast/P1__reforecast__version_3_1__htessel_lisflood__ensemble_perturbed_reforecast/2000-09-25.zip,"{""area"": [37.2443931, -122.272464, 36.8443931, -121.872464], ""data_format"": ""grib2"", ""download_format"": ""zip"", ""hday"": [""25""], ""hmonth"": [""09""], ""hydrological_model"": [""htessel_lisflood""], ""hyear"": [""2000""], ""leadtime_hour"": [""24""], ""product_type"": [""ensemble_perturbed_reforecast""], ""system_version"": [""version_3_1""], ""variable"": [""river_discharge_in_the_last_24_hours""]}"
2026-02-16T01:50:55Z,scan_20260216T015036Z,reforecast,P1,P1__reforecast__version_3_1__htessel_lisflood__ensemble_perturbed_reforecast,cems-glofas-reforecast,version_3_1,htessel_lisflood,ensemble_perturbed_reforecast,2001-08-06,error,,invalid_request,"400 Client Error: Bad Request for url: https://ewds.climate.copernicus.eu/api/retrieve/v1/processes/cems-glofas-reforecast/execution
invalid request
Request has not produced a valid combination of values, please check your selection.
{'system_version': ['version_3_1'], 'hydrological_model': ['htessel_lisflood'], 'product_type': ['ensemble_perturbed_reforecast'], 'variable': ['river_discharge_in_the_last_24_hours'], 'data_format': ['grib'], 'area': ['37.2443931', '-122.272464', '36.8443931', '-121.872464'], 'hyear': ['2001'], 'hmonth': ['08'], 'hday': ['06'], 'leadtime_hour': ['24']}",repro/glofas_coverage_scan_runs/scan_20260216T015036Z/downloads/reforecast/P1__reforecast__version_3_1__htessel_lisflood__ensemble_perturbed_reforecast/2001-08-06.zip,"{""area"": [37.2443931, -122.272464, 36.8443931, -121.872464], ""data_format"": ""grib2"", ""download_format"": ""zip"", ""hday"": [""06""], ""hmonth"": [""08""], ""hydrological_model"": [""htessel_lisflood""], ""hyear"": [""2001""], ""leadtime_hour"": [""24""], ""product_type"": [""ensemble_perturbed_reforecast""], ""system_version"": [""version_3_1""], ""variable"": [""river_discharge_in_the_last_24_hours""]}"
2026-02-16T01:50:56Z,scan_20260216T015036Z,reforecast,P1,P1__reforecast__version_3_1__lisflood__control_reforecast,cems-glofas-reforecast,version_3_1,lisflood,control_reforecast,2021-06-14,error,,invalid_request,"400 Client Error: Bad Request for url: https://ewds.climate.copernicus.eu/api/retrieve/v1/processes/cems-glofas-reforecast/execution
invalid request
Request has not produced a valid combination of values, please check your selection.
{'system_version': ['version_3_1'], 'hydrological_model': ['lisflood'], 'product_type': ['control_reforecast'], 'variable': ['river_discharge_in_the_last_24_hours'], 'data_format': ['grib'], 'area': ['37.2443931', '-122.272464', '36.8443931', '-121.872464'], 'hyear': ['2021'], 'hmonth': ['06'], 'hday': ['14'], 'leadtime_hour': ['24']}",repro/glofas_coverage_scan_runs/scan_20260216T015036Z/downloads/reforecast/P1__reforecast__version_3_1__lisflood__control_reforecast/2021-06-14.zip,"{""area"": [37.2443931, -122.272464, 36.8443931, -121.872464], ""data_format"": ""grib2"", ""download_format"": ""zip"", ""hday"": [""14""], ""hmonth"": [""06""], ""hydrological_model"": [""lisflood""], ""hyear"": [""2021""], ""leadtime_hour"": [""24""], ""product_type"": [""control_reforecast""], ""system_version"": [""version_3_1""], ""variable"": [""river_discharge_in_the_last_24_hours""]}"
2026-02-16T01:50:57Z,scan_20260216T015036Z,reforecast,P1,P1__reforecast__version_3_1__lisflood__control_reforecast,cems-glofas-reforecast,version_3_1,lisflood,control_reforecast,2021-06-17,error,,invalid_request,"400 Client Error: Bad Request for url: https://ewds.climate.copernicus.eu/api/retrieve/v1/processes/cems-glofas-reforecast/execution
invalid request
Request has not produced a valid combination of values, please check your selection.
{'system_version': ['version_3_1'], 'hydrological_model': ['lisflood'], 'product_type': ['control_reforecast'], 'variable': ['river_discharge_in_the_last_24_hours'], 'data_format': ['grib'], 'area': ['37.2443931', '-122.272464', '36.8443931', '-121.872464'], 'hyear': ['2021'], 'hmonth': ['06'], 'hday': ['17'], 'leadtime_hour': ['24']}",repro/glofas_coverage_scan_runs/scan_20260216T015036Z/downloads/reforecast/P1__reforecast__version_3_1__lisflood__control_reforecast/2021-06-17.zip,"{""area"": [37.2443931, -122.272464, 36.8443931, -121.872464], ""data_format"": ""grib2"", ""download_format"": ""zip"", ""hday"": [""17""], ""hmonth"": [""06""], ""hydrological_model"": [""lisflood""], ""hyear"": [""2021""], ""leadtime_hour"": [""24""], ""product_type"": [""control_reforecast""], ""system_version"": [""version_3_1""], ""variable"": [""river_discharge_in_the_last_24_hours""]}"
2026-02-16T01:50:58Z,scan_20260216T015036Z,reforecast,P1,P1__reforecast__version_3_1__lisflood__control_reforecast,cems-glofas-reforecast,version_3_1,lisflood,control_reforecast,1999-01-04,error,,invalid_request,"400 Client Error: Bad Request for url: https://ewds.climate.copernicus.eu/api/retrieve/v1/processes/cems-glofas-reforecast/execution
invalid request
Request has not produced a valid combination of values, please check your selection.
{'system_version': ['version_3_1'], 'hydrological_model': ['lisflood'], 'product_type': ['control_reforecast'], 'variable': ['river_discharge_in_the_last_24_hours'], 'data_format': ['grib'], 'area': ['37.2443931', '-122.272464', '36.8443931', '-121.872464'], 'hyear': ['1999'], 'hmonth': ['01'], 'hday': ['04'], 'leadtime_hour': ['24']}",repro/glofas_coverage_scan_runs/scan_20260216T015036Z/downloads/reforecast/P1__reforecast__version_3_1__lisflood__control_reforecast/1999-01-04.zip,"{""area"": [37.2443931, -122.272464, 36.8443931, -121.872464], ""data_format"": ""grib2"", ""download_format"": ""zip"", ""hday"": [""04""], ""hmonth"": [""01""], ""hydrological_model"": [""lisflood""], ""hyear"": [""1999""], ""leadtime_hour"": [""24""], ""product_type"": [""control_reforecast""], ""system_version"": [""version_3_1""], ""variable"": [""river_discharge_in_the_last_24_hours""]}"
2026-02-16T01:51:00Z,scan_20260216T015036Z,reforecast,P1,P1__reforecast__version_3_1__lisflood__control_reforecast,cems-glofas-reforecast,version_3_1,lisflood,control_reforecast,2023-11-23,error,,invalid_request,"400 Client Error: Bad Request for url: https://ewds.climate.copernicus.eu/api/retrieve/v1/processes/cems-glofas-reforecast/execution
invalid request
Request has not produced a valid combination of values, please check your selection.
{'system_version': ['version_3_1'], 'hydrological_model': ['lisflood'], 'product_type': ['control_reforecast'], 'variable': ['river_discharge_in_the_last_24_hours'], 'data_format': ['grib'], 'area': ['37.2443931', '-122.272464', '36.8443931', '-121.872464'], 'hyear': ['2023'], 'hmonth': ['11'], 'hday': ['23'], 'leadtime_hour': ['24']}",repro/glofas_coverage_scan_runs/scan_20260216T015036Z/downloads/reforecast/P1__reforecast__version_3_1__lisflood__control_reforecast/2023-11-23.zip,"{""area"": [37.2443931, -122.272464, 36.8443931, -121.872464], ""data_format"": ""grib2"", ""download_format"": ""zip"", ""hday"": [""23""], ""hmonth"": [""11""], ""hydrological_model"": [""lisflood""], ""hyear"": [""2023""], ""leadtime_hour"": [""24""], ""product_type"": [""control_reforecast""], ""system_version"": [""version_3_1""], ""variable"": [""river_discharge_in_the_last_24_hours""]}"
2026-02-16T01:51:01Z,scan_20260216T015036Z,reforecast,P1,P1__reforecast__version_3_1__lisflood__control_reforecast,cems-glofas-reforecast,version_3_1,lisflood,control_reforecast,2011-06-16,error,,invalid_request,"400 Client Error: Bad Request for url: https://ewds.climate.copernicus.eu/api/retrieve/v1/processes/cems-glofas-reforecast/execution
invalid request
Request has not produced a valid combination of values, please check your selection.
{'system_version': ['version_3_1'], 'hydrological_model': ['lisflood'], 'product_type': ['control_reforecast'], 'variable': ['river_discharge_in_the_last_24_hours'], 'data_format': ['grib'], 'area': ['37.2443931', '-122.272464', '36.8443931', '-121.872464'], 'hyear': ['2011'], 'hmonth': ['06'], 'hday': ['16'], 'leadtime_hour': ['24']}",repro/glofas_coverage_scan_runs/scan_20260216T015036Z/downloads/reforecast/P1__reforecast__version_3_1__lisflood__control_reforecast/2011-06-16.zip,"{""area"": [37.2443931, -122.272464, 36.8443931, -121.872464], ""data_format"": ""grib2"", ""download_format"": ""zip"", ""hday"": [""16""], ""hmonth"": [""06""], ""hydrological_model"": [""lisflood""], ""hyear"": [""2011""], ""leadtime_hour"": [""24""], ""product_type"": [""control_reforecast""], ""system_version"": [""version_3_1""], ""variable"": [""river_discharge_in_the_last_24_hours""]}"
2026-02-16T01:51:02Z,scan_20260216T015036Z,reforecast,P1,P1__reforecast__version_3_1__lisflood__control_reforecast,cems-glofas-reforecast,version_3_1,lisflood,control_reforecast,1999-11-15,error,,invalid_request,"400 Client Error: Bad Request for url: https://ewds.climate.copernicus.eu/api/retrieve/v1/processes/cems-glofas-reforecast/execution
invalid request
Request has not produced a valid combination of values, please check your selection.
{'system_version': ['version_3_1'], 'hydrological_model': ['lisflood'], 'product_type': ['control_reforecast'], 'variable': ['river_discharge_in_the_last_24_hours'], 'data_format': ['grib'], 'area': ['37.2443931', '-122.272464', '36.8443931', '-121.872464'], 'hyear': ['1999'], 'hmonth': ['11'], 'hday': ['15'], 'leadtime_hour': ['24']}",repro/glofas_coverage_scan_runs/scan_20260216T015036Z/downloads/reforecast/P1__reforecast__version_3_1__lisflood__control_reforecast/1999-11-15.zip,"{""area"": [37.2443931, -122.272464, 36.8443931, -121.872464], ""data_format"": ""grib2"", ""download_format"": ""zip"", ""hday"": [""15""], ""hmonth"": [""11""], ""hydrological_model"": [""lisflood""], ""hyear"": [""1999""], ""leadtime_hour"": [""24""], ""product_type"": [""control_reforecast""], ""system_version"": [""version_3_1""], ""variable"": [""river_discharge_in_the_last_24_hours""]}"
2026-02-16T01:51:03Z,scan_20260216T015036Z,reforecast,P1,P1__reforecast__version_3_1__lisflood__control_reforecast,cems-glofas-reforecast,version_3_1,lisflood,control_reforecast,2000-09-25,error,,invalid_request,"400 Client Error: Bad Request for url: https://ewds.climate.copernicus.eu/api/retrieve/v1/processes/cems-glofas-reforecast/execution
invalid request
Request has not produced a valid combination of values, please check your selection.
{'system_version': ['version_3_1'], 'hydrological_model': ['lisflood'], 'product_type': ['control_reforecast'], 'variable': ['river_discharge_in_the_last_24_hours'], 'data_format': ['grib'], 'area': ['37.2443931', '-122.272464', '36.8443931', '-121.872464'], 'hyear': ['2000'], 'hmonth': ['09'], 'hday': ['25'], 'leadtime_hour': ['24']}",repro/glofas_coverage_scan_runs/scan_20260216T015036Z/downloads/reforecast/P1__reforecast__version_3_1__lisflood__control_reforecast/2000-09-25.zip,"{""area"": [37.2443931, -122.272464, 36.8443931, -121.872464], ""data_format"": ""grib2"", ""download_format"": ""zip"", ""hday"": [""25""], ""hmonth"": [""09""], ""hydrological_model"": [""lisflood""], ""hyear"": [""2000""], ""leadtime_hour"": [""24""], ""product_type"": [""control_reforecast""], ""system_version"": [""version_3_1""], ""variable"": [""river_discharge_in_the_last_24_hours""]}"
2026-02-16T01:51:04Z,scan_20260216T015036Z,reforecast,P1,P1__reforecast__version_3_1__lisflood__control_reforecast,cems-glofas-reforecast,version_3_1,lisflood,control_reforecast,2001-08-06,error,,invalid_request,"400 Client Error: Bad Request for url: https://ewds.climate.copernicus.eu/api/retrieve/v1/processes/cems-glofas-reforecast/execution
invalid request
Request has not produced a valid combination of values, please check your selection.
{'system_version': ['version_3_1'], 'hydrological_model': ['lisflood'], 'product_type': ['control_reforecast'], 'variable': ['river_discharge_in_the_last_24_hours'], 'data_format': ['grib'], 'area': ['37.2443931', '-122.272464', '36.8443931', '-121.872464'], 'hyear': ['2001'], 'hmonth': ['08'], 'hday': ['06'], 'leadtime_hour': ['24']}",repro/glofas_coverage_scan_runs/scan_20260216T015036Z/downloads/reforecast/P1__reforecast__version_3_1__lisflood__control_reforecast/2001-08-06.zip,"{""area"": [37.2443931, -122.272464, 36.8443931, -121.872464], ""data_format"": ""grib2"", ""download_format"": ""zip"", ""hday"": [""06""], ""hmonth"": [""08""], ""hydrological_model"": [""lisflood""], ""hyear"": [""2001""], ""leadtime_hour"": [""24""], ""product_type"": [""control_reforecast""], ""system_version"": [""version_3_1""], ""variable"": [""river_discharge_in_the_last_24_hours""]}"
2026-02-16T01:51:05Z,scan_20260216T015036Z,reforecast,P1,P1__reforecast__version_3_1__lisflood__ensemble_perturbed_reforecast,cems-glofas-reforecast,version_3_1,lisflood,ensemble_perturbed_reforecast,2021-06-14,error,,invalid_request,"400 Client Error: Bad Request for url: https://ewds.climate.copernicus.eu/api/retrieve/v1/processes/cems-glofas-reforecast/execution
invalid request
Request has not produced a valid combination of values, please check your selection.
{'system_version': ['version_3_1'], 'hydrological_model': ['lisflood'], 'product_type': ['ensemble_perturbed_reforecast'], 'variable': ['river_discharge_in_the_last_24_hours'], 'data_format': ['grib'], 'area': ['37.2443931', '-122.272464', '36.8443931', '-121.872464'], 'hyear': ['2021'], 'hmonth': ['06'], 'hday': ['14'], 'leadtime_hour': ['24']}",repro/glofas_coverage_scan_runs/scan_20260216T015036Z/downloads/reforecast/P1__reforecast__version_3_1__lisflood__ensemble_perturbed_reforecast/2021-06-14.zip,"{""area"": [37.2443931, -122.272464, 36.8443931, -121.872464], ""data_format"": ""grib2"", ""download_format"": ""zip"", ""hday"": [""14""], ""hmonth"": [""06""], ""hydrological_model"": [""lisflood""], ""hyear"": [""2021""], ""leadtime_hour"": [""24""], ""product_type"": [""ensemble_perturbed_reforecast""], ""system_version"": [""version_3_1""], ""variable"": [""river_discharge_in_the_last_24_hours""]}"
2026-02-16T01:51:06Z,scan_20260216T015036Z,reforecast,P1,P1__reforecast__version_3_1__lisflood__ensemble_perturbed_reforecast,cems-glofas-reforecast,version_3_1,lisflood,ensemble_perturbed_reforecast,2021-06-17,error,,invalid_request,"400 Client Error: Bad Request for url: https://ewds.climate.copernicus.eu/api/retrieve/v1/processes/cems-glofas-reforecast/execution
invalid request
Request has not produced a valid combination of values, please check your selection.
{'system_version': ['version_3_1'], 'hydrological_model': ['lisflood'], 'product_type': ['ensemble_perturbed_reforecast'], 'variable': ['river_discharge_in_the_last_24_hours'], 'data_format': ['grib'], 'area': ['37.2443931', '-122.272464', '36.8443931', '-121.872464'], 'hyear': ['2021'], 'hmonth': ['06'], 'hday': ['17'], 'leadtime_hour': ['24']}",repro/glofas_coverage_scan_runs/scan_20260216T015036Z/downloads/reforecast/P1__reforecast__version_3_1__lisflood__ensemble_perturbed_reforecast/2021-06-17.zip,"{""area"": [37.2443931, -122.272464, 36.8443931, -121.872464], ""data_format"": ""grib2"", ""download_format"": ""zip"", ""hday"": [""17""], ""hmonth"": [""06""], ""hydrological_model"": [""lisflood""], ""hyear"": [""2021""], ""leadtime_hour"": [""24""], ""product_type"": [""ensemble_perturbed_reforecast""], ""system_version"": [""version_3_1""], ""variable"": [""river_discharge_in_the_last_24_hours""]}"
2026-02-16T01:51:08Z,scan_20260216T015036Z,reforecast,P1,P1__reforecast__version_3_1__lisflood__ensemble_perturbed_reforecast,cems-glofas-reforecast,version_3_1,lisflood,ensemble_perturbed_reforecast,1999-01-04,error,,invalid_request,"400 Client Error: Bad Request for url: https://ewds.climate.copernicus.eu/api/retrieve/v1/processes/cems-glofas-reforecast/execution
invalid request
Request has not produced a valid combination of values, please check your selection.
{'system_version': ['version_3_1'], 'hydrological_model': ['lisflood'], 'product_type': ['ensemble_perturbed_reforecast'], 'variable': ['river_discharge_in_the_last_24_hours'], 'data_format': ['grib'], 'area': ['37.2443931', '-122.272464', '36.8443931', '-121.872464'], 'hyear': ['1999'], 'hmonth': ['01'], 'hday': ['04'], 'leadtime_hour': ['24']}",repro/glofas_coverage_scan_runs/scan_20260216T015036Z/downloads/reforecast/P1__reforecast__version_3_1__lisflood__ensemble_perturbed_reforecast/1999-01-04.zip,"{""area"": [37.2443931, -122.272464, 36.8443931, -121.872464], ""data_format"": ""grib2"", ""download_format"": ""zip"", ""hday"": [""04""], ""hmonth"": [""01""], ""hydrological_model"": [""lisflood""], ""hyear"": [""1999""], ""leadtime_hour"": [""24""], ""product_type"": [""ensemble_perturbed_reforecast""], ""system_version"": [""version_3_1""], ""variable"": [""river_discharge_in_the_last_24_hours""]}"
2026-02-16T01:51:09Z,scan_20260216T015036Z,reforecast,P1,P1__reforecast__version_3_1__lisflood__ensemble_perturbed_reforecast,cems-glofas-reforecast,version_3_1,lisflood,ensemble_perturbed_reforecast,2023-11-23,error,,invalid_request,"400 Client Error: Bad Request for url: https://ewds.climate.copernicus.eu/api/retrieve/v1/processes/cems-glofas-reforecast/execution
invalid request
Request has not produced a valid combination of values, please check your selection.
{'system_version': ['version_3_1'], 'hydrological_model': ['lisflood'], 'product_type': ['ensemble_perturbed_reforecast'], 'variable': ['river_discharge_in_the_last_24_hours'], 'data_format': ['grib'], 'area': ['37.2443931', '-122.272464', '36.8443931', '-121.872464'], 'hyear': ['2023'], 'hmonth': ['11'], 'hday': ['23'], 'leadtime_hour': ['24']}",repro/glofas_coverage_scan_runs/scan_20260216T015036Z/downloads/reforecast/P1__reforecast__version_3_1__lisflood__ensemble_perturbed_reforecast/2023-11-23.zip,"{""area"": [37.2443931, -122.272464, 36.8443931, -121.872464], ""data_format"": ""grib2"", ""download_format"": ""zip"", ""hday"": [""23""], ""hmonth"": [""11""], ""hydrological_model"": [""lisflood""], ""hyear"": [""2023""], ""leadtime_hour"": [""24""], ""product_type"": [""ensemble_perturbed_reforecast""], ""system_version"": [""version_3_1""], ""variable"": [""river_discharge_in_the_last_24_hours""]}"
2026-02-16T01:51:10Z,scan_20260216T015036Z,reforecast,P1,P1__reforecast__version_3_1__lisflood__ensemble_perturbed_reforecast,cems-glofas-reforecast,version_3_1,lisflood,ensemble_perturbed_reforecast,2011-06-16,error,,invalid_request,"400 Client Error: Bad Request for url: https://ewds.climate.copernicus.eu/api/retrieve/v1/processes/cems-glofas-reforecast/execution
invalid request
Request has not produced a valid combination of values, please check your selection.
{'system_version': ['version_3_1'], 'hydrological_model': ['lisflood'], 'product_type': ['ensemble_perturbed_reforecast'], 'variable': ['river_discharge_in_the_last_24_hours'], 'data_format': ['grib'], 'area': ['37.2443931', '-122.272464', '36.8443931', '-121.872464'], 'hyear': ['2011'], 'hmonth': ['06'], 'hday': ['16'], 'leadtime_hour': ['24']}",repro/glofas_coverage_scan_runs/scan_20260216T015036Z/downloads/reforecast/P1__reforecast__version_3_1__lisflood__ensemble_perturbed_reforecast/2011-06-16.zip,"{""area"": [37.2443931, -122.272464, 36.8443931, -121.872464], ""data_format"": ""grib2"", ""download_format"": ""zip"", ""hday"": [""16""], ""hmonth"": [""06""], ""hydrological_model"": [""lisflood""], ""hyear"": [""2011""], ""leadtime_hour"": [""24""], ""product_type"": [""ensemble_perturbed_reforecast""], ""system_version"": [""version_3_1""], ""variable"": [""river_discharge_in_the_last_24_hours""]}"
2026-02-16T01:51:11Z,scan_20260216T015036Z,reforecast,P1,P1__reforecast__version_3_1__lisflood__ensemble_perturbed_reforecast,cems-glofas-reforecast,version_3_1,lisflood,ensemble_perturbed_reforecast,1999-11-15,error,,invalid_request,"400 Client Error: Bad Request for url: https://ewds.climate.copernicus.eu/api/retrieve/v1/processes/cems-glofas-reforecast/execution
invalid request
Request has not produced a valid combination of values, please check your selection.
{'system_version': ['version_3_1'], 'hydrological_model': ['lisflood'], 'product_type': ['ensemble_perturbed_reforecast'], 'variable': ['river_discharge_in_the_last_24_hours'], 'data_format': ['grib'], 'area': ['37.2443931', '-122.272464', '36.8443931', '-121.872464'], 'hyear': ['1999'], 'hmonth': ['11'], 'hday': ['15'], 'leadtime_hour': ['24']}",repro/glofas_coverage_scan_runs/scan_20260216T015036Z/downloads/reforecast/P1__reforecast__version_3_1__lisflood__ensemble_perturbed_reforecast/1999-11-15.zip,"{""area"": [37.2443931, -122.272464, 36.8443931, -121.872464], ""data_format"": ""grib2"", ""download_format"": ""zip"", ""hday"": [""15""], ""hmonth"": [""11""], ""hydrological_model"": [""lisflood""], ""hyear"": [""1999""], ""leadtime_hour"": [""24""], ""product_type"": [""ensemble_perturbed_reforecast""], ""system_version"": [""version_3_1""], ""variable"": [""river_discharge_in_the_last_24_hours""]}"
2026-02-16T01:51:12Z,scan_20260216T015036Z,reforecast,P1,P1__reforecast__version_3_1__lisflood__ensemble_perturbed_reforecast,cems-glofas-reforecast,version_3_1,lisflood,ensemble_perturbed_reforecast,2000-09-25,error,,invalid_request,"400 Client Error: Bad Request for url: https://ewds.climate.copernicus.eu/api/retrieve/v1/processes/cems-glofas-reforecast/execution
invalid request
Request has not produced a valid combination of values, please check your selection.
{'system_version': ['version_3_1'], 'hydrological_model': ['lisflood'], 'product_type': ['ensemble_perturbed_reforecast'], 'variable': ['river_discharge_in_the_last_24_hours'], 'data_format': ['grib'], 'area': ['37.2443931', '-122.272464', '36.8443931', '-121.872464'], 'hyear': ['2000'], 'hmonth': ['09'], 'hday': ['25'], 'leadtime_hour': ['24']}",repro/glofas_coverage_scan_runs/scan_20260216T015036Z/downloads/reforecast/P1__reforecast__version_3_1__lisflood__ensemble_perturbed_reforecast/2000-09-25.zip,"{""area"": [37.2443931, -122.272464, 36.8443931, -121.872464], ""data_format"": ""grib2"", ""download_format"": ""zip"", ""hday"": [""25""], ""hmonth"": [""09""], ""hydrological_model"": [""lisflood""], ""hyear"": [""2000""], ""leadtime_hour"": [""24""], ""product_type"": [""ensemble_perturbed_reforecast""], ""system_version"": [""version_3_1""], ""variable"": [""river_discharge_in_the_last_24_hours""]}"
2026-02-16T01:51:14Z,scan_20260216T015036Z,reforecast,P1,P1__reforecast__version_3_1__lisflood__ensemble_perturbed_reforecast,cems-glofas-reforecast,version_3_1,lisflood,ensemble_perturbed_reforecast,2001-08-06,error,,invalid_request,"400 Client Error: Bad Request for url: https://ewds.climate.copernicus.eu/api/retrieve/v1/processes/cems-glofas-reforecast/execution
invalid request
Request has not produced a valid combination of values, please check your selection.
{'system_version': ['version_3_1'], 'hydrological_model': ['lisflood'], 'product_type': ['ensemble_perturbed_reforecast'], 'variable': ['river_discharge_in_the_last_24_hours'], 'data_format': ['grib'], 'area': ['37.2443931', '-122.272464', '36.8443931', '-121.872464'], 'hyear': ['2001'], 'hmonth': ['08'], 'hday': ['06'], 'leadtime_hour': ['24']}",repro/glofas_coverage_scan_runs/scan_20260216T015036Z/downloads/reforecast/P1__reforecast__version_3_1__lisflood__ensemble_perturbed_reforecast/2001-08-06.zip,"{""area"": [37.2443931, -122.272464, 36.8443931, -121.872464], ""data_format"": ""grib2"", ""download_format"": ""zip"", ""hday"": [""06""], ""hmonth"": [""08""], ""hydrological_model"": [""lisflood""], ""hyear"": [""2001""], ""leadtime_hour"": [""24""], ""product_type"": [""ensemble_perturbed_reforecast""], ""system_version"": [""version_3_1""], ""variable"": [""river_discharge_in_the_last_24_hours""]}"
2026-02-16T01:51:15Z,scan_20260216T015036Z,reforecast,P2,P2__reforecast__version_4_0__htessel_lisflood__control_reforecast,cems-glofas-reforecast,version_4_0,htessel_lisflood,control_reforecast,2021-01-04,error,,invalid_request,"400 Client Error: Bad Request for url: https://ewds.climate.copernicus.eu/api/retrieve/v1/processes/cems-glofas-reforecast/execution
invalid request
Request has not produced a valid combination of values, please check your selection.
{'system_version': ['version_4_0'], 'hydrological_model': ['htessel_lisflood'], 'product_type': ['control_reforecast'], 'variable': ['river_discharge_in_the_last_24_hours'], 'data_format': ['grib'], 'area': ['37.2443931', '-122.272464', '36.8443931', '-121.872464'], 'hyear': ['2021'], 'hmonth': ['01'], 'hday': ['04'], 'leadtime_hour': ['24']}",repro/glofas_coverage_scan_runs/scan_20260216T015036Z/downloads/reforecast/P2__reforecast__version_4_0__htessel_lisflood__control_reforecast/2021-01-04.zip,"{""area"": [37.2443931, -122.272464, 36.8443931, -121.872464], ""data_format"": ""grib2"", ""download_format"": ""zip"", ""hday"": [""04""], ""hmonth"": [""01""], ""hydrological_model"": [""htessel_lisflood""], ""hyear"": [""2021""], ""leadtime_hour"": [""24""], ""product_type"": [""control_reforecast""], ""system_version"": [""version_4_0""], ""variable"": [""river_discharge_in_the_last_24_hours""]}"
2026-02-16T01:51:17Z,scan_20260216T015036Z,reforecast,P2,P2__reforecast__version_4_0__htessel_lisflood__control_reforecast,cems-glofas-reforecast,version_4_0,htessel_lisflood,control_reforecast,2020-12-31,error,,invalid_request,"400 Client Error: Bad Request for url: https://ewds.climate.copernicus.eu/api/retrieve/v1/processes/cems-glofas-reforecast/execution
invalid request
Request has not produced a valid combination of values, please check your selection.
{'system_version': ['version_4_0'], 'hydrological_model': ['htessel_lisflood'], 'product_type': ['control_reforecast'], 'variable': ['river_discharge_in_the_last_24_hours'], 'data_format': ['grib'], 'area': ['37.2443931', '-122.272464', '36.8443931', '-121.872464'], 'hyear': ['2020'], 'hmonth': ['12'], 'hday': ['31'], 'leadtime_hour': ['24']}",repro/glofas_coverage_scan_runs/scan_20260216T015036Z/downloads/reforecast/P2__reforecast__version_4_0__htessel_lisflood__control_reforecast/2020-12-31.zip,"{""area"": [37.2443931, -122.272464, 36.8443931, -121.872464], ""data_format"": ""grib2"", ""download_format"": ""zip"", ""hday"": [""31""], ""hmonth"": [""12""], ""hydrological_model"": [""htessel_lisflood""], ""hyear"": [""2020""], ""leadtime_hour"": [""24""], ""product_type"": [""control_reforecast""], ""system_version"": [""version_4_0""], ""variable"": [""river_discharge_in_the_last_24_hours""]}"
2026-02-16T01:51:18Z,scan_20260216T015036Z,reforecast,P2,P2__reforecast__version_4_0__htessel_lisflood__control_reforecast,cems-glofas-reforecast,version_4_0,htessel_lisflood,control_reforecast,1999-01-04,error,,invalid_request,"400 Client Error: Bad Request for url: https://ewds.climate.copernicus.eu/api/retrieve/v1/processes/cems-glofas-reforecast/execution
invalid request
Request has not produced a valid combination of values, please check your selection.
{'system_version': ['version_4_0'], 'hydrological_model': ['htessel_lisflood'], 'product_type': ['control_reforecast'], 'variable': ['river_discharge_in_the_last_24_hours'], 'data_format': ['grib'], 'area': ['37.2443931', '-122.272464', '36.8443931', '-121.872464'], 'hyear': ['1999'], 'hmonth': ['01'], 'hday': ['04'], 'leadtime_hour': ['24']}",repro/glofas_coverage_scan_runs/scan_20260216T015036Z/downloads/reforecast/P2__reforecast__version_4_0__htessel_lisflood__control_reforecast/1999-01-04.zip,"{""area"": [37.2443931, -122.272464, 36.8443931, -121.872464], ""data_format"": ""grib2"", ""download_format"": ""zip"", ""hday"": [""04""], ""hmonth"": [""01""], ""hydrological_model"": [""htessel_lisflood""], ""hyear"": [""1999""], ""leadtime_hour"": [""24""], ""product_type"": [""control_reforecast""], ""system_version"": [""version_4_0""], ""variable"": [""river_discharge_in_the_last_24_hours""]}"
2026-02-16T01:51:19Z,scan_20260216T015036Z,reforecast,P2,P2__reforecast__version_4_0__htessel_lisflood__control_reforecast,cems-glofas-reforecast,version_4_0,htessel_lisflood,control_reforecast,2023-11-23,error,,invalid_request,"400 Client Error: Bad Request for url: https://ewds.climate.copernicus.eu/api/retrieve/v1/processes/cems-glofas-reforecast/execution
invalid request
Request has not produced a valid combination of values, please check your selection.
{'system_version': ['version_4_0'], 'hydrological_model': ['htessel_lisflood'], 'product_type': ['control_reforecast'], 'variable': ['river_discharge_in_the_last_24_hours'], 'data_format': ['grib'], 'area': ['37.2443931', '-122.272464', '36.8443931', '-121.872464'], 'hyear': ['2023'], 'hmonth': ['11'], 'hday': ['23'], 'leadtime_hour': ['24']}",repro/glofas_coverage_scan_runs/scan_20260216T015036Z/downloads/reforecast/P2__reforecast__version_4_0__htessel_lisflood__control_reforecast/2023-11-23.zip,"{""area"": [37.2443931, -122.272464, 36.8443931, -121.872464], ""data_format"": ""grib2"", ""download_format"": ""zip"", ""hday"": [""23""], ""hmonth"": [""11""], ""hydrological_model"": [""htessel_lisflood""], ""hyear"": [""2023""], ""leadtime_hour"": [""24""], ""product_type"": [""control_reforecast""], ""system_version"": [""version_4_0""], ""variable"": [""river_discharge_in_the_last_24_hours""]}"
2026-02-16T01:51:20Z,scan_20260216T015036Z,reforecast,P2,P2__reforecast__version_4_0__htessel_lisflood__control_reforecast,cems-glofas-reforecast,version_4_0,htessel_lisflood,control_reforecast,2011-06-16,error,,invalid_request,"400 Client Error: Bad Request for url: https://ewds.climate.copernicus.eu/api/retrieve/v1/processes/cems-glofas-reforecast/execution
invalid request
Request has not produced a valid combination of values, please check your selection.
{'system_version': ['version_4_0'], 'hydrological_model': ['htessel_lisflood'], 'product_type': ['control_reforecast'], 'variable': ['river_discharge_in_the_last_24_hours'], 'data_format': ['grib'], 'area': ['37.2443931', '-122.272464', '36.8443931', '-121.872464'], 'hyear': ['2011'], 'hmonth': ['06'], 'hday': ['16'], 'leadtime_hour': ['24']}",repro/glofas_coverage_scan_runs/scan_20260216T015036Z/downloads/reforecast/P2__reforecast__version_4_0__htessel_lisflood__control_reforecast/2011-06-16.zip,"{""area"": [37.2443931, -122.272464, 36.8443931, -121.872464], ""data_format"": ""grib2"", ""download_format"": ""zip"", ""hday"": [""16""], ""hmonth"": [""06""], ""hydrological_model"": [""htessel_lisflood""], ""hyear"": [""2011""], ""leadtime_hour"": [""24""], ""product_type"": [""control_reforecast""], ""system_version"": [""version_4_0""], ""variable"": [""river_discharge_in_the_last_24_hours""]}"
2026-02-16T01:51:21Z,scan_20260216T015036Z,reforecast,P2,P2__reforecast__version_4_0__htessel_lisflood__control_reforecast,cems-glofas-reforecast,version_4_0,htessel_lisflood,control_reforecast,1999-11-15,error,,invalid_request,"400 Client Error: Bad Request for url: https://ewds.climate.copernicus.eu/api/retrieve/v1/processes/cems-glofas-reforecast/execution
invalid request
Request has not produced a valid combination of values, please check your selection.
{'system_version': ['version_4_0'], 'hydrological_model': ['htessel_lisflood'], 'product_type': ['control_reforecast'], 'variable': ['river_discharge_in_the_last_24_hours'], 'data_format': ['grib'], 'area': ['37.2443931', '-122.272464', '36.8443931', '-121.872464'], 'hyear': ['1999'], 'hmonth': ['11'], 'hday': ['15'], 'leadtime_hour': ['24']}",repro/glofas_coverage_scan_runs/scan_20260216T015036Z/downloads/reforecast/P2__reforecast__version_4_0__htessel_lisflood__control_reforecast/1999-11-15.zip,"{""area"": [37.2443931, -122.272464, 36.8443931, -121.872464], ""data_format"": ""grib2"", ""download_format"": ""zip"", ""hday"": [""15""], ""hmonth"": [""11""], ""hydrological_model"": [""htessel_lisflood""], ""hyear"": [""1999""], ""leadtime_hour"": [""24""], ""product_type"": [""control_reforecast""], ""system_version"": [""version_4_0""], ""variable"": [""river_discharge_in_the_last_24_hours""]}"
2026-02-16T01:51:22Z,scan_20260216T015036Z,reforecast,P2,P2__reforecast__version_4_0__htessel_lisflood__control_reforecast,cems-glofas-reforecast,version_4_0,htessel_lisflood,control_reforecast,2000-09-25,error,,invalid_request,"400 Client Error: Bad Request for url: https://ewds.climate.copernicus.eu/api/retrieve/v1/processes/cems-glofas-reforecast/execution
invalid request
Request has not produced a valid combination of values, please check your selection.
{'system_version': ['version_4_0'], 'hydrological_model': ['htessel_lisflood'], 'product_type': ['control_reforecast'], 'variable': ['river_discharge_in_the_last_24_hours'], 'data_format': ['grib'], 'area': ['37.2443931', '-122.272464', '36.8443931', '-121.872464'], 'hyear': ['2000'], 'hmonth': ['09'], 'hday': ['25'], 'leadtime_hour': ['24']}",repro/glofas_coverage_scan_runs/scan_20260216T015036Z/downloads/reforecast/P2__reforecast__version_4_0__htessel_lisflood__control_reforecast/2000-09-25.zip,"{""area"": [37.2443931, -122.272464, 36.8443931, -121.872464], ""data_format"": ""grib2"", ""download_format"": ""zip"", ""hday"": [""25""], ""hmonth"": [""09""], ""hydrological_model"": [""htessel_lisflood""], ""hyear"": [""2000""], ""leadtime_hour"": [""24""], ""product_type"": [""control_reforecast""], ""system_version"": [""version_4_0""], ""variable"": [""river_discharge_in_the_last_24_hours""]}"
2026-02-16T01:51:23Z,scan_20260216T015036Z,reforecast,P2,P2__reforecast__version_4_0__htessel_lisflood__control_reforecast,cems-glofas-reforecast,version_4_0,htessel_lisflood,control_reforecast,2001-08-06,error,,invalid_request,"400 Client Error: Bad Request for url: https://ewds.climate.copernicus.eu/api/retrieve/v1/processes/cems-glofas-reforecast/execution
invalid request
Request has not produced a valid combination of values, please check your selection.
{'system_version': ['version_4_0'], 'hydrological_model': ['htessel_lisflood'], 'product_type': ['control_reforecast'], 'variable': ['river_discharge_in_the_last_24_hours'], 'data_format': ['grib'], 'area': ['37.2443931', '-122.272464', '36.8443931', '-121.872464'], 'hyear': ['2001'], 'hmonth': ['08'], 'hday': ['06'], 'leadtime_hour': ['24']}",repro/glofas_coverage_scan_runs/scan_20260216T015036Z/downloads/reforecast/P2__reforecast__version_4_0__htessel_lisflood__control_reforecast/2001-08-06.zip,"{""area"": [37.2443931, -122.272464, 36.8443931, -121.872464], ""data_format"": ""grib2"", ""download_format"": ""zip"", ""hday"": [""06""], ""hmonth"": [""08""], ""hydrological_model"": [""htessel_lisflood""], ""hyear"": [""2001""], ""leadtime_hour"": [""24""], ""product_type"": [""control_reforecast""], ""system_version"": [""version_4_0""], ""variable"": [""river_discharge_in_the_last_24_hours""]}"
2026-02-16T01:51:25Z,scan_20260216T015036Z,reforecast,P2,P2__reforecast__version_4_0__htessel_lisflood__ensemble_perturbed_reforecast,cems-glofas-reforecast,version_4_0,htessel_lisflood,ensemble_perturbed_reforecast,2021-01-04,error,,invalid_request,"400 Client Error: Bad Request for url: https://ewds.climate.copernicus.eu/api/retrieve/v1/processes/cems-glofas-reforecast/execution
invalid request
Request has not produced a valid combination of values, please check your selection.
{'system_version': ['version_4_0'], 'hydrological_model': ['htessel_lisflood'], 'product_type': ['ensemble_perturbed_reforecast'], 'variable': ['river_discharge_in_the_last_24_hours'], 'data_format': ['grib'], 'area': ['37.2443931', '-122.272464', '36.8443931', '-121.872464'], 'hyear': ['2021'], 'hmonth': ['01'], 'hday': ['04'], 'leadtime_hour': ['24']}",repro/glofas_coverage_scan_runs/scan_20260216T015036Z/downloads/reforecast/P2__reforecast__version_4_0__htessel_lisflood__ensemble_perturbed_reforecast/2021-01-04.zip,"{""area"": [37.2443931, -122.272464, 36.8443931, -121.872464], ""data_format"": ""grib2"", ""download_format"": ""zip"", ""hday"": [""04""], ""hmonth"": [""01""], ""hydrological_model"": [""htessel_lisflood""], ""hyear"": [""2021""], ""leadtime_hour"": [""24""], ""product_type"": [""ensemble_perturbed_reforecast""], ""system_version"": [""version_4_0""], ""variable"": [""river_discharge_in_the_last_24_hours""]}"
2026-02-16T01:51:26Z,scan_20260216T015036Z,reforecast,P2,P2__reforecast__version_4_0__htessel_lisflood__ensemble_perturbed_reforecast,cems-glofas-reforecast,version_4_0,htessel_lisflood,ensemble_perturbed_reforecast,2020-12-31,error,,invalid_request,"400 Client Error: Bad Request for url: https://ewds.climate.copernicus.eu/api/retrieve/v1/processes/cems-glofas-reforecast/execution
invalid request
Request has not produced a valid combination of values, please check your selection.
{'system_version': ['version_4_0'], 'hydrological_model': ['htessel_lisflood'], 'product_type': ['ensemble_perturbed_reforecast'], 'variable': ['river_discharge_in_the_last_24_hours'], 'data_format': ['grib'], 'area': ['37.2443931', '-122.272464', '36.8443931', '-121.872464'], 'hyear': ['2020'], 'hmonth': ['12'], 'hday': ['31'], 'leadtime_hour': ['24']}",repro/glofas_coverage_scan_runs/scan_20260216T015036Z/downloads/reforecast/P2__reforecast__version_4_0__htessel_lisflood__ensemble_perturbed_reforecast/2020-12-31.zip,"{""area"": [37.2443931, -122.272464, 36.8443931, -121.872464], ""data_format"": ""grib2"", ""download_format"": ""zip"", ""hday"": [""31""], ""hmonth"": [""12""], ""hydrological_model"": [""htessel_lisflood""], ""hyear"": [""2020""], ""leadtime_hour"": [""24""], ""product_type"": [""ensemble_perturbed_reforecast""], ""system_version"": [""version_4_0""], ""variable"": [""river_discharge_in_the_last_24_hours""]}"
2026-02-16T01:51:27Z,scan_20260216T015036Z,reforecast,P2,P2__reforecast__version_4_0__htessel_lisflood__ensemble_perturbed_reforecast,cems-glofas-reforecast,version_4_0,htessel_lisflood,ensemble_perturbed_reforecast,1999-01-04,error,,invalid_request,"400 Client Error: Bad Request for url: https://ewds.climate.copernicus.eu/api/retrieve/v1/processes/cems-glofas-reforecast/execution
invalid request
Request has not produced a valid combination of values, please check your selection.
{'system_version': ['version_4_0'], 'hydrological_model': ['htessel_lisflood'], 'product_type': ['ensemble_perturbed_reforecast'], 'variable': ['river_discharge_in_the_last_24_hours'], 'data_format': ['grib'], 'area': ['37.2443931', '-122.272464', '36.8443931', '-121.872464'], 'hyear': ['1999'], 'hmonth': ['01'], 'hday': ['04'], 'leadtime_hour': ['24']}",repro/glofas_coverage_scan_runs/scan_20260216T015036Z/downloads/reforecast/P2__reforecast__version_4_0__htessel_lisflood__ensemble_perturbed_reforecast/1999-01-04.zip,"{""area"": [37.2443931, -122.272464, 36.8443931, -121.872464], ""data_format"": ""grib2"", ""download_format"": ""zip"", ""hday"": [""04""], ""hmonth"": [""01""], ""hydrological_model"": [""htessel_lisflood""], ""hyear"": [""1999""], ""leadtime_hour"": [""24""], ""product_type"": [""ensemble_perturbed_reforecast""], ""system_version"": [""version_4_0""], ""variable"": [""river_discharge_in_the_last_24_hours""]}"
2026-02-16T01:51:28Z,scan_20260216T015036Z,reforecast,P2,P2__reforecast__version_4_0__htessel_lisflood__ensemble_perturbed_reforecast,cems-glofas-reforecast,version_4_0,htessel_lisflood,ensemble_perturbed_reforecast,2023-11-23,error,,invalid_request,"400 Client Error: Bad Request for url: https://ewds.climate.copernicus.eu/api/retrieve/v1/processes/cems-glofas-reforecast/execution
invalid request
Request has not produced a valid combination of values, please check your selection.
{'system_version': ['version_4_0'], 'hydrological_model': ['htessel_lisflood'], 'product_type': ['ensemble_perturbed_reforecast'], 'variable': ['river_discharge_in_the_last_24_hours'], 'data_format': ['grib'], 'area': ['37.2443931', '-122.272464', '36.8443931', '-121.872464'], 'hyear': ['2023'], 'hmonth': ['11'], 'hday': ['23'], 'leadtime_hour': ['24']}",repro/glofas_coverage_scan_runs/scan_20260216T015036Z/downloads/reforecast/P2__reforecast__version_4_0__htessel_lisflood__ensemble_perturbed_reforecast/2023-11-23.zip,"{""area"": [37.2443931, -122.272464, 36.8443931, -121.872464], ""data_format"": ""grib2"", ""download_format"": ""zip"", ""hday"": [""23""], ""hmonth"": [""11""], ""hydrological_model"": [""htessel_lisflood""], ""hyear"": [""2023""], ""leadtime_hour"": [""24""], ""product_type"": [""ensemble_perturbed_reforecast""], ""system_version"": [""version_4_0""], ""variable"": [""river_discharge_in_the_last_24_hours""]}"
2026-02-16T01:51:29Z,scan_20260216T015036Z,reforecast,P2,P2__reforecast__version_4_0__htessel_lisflood__ensemble_perturbed_reforecast,cems-glofas-reforecast,version_4_0,htessel_lisflood,ensemble_perturbed_reforecast,2011-06-16,error,,invalid_request,"400 Client Error: Bad Request for url: https://ewds.climate.copernicus.eu/api/retrieve/v1/processes/cems-glofas-reforecast/execution
invalid request
Request has not produced a valid combination of values, please check your selection.
{'system_version': ['version_4_0'], 'hydrological_model': ['htessel_lisflood'], 'product_type': ['ensemble_perturbed_reforecast'], 'variable': ['river_discharge_in_the_last_24_hours'], 'data_format': ['grib'], 'area': ['37.2443931', '-122.272464', '36.8443931', '-121.872464'], 'hyear': ['2011'], 'hmonth': ['06'], 'hday': ['16'], 'leadtime_hour': ['24']}",repro/glofas_coverage_scan_runs/scan_20260216T015036Z/downloads/reforecast/P2__reforecast__version_4_0__htessel_lisflood__ensemble_perturbed_reforecast/2011-06-16.zip,"{""area"": [37.2443931, -122.272464, 36.8443931, -121.872464], ""data_format"": ""grib2"", ""download_format"": ""zip"", ""hday"": [""16""], ""hmonth"": [""06""], ""hydrological_model"": [""htessel_lisflood""], ""hyear"": [""2011""], ""leadtime_hour"": [""24""], ""product_type"": [""ensemble_perturbed_reforecast""], ""system_version"": [""version_4_0""], ""variable"": [""river_discharge_in_the_last_24_hours""]}"
2026-02-16T01:51:30Z,scan_20260216T015036Z,reforecast,P2,P2__reforecast__version_4_0__htessel_lisflood__ensemble_perturbed_reforecast,cems-glofas-reforecast,version_4_0,htessel_lisflood,ensemble_perturbed_reforecast,1999-11-15,error,,invalid_request,"400 Client Error: Bad Request for url: https://ewds.climate.copernicus.eu/api/retrieve/v1/processes/cems-glofas-reforecast/execution
invalid request
Request has not produced a valid combination of values, please check your selection.
{'system_version': ['version_4_0'], 'hydrological_model': ['htessel_lisflood'], 'product_type': ['ensemble_perturbed_reforecast'], 'variable': ['river_discharge_in_the_last_24_hours'], 'data_format': ['grib'], 'area': ['37.2443931', '-122.272464', '36.8443931', '-121.872464'], 'hyear': ['1999'], 'hmonth': ['11'], 'hday': ['15'], 'leadtime_hour': ['24']}",repro/glofas_coverage_scan_runs/scan_20260216T015036Z/downloads/reforecast/P2__reforecast__version_4_0__htessel_lisflood__ensemble_perturbed_reforecast/1999-11-15.zip,"{""area"": [37.2443931, -122.272464, 36.8443931, -121.872464], ""data_format"": ""grib2"", ""download_format"": ""zip"", ""hday"": [""15""], ""hmonth"": [""11""], ""hydrological_model"": [""htessel_lisflood""], ""hyear"": [""1999""], ""leadtime_hour"": [""24""], ""product_type"": [""ensemble_perturbed_reforecast""], ""system_version"": [""version_4_0""], ""variable"": [""river_discharge_in_the_last_24_hours""]}"
2026-02-16T01:51:31Z,scan_20260216T015036Z,reforecast,P2,P2__reforecast__version_4_0__htessel_lisflood__ensemble_perturbed_reforecast,cems-glofas-reforecast,version_4_0,htessel_lisflood,ensemble_perturbed_reforecast,2000-09-25,error,,invalid_request,"400 Client Error: Bad Request for url: https://ewds.climate.copernicus.eu/api/retrieve/v1/processes/cems-glofas-reforecast/execution
invalid request
Request has not produced a valid combination of values, please check your selection.
{'system_version': ['version_4_0'], 'hydrological_model': ['htessel_lisflood'], 'product_type': ['ensemble_perturbed_reforecast'], 'variable': ['river_discharge_in_the_last_24_hours'], 'data_format': ['grib'], 'area': ['37.2443931', '-122.272464', '36.8443931', '-121.872464'], 'hyear': ['2000'], 'hmonth': ['09'], 'hday': ['25'], 'leadtime_hour': ['24']}",repro/glofas_coverage_scan_runs/scan_20260216T015036Z/downloads/reforecast/P2__reforecast__version_4_0__htessel_lisflood__ensemble_perturbed_reforecast/2000-09-25.zip,"{""area"": [37.2443931, -122.272464, 36.8443931, -121.872464], ""data_format"": ""grib2"", ""download_format"": ""zip"", ""hday"": [""25""], ""hmonth"": [""09""], ""hydrological_model"": [""htessel_lisflood""], ""hyear"": [""2000""], ""leadtime_hour"": [""24""], ""product_type"": [""ensemble_perturbed_reforecast""], ""system_version"": [""version_4_0""], ""variable"": [""river_discharge_in_the_last_24_hours""]}"
2026-02-16T01:51:33Z,scan_20260216T015036Z,reforecast,P2,P2__reforecast__version_4_0__htessel_lisflood__ensemble_perturbed_reforecast,cems-glofas-reforecast,version_4_0,htessel_lisflood,ensemble_perturbed_reforecast,2001-08-06,error,,invalid_request,"400 Client Error: Bad Request for url: https://ewds.climate.copernicus.eu/api/retrieve/v1/processes/cems-glofas-reforecast/execution
invalid request
Request has not produced a valid combination of values, please check your selection.
{'system_version': ['version_4_0'], 'hydrological_model': ['htessel_lisflood'], 'product_type': ['ensemble_perturbed_reforecast'], 'variable': ['river_discharge_in_the_last_24_hours'], 'data_format': ['grib'], 'area': ['37.2443931', '-122.272464', '36.8443931', '-121.872464'], 'hyear': ['2001'], 'hmonth': ['08'], 'hday': ['06'], 'leadtime_hour': ['24']}",repro/glofas_coverage_scan_runs/scan_20260216T015036Z/downloads/reforecast/P2__reforecast__version_4_0__htessel_lisflood__ensemble_perturbed_reforecast/2001-08-06.zip,"{""area"": [37.2443931, -122.272464, 36.8443931, -121.872464], ""data_format"": ""grib2"", ""download_format"": ""zip"", ""hday"": [""06""], ""hmonth"": [""08""], ""hydrological_model"": [""htessel_lisflood""], ""hyear"": [""2001""], ""leadtime_hour"": [""24""], ""product_type"": [""ensemble_perturbed_reforecast""], ""system_version"": [""version_4_0""], ""variable"": [""river_discharge_in_the_last_24_hours""]}"
2026-02-16T01:52:10Z,scan_20260216T015036Z,reforecast,P2,P2__reforecast__version_4_0__lisflood__control_reforecast,cems-glofas-reforecast,version_4_0,lisflood,control_reforecast,2021-01-04,ok,343,,,repro/glofas_coverage_scan_runs/scan_20260216T015036Z/downloads/reforecast/P2__reforecast__version_4_0__lisflood__control_reforecast/2021-01-04.zip,"{""area"": [37.2443931, -122.272464, 36.8443931, -121.872464], ""data_format"": ""grib2"", ""download_format"": ""zip"", ""hday"": [""04""], ""hmonth"": [""01""], ""hydrological_model"": [""lisflood""], ""hyear"": [""2021""], ""leadtime_hour"": [""24""], ""product_type"": [""control_reforecast""], ""system_version"": [""version_4_0""], ""variable"": [""river_discharge_in_the_last_24_hours""]}"
2026-02-16T01:52:11Z,scan_20260216T015036Z,reforecast,P2,P2__reforecast__version_4_0__lisflood__control_reforecast,cems-glofas-reforecast,version_4_0,lisflood,control_reforecast,2020-12-31,error,,invalid_request,"400 Client Error: Bad Request for url: https://ewds.climate.copernicus.eu/api/retrieve/v1/processes/cems-glofas-reforecast/execution
invalid request
Request has not produced a valid combination of values, please check your selection.
{'system_version': ['version_4_0'], 'hydrological_model': ['lisflood'], 'product_type': ['control_reforecast'], 'variable': ['river_discharge_in_the_last_24_hours'], 'data_format': ['grib'], 'area': ['37.2443931', '-122.272464', '36.8443931', '-121.872464'], 'hyear': ['2020'], 'hmonth': ['12'], 'hday': ['31'], 'leadtime_hour': ['24']}",repro/glofas_coverage_scan_runs/scan_20260216T015036Z/downloads/reforecast/P2__reforecast__version_4_0__lisflood__control_reforecast/2020-12-31.zip,"{""area"": [37.2443931, -122.272464, 36.8443931, -121.872464], ""data_format"": ""grib2"", ""download_format"": ""zip"", ""hday"": [""31""], ""hmonth"": [""12""], ""hydrological_model"": [""lisflood""], ""hyear"": [""2020""], ""leadtime_hour"": [""24""], ""product_type"": [""control_reforecast""], ""system_version"": [""version_4_0""], ""variable"": [""river_discharge_in_the_last_24_hours""]}"
2026-02-16T01:52:13Z,scan_20260216T015036Z,reforecast,P2,P2__reforecast__version_4_0__lisflood__control_reforecast,cems-glofas-reforecast,version_4_0,lisflood,control_reforecast,2021-01-07,error,,invalid_request,"400 Client Error: Bad Request for url: https://ewds.climate.copernicus.eu/api/retrieve/v1/processes/cems-glofas-reforecast/execution
invalid request
Request has not produced a valid combination of values, please check your selection.
{'system_version': ['version_4_0'], 'hydrological_model': ['lisflood'], 'product_type': ['control_reforecast'], 'variable': ['river_discharge_in_the_last_24_hours'], 'data_format': ['grib'], 'area': ['37.2443931', '-122.272464', '36.8443931', '-121.872464'], 'hyear': ['2021'], 'hmonth': ['01'], 'hday': ['07'], 'leadtime_hour': ['24']}",repro/glofas_coverage_scan_runs/scan_20260216T015036Z/downloads/reforecast/P2__reforecast__version_4_0__lisflood__control_reforecast/2021-01-07.zip,"{""area"": [37.2443931, -122.272464, 36.8443931, -121.872464], ""data_format"": ""grib2"", ""download_format"": ""zip"", ""hday"": [""07""], ""hmonth"": [""01""], ""hydrological_model"": [""lisflood""], ""hyear"": [""2021""], ""leadtime_hour"": [""24""], ""product_type"": [""control_reforecast""], ""system_version"": [""version_4_0""], ""variable"": [""river_discharge_in_the_last_24_hours""]}"
2026-02-16T01:52:41Z,scan_20260216T015036Z,reforecast,P2,P2__reforecast__version_4_0__lisflood__ensemble_perturbed_reforecast,cems-glofas-reforecast,version_4_0,lisflood,ensemble_perturbed_reforecast,2021-01-04,ok,802,,,repro/glofas_coverage_scan_runs/scan_20260216T015036Z/downloads/reforecast/P2__reforecast__version_4_0__lisflood__ensemble_perturbed_reforecast/2021-01-04.zip,"{""area"": [37.2443931, -122.272464, 36.8443931, -121.872464], ""data_format"": ""grib2"", ""download_format"": ""zip"", ""hday"": [""04""], ""hmonth"": [""01""], ""hydrological_model"": [""lisflood""], ""hyear"": [""2021""], ""leadtime_hour"": [""24""], ""product_type"": [""ensemble_perturbed_reforecast""], ""system_version"": [""version_4_0""], ""variable"": [""river_discharge_in_the_last_24_hours""]}"
2026-02-16T01:52:43Z,scan_20260216T015036Z,reforecast,P2,P2__reforecast__version_4_0__lisflood__ensemble_perturbed_reforecast,cems-glofas-reforecast,version_4_0,lisflood,ensemble_perturbed_reforecast,2020-12-31,error,,invalid_request,"400 Client Error: Bad Request for url: https://ewds.climate.copernicus.eu/api/retrieve/v1/processes/cems-glofas-reforecast/execution
invalid request
Request has not produced a valid combination of values, please check your selection.
{'system_version': ['version_4_0'], 'hydrological_model': ['lisflood'], 'product_type': ['ensemble_perturbed_reforecast'], 'variable': ['river_discharge_in_the_last_24_hours'], 'data_format': ['grib'], 'area': ['37.2443931', '-122.272464', '36.8443931', '-121.872464'], 'hyear': ['2020'], 'hmonth': ['12'], 'hday': ['31'], 'leadtime_hour': ['24']}",repro/glofas_coverage_scan_runs/scan_20260216T015036Z/downloads/reforecast/P2__reforecast__version_4_0__lisflood__ensemble_perturbed_reforecast/2020-12-31.zip,"{""area"": [37.2443931, -122.272464, 36.8443931, -121.872464], ""data_format"": ""grib2"", ""download_format"": ""zip"", ""hday"": [""31""], ""hmonth"": [""12""], ""hydrological_model"": [""lisflood""], ""hyear"": [""2020""], ""leadtime_hour"": [""24""], ""product_type"": [""ensemble_perturbed_reforecast""], ""system_version"": [""version_4_0""], ""variable"": [""river_discharge_in_the_last_24_hours""]}"
2026-02-16T01:52:44Z,scan_20260216T015036Z,reforecast,P2,P2__reforecast__version_4_0__lisflood__ensemble_perturbed_reforecast,cems-glofas-reforecast,version_4_0,lisflood,ensemble_perturbed_reforecast,2021-01-07,error,,invalid_request,"400 Client Error: Bad Request for url: https://ewds.climate.copernicus.eu/api/retrieve/v1/processes/cems-glofas-reforecast/execution
invalid request
Request has not produced a valid combination of values, please check your selection.
{'system_version': ['version_4_0'], 'hydrological_model': ['lisflood'], 'product_type': ['ensemble_perturbed_reforecast'], 'variable': ['river_discharge_in_the_last_24_hours'], 'data_format': ['grib'], 'area': ['37.2443931', '-122.272464', '36.8443931', '-121.872464'], 'hyear': ['2021'], 'hmonth': ['01'], 'hday': ['07'], 'leadtime_hour': ['24']}",repro/glofas_coverage_scan_runs/scan_20260216T015036Z/downloads/reforecast/P2__reforecast__version_4_0__lisflood__ensemble_perturbed_reforecast/2021-01-07.zip,"{""area"": [37.2443931, -122.272464, 36.8443931, -121.872464], ""data_format"": ""grib2"", ""download_format"": ""zip"", ""hday"": [""07""], ""hmonth"": [""01""], ""hydrological_model"": [""lisflood""], ""hyear"": [""2021""], ""leadtime_hour"": [""24""], ""product_type"": [""ensemble_perturbed_reforecast""], ""system_version"": [""version_4_0""], ""variable"": [""river_discharge_in_the_last_24_hours""]}"
2026-02-16T01:52:45Z,scan_20260216T015036Z,reforecast,P3,P3__reforecast__version_2_2__htessel_lisflood__control_reforecast,cems-glofas-reforecast,version_2_2,htessel_lisflood,control_reforecast,2020-12-14,error,,invalid_request,"400 Client Error: Bad Request for url: https://ewds.climate.copernicus.eu/api/retrieve/v1/processes/cems-glofas-reforecast/execution
invalid request
Request has not produced a valid combination of values, please check your selection.
{'system_version': ['version_2_2'], 'hydrological_model': ['htessel_lisflood'], 'product_type': ['control_reforecast'], 'variable': ['river_discharge_in_the_last_24_hours'], 'data_format': ['grib'], 'area': ['37.2443931', '-122.272464', '36.8443931', '-121.872464'], 'hyear': ['2020'], 'hmonth': ['12'], 'hday': ['14'], 'leadtime_hour': ['24']}",repro/glofas_coverage_scan_runs/scan_20260216T015036Z/downloads/reforecast/P3__reforecast__version_2_2__htessel_lisflood__control_reforecast/2020-12-14.zip,"{""area"": [37.2443931, -122.272464, 36.8443931, -121.872464], ""data_format"": ""grib2"", ""download_format"": ""zip"", ""hday"": [""14""], ""hmonth"": [""12""], ""hydrological_model"": [""htessel_lisflood""], ""hyear"": [""2020""], ""leadtime_hour"": [""24""], ""product_type"": [""control_reforecast""], ""system_version"": [""version_2_2""], ""variable"": [""river_discharge_in_the_last_24_hours""]}"
2026-02-16T01:52:46Z,scan_20260216T015036Z,reforecast,P3,P3__reforecast__version_2_2__htessel_lisflood__control_reforecast,cems-glofas-reforecast,version_2_2,htessel_lisflood,control_reforecast,2021-01-04,error,,invalid_request,"400 Client Error: Bad Request for url: https://ewds.climate.copernicus.eu/api/retrieve/v1/processes/cems-glofas-reforecast/execution
invalid request
Request has not produced a valid combination of values, please check your selection.
{'system_version': ['version_2_2'], 'hydrological_model': ['htessel_lisflood'], 'product_type': ['control_reforecast'], 'variable': ['river_discharge_in_the_last_24_hours'], 'data_format': ['grib'], 'area': ['37.2443931', '-122.272464', '36.8443931', '-121.872464'], 'hyear': ['2021'], 'hmonth': ['01'], 'hday': ['04'], 'leadtime_hour': ['24']}",repro/glofas_coverage_scan_runs/scan_20260216T015036Z/downloads/reforecast/P3__reforecast__version_2_2__htessel_lisflood__control_reforecast/2021-01-04.zip,"{""area"": [37.2443931, -122.272464, 36.8443931, -121.872464], ""data_format"": ""grib2"", ""download_format"": ""zip"", ""hday"": [""04""], ""hmonth"": [""01""], ""hydrological_model"": [""htessel_lisflood""], ""hyear"": [""2021""], ""leadtime_hour"": [""24""], ""product_type"": [""control_reforecast""], ""system_version"": [""version_2_2""], ""variable"": [""river_discharge_in_the_last_24_hours""]}"
2026-02-16T01:52:47Z,scan_20260216T015036Z,reforecast,P3,P3__reforecast__version_2_2__htessel_lisflood__control_reforecast,cems-glofas-reforecast,version_2_2,htessel_lisflood,control_reforecast,1999-01-04,error,,invalid_request,"400 Client Error: Bad Request for url: https://ewds.climate.copernicus.eu/api/retrieve/v1/processes/cems-glofas-reforecast/execution
invalid request
Request has not produced a valid combination of values, please check your selection.
{'system_version': ['version_2_2'], 'hydrological_model': ['htessel_lisflood'], 'product_type': ['control_reforecast'], 'variable': ['river_discharge_in_the_last_24_hours'], 'data_format': ['grib'], 'area': ['37.2443931', '-122.272464', '36.8443931', '-121.872464'], 'hyear': ['1999'], 'hmonth': ['01'], 'hday': ['04'], 'leadtime_hour': ['24']}",repro/glofas_coverage_scan_runs/scan_20260216T015036Z/downloads/reforecast/P3__reforecast__version_2_2__htessel_lisflood__control_reforecast/1999-01-04.zip,"{""area"": [37.2443931, -122.272464, 36.8443931, -121.872464], ""data_format"": ""grib2"", ""download_format"": ""zip"", ""hday"": [""04""], ""hmonth"": [""01""], ""hydrological_model"": [""htessel_lisflood""], ""hyear"": [""1999""], ""leadtime_hour"": [""24""], ""product_type"": [""control_reforecast""], ""system_version"": [""version_2_2""], ""variable"": [""river_discharge_in_the_last_24_hours""]}"
2026-02-16T01:52:48Z,scan_20260216T015036Z,reforecast,P3,P3__reforecast__version_2_2__htessel_lisflood__control_reforecast,cems-glofas-reforecast,version_2_2,htessel_lisflood,control_reforecast,2023-11-23,error,,invalid_request,"400 Client Error: Bad Request for url: https://ewds.climate.copernicus.eu/api/retrieve/v1/processes/cems-glofas-reforecast/execution
invalid request
Request has not produced a valid combination of values, please check your selection.
{'system_version': ['version_2_2'], 'hydrological_model': ['htessel_lisflood'], 'product_type': ['control_reforecast'], 'variable': ['river_discharge_in_the_last_24_hours'], 'data_format': ['grib'], 'area': ['37.2443931', '-122.272464', '36.8443931', '-121.872464'], 'hyear': ['2023'], 'hmonth': ['11'], 'hday': ['23'], 'leadtime_hour': ['24']}",repro/glofas_coverage_scan_runs/scan_20260216T015036Z/downloads/reforecast/P3__reforecast__version_2_2__htessel_lisflood__control_reforecast/2023-11-23.zip,"{""area"": [37.2443931, -122.272464, 36.8443931, -121.872464], ""data_format"": ""grib2"", ""download_format"": ""zip"", ""hday"": [""23""], ""hmonth"": [""11""], ""hydrological_model"": [""htessel_lisflood""], ""hyear"": [""2023""], ""leadtime_hour"": [""24""], ""product_type"": [""control_reforecast""], ""system_version"": [""version_2_2""], ""variable"": [""river_discharge_in_the_last_24_hours""]}"
2026-02-16T01:52:49Z,scan_20260216T015036Z,reforecast,P3,P3__reforecast__version_2_2__htessel_lisflood__control_reforecast,cems-glofas-reforecast,version_2_2,htessel_lisflood,control_reforecast,2011-06-16,error,,invalid_request,"400 Client Error: Bad Request for url: https://ewds.climate.copernicus.eu/api/retrieve/v1/processes/cems-glofas-reforecast/execution
invalid request
Request has not produced a valid combination of values, please check your selection.
{'system_version': ['version_2_2'], 'hydrological_model': ['htessel_lisflood'], 'product_type': ['control_reforecast'], 'variable': ['river_discharge_in_the_last_24_hours'], 'data_format': ['grib'], 'area': ['37.2443931', '-122.272464', '36.8443931', '-121.872464'], 'hyear': ['2011'], 'hmonth': ['06'], 'hday': ['16'], 'leadtime_hour': ['24']}",repro/glofas_coverage_scan_runs/scan_20260216T015036Z/downloads/reforecast/P3__reforecast__version_2_2__htessel_lisflood__control_reforecast/2011-06-16.zip,"{""area"": [37.2443931, -122.272464, 36.8443931, -121.872464], ""data_format"": ""grib2"", ""download_format"": ""zip"", ""hday"": [""16""], ""hmonth"": [""06""], ""hydrological_model"": [""htessel_lisflood""], ""hyear"": [""2011""], ""leadtime_hour"": [""24""], ""product_type"": [""control_reforecast""], ""system_version"": [""version_2_2""], ""variable"": [""river_discharge_in_the_last_24_hours""]}"
2026-02-16T01:52:50Z,scan_20260216T015036Z,reforecast,P3,P3__reforecast__version_2_2__htessel_lisflood__control_reforecast,cems-glofas-reforecast,version_2_2,htessel_lisflood,control_reforecast,1999-11-15,error,,invalid_request,"400 Client Error: Bad Request for url: https://ewds.climate.copernicus.eu/api/retrieve/v1/processes/cems-glofas-reforecast/execution
invalid request
Request has not produced a valid combination of values, please check your selection.
{'system_version': ['version_2_2'], 'hydrological_model': ['htessel_lisflood'], 'product_type': ['control_reforecast'], 'variable': ['river_discharge_in_the_last_24_hours'], 'data_format': ['grib'], 'area': ['37.2443931', '-122.272464', '36.8443931', '-121.872464'], 'hyear': ['1999'], 'hmonth': ['11'], 'hday': ['15'], 'leadtime_hour': ['24']}",repro/glofas_coverage_scan_runs/scan_20260216T015036Z/downloads/reforecast/P3__reforecast__version_2_2__htessel_lisflood__control_reforecast/1999-11-15.zip,"{""area"": [37.2443931, -122.272464, 36.8443931, -121.872464], ""data_format"": ""grib2"", ""download_format"": ""zip"", ""hday"": [""15""], ""hmonth"": [""11""], ""hydrological_model"": [""htessel_lisflood""], ""hyear"": [""1999""], ""leadtime_hour"": [""24""], ""product_type"": [""control_reforecast""], ""system_version"": [""version_2_2""], ""variable"": [""river_discharge_in_the_last_24_hours""]}"
2026-02-16T01:52:52Z,scan_20260216T015036Z,reforecast,P3,P3__reforecast__version_2_2__htessel_lisflood__control_reforecast,cems-glofas-reforecast,version_2_2,htessel_lisflood,control_reforecast,2000-09-25,error,,invalid_request,"400 Client Error: Bad Request for url: https://ewds.climate.copernicus.eu/api/retrieve/v1/processes/cems-glofas-reforecast/execution
invalid request
Request has not produced a valid combination of values, please check your selection.
{'system_version': ['version_2_2'], 'hydrological_model': ['htessel_lisflood'], 'product_type': ['control_reforecast'], 'variable': ['river_discharge_in_the_last_24_hours'], 'data_format': ['grib'], 'area': ['37.2443931', '-122.272464', '36.8443931', '-121.872464'], 'hyear': ['2000'], 'hmonth': ['09'], 'hday': ['25'], 'leadtime_hour': ['24']}",repro/glofas_coverage_scan_runs/scan_20260216T015036Z/downloads/reforecast/P3__reforecast__version_2_2__htessel_lisflood__control_reforecast/2000-09-25.zip,"{""area"": [37.2443931, -122.272464, 36.8443931, -121.872464], ""data_format"": ""grib2"", ""download_format"": ""zip"", ""hday"": [""25""], ""hmonth"": [""09""], ""hydrological_model"": [""htessel_lisflood""], ""hyear"": [""2000""], ""leadtime_hour"": [""24""], ""product_type"": [""control_reforecast""], ""system_version"": [""version_2_2""], ""variable"": [""river_discharge_in_the_last_24_hours""]}"
2026-02-16T01:52:53Z,scan_20260216T015036Z,reforecast,P3,P3__reforecast__version_2_2__htessel_lisflood__control_reforecast,cems-glofas-reforecast,version_2_2,htessel_lisflood,control_reforecast,2001-08-06,error,,invalid_request,"400 Client Error: Bad Request for url: https://ewds.climate.copernicus.eu/api/retrieve/v1/processes/cems-glofas-reforecast/execution
invalid request
Request has not produced a valid combination of values, please check your selection.
{'system_version': ['version_2_2'], 'hydrological_model': ['htessel_lisflood'], 'product_type': ['control_reforecast'], 'variable': ['river_discharge_in_the_last_24_hours'], 'data_format': ['grib'], 'area': ['37.2443931', '-122.272464', '36.8443931', '-121.872464'], 'hyear': ['2001'], 'hmonth': ['08'], 'hday': ['06'], 'leadtime_hour': ['24']}",repro/glofas_coverage_scan_runs/scan_20260216T015036Z/downloads/reforecast/P3__reforecast__version_2_2__htessel_lisflood__control_reforecast/2001-08-06.zip,"{""area"": [37.2443931, -122.272464, 36.8443931, -121.872464], ""data_format"": ""grib2"", ""download_format"": ""zip"", ""hday"": [""06""], ""hmonth"": [""08""], ""hydrological_model"": [""htessel_lisflood""], ""hyear"": [""2001""], ""leadtime_hour"": [""24""], ""product_type"": [""control_reforecast""], ""system_version"": [""version_2_2""], ""variable"": [""river_discharge_in_the_last_24_hours""]}"
2026-02-16T01:52:54Z,scan_20260216T015036Z,reforecast,P3,P3__reforecast__version_2_2__htessel_lisflood__ensemble_perturbed_reforecast,cems-glofas-reforecast,version_2_2,htessel_lisflood,ensemble_perturbed_reforecast,2020-12-14,error,,invalid_request,"400 Client Error: Bad Request for url: https://ewds.climate.copernicus.eu/api/retrieve/v1/processes/cems-glofas-reforecast/execution
invalid request
Request has not produced a valid combination of values, please check your selection.
{'system_version': ['version_2_2'], 'hydrological_model': ['htessel_lisflood'], 'product_type': ['ensemble_perturbed_reforecast'], 'variable': ['river_discharge_in_the_last_24_hours'], 'data_format': ['grib'], 'area': ['37.2443931', '-122.272464', '36.8443931', '-121.872464'], 'hyear': ['2020'], 'hmonth': ['12'], 'hday': ['14'], 'leadtime_hour': ['24']}",repro/glofas_coverage_scan_runs/scan_20260216T015036Z/downloads/reforecast/P3__reforecast__version_2_2__htessel_lisflood__ensemble_perturbed_reforecast/2020-12-14.zip,"{""area"": [37.2443931, -122.272464, 36.8443931, -121.872464], ""data_format"": ""grib2"", ""download_format"": ""zip"", ""hday"": [""14""], ""hmonth"": [""12""], ""hydrological_model"": [""htessel_lisflood""], ""hyear"": [""2020""], ""leadtime_hour"": [""24""], ""product_type"": [""ensemble_perturbed_reforecast""], ""system_version"": [""version_2_2""], ""variable"": [""river_discharge_in_the_last_24_hours""]}"
2026-02-16T01:52:55Z,scan_20260216T015036Z,reforecast,P3,P3__reforecast__version_2_2__htessel_lisflood__ensemble_perturbed_reforecast,cems-glofas-reforecast,version_2_2,htessel_lisflood,ensemble_perturbed_reforecast,2021-01-04,error,,invalid_request,"400 Client Error: Bad Request for url: https://ewds.climate.copernicus.eu/api/retrieve/v1/processes/cems-glofas-reforecast/execution
invalid request
Request has not produced a valid combination of values, please check your selection.
{'system_version': ['version_2_2'], 'hydrological_model': ['htessel_lisflood'], 'product_type': ['ensemble_perturbed_reforecast'], 'variable': ['river_discharge_in_the_last_24_hours'], 'data_format': ['grib'], 'area': ['37.2443931', '-122.272464', '36.8443931', '-121.872464'], 'hyear': ['2021'], 'hmonth': ['01'], 'hday': ['04'], 'leadtime_hour': ['24']}",repro/glofas_coverage_scan_runs/scan_20260216T015036Z/downloads/reforecast/P3__reforecast__version_2_2__htessel_lisflood__ensemble_perturbed_reforecast/2021-01-04.zip,"{""area"": [37.2443931, -122.272464, 36.8443931, -121.872464], ""data_format"": ""grib2"", ""download_format"": ""zip"", ""hday"": [""04""], ""hmonth"": [""01""], ""hydrological_model"": [""htessel_lisflood""], ""hyear"": [""2021""], ""leadtime_hour"": [""24""], ""product_type"": [""ensemble_perturbed_reforecast""], ""system_version"": [""version_2_2""], ""variable"": [""river_discharge_in_the_last_24_hours""]}"
2026-02-16T01:52:56Z,scan_20260216T015036Z,reforecast,P3,P3__reforecast__version_2_2__htessel_lisflood__ensemble_perturbed_reforecast,cems-glofas-reforecast,version_2_2,htessel_lisflood,ensemble_perturbed_reforecast,1999-01-04,error,,invalid_request,"400 Client Error: Bad Request for url: https://ewds.climate.copernicus.eu/api/retrieve/v1/processes/cems-glofas-reforecast/execution
invalid request
Request has not produced a valid combination of values, please check your selection.
{'system_version': ['version_2_2'], 'hydrological_model': ['htessel_lisflood'], 'product_type': ['ensemble_perturbed_reforecast'], 'variable': ['river_discharge_in_the_last_24_hours'], 'data_format': ['grib'], 'area': ['37.2443931', '-122.272464', '36.8443931', '-121.872464'], 'hyear': ['1999'], 'hmonth': ['01'], 'hday': ['04'], 'leadtime_hour': ['24']}",repro/glofas_coverage_scan_runs/scan_20260216T015036Z/downloads/reforecast/P3__reforecast__version_2_2__htessel_lisflood__ensemble_perturbed_reforecast/1999-01-04.zip,"{""area"": [37.2443931, -122.272464, 36.8443931, -121.872464], ""data_format"": ""grib2"", ""download_format"": ""zip"", ""hday"": [""04""], ""hmonth"": [""01""], ""hydrological_model"": [""htessel_lisflood""], ""hyear"": [""1999""], ""leadtime_hour"": [""24""], ""product_type"": [""ensemble_perturbed_reforecast""], ""system_version"": [""version_2_2""], ""variable"": [""river_discharge_in_the_last_24_hours""]}"
2026-02-16T01:52:57Z,scan_20260216T015036Z,reforecast,P3,P3__reforecast__version_2_2__htessel_lisflood__ensemble_perturbed_reforecast,cems-glofas-reforecast,version_2_2,htessel_lisflood,ensemble_perturbed_reforecast,2023-11-23,error,,invalid_request,"400 Client Error: Bad Request for url: https://ewds.climate.copernicus.eu/api/retrieve/v1/processes/cems-glofas-reforecast/execution
invalid request
Request has not produced a valid combination of values, please check your selection.
{'system_version': ['version_2_2'], 'hydrological_model': ['htessel_lisflood'], 'product_type': ['ensemble_perturbed_reforecast'], 'variable': ['river_discharge_in_the_last_24_hours'], 'data_format': ['grib'], 'area': ['37.2443931', '-122.272464', '36.8443931', '-121.872464'], 'hyear': ['2023'], 'hmonth': ['11'], 'hday': ['23'], 'leadtime_hour': ['24']}",repro/glofas_coverage_scan_runs/scan_20260216T015036Z/downloads/reforecast/P3__reforecast__version_2_2__htessel_lisflood__ensemble_perturbed_reforecast/2023-11-23.zip,"{""area"": [37.2443931, -122.272464, 36.8443931, -121.872464], ""data_format"": ""grib2"", ""download_format"": ""zip"", ""hday"": [""23""], ""hmonth"": [""11""], ""hydrological_model"": [""htessel_lisflood""], ""hyear"": [""2023""], ""leadtime_hour"": [""24""], ""product_type"": [""ensemble_perturbed_reforecast""], ""system_version"": [""version_2_2""], ""variable"": [""river_discharge_in_the_last_24_hours""]}"
2026-02-16T01:52:58Z,scan_20260216T015036Z,reforecast,P3,P3__reforecast__version_2_2__htessel_lisflood__ensemble_perturbed_reforecast,cems-glofas-reforecast,version_2_2,htessel_lisflood,ensemble_perturbed_reforecast,2011-06-16,error,,invalid_request,"400 Client Error: Bad Request for url: https://ewds.climate.copernicus.eu/api/retrieve/v1/processes/cems-glofas-reforecast/execution
invalid request
Request has not produced a valid combination of values, please check your selection.
{'system_version': ['version_2_2'], 'hydrological_model': ['htessel_lisflood'], 'product_type': ['ensemble_perturbed_reforecast'], 'variable': ['river_discharge_in_the_last_24_hours'], 'data_format': ['grib'], 'area': ['37.2443931', '-122.272464', '36.8443931', '-121.872464'], 'hyear': ['2011'], 'hmonth': ['06'], 'hday': ['16'], 'leadtime_hour': ['24']}",repro/glofas_coverage_scan_runs/scan_20260216T015036Z/downloads/reforecast/P3__reforecast__version_2_2__htessel_lisflood__ensemble_perturbed_reforecast/2011-06-16.zip,"{""area"": [37.2443931, -122.272464, 36.8443931, -121.872464], ""data_format"": ""grib2"", ""download_format"": ""zip"", ""hday"": [""16""], ""hmonth"": [""06""], ""hydrological_model"": [""htessel_lisflood""], ""hyear"": [""2011""], ""leadtime_hour"": [""24""], ""product_type"": [""ensemble_perturbed_reforecast""], ""system_version"": [""version_2_2""], ""variable"": [""river_discharge_in_the_last_24_hours""]}"
2026-02-16T01:52:59Z,scan_20260216T015036Z,reforecast,P3,P3__reforecast__version_2_2__htessel_lisflood__ensemble_perturbed_reforecast,cems-glofas-reforecast,version_2_2,htessel_lisflood,ensemble_perturbed_reforecast,1999-11-15,error,,invalid_request,"400 Client Error: Bad Request for url: https://ewds.climate.copernicus.eu/api/retrieve/v1/processes/cems-glofas-reforecast/execution
invalid request
Request has not produced a valid combination of values, please check your selection.
{'system_version': ['version_2_2'], 'hydrological_model': ['htessel_lisflood'], 'product_type': ['ensemble_perturbed_reforecast'], 'variable': ['river_discharge_in_the_last_24_hours'], 'data_format': ['grib'], 'area': ['37.2443931', '-122.272464', '36.8443931', '-121.872464'], 'hyear': ['1999'], 'hmonth': ['11'], 'hday': ['15'], 'leadtime_hour': ['24']}",repro/glofas_coverage_scan_runs/scan_20260216T015036Z/downloads/reforecast/P3__reforecast__version_2_2__htessel_lisflood__ensemble_perturbed_reforecast/1999-11-15.zip,"{""area"": [37.2443931, -122.272464, 36.8443931, -121.872464], ""data_format"": ""grib2"", ""download_format"": ""zip"", ""hday"": [""15""], ""hmonth"": [""11""], ""hydrological_model"": [""htessel_lisflood""], ""hyear"": [""1999""], ""leadtime_hour"": [""24""], ""product_type"": [""ensemble_perturbed_reforecast""], ""system_version"": [""version_2_2""], ""variable"": [""river_discharge_in_the_last_24_hours""]}"
2026-02-16T01:53:01Z,scan_20260216T015036Z,reforecast,P3,P3__reforecast__version_2_2__htessel_lisflood__ensemble_perturbed_reforecast,cems-glofas-reforecast,version_2_2,htessel_lisflood,ensemble_perturbed_reforecast,2000-09-25,error,,invalid_request,"400 Client Error: Bad Request for url: https://ewds.climate.copernicus.eu/api/retrieve/v1/processes/cems-glofas-reforecast/execution
invalid request
Request has not produced a valid combination of values, please check your selection.
{'system_version': ['version_2_2'], 'hydrological_model': ['htessel_lisflood'], 'product_type': ['ensemble_perturbed_reforecast'], 'variable': ['river_discharge_in_the_last_24_hours'], 'data_format': ['grib'], 'area': ['37.2443931', '-122.272464', '36.8443931', '-121.872464'], 'hyear': ['2000'], 'hmonth': ['09'], 'hday': ['25'], 'leadtime_hour': ['24']}",repro/glofas_coverage_scan_runs/scan_20260216T015036Z/downloads/reforecast/P3__reforecast__version_2_2__htessel_lisflood__ensemble_perturbed_reforecast/2000-09-25.zip,"{""area"": [37.2443931, -122.272464, 36.8443931, -121.872464], ""data_format"": ""grib2"", ""download_format"": ""zip"", ""hday"": [""25""], ""hmonth"": [""09""], ""hydrological_model"": [""htessel_lisflood""], ""hyear"": [""2000""], ""leadtime_hour"": [""24""], ""product_type"": [""ensemble_perturbed_reforecast""], ""system_version"": [""version_2_2""], ""variable"": [""river_discharge_in_the_last_24_hours""]}"
2026-02-16T01:53:02Z,scan_20260216T015036Z,reforecast,P3,P3__reforecast__version_2_2__htessel_lisflood__ensemble_perturbed_reforecast,cems-glofas-reforecast,version_2_2,htessel_lisflood,ensemble_perturbed_reforecast,2001-08-06,error,,invalid_request,"400 Client Error: Bad Request for url: https://ewds.climate.copernicus.eu/api/retrieve/v1/processes/cems-glofas-reforecast/execution
invalid request
Request has not produced a valid combination of values, please check your selection.
{'system_version': ['version_2_2'], 'hydrological_model': ['htessel_lisflood'], 'product_type': ['ensemble_perturbed_reforecast'], 'variable': ['river_discharge_in_the_last_24_hours'], 'data_format': ['grib'], 'area': ['37.2443931', '-122.272464', '36.8443931', '-121.872464'], 'hyear': ['2001'], 'hmonth': ['08'], 'hday': ['06'], 'leadtime_hour': ['24']}",repro/glofas_coverage_scan_runs/scan_20260216T015036Z/downloads/reforecast/P3__reforecast__version_2_2__htessel_lisflood__ensemble_perturbed_reforecast/2001-08-06.zip,"{""area"": [37.2443931, -122.272464, 36.8443931, -121.872464], ""data_format"": ""grib2"", ""download_format"": ""zip"", ""hday"": [""06""], ""hmonth"": [""08""], ""hydrological_model"": [""htessel_lisflood""], ""hyear"": [""2001""], ""leadtime_hour"": [""24""], ""product_type"": [""ensemble_perturbed_reforecast""], ""system_version"": [""version_2_2""], ""variable"": [""river_discharge_in_the_last_24_hours""]}"
2026-02-16T01:53:03Z,scan_20260216T015036Z,reforecast,P3,P3__reforecast__version_2_2__lisflood__control_reforecast,cems-glofas-reforecast,version_2_2,lisflood,control_reforecast,2020-12-14,error,,invalid_request,"400 Client Error: Bad Request for url: https://ewds.climate.copernicus.eu/api/retrieve/v1/processes/cems-glofas-reforecast/execution
invalid request
Request has not produced a valid combination of values, please check your selection.
{'system_version': ['version_2_2'], 'hydrological_model': ['lisflood'], 'product_type': ['control_reforecast'], 'variable': ['river_discharge_in_the_last_24_hours'], 'data_format': ['grib'], 'area': ['37.2443931', '-122.272464', '36.8443931', '-121.872464'], 'hyear': ['2020'], 'hmonth': ['12'], 'hday': ['14'], 'leadtime_hour': ['24']}",repro/glofas_coverage_scan_runs/scan_20260216T015036Z/downloads/reforecast/P3__reforecast__version_2_2__lisflood__control_reforecast/2020-12-14.zip,"{""area"": [37.2443931, -122.272464, 36.8443931, -121.872464], ""data_format"": ""grib2"", ""download_format"": ""zip"", ""hday"": [""14""], ""hmonth"": [""12""], ""hydrological_model"": [""lisflood""], ""hyear"": [""2020""], ""leadtime_hour"": [""24""], ""product_type"": [""control_reforecast""], ""system_version"": [""version_2_2""], ""variable"": [""river_discharge_in_the_last_24_hours""]}"
2026-02-16T01:53:04Z,scan_20260216T015036Z,reforecast,P3,P3__reforecast__version_2_2__lisflood__control_reforecast,cems-glofas-reforecast,version_2_2,lisflood,control_reforecast,2021-01-04,error,,invalid_request,"400 Client Error: Bad Request for url: https://ewds.climate.copernicus.eu/api/retrieve/v1/processes/cems-glofas-reforecast/execution
invalid request
Request has not produced a valid combination of values, please check your selection.
{'system_version': ['version_2_2'], 'hydrological_model': ['lisflood'], 'product_type': ['control_reforecast'], 'variable': ['river_discharge_in_the_last_24_hours'], 'data_format': ['grib'], 'area': ['37.2443931', '-122.272464', '36.8443931', '-121.872464'], 'hyear': ['2021'], 'hmonth': ['01'], 'hday': ['04'], 'leadtime_hour': ['24']}",repro/glofas_coverage_scan_runs/scan_20260216T015036Z/downloads/reforecast/P3__reforecast__version_2_2__lisflood__control_reforecast/2021-01-04.zip,"{""area"": [37.2443931, -122.272464, 36.8443931, -121.872464], ""data_format"": ""grib2"", ""download_format"": ""zip"", ""hday"": [""04""], ""hmonth"": [""01""], ""hydrological_model"": [""lisflood""], ""hyear"": [""2021""], ""leadtime_hour"": [""24""], ""product_type"": [""control_reforecast""], ""system_version"": [""version_2_2""], ""variable"": [""river_discharge_in_the_last_24_hours""]}"
2026-02-16T01:53:05Z,scan_20260216T015036Z,reforecast,P3,P3__reforecast__version_2_2__lisflood__control_reforecast,cems-glofas-reforecast,version_2_2,lisflood,control_reforecast,1999-01-04,error,,invalid_request,"400 Client Error: Bad Request for url: https://ewds.climate.copernicus.eu/api/retrieve/v1/processes/cems-glofas-reforecast/execution
invalid request
Request has not produced a valid combination of values, please check your selection.
{'system_version': ['version_2_2'], 'hydrological_model': ['lisflood'], 'product_type': ['control_reforecast'], 'variable': ['river_discharge_in_the_last_24_hours'], 'data_format': ['grib'], 'area': ['37.2443931', '-122.272464', '36.8443931', '-121.872464'], 'hyear': ['1999'], 'hmonth': ['01'], 'hday': ['04'], 'leadtime_hour': ['24']}",repro/glofas_coverage_scan_runs/scan_20260216T015036Z/downloads/reforecast/P3__reforecast__version_2_2__lisflood__control_reforecast/1999-01-04.zip,"{""area"": [37.2443931, -122.272464, 36.8443931, -121.872464], ""data_format"": ""grib2"", ""download_format"": ""zip"", ""hday"": [""04""], ""hmonth"": [""01""], ""hydrological_model"": [""lisflood""], ""hyear"": [""1999""], ""leadtime_hour"": [""24""], ""product_type"": [""control_reforecast""], ""system_version"": [""version_2_2""], ""variable"": [""river_discharge_in_the_last_24_hours""]}"
2026-02-16T01:53:07Z,scan_20260216T015036Z,reforecast,P3,P3__reforecast__version_2_2__lisflood__control_reforecast,cems-glofas-reforecast,version_2_2,lisflood,control_reforecast,2023-11-23,error,,invalid_request,"400 Client Error: Bad Request for url: https://ewds.climate.copernicus.eu/api/retrieve/v1/processes/cems-glofas-reforecast/execution
invalid request
Request has not produced a valid combination of values, please check your selection.
{'system_version': ['version_2_2'], 'hydrological_model': ['lisflood'], 'product_type': ['control_reforecast'], 'variable': ['river_discharge_in_the_last_24_hours'], 'data_format': ['grib'], 'area': ['37.2443931', '-122.272464', '36.8443931', '-121.872464'], 'hyear': ['2023'], 'hmonth': ['11'], 'hday': ['23'], 'leadtime_hour': ['24']}",repro/glofas_coverage_scan_runs/scan_20260216T015036Z/downloads/reforecast/P3__reforecast__version_2_2__lisflood__control_reforecast/2023-11-23.zip,"{""area"": [37.2443931, -122.272464, 36.8443931, -121.872464], ""data_format"": ""grib2"", ""download_format"": ""zip"", ""hday"": [""23""], ""hmonth"": [""11""], ""hydrological_model"": [""lisflood""], ""hyear"": [""2023""], ""leadtime_hour"": [""24""], ""product_type"": [""control_reforecast""], ""system_version"": [""version_2_2""], ""variable"": [""river_discharge_in_the_last_24_hours""]}"
2026-02-16T01:53:08Z,scan_20260216T015036Z,reforecast,P3,P3__reforecast__version_2_2__lisflood__control_reforecast,cems-glofas-reforecast,version_2_2,lisflood,control_reforecast,2011-06-16,error,,invalid_request,"400 Client Error: Bad Request for url: https://ewds.climate.copernicus.eu/api/retrieve/v1/processes/cems-glofas-reforecast/execution
invalid request
Request has not produced a valid combination of values, please check your selection.
{'system_version': ['version_2_2'], 'hydrological_model': ['lisflood'], 'product_type': ['control_reforecast'], 'variable': ['river_discharge_in_the_last_24_hours'], 'data_format': ['grib'], 'area': ['37.2443931', '-122.272464', '36.8443931', '-121.872464'], 'hyear': ['2011'], 'hmonth': ['06'], 'hday': ['16'], 'leadtime_hour': ['24']}",repro/glofas_coverage_scan_runs/scan_20260216T015036Z/downloads/reforecast/P3__reforecast__version_2_2__lisflood__control_reforecast/2011-06-16.zip,"{""area"": [37.2443931, -122.272464, 36.8443931, -121.872464], ""data_format"": ""grib2"", ""download_format"": ""zip"", ""hday"": [""16""], ""hmonth"": [""06""], ""hydrological_model"": [""lisflood""], ""hyear"": [""2011""], ""leadtime_hour"": [""24""], ""product_type"": [""control_reforecast""], ""system_version"": [""version_2_2""], ""variable"": [""river_discharge_in_the_last_24_hours""]}"
2026-02-16T01:53:10Z,scan_20260216T015036Z,reforecast,P3,P3__reforecast__version_2_2__lisflood__control_reforecast,cems-glofas-reforecast,version_2_2,lisflood,control_reforecast,1999-11-15,error,,invalid_request,"400 Client Error: Bad Request for url: https://ewds.climate.copernicus.eu/api/retrieve/v1/processes/cems-glofas-reforecast/execution
invalid request
Request has not produced a valid combination of values, please check your selection.
{'system_version': ['version_2_2'], 'hydrological_model': ['lisflood'], 'product_type': ['control_reforecast'], 'variable': ['river_discharge_in_the_last_24_hours'], 'data_format': ['grib'], 'area': ['37.2443931', '-122.272464', '36.8443931', '-121.872464'], 'hyear': ['1999'], 'hmonth': ['11'], 'hday': ['15'], 'leadtime_hour': ['24']}",repro/glofas_coverage_scan_runs/scan_20260216T015036Z/downloads/reforecast/P3__reforecast__version_2_2__lisflood__control_reforecast/1999-11-15.zip,"{""area"": [37.2443931, -122.272464, 36.8443931, -121.872464], ""data_format"": ""grib2"", ""download_format"": ""zip"", ""hday"": [""15""], ""hmonth"": [""11""], ""hydrological_model"": [""lisflood""], ""hyear"": [""1999""], ""leadtime_hour"": [""24""], ""product_type"": [""control_reforecast""], ""system_version"": [""version_2_2""], ""variable"": [""river_discharge_in_the_last_24_hours""]}"
2026-02-16T01:53:11Z,scan_20260216T015036Z,reforecast,P3,P3__reforecast__version_2_2__lisflood__control_reforecast,cems-glofas-reforecast,version_2_2,lisflood,control_reforecast,2000-09-25,error,,invalid_request,"400 Client Error: Bad Request for url: https://ewds.climate.copernicus.eu/api/retrieve/v1/processes/cems-glofas-reforecast/execution
invalid request
Request has not produced a valid combination of values, please check your selection.
{'system_version': ['version_2_2'], 'hydrological_model': ['lisflood'], 'product_type': ['control_reforecast'], 'variable': ['river_discharge_in_the_last_24_hours'], 'data_format': ['grib'], 'area': ['37.2443931', '-122.272464', '36.8443931', '-121.872464'], 'hyear': ['2000'], 'hmonth': ['09'], 'hday': ['25'], 'leadtime_hour': ['24']}",repro/glofas_coverage_scan_runs/scan_20260216T015036Z/downloads/reforecast/P3__reforecast__version_2_2__lisflood__control_reforecast/2000-09-25.zip,"{""area"": [37.2443931, -122.272464, 36.8443931, -121.872464], ""data_format"": ""grib2"", ""download_format"": ""zip"", ""hday"": [""25""], ""hmonth"": [""09""], ""hydrological_model"": [""lisflood""], ""hyear"": [""2000""], ""leadtime_hour"": [""24""], ""product_type"": [""control_reforecast""], ""system_version"": [""version_2_2""], ""variable"": [""river_discharge_in_the_last_24_hours""]}"
2026-02-16T01:53:12Z,scan_20260216T015036Z,reforecast,P3,P3__reforecast__version_2_2__lisflood__control_reforecast,cems-glofas-reforecast,version_2_2,lisflood,control_reforecast,2001-08-06,error,,invalid_request,"400 Client Error: Bad Request for url: https://ewds.climate.copernicus.eu/api/retrieve/v1/processes/cems-glofas-reforecast/execution
invalid request
Request has not produced a valid combination of values, please check your selection.
{'system_version': ['version_2_2'], 'hydrological_model': ['lisflood'], 'product_type': ['control_reforecast'], 'variable': ['river_discharge_in_the_last_24_hours'], 'data_format': ['grib'], 'area': ['37.2443931', '-122.272464', '36.8443931', '-121.872464'], 'hyear': ['2001'], 'hmonth': ['08'], 'hday': ['06'], 'leadtime_hour': ['24']}",repro/glofas_coverage_scan_runs/scan_20260216T015036Z/downloads/reforecast/P3__reforecast__version_2_2__lisflood__control_reforecast/2001-08-06.zip,"{""area"": [37.2443931, -122.272464, 36.8443931, -121.872464], ""data_format"": ""grib2"", ""download_format"": ""zip"", ""hday"": [""06""], ""hmonth"": [""08""], ""hydrological_model"": [""lisflood""], ""hyear"": [""2001""], ""leadtime_hour"": [""24""], ""product_type"": [""control_reforecast""], ""system_version"": [""version_2_2""], ""variable"": [""river_discharge_in_the_last_24_hours""]}"
2026-02-16T01:53:13Z,scan_20260216T015036Z,reforecast,P3,P3__reforecast__version_2_2__lisflood__ensemble_perturbed_reforecast,cems-glofas-reforecast,version_2_2,lisflood,ensemble_perturbed_reforecast,2020-12-14,error,,invalid_request,"400 Client Error: Bad Request for url: https://ewds.climate.copernicus.eu/api/retrieve/v1/processes/cems-glofas-reforecast/execution
invalid request
Request has not produced a valid combination of values, please check your selection.
{'system_version': ['version_2_2'], 'hydrological_model': ['lisflood'], 'product_type': ['ensemble_perturbed_reforecast'], 'variable': ['river_discharge_in_the_last_24_hours'], 'data_format': ['grib'], 'area': ['37.2443931', '-122.272464', '36.8443931', '-121.872464'], 'hyear': ['2020'], 'hmonth': ['12'], 'hday': ['14'], 'leadtime_hour': ['24']}",repro/glofas_coverage_scan_runs/scan_20260216T015036Z/downloads/reforecast/P3__reforecast__version_2_2__lisflood__ensemble_perturbed_reforecast/2020-12-14.zip,"{""area"": [37.2443931, -122.272464, 36.8443931, -121.872464], ""data_format"": ""grib2"", ""download_format"": ""zip"", ""hday"": [""14""], ""hmonth"": [""12""], ""hydrological_model"": [""lisflood""], ""hyear"": [""2020""], ""leadtime_hour"": [""24""], ""product_type"": [""ensemble_perturbed_reforecast""], ""system_version"": [""version_2_2""], ""variable"": [""river_discharge_in_the_last_24_hours""]}"
2026-02-16T01:53:14Z,scan_20260216T015036Z,reforecast,P3,P3__reforecast__version_2_2__lisflood__ensemble_perturbed_reforecast,cems-glofas-reforecast,version_2_2,lisflood,ensemble_perturbed_reforecast,2021-01-04,error,,invalid_request,"400 Client Error: Bad Request for url: https://ewds.climate.copernicus.eu/api/retrieve/v1/processes/cems-glofas-reforecast/execution
invalid request
Request has not produced a valid combination of values, please check your selection.
{'system_version': ['version_2_2'], 'hydrological_model': ['lisflood'], 'product_type': ['ensemble_perturbed_reforecast'], 'variable': ['river_discharge_in_the_last_24_hours'], 'data_format': ['grib'], 'area': ['37.2443931', '-122.272464', '36.8443931', '-121.872464'], 'hyear': ['2021'], 'hmonth': ['01'], 'hday': ['04'], 'leadtime_hour': ['24']}",repro/glofas_coverage_scan_runs/scan_20260216T015036Z/downloads/reforecast/P3__reforecast__version_2_2__lisflood__ensemble_perturbed_reforecast/2021-01-04.zip,"{""area"": [37.2443931, -122.272464, 36.8443931, -121.872464], ""data_format"": ""grib2"", ""download_format"": ""zip"", ""hday"": [""04""], ""hmonth"": [""01""], ""hydrological_model"": [""lisflood""], ""hyear"": [""2021""], ""leadtime_hour"": [""24""], ""product_type"": [""ensemble_perturbed_reforecast""], ""system_version"": [""version_2_2""], ""variable"": [""river_discharge_in_the_last_24_hours""]}"
2026-02-16T01:53:15Z,scan_20260216T015036Z,reforecast,P3,P3__reforecast__version_2_2__lisflood__ensemble_perturbed_reforecast,cems-glofas-reforecast,version_2_2,lisflood,ensemble_perturbed_reforecast,1999-01-04,error,,invalid_request,"400 Client Error: Bad Request for url: https://ewds.climate.copernicus.eu/api/retrieve/v1/processes/cems-glofas-reforecast/execution
invalid request
Request has not produced a valid combination of values, please check your selection.
{'system_version': ['version_2_2'], 'hydrological_model': ['lisflood'], 'product_type': ['ensemble_perturbed_reforecast'], 'variable': ['river_discharge_in_the_last_24_hours'], 'data_format': ['grib'], 'area': ['37.2443931', '-122.272464', '36.8443931', '-121.872464'], 'hyear': ['1999'], 'hmonth': ['01'], 'hday': ['04'], 'leadtime_hour': ['24']}",repro/glofas_coverage_scan_runs/scan_20260216T015036Z/downloads/reforecast/P3__reforecast__version_2_2__lisflood__ensemble_perturbed_reforecast/1999-01-04.zip,"{""area"": [37.2443931, -122.272464, 36.8443931, -121.872464], ""data_format"": ""grib2"", ""download_format"": ""zip"", ""hday"": [""04""], ""hmonth"": [""01""], ""hydrological_model"": [""lisflood""], ""hyear"": [""1999""], ""leadtime_hour"": [""24""], ""product_type"": [""ensemble_perturbed_reforecast""], ""system_version"": [""version_2_2""], ""variable"": [""river_discharge_in_the_last_24_hours""]}"
2026-02-16T01:53:16Z,scan_20260216T015036Z,reforecast,P3,P3__reforecast__version_2_2__lisflood__ensemble_perturbed_reforecast,cems-glofas-reforecast,version_2_2,lisflood,ensemble_perturbed_reforecast,2023-11-23,error,,invalid_request,"400 Client Error: Bad Request for url: https://ewds.climate.copernicus.eu/api/retrieve/v1/processes/cems-glofas-reforecast/execution
invalid request
Request has not produced a valid combination of values, please check your selection.
{'system_version': ['version_2_2'], 'hydrological_model': ['lisflood'], 'product_type': ['ensemble_perturbed_reforecast'], 'variable': ['river_discharge_in_the_last_24_hours'], 'data_format': ['grib'], 'area': ['37.2443931', '-122.272464', '36.8443931', '-121.872464'], 'hyear': ['2023'], 'hmonth': ['11'], 'hday': ['23'], 'leadtime_hour': ['24']}",repro/glofas_coverage_scan_runs/scan_20260216T015036Z/downloads/reforecast/P3__reforecast__version_2_2__lisflood__ensemble_perturbed_reforecast/2023-11-23.zip,"{""area"": [37.2443931, -122.272464, 36.8443931, -121.872464], ""data_format"": ""grib2"", ""download_format"": ""zip"", ""hday"": [""23""], ""hmonth"": [""11""], ""hydrological_model"": [""lisflood""], ""hyear"": [""2023""], ""leadtime_hour"": [""24""], ""product_type"": [""ensemble_perturbed_reforecast""], ""system_version"": [""version_2_2""], ""variable"": [""river_discharge_in_the_last_24_hours""]}"
2026-02-16T01:53:18Z,scan_20260216T015036Z,reforecast,P3,P3__reforecast__version_2_2__lisflood__ensemble_perturbed_reforecast,cems-glofas-reforecast,version_2_2,lisflood,ensemble_perturbed_reforecast,2011-06-16,error,,invalid_request,"400 Client Error: Bad Request for url: https://ewds.climate.copernicus.eu/api/retrieve/v1/processes/cems-glofas-reforecast/execution
invalid request
Request has not produced a valid combination of values, please check your selection.
{'system_version': ['version_2_2'], 'hydrological_model': ['lisflood'], 'product_type': ['ensemble_perturbed_reforecast'], 'variable': ['river_discharge_in_the_last_24_hours'], 'data_format': ['grib'], 'area': ['37.2443931', '-122.272464', '36.8443931', '-121.872464'], 'hyear': ['2011'], 'hmonth': ['06'], 'hday': ['16'], 'leadtime_hour': ['24']}",repro/glofas_coverage_scan_runs/scan_20260216T015036Z/downloads/reforecast/P3__reforecast__version_2_2__lisflood__ensemble_perturbed_reforecast/2011-06-16.zip,"{""area"": [37.2443931, -122.272464, 36.8443931, -121.872464], ""data_format"": ""grib2"", ""download_format"": ""zip"", ""hday"": [""16""], ""hmonth"": [""06""], ""hydrological_model"": [""lisflood""], ""hyear"": [""2011""], ""leadtime_hour"": [""24""], ""product_type"": [""ensemble_perturbed_reforecast""], ""system_version"": [""version_2_2""], ""variable"": [""river_discharge_in_the_last_24_hours""]}"
2026-02-16T01:53:19Z,scan_20260216T015036Z,reforecast,P3,P3__reforecast__version_2_2__lisflood__ensemble_perturbed_reforecast,cems-glofas-reforecast,version_2_2,lisflood,ensemble_perturbed_reforecast,1999-11-15,error,,invalid_request,"400 Client Error: Bad Request for url: https://ewds.climate.copernicus.eu/api/retrieve/v1/processes/cems-glofas-reforecast/execution
invalid request
Request has not produced a valid combination of values, please check your selection.
{'system_version': ['version_2_2'], 'hydrological_model': ['lisflood'], 'product_type': ['ensemble_perturbed_reforecast'], 'variable': ['river_discharge_in_the_last_24_hours'], 'data_format': ['grib'], 'area': ['37.2443931', '-122.272464', '36.8443931', '-121.872464'], 'hyear': ['1999'], 'hmonth': ['11'], 'hday': ['15'], 'leadtime_hour': ['24']}",repro/glofas_coverage_scan_runs/scan_20260216T015036Z/downloads/reforecast/P3__reforecast__version_2_2__lisflood__ensemble_perturbed_reforecast/1999-11-15.zip,"{""area"": [37.2443931, -122.272464, 36.8443931, -121.872464], ""data_format"": ""grib2"", ""download_format"": ""zip"", ""hday"": [""15""], ""hmonth"": [""11""], ""hydrological_model"": [""lisflood""], ""hyear"": [""1999""], ""leadtime_hour"": [""24""], ""product_type"": [""ensemble_perturbed_reforecast""], ""system_version"": [""version_2_2""], ""variable"": [""river_discharge_in_the_last_24_hours""]}"
2026-02-16T01:53:20Z,scan_20260216T015036Z,reforecast,P3,P3__reforecast__version_2_2__lisflood__ensemble_perturbed_reforecast,cems-glofas-reforecast,version_2_2,lisflood,ensemble_perturbed_reforecast,2000-09-25,error,,invalid_request,"400 Client Error: Bad Request for url: https://ewds.climate.copernicus.eu/api/retrieve/v1/processes/cems-glofas-reforecast/execution
invalid request
Request has not produced a valid combination of values, please check your selection.
{'system_version': ['version_2_2'], 'hydrological_model': ['lisflood'], 'product_type': ['ensemble_perturbed_reforecast'], 'variable': ['river_discharge_in_the_last_24_hours'], 'data_format': ['grib'], 'area': ['37.2443931', '-122.272464', '36.8443931', '-121.872464'], 'hyear': ['2000'], 'hmonth': ['09'], 'hday': ['25'], 'leadtime_hour': ['24']}",repro/glofas_coverage_scan_runs/scan_20260216T015036Z/downloads/reforecast/P3__reforecast__version_2_2__lisflood__ensemble_perturbed_reforecast/2000-09-25.zip,"{""area"": [37.2443931, -122.272464, 36.8443931, -121.872464], ""data_format"": ""grib2"", ""download_format"": ""zip"", ""hday"": [""25""], ""hmonth"": [""09""], ""hydrological_model"": [""lisflood""], ""hyear"": [""2000""], ""leadtime_hour"": [""24""], ""product_type"": [""ensemble_perturbed_reforecast""], ""system_version"": [""version_2_2""], ""variable"": [""river_discharge_in_the_last_24_hours""]}"
2026-02-16T01:53:21Z,scan_20260216T015036Z,reforecast,P3,P3__reforecast__version_2_2__lisflood__ensemble_perturbed_reforecast,cems-glofas-reforecast,version_2_2,lisflood,ensemble_perturbed_reforecast,2001-08-06,error,,invalid_request,"400 Client Error: Bad Request for url: https://ewds.climate.copernicus.eu/api/retrieve/v1/processes/cems-glofas-reforecast/execution
invalid request
Request has not produced a valid combination of values, please check your selection.
{'system_version': ['version_2_2'], 'hydrological_model': ['lisflood'], 'product_type': ['ensemble_perturbed_reforecast'], 'variable': ['river_discharge_in_the_last_24_hours'], 'data_format': ['grib'], 'area': ['37.2443931', '-122.272464', '36.8443931', '-121.872464'], 'hyear': ['2001'], 'hmonth': ['08'], 'hday': ['06'], 'leadtime_hour': ['24']}",repro/glofas_coverage_scan_runs/scan_20260216T015036Z/downloads/reforecast/P3__reforecast__version_2_2__lisflood__ensemble_perturbed_reforecast/2001-08-06.zip,"{""area"": [37.2443931, -122.272464, 36.8443931, -121.872464], ""data_format"": ""grib2"", ""download_format"": ""zip"", ""hday"": [""06""], ""hmonth"": [""08""], ""hydrological_model"": [""lisflood""], ""hyear"": [""2001""], ""leadtime_hour"": [""24""], ""product_type"": [""ensemble_perturbed_reforecast""], ""system_version"": [""version_2_2""], ""variable"": [""river_discharge_in_the_last_24_hours""]}"
2026-02-16T01:50:38Z,scan_20260216T015036Z,forecast,P1,P1__forecast__version_3_1__htessel_lisflood__control_forecast,cems-glofas-forecast,version_3_1,htessel_lisflood,control_forecast,2021-06-15,error,,invalid_request,"400 Client Error: Bad Request for url: https://ewds.climate.copernicus.eu/api/retrieve/v1/processes/cems-glofas-forecast/execution
invalid request
Request has not produced a valid combination of values, please check your selection.
{'system_version': ['version_3_1'], 'hydrological_model': ['htessel_lisflood'], 'product_type': ['control_forecast'], 'variable': ['river_discharge_in_the_last_24_hours'], 'data_format': ['grib'], 'area': ['37.2443931', '-122.272464', '36.8443931', '-121.872464'], 'year': ['2021'], 'month': ['06'], 'day': ['15'], 'leadtime_hour': ['24']}",repro/glofas_coverage_scan_runs/scan_20260216T015036Z/downloads/forecast/P1__forecast__version_3_1__htessel_lisflood__control_forecast/2021-06-15.zip,"{""area"": [37.2443931, -122.272464, 36.8443931, -121.872464], ""data_format"": ""grib2"", ""day"": [""15""], ""download_format"": ""zip"", ""hydrological_model"": [""htessel_lisflood""], ""leadtime_hour"": [""24""], ""month"": [""06""], ""product_type"": [""control_forecast""], ""system_version"": [""version_3_1""], ""variable"": [""river_discharge_in_the_last_24_hours""], ""year"": [""2021""]}"
2026-02-16T01:50:39Z,scan_20260216T015036Z,forecast,P1,P1__forecast__version_3_1__htessel_lisflood__control_forecast,cems-glofas-forecast,version_3_1,htessel_lisflood,control_forecast,2021-05-26,error,,invalid_request,"400 Client Error: Bad Request for url: https://ewds.climate.copernicus.eu/api/retrieve/v1/processes/cems-glofas-forecast/execution
invalid request
Request has not produced a valid combination of values, please check your selection.
{'system_version': ['version_3_1'], 'hydrological_model': ['htessel_lisflood'], 'product_type': ['control_forecast'], 'variable': ['river_discharge_in_the_last_24_hours'], 'data_format': ['grib'], 'area': ['37.2443931', '-122.272464', '36.8443931', '-121.872464'], 'year': ['2021'], 'month': ['05'], 'day': ['26'], 'leadtime_hour': ['24']}",repro/glofas_coverage_scan_runs/scan_20260216T015036Z/downloads/forecast/P1__forecast__version_3_1__htessel_lisflood__control_forecast/2021-05-26.zip,"{""area"": [37.2443931, -122.272464, 36.8443931, -121.872464], ""data_format"": ""grib2"", ""day"": [""26""], ""download_format"": ""zip"", ""hydrological_model"": [""htessel_lisflood""], ""leadtime_hour"": [""24""], ""month"": [""05""], ""product_type"": [""control_forecast""], ""system_version"": [""version_3_1""], ""variable"": [""river_discharge_in_the_last_24_hours""], ""year"": [""2021""]}"
2026-02-16T01:50:40Z,scan_20260216T015036Z,forecast,P1,P1__forecast__version_3_1__htessel_lisflood__control_forecast,cems-glofas-forecast,version_3_1,htessel_lisflood,control_forecast,2019-11-05,error,,invalid_request,"400 Client Error: Bad Request for url: https://ewds.climate.copernicus.eu/api/retrieve/v1/processes/cems-glofas-forecast/execution
invalid request
Request has not produced a valid combination of values, please check your selection.
{'system_version': ['version_3_1'], 'hydrological_model': ['htessel_lisflood'], 'product_type': ['control_forecast'], 'variable': ['river_discharge_in_the_last_24_hours'], 'data_format': ['grib'], 'area': ['37.2443931', '-122.272464', '36.8443931', '-121.872464'], 'year': ['2019'], 'month': ['11'], 'day': ['05'], 'leadtime_hour': ['24']}",repro/glofas_coverage_scan_runs/scan_20260216T015036Z/downloads/forecast/P1__forecast__version_3_1__htessel_lisflood__control_forecast/2019-11-05.zip,"{""area"": [37.2443931, -122.272464, 36.8443931, -121.872464], ""data_format"": ""grib2"", ""day"": [""05""], ""download_format"": ""zip"", ""hydrological_model"": [""htessel_lisflood""], ""leadtime_hour"": [""24""], ""month"": [""11""], ""product_type"": [""control_forecast""], ""system_version"": [""version_3_1""], ""variable"": [""river_discharge_in_the_last_24_hours""], ""year"": [""2019""]}"
2026-02-16T01:50:41Z,scan_20260216T015036Z,forecast,P1,P1__forecast__version_3_1__htessel_lisflood__control_forecast,cems-glofas-forecast,version_3_1,htessel_lisflood,control_forecast,2026-02-16,error,,invalid_request,"400 Client Error: Bad Request for url: https://ewds.climate.copernicus.eu/api/retrieve/v1/processes/cems-glofas-forecast/execution
invalid request
Request has not produced a valid combination of values, please check your selection.
{'system_version': ['version_3_1'], 'hydrological_model': ['htessel_lisflood'], 'product_type': ['control_forecast'], 'variable': ['river_discharge_in_the_last_24_hours'], 'data_format': ['grib'], 'area': ['37.2443931', '-122.272464', '36.8443931', '-121.872464'], 'year': ['2026'], 'month': ['02'], 'day': ['16'], 'leadtime_hour': ['24']}",repro/glofas_coverage_scan_runs/scan_20260216T015036Z/downloads/forecast/P1__forecast__version_3_1__htessel_lisflood__control_forecast/2026-02-16.zip,"{""area"": [37.2443931, -122.272464, 36.8443931, -121.872464], ""data_format"": ""grib2"", ""day"": [""16""], ""download_format"": ""zip"", ""hydrological_model"": [""htessel_lisflood""], ""leadtime_hour"": [""24""], ""month"": [""02""], ""product_type"": [""control_forecast""], ""system_version"": [""version_3_1""], ""variable"": [""river_discharge_in_the_last_24_hours""], ""year"": [""2026""]}"
2026-02-16T01:50:42Z,scan_20260216T015036Z,forecast,P1,P1__forecast__version_3_1__htessel_lisflood__control_forecast,cems-glofas-forecast,version_3_1,htessel_lisflood,control_forecast,2022-12-26,error,,invalid_request,"400 Client Error: Bad Request for url: https://ewds.climate.copernicus.eu/api/retrieve/v1/processes/cems-glofas-forecast/execution
invalid request
Request has not produced a valid combination of values, please check your selection.
{'system_version': ['version_3_1'], 'hydrological_model': ['htessel_lisflood'], 'product_type': ['control_forecast'], 'variable': ['river_discharge_in_the_last_24_hours'], 'data_format': ['grib'], 'area': ['37.2443931', '-122.272464', '36.8443931', '-121.872464'], 'year': ['2022'], 'month': ['12'], 'day': ['26'], 'leadtime_hour': ['24']}",repro/glofas_coverage_scan_runs/scan_20260216T015036Z/downloads/forecast/P1__forecast__version_3_1__htessel_lisflood__control_forecast/2022-12-26.zip,"{""area"": [37.2443931, -122.272464, 36.8443931, -121.872464], ""data_format"": ""grib2"", ""day"": [""26""], ""download_format"": ""zip"", ""hydrological_model"": [""htessel_lisflood""], ""leadtime_hour"": [""24""], ""month"": [""12""], ""product_type"": [""control_forecast""], ""system_version"": [""version_3_1""], ""variable"": [""river_discharge_in_the_last_24_hours""], ""year"": [""2022""]}"
2026-02-16T01:50:43Z,scan_20260216T015036Z,forecast,P1,P1__forecast__version_3_1__htessel_lisflood__control_forecast,cems-glofas-forecast,version_3_1,htessel_lisflood,control_forecast,2020-02-03,error,,invalid_request,"400 Client Error: Bad Request for url: https://ewds.climate.copernicus.eu/api/retrieve/v1/processes/cems-glofas-forecast/execution
invalid request
Request has not produced a valid combination of values, please check your selection.
{'system_version': ['version_3_1'], 'hydrological_model': ['htessel_lisflood'], 'product_type': ['control_forecast'], 'variable': ['river_discharge_in_the_last_24_hours'], 'data_format': ['grib'], 'area': ['37.2443931', '-122.272464', '36.8443931', '-121.872464'], 'year': ['2020'], 'month': ['02'], 'day': ['03'], 'leadtime_hour': ['24']}",repro/glofas_coverage_scan_runs/scan_20260216T015036Z/downloads/forecast/P1__forecast__version_3_1__htessel_lisflood__control_forecast/2020-02-03.zip,"{""area"": [37.2443931, -122.272464, 36.8443931, -121.872464], ""data_format"": ""grib2"", ""day"": [""03""], ""download_format"": ""zip"", ""hydrological_model"": [""htessel_lisflood""], ""leadtime_hour"": [""24""], ""month"": [""02""], ""product_type"": [""control_forecast""], ""system_version"": [""version_3_1""], ""variable"": [""river_discharge_in_the_last_24_hours""], ""year"": [""2020""]}"
2026-02-16T01:50:45Z,scan_20260216T015036Z,forecast,P1,P1__forecast__version_3_1__htessel_lisflood__control_forecast,cems-glofas-forecast,version_3_1,htessel_lisflood,control_forecast,2020-05-03,error,,invalid_request,"400 Client Error: Bad Request for url: https://ewds.climate.copernicus.eu/api/retrieve/v1/processes/cems-glofas-forecast/execution
invalid request
Request has not produced a valid combination of values, please check your selection.
{'system_version': ['version_3_1'], 'hydrological_model': ['htessel_lisflood'], 'product_type': ['control_forecast'], 'variable': ['river_discharge_in_the_last_24_hours'], 'data_format': ['grib'], 'area': ['37.2443931', '-122.272464', '36.8443931', '-121.872464'], 'year': ['2020'], 'month': ['05'], 'day': ['03'], 'leadtime_hour': ['24']}",repro/glofas_coverage_scan_runs/scan_20260216T015036Z/downloads/forecast/P1__forecast__version_3_1__htessel_lisflood__control_forecast/2020-05-03.zip,"{""area"": [37.2443931, -122.272464, 36.8443931, -121.872464], ""data_format"": ""grib2"", ""day"": [""03""], ""download_format"": ""zip"", ""hydrological_model"": [""htessel_lisflood""], ""leadtime_hour"": [""24""], ""month"": [""05""], ""product_type"": [""control_forecast""], ""system_version"": [""version_3_1""], ""variable"": [""river_discharge_in_the_last_24_hours""], ""year"": [""2020""]}"
2026-02-16T01:50:46Z,scan_20260216T015036Z,forecast,P1,P1__forecast__version_3_1__htessel_lisflood__control_forecast,cems-glofas-forecast,version_3_1,htessel_lisflood,control_forecast,2020-08-01,error,,invalid_request,"400 Client Error: Bad Request for url: https://ewds.climate.copernicus.eu/api/retrieve/v1/processes/cems-glofas-forecast/execution
invalid request
Request has not produced a valid combination of values, please check your selection.
{'system_version': ['version_3_1'], 'hydrological_model': ['htessel_lisflood'], 'product_type': ['control_forecast'], 'variable': ['river_discharge_in_the_last_24_hours'], 'data_format': ['grib'], 'area': ['37.2443931', '-122.272464', '36.8443931', '-121.872464'], 'year': ['2020'], 'month': ['08'], 'day': ['01'], 'leadtime_hour': ['24']}",repro/glofas_coverage_scan_runs/scan_20260216T015036Z/downloads/forecast/P1__forecast__version_3_1__htessel_lisflood__control_forecast/2020-08-01.zip,"{""area"": [37.2443931, -122.272464, 36.8443931, -121.872464], ""data_format"": ""grib2"", ""day"": [""01""], ""download_format"": ""zip"", ""hydrological_model"": [""htessel_lisflood""], ""leadtime_hour"": [""24""], ""month"": [""08""], ""product_type"": [""control_forecast""], ""system_version"": [""version_3_1""], ""variable"": [""river_discharge_in_the_last_24_hours""], ""year"": [""2020""]}"
2026-02-16T01:50:47Z,scan_20260216T015036Z,forecast,P1,P1__forecast__version_3_1__htessel_lisflood__ensemble_perturbed_forecasts,cems-glofas-forecast,version_3_1,htessel_lisflood,ensemble_perturbed_forecasts,2021-06-15,error,,invalid_request,"400 Client Error: Bad Request for url: https://ewds.climate.copernicus.eu/api/retrieve/v1/processes/cems-glofas-forecast/execution
invalid request
Request has not produced a valid combination of values, please check your selection.
{'system_version': ['version_3_1'], 'hydrological_model': ['htessel_lisflood'], 'product_type': ['ensemble_perturbed_forecasts'], 'variable': ['river_discharge_in_the_last_24_hours'], 'data_format': ['grib'], 'area': ['37.2443931', '-122.272464', '36.8443931', '-121.872464'], 'year': ['2021'], 'month': ['06'], 'day': ['15'], 'leadtime_hour': ['24']}",repro/glofas_coverage_scan_runs/scan_20260216T015036Z/downloads/forecast/P1__forecast__version_3_1__htessel_lisflood__ensemble_perturbed_forecasts/2021-06-15.zip,"{""area"": [37.2443931, -122.272464, 36.8443931, -121.872464], ""data_format"": ""grib2"", ""day"": [""15""], ""download_format"": ""zip"", ""hydrological_model"": [""htessel_lisflood""], ""leadtime_hour"": [""24""], ""month"": [""06""], ""product_type"": [""ensemble_perturbed_forecasts""], ""system_version"": [""version_3_1""], ""variable"": [""river_discharge_in_the_last_24_hours""], ""year"": [""2021""]}"
2026-02-16T01:50:48Z,scan_20260216T015036Z,forecast,P1,P1__forecast__version_3_1__htessel_lisflood__ensemble_perturbed_forecasts,cems-glofas-forecast,version_3_1,htessel_lisflood,ensemble_perturbed_forecasts,2021-05-26,error,,invalid_request,"400 Client Error: Bad Request for url: https://ewds.climate.copernicus.eu/api/retrieve/v1/processes/cems-glofas-forecast/execution
invalid request
Request has not produced a valid combination of values, please check your selection.
{'system_version': ['version_3_1'], 'hydrological_model': ['htessel_lisflood'], 'product_type': ['ensemble_perturbed_forecasts'], 'variable': ['river_discharge_in_the_last_24_hours'], 'data_format': ['grib'], 'area': ['37.2443931', '-122.272464', '36.8443931', '-121.872464'], 'year': ['2021'], 'month': ['05'], 'day': ['26'], 'leadtime_hour': ['24']}",repro/glofas_coverage_scan_runs/scan_20260216T015036Z/downloads/forecast/P1__forecast__version_3_1__htessel_lisflood__ensemble_perturbed_forecasts/2021-05-26.zip,"{""area"": [37.2443931, -122.272464, 36.8443931, -121.872464], ""data_format"": ""grib2"", ""day"": [""26""], ""download_format"": ""zip"", ""hydrological_model"": [""htessel_lisflood""], ""leadtime_hour"": [""24""], ""month"": [""05""], ""product_type"": [""ensemble_perturbed_forecasts""], ""system_version"": [""version_3_1""], ""variable"": [""river_discharge_in_the_last_24_hours""], ""year"": [""2021""]}"
2026-02-16T01:50:49Z,scan_20260216T015036Z,forecast,P1,P1__forecast__version_3_1__htessel_lisflood__ensemble_perturbed_forecasts,cems-glofas-forecast,version_3_1,htessel_lisflood,ensemble_perturbed_forecasts,2019-11-05,error,,invalid_request,"400 Client Error: Bad Request for url: https://ewds.climate.copernicus.eu/api/retrieve/v1/processes/cems-glofas-forecast/execution
invalid request
Request has not produced a valid combination of values, please check your selection.
{'system_version': ['version_3_1'], 'hydrological_model': ['htessel_lisflood'], 'product_type': ['ensemble_perturbed_forecasts'], 'variable': ['river_discharge_in_the_last_24_hours'], 'data_format': ['grib'], 'area': ['37.2443931', '-122.272464', '36.8443931', '-121.872464'], 'year': ['2019'], 'month': ['11'], 'day': ['05'], 'leadtime_hour': ['24']}",repro/glofas_coverage_scan_runs/scan_20260216T015036Z/downloads/forecast/P1__forecast__version_3_1__htessel_lisflood__ensemble_perturbed_forecasts/2019-11-05.zip,"{""area"": [37.2443931, -122.272464, 36.8443931, -121.872464], ""data_format"": ""grib2"", ""day"": [""05""], ""download_format"": ""zip"", ""hydrological_model"": [""htessel_lisflood""], ""leadtime_hour"": [""24""], ""month"": [""11""], ""product_type"": [""ensemble_perturbed_forecasts""], ""system_version"": [""version_3_1""], ""variable"": [""river_discharge_in_the_last_24_hours""], ""year"": [""2019""]}"
2026-02-16T01:50:50Z,scan_20260216T015036Z,forecast,P1,P1__forecast__version_3_1__htessel_lisflood__ensemble_perturbed_forecasts,cems-glofas-forecast,version_3_1,htessel_lisflood,ensemble_perturbed_forecasts,2026-02-16,error,,invalid_request,"400 Client Error: Bad Request for url: https://ewds.climate.copernicus.eu/api/retrieve/v1/processes/cems-glofas-forecast/execution
invalid request
Request has not produced a valid combination of values, please check your selection.
{'system_version': ['version_3_1'], 'hydrological_model': ['htessel_lisflood'], 'product_type': ['ensemble_perturbed_forecasts'], 'variable': ['river_discharge_in_the_last_24_hours'], 'data_format': ['grib'], 'area': ['37.2443931', '-122.272464', '36.8443931', '-121.872464'], 'year': ['2026'], 'month': ['02'], 'day': ['16'], 'leadtime_hour': ['24']}",repro/glofas_coverage_scan_runs/scan_20260216T015036Z/downloads/forecast/P1__forecast__version_3_1__htessel_lisflood__ensemble_perturbed_forecasts/2026-02-16.zip,"{""area"": [37.2443931, -122.272464, 36.8443931, -121.872464], ""data_format"": ""grib2"", ""day"": [""16""], ""download_format"": ""zip"", ""hydrological_model"": [""htessel_lisflood""], ""leadtime_hour"": [""24""], ""month"": [""02""], ""product_type"": [""ensemble_perturbed_forecasts""], ""system_version"": [""version_3_1""], ""variable"": [""river_discharge_in_the_last_24_hours""], ""year"": [""2026""]}"
2026-02-16T01:50:51Z,scan_20260216T015036Z,forecast,P1,P1__forecast__version_3_1__htessel_lisflood__ensemble_perturbed_forecasts,cems-glofas-forecast,version_3_1,htessel_lisflood,ensemble_perturbed_forecasts,2022-12-26,error,,invalid_request,"400 Client Error: Bad Request for url: https://ewds.climate.copernicus.eu/api/retrieve/v1/processes/cems-glofas-forecast/execution
invalid request
Request has not produced a valid combination of values, please check your selection.
{'system_version': ['version_3_1'], 'hydrological_model': ['htessel_lisflood'], 'product_type': ['ensemble_perturbed_forecasts'], 'variable': ['river_discharge_in_the_last_24_hours'], 'data_format': ['grib'], 'area': ['37.2443931', '-122.272464', '36.8443931', '-121.872464'], 'year': ['2022'], 'month': ['12'], 'day': ['26'], 'leadtime_hour': ['24']}",repro/glofas_coverage_scan_runs/scan_20260216T015036Z/downloads/forecast/P1__forecast__version_3_1__htessel_lisflood__ensemble_perturbed_forecasts/2022-12-26.zip,"{""area"": [37.2443931, -122.272464, 36.8443931, -121.872464], ""data_format"": ""grib2"", ""day"": [""26""], ""download_format"": ""zip"", ""hydrological_model"": [""htessel_lisflood""], ""leadtime_hour"": [""24""], ""month"": [""12""], ""product_type"": [""ensemble_perturbed_forecasts""], ""system_version"": [""version_3_1""], ""variable"": [""river_discharge_in_the_last_24_hours""], ""year"": [""2022""]}"
2026-02-16T01:50:53Z,scan_20260216T015036Z,forecast,P1,P1__forecast__version_3_1__htessel_lisflood__ensemble_perturbed_forecasts,cems-glofas-forecast,version_3_1,htessel_lisflood,ensemble_perturbed_forecasts,2020-02-03,error,,invalid_request,"400 Client Error: Bad Request for url: https://ewds.climate.copernicus.eu/api/retrieve/v1/processes/cems-glofas-forecast/execution
invalid request
Request has not produced a valid combination of values, please check your selection.
{'system_version': ['version_3_1'], 'hydrological_model': ['htessel_lisflood'], 'product_type': ['ensemble_perturbed_forecasts'], 'variable': ['river_discharge_in_the_last_24_hours'], 'data_format': ['grib'], 'area': ['37.2443931', '-122.272464', '36.8443931', '-121.872464'], 'year': ['2020'], 'month': ['02'], 'day': ['03'], 'leadtime_hour': ['24']}",repro/glofas_coverage_scan_runs/scan_20260216T015036Z/downloads/forecast/P1__forecast__version_3_1__htessel_lisflood__ensemble_perturbed_forecasts/2020-02-03.zip,"{""area"": [37.2443931, -122.272464, 36.8443931, -121.872464], ""data_format"": ""grib2"", ""day"": [""03""], ""download_format"": ""zip"", ""hydrological_model"": [""htessel_lisflood""], ""leadtime_hour"": [""24""], ""month"": [""02""], ""product_type"": [""ensemble_perturbed_forecasts""], ""system_version"": [""version_3_1""], ""variable"": [""river_discharge_in_the_last_24_hours""], ""year"": [""2020""]}"
2026-02-16T01:50:54Z,scan_20260216T015036Z,forecast,P1,P1__forecast__version_3_1__htessel_lisflood__ensemble_perturbed_forecasts,cems-glofas-forecast,version_3_1,htessel_lisflood,ensemble_perturbed_forecasts,2020-05-03,error,,invalid_request,"400 Client Error: Bad Request for url: https://ewds.climate.copernicus.eu/api/retrieve/v1/processes/cems-glofas-forecast/execution
invalid request
Request has not produced a valid combination of values, please check your selection.
{'system_version': ['version_3_1'], 'hydrological_model': ['htessel_lisflood'], 'product_type': ['ensemble_perturbed_forecasts'], 'variable': ['river_discharge_in_the_last_24_hours'], 'data_format': ['grib'], 'area': ['37.2443931', '-122.272464', '36.8443931', '-121.872464'], 'year': ['2020'], 'month': ['05'], 'day': ['03'], 'leadtime_hour': ['24']}",repro/glofas_coverage_scan_runs/scan_20260216T015036Z/downloads/forecast/P1__forecast__version_3_1__htessel_lisflood__ensemble_perturbed_forecasts/2020-05-03.zip,"{""area"": [37.2443931, -122.272464, 36.8443931, -121.872464], ""data_format"": ""grib2"", ""day"": [""03""], ""download_format"": ""zip"", ""hydrological_model"": [""htessel_lisflood""], ""leadtime_hour"": [""24""], ""month"": [""05""], ""product_type"": [""ensemble_perturbed_forecasts""], ""system_version"": [""version_3_1""], ""variable"": [""river_discharge_in_the_last_24_hours""], ""year"": [""2020""]}"
2026-02-16T01:50:55Z,scan_20260216T015036Z,forecast,P1,P1__forecast__version_3_1__htessel_lisflood__ensemble_perturbed_forecasts,cems-glofas-forecast,version_3_1,htessel_lisflood,ensemble_perturbed_forecasts,2020-08-01,error,,invalid_request,"400 Client Error: Bad Request for url: https://ewds.climate.copernicus.eu/api/retrieve/v1/processes/cems-glofas-forecast/execution
invalid request
Request has not produced a valid combination of values, please check your selection.
{'system_version': ['version_3_1'], 'hydrological_model': ['htessel_lisflood'], 'product_type': ['ensemble_perturbed_forecasts'], 'variable': ['river_discharge_in_the_last_24_hours'], 'data_format': ['grib'], 'area': ['37.2443931', '-122.272464', '36.8443931', '-121.872464'], 'year': ['2020'], 'month': ['08'], 'day': ['01'], 'leadtime_hour': ['24']}",repro/glofas_coverage_scan_runs/scan_20260216T015036Z/downloads/forecast/P1__forecast__version_3_1__htessel_lisflood__ensemble_perturbed_forecasts/2020-08-01.zip,"{""area"": [37.2443931, -122.272464, 36.8443931, -121.872464], ""data_format"": ""grib2"", ""day"": [""01""], ""download_format"": ""zip"", ""hydrological_model"": [""htessel_lisflood""], ""leadtime_hour"": [""24""], ""month"": [""08""], ""product_type"": [""ensemble_perturbed_forecasts""], ""system_version"": [""version_3_1""], ""variable"": [""river_discharge_in_the_last_24_hours""], ""year"": [""2020""]}"
2026-02-16T01:50:56Z,scan_20260216T015036Z,forecast,P1,P1__forecast__version_3_1__lisflood__control_forecast,cems-glofas-forecast,version_3_1,lisflood,control_forecast,2021-06-15,error,,invalid_request,"400 Client Error: Bad Request for url: https://ewds.climate.copernicus.eu/api/retrieve/v1/processes/cems-glofas-forecast/execution
invalid request
Request has not produced a valid combination of values, please check your selection.
{'system_version': ['version_3_1'], 'hydrological_model': ['lisflood'], 'product_type': ['control_forecast'], 'variable': ['river_discharge_in_the_last_24_hours'], 'data_format': ['grib'], 'area': ['37.2443931', '-122.272464', '36.8443931', '-121.872464'], 'year': ['2021'], 'month': ['06'], 'day': ['15'], 'leadtime_hour': ['24']}",repro/glofas_coverage_scan_runs/scan_20260216T015036Z/downloads/forecast/P1__forecast__version_3_1__lisflood__control_forecast/2021-06-15.zip,"{""area"": [37.2443931, -122.272464, 36.8443931, -121.872464], ""data_format"": ""grib2"", ""day"": [""15""], ""download_format"": ""zip"", ""hydrological_model"": [""lisflood""], ""leadtime_hour"": [""24""], ""month"": [""06""], ""product_type"": [""control_forecast""], ""system_version"": [""version_3_1""], ""variable"": [""river_discharge_in_the_last_24_hours""], ""year"": [""2021""]}"
2026-02-16T01:50:57Z,scan_20260216T015036Z,forecast,P1,P1__forecast__version_3_1__lisflood__control_forecast,cems-glofas-forecast,version_3_1,lisflood,control_forecast,2021-05-26,error,,invalid_request,"400 Client Error: Bad Request for url: https://ewds.climate.copernicus.eu/api/retrieve/v1/processes/cems-glofas-forecast/execution
invalid request
Request has not produced a valid combination of values, please check your selection.
{'system_version': ['version_3_1'], 'hydrological_model': ['lisflood'], 'product_type': ['control_forecast'], 'variable': ['river_discharge_in_the_last_24_hours'], 'data_format': ['grib'], 'area': ['37.2443931', '-122.272464', '36.8443931', '-121.872464'], 'year': ['2021'], 'month': ['05'], 'day': ['26'], 'leadtime_hour': ['24']}",repro/glofas_coverage_scan_runs/scan_20260216T015036Z/downloads/forecast/P1__forecast__version_3_1__lisflood__control_forecast/2021-05-26.zip,"{""area"": [37.2443931, -122.272464, 36.8443931, -121.872464], ""data_format"": ""grib2"", ""day"": [""26""], ""download_format"": ""zip"", ""hydrological_model"": [""lisflood""], ""leadtime_hour"": [""24""], ""month"": [""05""], ""product_type"": [""control_forecast""], ""system_version"": [""version_3_1""], ""variable"": [""river_discharge_in_the_last_24_hours""], ""year"": [""2021""]}"
2026-02-16T01:50:58Z,scan_20260216T015036Z,forecast,P1,P1__forecast__version_3_1__lisflood__control_forecast,cems-glofas-forecast,version_3_1,lisflood,control_forecast,2019-11-05,error,,invalid_request,"400 Client Error: Bad Request for url: https://ewds.climate.copernicus.eu/api/retrieve/v1/processes/cems-glofas-forecast/execution
invalid request
Request has not produced a valid combination of values, please check your selection.
{'system_version': ['version_3_1'], 'hydrological_model': ['lisflood'], 'product_type': ['control_forecast'], 'variable': ['river_discharge_in_the_last_24_hours'], 'data_format': ['grib'], 'area': ['37.2443931', '-122.272464', '36.8443931', '-121.872464'], 'year': ['2019'], 'month': ['11'], 'day': ['05'], 'leadtime_hour': ['24']}",repro/glofas_coverage_scan_runs/scan_20260216T015036Z/downloads/forecast/P1__forecast__version_3_1__lisflood__control_forecast/2019-11-05.zip,"{""area"": [37.2443931, -122.272464, 36.8443931, -121.872464], ""data_format"": ""grib2"", ""day"": [""05""], ""download_format"": ""zip"", ""hydrological_model"": [""lisflood""], ""leadtime_hour"": [""24""], ""month"": [""11""], ""product_type"": [""control_forecast""], ""system_version"": [""version_3_1""], ""variable"": [""river_discharge_in_the_last_24_hours""], ""year"": [""2019""]}"
2026-02-16T01:50:59Z,scan_20260216T015036Z,forecast,P1,P1__forecast__version_3_1__lisflood__control_forecast,cems-glofas-forecast,version_3_1,lisflood,control_forecast,2026-02-16,error,,invalid_request,"400 Client Error: Bad Request for url: https://ewds.climate.copernicus.eu/api/retrieve/v1/processes/cems-glofas-forecast/execution
invalid request
Request has not produced a valid combination of values, please check your selection.
{'system_version': ['version_3_1'], 'hydrological_model': ['lisflood'], 'product_type': ['control_forecast'], 'variable': ['river_discharge_in_the_last_24_hours'], 'data_format': ['grib'], 'area': ['37.2443931', '-122.272464', '36.8443931', '-121.872464'], 'year': ['2026'], 'month': ['02'], 'day': ['16'], 'leadtime_hour': ['24']}",repro/glofas_coverage_scan_runs/scan_20260216T015036Z/downloads/forecast/P1__forecast__version_3_1__lisflood__control_forecast/2026-02-16.zip,"{""area"": [37.2443931, -122.272464, 36.8443931, -121.872464], ""data_format"": ""grib2"", ""day"": [""16""], ""download_format"": ""zip"", ""hydrological_model"": [""lisflood""], ""leadtime_hour"": [""24""], ""month"": [""02""], ""product_type"": [""control_forecast""], ""system_version"": [""version_3_1""], ""variable"": [""river_discharge_in_the_last_24_hours""], ""year"": [""2026""]}"
2026-02-16T01:51:01Z,scan_20260216T015036Z,forecast,P1,P1__forecast__version_3_1__lisflood__control_forecast,cems-glofas-forecast,version_3_1,lisflood,control_forecast,2022-12-26,error,,invalid_request,"400 Client Error: Bad Request for url: https://ewds.climate.copernicus.eu/api/retrieve/v1/processes/cems-glofas-forecast/execution
invalid request
Request has not produced a valid combination of values, please check your selection.
{'system_version': ['version_3_1'], 'hydrological_model': ['lisflood'], 'product_type': ['control_forecast'], 'variable': ['river_discharge_in_the_last_24_hours'], 'data_format': ['grib'], 'area': ['37.2443931', '-122.272464', '36.8443931', '-121.872464'], 'year': ['2022'], 'month': ['12'], 'day': ['26'], 'leadtime_hour': ['24']}",repro/glofas_coverage_scan_runs/scan_20260216T015036Z/downloads/forecast/P1__forecast__version_3_1__lisflood__control_forecast/2022-12-26.zip,"{""area"": [37.2443931, -122.272464, 36.8443931, -121.872464], ""data_format"": ""grib2"", ""day"": [""26""], ""download_format"": ""zip"", ""hydrological_model"": [""lisflood""], ""leadtime_hour"": [""24""], ""month"": [""12""], ""product_type"": [""control_forecast""], ""system_version"": [""version_3_1""], ""variable"": [""river_discharge_in_the_last_24_hours""], ""year"": [""2022""]}"
2026-02-16T01:51:02Z,scan_20260216T015036Z,forecast,P1,P1__forecast__version_3_1__lisflood__control_forecast,cems-glofas-forecast,version_3_1,lisflood,control_forecast,2020-02-03,error,,invalid_request,"400 Client Error: Bad Request for url: https://ewds.climate.copernicus.eu/api/retrieve/v1/processes/cems-glofas-forecast/execution
invalid request
Request has not produced a valid combination of values, please check your selection.
{'system_version': ['version_3_1'], 'hydrological_model': ['lisflood'], 'product_type': ['control_forecast'], 'variable': ['river_discharge_in_the_last_24_hours'], 'data_format': ['grib'], 'area': ['37.2443931', '-122.272464', '36.8443931', '-121.872464'], 'year': ['2020'], 'month': ['02'], 'day': ['03'], 'leadtime_hour': ['24']}",repro/glofas_coverage_scan_runs/scan_20260216T015036Z/downloads/forecast/P1__forecast__version_3_1__lisflood__control_forecast/2020-02-03.zip,"{""area"": [37.2443931, -122.272464, 36.8443931, -121.872464], ""data_format"": ""grib2"", ""day"": [""03""], ""download_format"": ""zip"", ""hydrological_model"": [""lisflood""], ""leadtime_hour"": [""24""], ""month"": [""02""], ""product_type"": [""control_forecast""], ""system_version"": [""version_3_1""], ""variable"": [""river_discharge_in_the_last_24_hours""], ""year"": [""2020""]}"
2026-02-16T01:51:03Z,scan_20260216T015036Z,forecast,P1,P1__forecast__version_3_1__lisflood__control_forecast,cems-glofas-forecast,version_3_1,lisflood,control_forecast,2020-05-03,error,,invalid_request,"400 Client Error: Bad Request for url: https://ewds.climate.copernicus.eu/api/retrieve/v1/processes/cems-glofas-forecast/execution
invalid request
Request has not produced a valid combination of values, please check your selection.
{'system_version': ['version_3_1'], 'hydrological_model': ['lisflood'], 'product_type': ['control_forecast'], 'variable': ['river_discharge_in_the_last_24_hours'], 'data_format': ['grib'], 'area': ['37.2443931', '-122.272464', '36.8443931', '-121.872464'], 'year': ['2020'], 'month': ['05'], 'day': ['03'], 'leadtime_hour': ['24']}",repro/glofas_coverage_scan_runs/scan_20260216T015036Z/downloads/forecast/P1__forecast__version_3_1__lisflood__control_forecast/2020-05-03.zip,"{""area"": [37.2443931, -122.272464, 36.8443931, -121.872464], ""data_format"": ""grib2"", ""day"": [""03""], ""download_format"": ""zip"", ""hydrological_model"": [""lisflood""], ""leadtime_hour"": [""24""], ""month"": [""05""], ""product_type"": [""control_forecast""], ""system_version"": [""version_3_1""], ""variable"": [""river_discharge_in_the_last_24_hours""], ""year"": [""2020""]}"
2026-02-16T01:51:04Z,scan_20260216T015036Z,forecast,P1,P1__forecast__version_3_1__lisflood__control_forecast,cems-glofas-forecast,version_3_1,lisflood,control_forecast,2020-08-01,error,,invalid_request,"400 Client Error: Bad Request for url: https://ewds.climate.copernicus.eu/api/retrieve/v1/processes/cems-glofas-forecast/execution
invalid request
Request has not produced a valid combination of values, please check your selection.
{'system_version': ['version_3_1'], 'hydrological_model': ['lisflood'], 'product_type': ['control_forecast'], 'variable': ['river_discharge_in_the_last_24_hours'], 'data_format': ['grib'], 'area': ['37.2443931', '-122.272464', '36.8443931', '-121.872464'], 'year': ['2020'], 'month': ['08'], 'day': ['01'], 'leadtime_hour': ['24']}",repro/glofas_coverage_scan_runs/scan_20260216T015036Z/downloads/forecast/P1__forecast__version_3_1__lisflood__control_forecast/2020-08-01.zip,"{""area"": [37.2443931, -122.272464, 36.8443931, -121.872464], ""data_format"": ""grib2"", ""day"": [""01""], ""download_format"": ""zip"", ""hydrological_model"": [""lisflood""], ""leadtime_hour"": [""24""], ""month"": [""08""], ""product_type"": [""control_forecast""], ""system_version"": [""version_3_1""], ""variable"": [""river_discharge_in_the_last_24_hours""], ""year"": [""2020""]}"
2026-02-16T01:51:06Z,scan_20260216T015036Z,forecast,P1,P1__forecast__version_3_1__lisflood__ensemble_perturbed_forecasts,cems-glofas-forecast,version_3_1,lisflood,ensemble_perturbed_forecasts,2021-06-15,error,,invalid_request,"400 Client Error: Bad Request for url: https://ewds.climate.copernicus.eu/api/retrieve/v1/processes/cems-glofas-forecast/execution
invalid request
Request has not produced a valid combination of values, please check your selection.
{'system_version': ['version_3_1'], 'hydrological_model': ['lisflood'], 'product_type': ['ensemble_perturbed_forecasts'], 'variable': ['river_discharge_in_the_last_24_hours'], 'data_format': ['grib'], 'area': ['37.2443931', '-122.272464', '36.8443931', '-121.872464'], 'year': ['2021'], 'month': ['06'], 'day': ['15'], 'leadtime_hour': ['24']}",repro/glofas_coverage_scan_runs/scan_20260216T015036Z/downloads/forecast/P1__forecast__version_3_1__lisflood__ensemble_perturbed_forecasts/2021-06-15.zip,"{""area"": [37.2443931, -122.272464, 36.8443931, -121.872464], ""data_format"": ""grib2"", ""day"": [""15""], ""download_format"": ""zip"", ""hydrological_model"": [""lisflood""], ""leadtime_hour"": [""24""], ""month"": [""06""], ""product_type"": [""ensemble_perturbed_forecasts""], ""system_version"": [""version_3_1""], ""variable"": [""river_discharge_in_the_last_24_hours""], ""year"": [""2021""]}"
2026-02-16T01:51:07Z,scan_20260216T015036Z,forecast,P1,P1__forecast__version_3_1__lisflood__ensemble_perturbed_forecasts,cems-glofas-forecast,version_3_1,lisflood,ensemble_perturbed_forecasts,2021-05-26,error,,invalid_request,"400 Client Error: Bad Request for url: https://ewds.climate.copernicus.eu/api/retrieve/v1/processes/cems-glofas-forecast/execution
invalid request
Request has not produced a valid combination of values, please check your selection.
{'system_version': ['version_3_1'], 'hydrological_model': ['lisflood'], 'product_type': ['ensemble_perturbed_forecasts'], 'variable': ['river_discharge_in_the_last_24_hours'], 'data_format': ['grib'], 'area': ['37.2443931', '-122.272464', '36.8443931', '-121.872464'], 'year': ['2021'], 'month': ['05'], 'day': ['26'], 'leadtime_hour': ['24']}",repro/glofas_coverage_scan_runs/scan_20260216T015036Z/downloads/forecast/P1__forecast__version_3_1__lisflood__ensemble_perturbed_forecasts/2021-05-26.zip,"{""area"": [37.2443931, -122.272464, 36.8443931, -121.872464], ""data_format"": ""grib2"", ""day"": [""26""], ""download_format"": ""zip"", ""hydrological_model"": [""lisflood""], ""leadtime_hour"": [""24""], ""month"": [""05""], ""product_type"": [""ensemble_perturbed_forecasts""], ""system_version"": [""version_3_1""], ""variable"": [""river_discharge_in_the_last_24_hours""], ""year"": [""2021""]}"
2026-02-16T01:51:08Z,scan_20260216T015036Z,forecast,P1,P1__forecast__version_3_1__lisflood__ensemble_perturbed_forecasts,cems-glofas-forecast,version_3_1,lisflood,ensemble_perturbed_forecasts,2019-11-05,error,,invalid_request,"400 Client Error: Bad Request for url: https://ewds.climate.copernicus.eu/api/retrieve/v1/processes/cems-glofas-forecast/execution
invalid request
Request has not produced a valid combination of values, please check your selection.
{'system_version': ['version_3_1'], 'hydrological_model': ['lisflood'], 'product_type': ['ensemble_perturbed_forecasts'], 'variable': ['river_discharge_in_the_last_24_hours'], 'data_format': ['grib'], 'area': ['37.2443931', '-122.272464', '36.8443931', '-121.872464'], 'year': ['2019'], 'month': ['11'], 'day': ['05'], 'leadtime_hour': ['24']}",repro/glofas_coverage_scan_runs/scan_20260216T015036Z/downloads/forecast/P1__forecast__version_3_1__lisflood__ensemble_perturbed_forecasts/2019-11-05.zip,"{""area"": [37.2443931, -122.272464, 36.8443931, -121.872464], ""data_format"": ""grib2"", ""day"": [""05""], ""download_format"": ""zip"", ""hydrological_model"": [""lisflood""], ""leadtime_hour"": [""24""], ""month"": [""11""], ""product_type"": [""ensemble_perturbed_forecasts""], ""system_version"": [""version_3_1""], ""variable"": [""river_discharge_in_the_last_24_hours""], ""year"": [""2019""]}"
2026-02-16T01:51:09Z,scan_20260216T015036Z,forecast,P1,P1__forecast__version_3_1__lisflood__ensemble_perturbed_forecasts,cems-glofas-forecast,version_3_1,lisflood,ensemble_perturbed_forecasts,2026-02-16,error,,invalid_request,"400 Client Error: Bad Request for url: https://ewds.climate.copernicus.eu/api/retrieve/v1/processes/cems-glofas-forecast/execution
invalid request
Request has not produced a valid combination of values, please check your selection.
{'system_version': ['version_3_1'], 'hydrological_model': ['lisflood'], 'product_type': ['ensemble_perturbed_forecasts'], 'variable': ['river_discharge_in_the_last_24_hours'], 'data_format': ['grib'], 'area': ['37.2443931', '-122.272464', '36.8443931', '-121.872464'], 'year': ['2026'], 'month': ['02'], 'day': ['16'], 'leadtime_hour': ['24']}",repro/glofas_coverage_scan_runs/scan_20260216T015036Z/downloads/forecast/P1__forecast__version_3_1__lisflood__ensemble_perturbed_forecasts/2026-02-16.zip,"{""area"": [37.2443931, -122.272464, 36.8443931, -121.872464], ""data_format"": ""grib2"", ""day"": [""16""], ""download_format"": ""zip"", ""hydrological_model"": [""lisflood""], ""leadtime_hour"": [""24""], ""month"": [""02""], ""product_type"": [""ensemble_perturbed_forecasts""], ""system_version"": [""version_3_1""], ""variable"": [""river_discharge_in_the_last_24_hours""], ""year"": [""2026""]}"
2026-02-16T01:51:10Z,scan_20260216T015036Z,forecast,P1,P1__forecast__version_3_1__lisflood__ensemble_perturbed_forecasts,cems-glofas-forecast,version_3_1,lisflood,ensemble_perturbed_forecasts,2022-12-26,error,,invalid_request,"400 Client Error: Bad Request for url: https://ewds.climate.copernicus.eu/api/retrieve/v1/processes/cems-glofas-forecast/execution
invalid request
Request has not produced a valid combination of values, please check your selection.
{'system_version': ['version_3_1'], 'hydrological_model': ['lisflood'], 'product_type': ['ensemble_perturbed_forecasts'], 'variable': ['river_discharge_in_the_last_24_hours'], 'data_format': ['grib'], 'area': ['37.2443931', '-122.272464', '36.8443931', '-121.872464'], 'year': ['2022'], 'month': ['12'], 'day': ['26'], 'leadtime_hour': ['24']}",repro/glofas_coverage_scan_runs/scan_20260216T015036Z/downloads/forecast/P1__forecast__version_3_1__lisflood__ensemble_perturbed_forecasts/2022-12-26.zip,"{""area"": [37.2443931, -122.272464, 36.8443931, -121.872464], ""data_format"": ""grib2"", ""day"": [""26""], ""download_format"": ""zip"", ""hydrological_model"": [""lisflood""], ""leadtime_hour"": [""24""], ""month"": [""12""], ""product_type"": [""ensemble_perturbed_forecasts""], ""system_version"": [""version_3_1""], ""variable"": [""river_discharge_in_the_last_24_hours""], ""year"": [""2022""]}"
2026-02-16T01:51:12Z,scan_20260216T015036Z,forecast,P1,P1__forecast__version_3_1__lisflood__ensemble_perturbed_forecasts,cems-glofas-forecast,version_3_1,lisflood,ensemble_perturbed_forecasts,2020-02-03,error,,invalid_request,"400 Client Error: Bad Request for url: https://ewds.climate.copernicus.eu/api/retrieve/v1/processes/cems-glofas-forecast/execution
invalid request
Request has not produced a valid combination of values, please check your selection.
{'system_version': ['version_3_1'], 'hydrological_model': ['lisflood'], 'product_type': ['ensemble_perturbed_forecasts'], 'variable': ['river_discharge_in_the_last_24_hours'], 'data_format': ['grib'], 'area': ['37.2443931', '-122.272464', '36.8443931', '-121.872464'], 'year': ['2020'], 'month': ['02'], 'day': ['03'], 'leadtime_hour': ['24']}",repro/glofas_coverage_scan_runs/scan_20260216T015036Z/downloads/forecast/P1__forecast__version_3_1__lisflood__ensemble_perturbed_forecasts/2020-02-03.zip,"{""area"": [37.2443931, -122.272464, 36.8443931, -121.872464], ""data_format"": ""grib2"", ""day"": [""03""], ""download_format"": ""zip"", ""hydrological_model"": [""lisflood""], ""leadtime_hour"": [""24""], ""month"": [""02""], ""product_type"": [""ensemble_perturbed_forecasts""], ""system_version"": [""version_3_1""], ""variable"": [""river_discharge_in_the_last_24_hours""], ""year"": [""2020""]}"
2026-02-16T01:51:13Z,scan_20260216T015036Z,forecast,P1,P1__forecast__version_3_1__lisflood__ensemble_perturbed_forecasts,cems-glofas-forecast,version_3_1,lisflood,ensemble_perturbed_forecasts,2020-05-03,error,,invalid_request,"400 Client Error: Bad Request for url: https://ewds.climate.copernicus.eu/api/retrieve/v1/processes/cems-glofas-forecast/execution
invalid request
Request has not produced a valid combination of values, please check your selection.
{'system_version': ['version_3_1'], 'hydrological_model': ['lisflood'], 'product_type': ['ensemble_perturbed_forecasts'], 'variable': ['river_discharge_in_the_last_24_hours'], 'data_format': ['grib'], 'area': ['37.2443931', '-122.272464', '36.8443931', '-121.872464'], 'year': ['2020'], 'month': ['05'], 'day': ['03'], 'leadtime_hour': ['24']}",repro/glofas_coverage_scan_runs/scan_20260216T015036Z/downloads/forecast/P1__forecast__version_3_1__lisflood__ensemble_perturbed_forecasts/2020-05-03.zip,"{""area"": [37.2443931, -122.272464, 36.8443931, -121.872464], ""data_format"": ""grib2"", ""day"": [""03""], ""download_format"": ""zip"", ""hydrological_model"": [""lisflood""], ""leadtime_hour"": [""24""], ""month"": [""05""], ""product_type"": [""ensemble_perturbed_forecasts""], ""system_version"": [""version_3_1""], ""variable"": [""river_discharge_in_the_last_24_hours""], ""year"": [""2020""]}"
2026-02-16T01:51:14Z,scan_20260216T015036Z,forecast,P1,P1__forecast__version_3_1__lisflood__ensemble_perturbed_forecasts,cems-glofas-forecast,version_3_1,lisflood,ensemble_perturbed_forecasts,2020-08-01,error,,invalid_request,"400 Client Error: Bad Request for url: https://ewds.climate.copernicus.eu/api/retrieve/v1/processes/cems-glofas-forecast/execution
invalid request
Request has not produced a valid combination of values, please check your selection.
{'system_version': ['version_3_1'], 'hydrological_model': ['lisflood'], 'product_type': ['ensemble_perturbed_forecasts'], 'variable': ['river_discharge_in_the_last_24_hours'], 'data_format': ['grib'], 'area': ['37.2443931', '-122.272464', '36.8443931', '-121.872464'], 'year': ['2020'], 'month': ['08'], 'day': ['01'], 'leadtime_hour': ['24']}",repro/glofas_coverage_scan_runs/scan_20260216T015036Z/downloads/forecast/P1__forecast__version_3_1__lisflood__ensemble_perturbed_forecasts/2020-08-01.zip,"{""area"": [37.2443931, -122.272464, 36.8443931, -121.872464], ""data_format"": ""grib2"", ""day"": [""01""], ""download_format"": ""zip"", ""hydrological_model"": [""lisflood""], ""leadtime_hour"": [""24""], ""month"": [""08""], ""product_type"": [""ensemble_perturbed_forecasts""], ""system_version"": [""version_3_1""], ""variable"": [""river_discharge_in_the_last_24_hours""], ""year"": [""2020""]}"
2026-02-16T01:51:15Z,scan_20260216T015036Z,forecast,P2,P2__forecast__operational__htessel_lisflood__control_forecast,cems-glofas-forecast,operational,htessel_lisflood,control_forecast,2022-12-25,error,,invalid_request,"400 Client Error: Bad Request for url: https://ewds.climate.copernicus.eu/api/retrieve/v1/processes/cems-glofas-forecast/execution
invalid request
Request has not produced a valid combination of values, please check your selection.
{'system_version': ['operational'], 'hydrological_model': ['htessel_lisflood'], 'product_type': ['control_forecast'], 'variable': ['river_discharge_in_the_last_24_hours'], 'data_format': ['grib'], 'area': ['37.2443931', '-122.272464', '36.8443931', '-121.872464'], 'year': ['2022'], 'month': ['12'], 'day': ['25'], 'leadtime_hour': ['24']}",repro/glofas_coverage_scan_runs/scan_20260216T015036Z/downloads/forecast/P2__forecast__operational__htessel_lisflood__control_forecast/2022-12-25.zip,"{""area"": [37.2443931, -122.272464, 36.8443931, -121.872464], ""data_format"": ""grib2"", ""day"": [""25""], ""download_format"": ""zip"", ""hydrological_model"": [""htessel_lisflood""], ""leadtime_hour"": [""24""], ""month"": [""12""], ""product_type"": [""control_forecast""], ""system_version"": [""operational""], ""variable"": [""river_discharge_in_the_last_24_hours""], ""year"": [""2022""]}"
2026-02-16T01:51:16Z,scan_20260216T015036Z,forecast,P2,P2__forecast__operational__htessel_lisflood__control_forecast,cems-glofas-forecast,operational,htessel_lisflood,control_forecast,2023-03-27,error,,invalid_request,"400 Client Error: Bad Request for url: https://ewds.climate.copernicus.eu/api/retrieve/v1/processes/cems-glofas-forecast/execution
invalid request
Request has not produced a valid combination of values, please check your selection.
{'system_version': ['operational'], 'hydrological_model': ['htessel_lisflood'], 'product_type': ['control_forecast'], 'variable': ['river_discharge_in_the_last_24_hours'], 'data_format': ['grib'], 'area': ['37.2443931', '-122.272464', '36.8443931', '-121.872464'], 'year': ['2023'], 'month': ['03'], 'day': ['27'], 'leadtime_hour': ['24']}",repro/glofas_coverage_scan_runs/scan_20260216T015036Z/downloads/forecast/P2__forecast__operational__htessel_lisflood__control_forecast/2023-03-27.zip,"{""area"": [37.2443931, -122.272464, 36.8443931, -121.872464], ""data_format"": ""grib2"", ""day"": [""27""], ""download_format"": ""zip"", ""hydrological_model"": [""htessel_lisflood""], ""leadtime_hour"": [""24""], ""month"": [""03""], ""product_type"": [""control_forecast""], ""system_version"": [""operational""], ""variable"": [""river_discharge_in_the_last_24_hours""], ""year"": [""2023""]}"
2026-02-16T01:51:33Z,scan_20260216T015036Z,forecast,P2,P2__forecast__operational__htessel_lisflood__control_forecast,cems-glofas-forecast,operational,htessel_lisflood,control_forecast,2019-11-05,ok,301,,,repro/glofas_coverage_scan_runs/scan_20260216T015036Z/downloads/forecast/P2__forecast__operational__htessel_lisflood__control_forecast/2019-11-05.zip,"{""area"": [37.2443931, -122.272464, 36.8443931, -121.872464], ""data_format"": ""grib2"", ""day"": [""05""], ""download_format"": ""zip"", ""hydrological_model"": [""htessel_lisflood""], ""leadtime_hour"": [""24""], ""month"": [""11""], ""product_type"": [""control_forecast""], ""system_version"": [""operational""], ""variable"": [""river_discharge_in_the_last_24_hours""], ""year"": [""2019""]}"
2026-02-16T01:51:50Z,scan_20260216T015036Z,forecast,P2,P2__forecast__operational__htessel_lisflood__control_forecast,cems-glofas-forecast,operational,htessel_lisflood,control_forecast,2019-11-06,ok,302,,,repro/glofas_coverage_scan_runs/scan_20260216T015036Z/downloads/forecast/P2__forecast__operational__htessel_lisflood__control_forecast/2019-11-06.zip,"{""area"": [37.2443931, -122.272464, 36.8443931, -121.872464], ""data_format"": ""grib2"", ""day"": [""06""], ""download_format"": ""zip"", ""hydrological_model"": [""htessel_lisflood""], ""leadtime_hour"": [""24""], ""month"": [""11""], ""product_type"": [""control_forecast""], ""system_version"": [""operational""], ""variable"": [""river_discharge_in_the_last_24_hours""], ""year"": [""2019""]}"
2026-02-16T01:52:07Z,scan_20260216T015036Z,forecast,P2,P2__forecast__operational__htessel_lisflood__control_forecast,cems-glofas-forecast,operational,htessel_lisflood,control_forecast,2019-11-08,ok,297,,,repro/glofas_coverage_scan_runs/scan_20260216T015036Z/downloads/forecast/P2__forecast__operational__htessel_lisflood__control_forecast/2019-11-08.zip,"{""area"": [37.2443931, -122.272464, 36.8443931, -121.872464], ""data_format"": ""grib2"", ""day"": [""08""], ""download_format"": ""zip"", ""hydrological_model"": [""htessel_lisflood""], ""leadtime_hour"": [""24""], ""month"": [""11""], ""product_type"": [""control_forecast""], ""system_version"": [""operational""], ""variable"": [""river_discharge_in_the_last_24_hours""], ""year"": [""2019""]}"
2026-02-16T01:52:30Z,scan_20260216T015036Z,forecast,P2,P2__forecast__operational__htessel_lisflood__control_forecast,cems-glofas-forecast,operational,htessel_lisflood,control_forecast,2019-11-12,ok,300,,,repro/glofas_coverage_scan_runs/scan_20260216T015036Z/downloads/forecast/P2__forecast__operational__htessel_lisflood__control_forecast/2019-11-12.zip,"{""area"": [37.2443931, -122.272464, 36.8443931, -121.872464], ""data_format"": ""grib2"", ""day"": [""12""], ""download_format"": ""zip"", ""hydrological_model"": [""htessel_lisflood""], ""leadtime_hour"": [""24""], ""month"": [""11""], ""product_type"": [""control_forecast""], ""system_version"": [""operational""], ""variable"": [""river_discharge_in_the_last_24_hours""], ""year"": [""2019""]}"
2026-02-16T01:52:47Z,scan_20260216T015036Z,forecast,P2,P2__forecast__operational__htessel_lisflood__control_forecast,cems-glofas-forecast,operational,htessel_lisflood,control_forecast,2019-11-20,ok,305,,,repro/glofas_coverage_scan_runs/scan_20260216T015036Z/downloads/forecast/P2__forecast__operational__htessel_lisflood__control_forecast/2019-11-20.zip,"{""area"": [37.2443931, -122.272464, 36.8443931, -121.872464], ""data_format"": ""grib2"", ""day"": [""20""], ""download_format"": ""zip"", ""hydrological_model"": [""htessel_lisflood""], ""leadtime_hour"": [""24""], ""month"": [""11""], ""product_type"": [""control_forecast""], ""system_version"": [""operational""], ""variable"": [""river_discharge_in_the_last_24_hours""], ""year"": [""2019""]}"
2026-02-16T01:53:03Z,scan_20260216T015036Z,forecast,P2,P2__forecast__operational__htessel_lisflood__control_forecast,cems-glofas-forecast,operational,htessel_lisflood,control_forecast,2019-12-06,ok,305,,,repro/glofas_coverage_scan_runs/scan_20260216T015036Z/downloads/forecast/P2__forecast__operational__htessel_lisflood__control_forecast/2019-12-06.zip,"{""area"": [37.2443931, -122.272464, 36.8443931, -121.872464], ""data_format"": ""grib2"", ""day"": [""06""], ""download_format"": ""zip"", ""hydrological_model"": [""htessel_lisflood""], ""leadtime_hour"": [""24""], ""month"": [""12""], ""product_type"": [""control_forecast""], ""system_version"": [""operational""], ""variable"": [""river_discharge_in_the_last_24_hours""], ""year"": [""2019""]}"
2026-02-16T01:53:05Z,scan_20260216T015036Z,forecast,P2,P2__forecast__operational__htessel_lisflood__ensemble_perturbed_forecasts,cems-glofas-forecast,operational,htessel_lisflood,ensemble_perturbed_forecasts,2022-12-25,error,,invalid_request,"400 Client Error: Bad Request for url: https://ewds.climate.copernicus.eu/api/retrieve/v1/processes/cems-glofas-forecast/execution
invalid request
Request has not produced a valid combination of values, please check your selection.
{'system_version': ['operational'], 'hydrological_model': ['htessel_lisflood'], 'product_type': ['ensemble_perturbed_forecasts'], 'variable': ['river_discharge_in_the_last_24_hours'], 'data_format': ['grib'], 'area': ['37.2443931', '-122.272464', '36.8443931', '-121.872464'], 'year': ['2022'], 'month': ['12'], 'day': ['25'], 'leadtime_hour': ['24']}",repro/glofas_coverage_scan_runs/scan_20260216T015036Z/downloads/forecast/P2__forecast__operational__htessel_lisflood__ensemble_perturbed_forecasts/2022-12-25.zip,"{""area"": [37.2443931, -122.272464, 36.8443931, -121.872464], ""data_format"": ""grib2"", ""day"": [""25""], ""download_format"": ""zip"", ""hydrological_model"": [""htessel_lisflood""], ""leadtime_hour"": [""24""], ""month"": [""12""], ""product_type"": [""ensemble_perturbed_forecasts""], ""system_version"": [""operational""], ""variable"": [""river_discharge_in_the_last_24_hours""], ""year"": [""2022""]}"
2026-02-16T01:53:06Z,scan_20260216T015036Z,forecast,P2,P2__forecast__operational__htessel_lisflood__ensemble_perturbed_forecasts,cems-glofas-forecast,operational,htessel_lisflood,ensemble_perturbed_forecasts,2023-03-27,error,,invalid_request,"400 Client Error: Bad Request for url: https://ewds.climate.copernicus.eu/api/retrieve/v1/processes/cems-glofas-forecast/execution
invalid request
Request has not produced a valid combination of values, please check your selection.
{'system_version': ['operational'], 'hydrological_model': ['htessel_lisflood'], 'product_type': ['ensemble_perturbed_forecasts'], 'variable': ['river_discharge_in_the_last_24_hours'], 'data_format': ['grib'], 'area': ['37.2443931', '-122.272464', '36.8443931', '-121.872464'], 'year': ['2023'], 'month': ['03'], 'day': ['27'], 'leadtime_hour': ['24']}",repro/glofas_coverage_scan_runs/scan_20260216T015036Z/downloads/forecast/P2__forecast__operational__htessel_lisflood__ensemble_perturbed_forecasts/2023-03-27.zip,"{""area"": [37.2443931, -122.272464, 36.8443931, -121.872464], ""data_format"": ""grib2"", ""day"": [""27""], ""download_format"": ""zip"", ""hydrological_model"": [""htessel_lisflood""], ""leadtime_hour"": [""24""], ""month"": [""03""], ""product_type"": [""ensemble_perturbed_forecasts""], ""system_version"": [""operational""], ""variable"": [""river_discharge_in_the_last_24_hours""], ""year"": [""2023""]}"
2026-02-16T01:53:33Z,scan_20260216T015036Z,forecast,P2,P2__forecast__operational__htessel_lisflood__ensemble_perturbed_forecasts,cems-glofas-forecast,operational,htessel_lisflood,ensemble_perturbed_forecasts,2019-11-05,ok,519,,,repro/glofas_coverage_scan_runs/scan_20260216T015036Z/downloads/forecast/P2__forecast__operational__htessel_lisflood__ensemble_perturbed_forecasts/2019-11-05.zip,"{""area"": [37.2443931, -122.272464, 36.8443931, -121.872464], ""data_format"": ""grib2"", ""day"": [""05""], ""download_format"": ""zip"", ""hydrological_model"": [""htessel_lisflood""], ""leadtime_hour"": [""24""], ""month"": [""11""], ""product_type"": [""ensemble_perturbed_forecasts""], ""system_version"": [""operational""], ""variable"": [""river_discharge_in_the_last_24_hours""], ""year"": [""2019""]}"
2026-02-16T01:54:01Z,scan_20260216T015036Z,forecast,P2,P2__forecast__operational__htessel_lisflood__ensemble_perturbed_forecasts,cems-glofas-forecast,operational,htessel_lisflood,ensemble_perturbed_forecasts,2019-11-06,ok,577,,,repro/glofas_coverage_scan_runs/scan_20260216T015036Z/downloads/forecast/P2__forecast__operational__htessel_lisflood__ensemble_perturbed_forecasts/2019-11-06.zip,"{""area"": [37.2443931, -122.272464, 36.8443931, -121.872464], ""data_format"": ""grib2"", ""day"": [""06""], ""download_format"": ""zip"", ""hydrological_model"": [""htessel_lisflood""], ""leadtime_hour"": [""24""], ""month"": [""11""], ""product_type"": [""ensemble_perturbed_forecasts""], ""system_version"": [""operational""], ""variable"": [""river_discharge_in_the_last_24_hours""], ""year"": [""2019""]}"
2026-02-16T01:54:23Z,scan_20260216T015036Z,forecast,P2,P2__forecast__operational__htessel_lisflood__ensemble_perturbed_forecasts,cems-glofas-forecast,operational,htessel_lisflood,ensemble_perturbed_forecasts,2019-11-08,ok,589,,,repro/glofas_coverage_scan_runs/scan_20260216T015036Z/downloads/forecast/P2__forecast__operational__htessel_lisflood__ensemble_perturbed_forecasts/2019-11-08.zip,"{""area"": [37.2443931, -122.272464, 36.8443931, -121.872464], ""data_format"": ""grib2"", ""day"": [""08""], ""download_format"": ""zip"", ""hydrological_model"": [""htessel_lisflood""], ""leadtime_hour"": [""24""], ""month"": [""11""], ""product_type"": [""ensemble_perturbed_forecasts""], ""system_version"": [""operational""], ""variable"": [""river_discharge_in_the_last_24_hours""], ""year"": [""2019""]}"
2026-02-16T01:54:45Z,scan_20260216T015036Z,forecast,P2,P2__forecast__operational__htessel_lisflood__ensemble_perturbed_forecasts,cems-glofas-forecast,operational,htessel_lisflood,ensemble_perturbed_forecasts,2019-11-12,ok,572,,,repro/glofas_coverage_scan_runs/scan_20260216T015036Z/downloads/forecast/P2__forecast__operational__htessel_lisflood__ensemble_perturbed_forecasts/2019-11-12.zip,"{""area"": [37.2443931, -122.272464, 36.8443931, -121.872464], ""data_format"": ""grib2"", ""day"": [""12""], ""download_format"": ""zip"", ""hydrological_model"": [""htessel_lisflood""], ""leadtime_hour"": [""24""], ""month"": [""11""], ""product_type"": [""ensemble_perturbed_forecasts""], ""system_version"": [""operational""], ""variable"": [""river_discharge_in_the_last_24_hours""], ""year"": [""2019""]}"
2026-02-16T01:55:07Z,scan_20260216T015036Z,forecast,P2,P2__forecast__operational__htessel_lisflood__ensemble_perturbed_forecasts,cems-glofas-forecast,operational,htessel_lisflood,ensemble_perturbed_forecasts,2019-11-20,ok,1253,,,repro/glofas_coverage_scan_runs/scan_20260216T015036Z/downloads/forecast/P2__forecast__operational__htessel_lisflood__ensemble_perturbed_forecasts/2019-11-20.zip,"{""area"": [37.2443931, -122.272464, 36.8443931, -121.872464], ""data_format"": ""grib2"", ""day"": [""20""], ""download_format"": ""zip"", ""hydrological_model"": [""htessel_lisflood""], ""leadtime_hour"": [""24""], ""month"": [""11""], ""product_type"": [""ensemble_perturbed_forecasts""], ""system_version"": [""operational""], ""variable"": [""river_discharge_in_the_last_24_hours""], ""year"": [""2019""]}"
2026-02-16T01:55:40Z,scan_20260216T015036Z,forecast,P2,P2__forecast__operational__htessel_lisflood__ensemble_perturbed_forecasts,cems-glofas-forecast,operational,htessel_lisflood,ensemble_perturbed_forecasts,2019-12-06,ok,1383,,,repro/glofas_coverage_scan_runs/scan_20260216T015036Z/downloads/forecast/P2__forecast__operational__htessel_lisflood__ensemble_perturbed_forecasts/2019-12-06.zip,"{""area"": [37.2443931, -122.272464, 36.8443931, -121.872464], ""data_format"": ""grib2"", ""day"": [""06""], ""download_format"": ""zip"", ""hydrological_model"": [""htessel_lisflood""], ""leadtime_hour"": [""24""], ""month"": [""12""], ""product_type"": [""ensemble_perturbed_forecasts""], ""system_version"": [""operational""], ""variable"": [""river_discharge_in_the_last_24_hours""], ""year"": [""2019""]}"
2026-02-16T01:56:41Z,scan_20260216T015036Z,forecast,P2,P2__forecast__operational__lisflood__control_forecast,cems-glofas-forecast,operational,lisflood,control_forecast,2022-12-25,error,,timeout,timeout after 60s,repro/glofas_coverage_scan_runs/scan_20260216T015036Z/downloads/forecast/P2__forecast__operational__lisflood__control_forecast/2022-12-25.zip,"{""area"": [37.2443931, -122.272464, 36.8443931, -121.872464], ""data_format"": ""grib2"", ""day"": [""25""], ""download_format"": ""zip"", ""hydrological_model"": [""lisflood""], ""leadtime_hour"": [""24""], ""month"": [""12""], ""product_type"": [""control_forecast""], ""system_version"": [""operational""], ""variable"": [""river_discharge_in_the_last_24_hours""], ""year"": [""2022""]}"
2026-02-16T01:56:58Z,scan_20260216T015036Z,forecast,P2,P2__forecast__operational__lisflood__control_forecast,cems-glofas-forecast,operational,lisflood,control_forecast,2023-03-27,ok,303,,,repro/glofas_coverage_scan_runs/scan_20260216T015036Z/downloads/forecast/P2__forecast__operational__lisflood__control_forecast/2023-03-27.zip,"{""area"": [37.2443931, -122.272464, 36.8443931, -121.872464], ""data_format"": ""grib2"", ""day"": [""27""], ""download_format"": ""zip"", ""hydrological_model"": [""lisflood""], ""leadtime_hour"": [""24""], ""month"": [""03""], ""product_type"": [""control_forecast""], ""system_version"": [""operational""], ""variable"": [""river_discharge_in_the_last_24_hours""], ""year"": [""2023""]}"
2026-02-16T01:57:58Z,scan_20260216T015036Z,forecast,P2,P2__forecast__operational__lisflood__control_forecast,cems-glofas-forecast,operational,lisflood,control_forecast,2023-03-26,error,,timeout,timeout after 60s,repro/glofas_coverage_scan_runs/scan_20260216T015036Z/downloads/forecast/P2__forecast__operational__lisflood__control_forecast/2023-03-26.zip,"{""area"": [37.2443931, -122.272464, 36.8443931, -121.872464], ""data_format"": ""grib2"", ""day"": [""26""], ""download_format"": ""zip"", ""hydrological_model"": [""lisflood""], ""leadtime_hour"": [""24""], ""month"": [""03""], ""product_type"": [""control_forecast""], ""system_version"": [""operational""], ""variable"": [""river_discharge_in_the_last_24_hours""], ""year"": [""2023""]}"
2026-02-16T01:58:58Z,scan_20260216T015036Z,forecast,P2,P2__forecast__operational__lisflood__control_forecast,cems-glofas-forecast,operational,lisflood,control_forecast,2023-03-28,error,,timeout,timeout after 60s,repro/glofas_coverage_scan_runs/scan_20260216T015036Z/downloads/forecast/P2__forecast__operational__lisflood__control_forecast/2023-03-28.zip,"{""area"": [37.2443931, -122.272464, 36.8443931, -121.872464], ""data_format"": ""grib2"", ""day"": [""28""], ""download_format"": ""zip"", ""hydrological_model"": [""lisflood""], ""leadtime_hour"": [""24""], ""month"": [""03""], ""product_type"": [""control_forecast""], ""system_version"": [""operational""], ""variable"": [""river_discharge_in_the_last_24_hours""], ""year"": [""2023""]}"
2026-02-16T01:59:58Z,scan_20260216T015036Z,forecast,P2,P2__forecast__operational__lisflood__ensemble_perturbed_forecasts,cems-glofas-forecast,operational,lisflood,ensemble_perturbed_forecasts,2022-12-25,error,,timeout,timeout after 60s,repro/glofas_coverage_scan_runs/scan_20260216T015036Z/downloads/forecast/P2__forecast__operational__lisflood__ensemble_perturbed_forecasts/2022-12-25.zip,"{""area"": [37.2443931, -122.272464, 36.8443931, -121.872464], ""data_format"": ""grib2"", ""day"": [""25""], ""download_format"": ""zip"", ""hydrological_model"": [""lisflood""], ""leadtime_hour"": [""24""], ""month"": [""12""], ""product_type"": [""ensemble_perturbed_forecasts""], ""system_version"": [""operational""], ""variable"": [""river_discharge_in_the_last_24_hours""], ""year"": [""2022""]}"
2026-02-16T02:00:58Z,scan_20260216T015036Z,forecast,P2,P2__forecast__operational__lisflood__ensemble_perturbed_forecasts,cems-glofas-forecast,operational,lisflood,ensemble_perturbed_forecasts,2023-03-27,error,,timeout,timeout after 60s,repro/glofas_coverage_scan_runs/scan_20260216T015036Z/downloads/forecast/P2__forecast__operational__lisflood__ensemble_perturbed_forecasts/2023-03-27.zip,"{""area"": [37.2443931, -122.272464, 36.8443931, -121.872464], ""data_format"": ""grib2"", ""day"": [""27""], ""download_format"": ""zip"", ""hydrological_model"": [""lisflood""], ""leadtime_hour"": [""24""], ""month"": [""03""], ""product_type"": [""ensemble_perturbed_forecasts""], ""system_version"": [""operational""], ""variable"": [""river_discharge_in_the_last_24_hours""], ""year"": [""2023""]}"
2026-02-16T02:01:00Z,scan_20260216T015036Z,forecast,P2,P2__forecast__operational__lisflood__ensemble_perturbed_forecasts,cems-glofas-forecast,operational,lisflood,ensemble_perturbed_forecasts,2019-11-05,error,,invalid_request,"400 Client Error: Bad Request for url: https://ewds.climate.copernicus.eu/api/retrieve/v1/processes/cems-glofas-forecast/execution
invalid request
Request has not produced a valid combination of values, please check your selection.
{'system_version': ['operational'], 'hydrological_model': ['lisflood'], 'product_type': ['ensemble_perturbed_forecasts'], 'variable': ['river_discharge_in_the_last_24_hours'], 'data_format': ['grib'], 'area': ['37.2443931', '-122.272464', '36.8443931', '-121.872464'], 'year': ['2019'], 'month': ['11'], 'day': ['05'], 'leadtime_hour': ['24']}",repro/glofas_coverage_scan_runs/scan_20260216T015036Z/downloads/forecast/P2__forecast__operational__lisflood__ensemble_perturbed_forecasts/2019-11-05.zip,"{""area"": [37.2443931, -122.272464, 36.8443931, -121.872464], ""data_format"": ""grib2"", ""day"": [""05""], ""download_format"": ""zip"", ""hydrological_model"": [""lisflood""], ""leadtime_hour"": [""24""], ""month"": [""11""], ""product_type"": [""ensemble_perturbed_forecasts""], ""system_version"": [""operational""], ""variable"": [""river_discharge_in_the_last_24_hours""], ""year"": [""2019""]}"
2026-02-16T02:01:01Z,scan_20260216T015036Z,forecast,P2,P2__forecast__operational__lisflood__ensemble_perturbed_forecasts,cems-glofas-forecast,operational,lisflood,ensemble_perturbed_forecasts,2026-02-16,error,,invalid_request,"400 Client Error: Bad Request for url: https://ewds.climate.copernicus.eu/api/retrieve/v1/processes/cems-glofas-forecast/execution
invalid request
Request has not produced a valid combination of values, please check your selection.
{'system_version': ['operational'], 'hydrological_model': ['lisflood'], 'product_type': ['ensemble_perturbed_forecasts'], 'variable': ['river_discharge_in_the_last_24_hours'], 'data_format': ['grib'], 'area': ['37.2443931', '-122.272464', '36.8443931', '-121.872464'], 'year': ['2026'], 'month': ['02'], 'day': ['16'], 'leadtime_hour': ['24']}",repro/glofas_coverage_scan_runs/scan_20260216T015036Z/downloads/forecast/P2__forecast__operational__lisflood__ensemble_perturbed_forecasts/2026-02-16.zip,"{""area"": [37.2443931, -122.272464, 36.8443931, -121.872464], ""data_format"": ""grib2"", ""day"": [""16""], ""download_format"": ""zip"", ""hydrological_model"": [""lisflood""], ""leadtime_hour"": [""24""], ""month"": [""02""], ""product_type"": [""ensemble_perturbed_forecasts""], ""system_version"": [""operational""], ""variable"": [""river_discharge_in_the_last_24_hours""], ""year"": [""2026""]}"
2026-02-16T02:02:01Z,scan_20260216T015036Z,forecast,P2,P2__forecast__operational__lisflood__ensemble_perturbed_forecasts,cems-glofas-forecast,operational,lisflood,ensemble_perturbed_forecasts,2022-12-26,error,,timeout,timeout after 60s,repro/glofas_coverage_scan_runs/scan_20260216T015036Z/downloads/forecast/P2__forecast__operational__lisflood__ensemble_perturbed_forecasts/2022-12-26.zip,"{""area"": [37.2443931, -122.272464, 36.8443931, -121.872464], ""data_format"": ""grib2"", ""day"": [""26""], ""download_format"": ""zip"", ""hydrological_model"": [""lisflood""], ""leadtime_hour"": [""24""], ""month"": [""12""], ""product_type"": [""ensemble_perturbed_forecasts""], ""system_version"": [""operational""], ""variable"": [""river_discharge_in_the_last_24_hours""], ""year"": [""2022""]}"
2026-02-16T02:02:03Z,scan_20260216T015036Z,forecast,P2,P2__forecast__operational__lisflood__ensemble_perturbed_forecasts,cems-glofas-forecast,operational,lisflood,ensemble_perturbed_forecasts,2020-02-03,error,,invalid_request,"400 Client Error: Bad Request for url: https://ewds.climate.copernicus.eu/api/retrieve/v1/processes/cems-glofas-forecast/execution
invalid request
Request has not produced a valid combination of values, please check your selection.
{'system_version': ['operational'], 'hydrological_model': ['lisflood'], 'product_type': ['ensemble_perturbed_forecasts'], 'variable': ['river_discharge_in_the_last_24_hours'], 'data_format': ['grib'], 'area': ['37.2443931', '-122.272464', '36.8443931', '-121.872464'], 'year': ['2020'], 'month': ['02'], 'day': ['03'], 'leadtime_hour': ['24']}",repro/glofas_coverage_scan_runs/scan_20260216T015036Z/downloads/forecast/P2__forecast__operational__lisflood__ensemble_perturbed_forecasts/2020-02-03.zip,"{""area"": [37.2443931, -122.272464, 36.8443931, -121.872464], ""data_format"": ""grib2"", ""day"": [""03""], ""download_format"": ""zip"", ""hydrological_model"": [""lisflood""], ""leadtime_hour"": [""24""], ""month"": [""02""], ""product_type"": [""ensemble_perturbed_forecasts""], ""system_version"": [""operational""], ""variable"": [""river_discharge_in_the_last_24_hours""], ""year"": [""2020""]}"
2026-02-16T02:02:04Z,scan_20260216T015036Z,forecast,P2,P2__forecast__operational__lisflood__ensemble_perturbed_forecasts,cems-glofas-forecast,operational,lisflood,ensemble_perturbed_forecasts,2020-05-03,error,,invalid_request,"400 Client Error: Bad Request for url: https://ewds.climate.copernicus.eu/api/retrieve/v1/processes/cems-glofas-forecast/execution
invalid request
Request has not produced a valid combination of values, please check your selection.
{'system_version': ['operational'], 'hydrological_model': ['lisflood'], 'product_type': ['ensemble_perturbed_forecasts'], 'variable': ['river_discharge_in_the_last_24_hours'], 'data_format': ['grib'], 'area': ['37.2443931', '-122.272464', '36.8443931', '-121.872464'], 'year': ['2020'], 'month': ['05'], 'day': ['03'], 'leadtime_hour': ['24']}",repro/glofas_coverage_scan_runs/scan_20260216T015036Z/downloads/forecast/P2__forecast__operational__lisflood__ensemble_perturbed_forecasts/2020-05-03.zip,"{""area"": [37.2443931, -122.272464, 36.8443931, -121.872464], ""data_format"": ""grib2"", ""day"": [""03""], ""download_format"": ""zip"", ""hydrological_model"": [""lisflood""], ""leadtime_hour"": [""24""], ""month"": [""05""], ""product_type"": [""ensemble_perturbed_forecasts""], ""system_version"": [""operational""], ""variable"": [""river_discharge_in_the_last_24_hours""], ""year"": [""2020""]}"
2026-02-16T02:02:05Z,scan_20260216T015036Z,forecast,P2,P2__forecast__operational__lisflood__ensemble_perturbed_forecasts,cems-glofas-forecast,operational,lisflood,ensemble_perturbed_forecasts,2020-08-01,error,,invalid_request,"400 Client Error: Bad Request for url: https://ewds.climate.copernicus.eu/api/retrieve/v1/processes/cems-glofas-forecast/execution
invalid request
Request has not produced a valid combination of values, please check your selection.
{'system_version': ['operational'], 'hydrological_model': ['lisflood'], 'product_type': ['ensemble_perturbed_forecasts'], 'variable': ['river_discharge_in_the_last_24_hours'], 'data_format': ['grib'], 'area': ['37.2443931', '-122.272464', '36.8443931', '-121.872464'], 'year': ['2020'], 'month': ['08'], 'day': ['01'], 'leadtime_hour': ['24']}",repro/glofas_coverage_scan_runs/scan_20260216T015036Z/downloads/forecast/P2__forecast__operational__lisflood__ensemble_perturbed_forecasts/2020-08-01.zip,"{""area"": [37.2443931, -122.272464, 36.8443931, -121.872464], ""data_format"": ""grib2"", ""day"": [""01""], ""download_format"": ""zip"", ""hydrological_model"": [""lisflood""], ""leadtime_hour"": [""24""], ""month"": [""08""], ""product_type"": [""ensemble_perturbed_forecasts""], ""system_version"": [""operational""], ""variable"": [""river_discharge_in_the_last_24_hours""], ""year"": [""2020""]}"
2026-02-16T02:02:06Z,scan_20260216T015036Z,forecast,P3,P3__forecast__version_2_1__htessel_lisflood__control_forecast,cems-glofas-forecast,version_2_1,htessel_lisflood,control_forecast,2020-01-16,error,,invalid_request,"400 Client Error: Bad Request for url: https://ewds.climate.copernicus.eu/api/retrieve/v1/processes/cems-glofas-forecast/execution
invalid request
Request has not produced a valid combination of values, please check your selection.
{'system_version': ['version_2_1'], 'hydrological_model': ['htessel_lisflood'], 'product_type': ['control_forecast'], 'variable': ['river_discharge_in_the_last_24_hours'], 'data_format': ['grib'], 'area': ['37.2443931', '-122.272464', '36.8443931', '-121.872464'], 'year': ['2020'], 'month': ['01'], 'day': ['16'], 'leadtime_hour': ['24']}",repro/glofas_coverage_scan_runs/scan_20260216T015036Z/downloads/forecast/P3__forecast__version_2_1__htessel_lisflood__control_forecast/2020-01-16.zip,"{""area"": [37.2443931, -122.272464, 36.8443931, -121.872464], ""data_format"": ""grib2"", ""day"": [""16""], ""download_format"": ""zip"", ""hydrological_model"": [""htessel_lisflood""], ""leadtime_hour"": [""24""], ""month"": [""01""], ""product_type"": [""control_forecast""], ""system_version"": [""version_2_1""], ""variable"": [""river_discharge_in_the_last_24_hours""], ""year"": [""2020""]}"
2026-02-16T02:02:07Z,scan_20260216T015036Z,forecast,P3,P3__forecast__version_2_1__htessel_lisflood__control_forecast,cems-glofas-forecast,version_2_1,htessel_lisflood,control_forecast,2020-12-01,error,,invalid_request,"400 Client Error: Bad Request for url: https://ewds.climate.copernicus.eu/api/retrieve/v1/processes/cems-glofas-forecast/execution
invalid request
Request has not produced a valid combination of values, please check your selection.
{'system_version': ['version_2_1'], 'hydrological_model': ['htessel_lisflood'], 'product_type': ['control_forecast'], 'variable': ['river_discharge_in_the_last_24_hours'], 'data_format': ['grib'], 'area': ['37.2443931', '-122.272464', '36.8443931', '-121.872464'], 'year': ['2020'], 'month': ['12'], 'day': ['01'], 'leadtime_hour': ['24']}",repro/glofas_coverage_scan_runs/scan_20260216T015036Z/downloads/forecast/P3__forecast__version_2_1__htessel_lisflood__control_forecast/2020-12-01.zip,"{""area"": [37.2443931, -122.272464, 36.8443931, -121.872464], ""data_format"": ""grib2"", ""day"": [""01""], ""download_format"": ""zip"", ""hydrological_model"": [""htessel_lisflood""], ""leadtime_hour"": [""24""], ""month"": [""12""], ""product_type"": [""control_forecast""], ""system_version"": [""version_2_1""], ""variable"": [""river_discharge_in_the_last_24_hours""], ""year"": [""2020""]}"
2026-02-16T02:02:08Z,scan_20260216T015036Z,forecast,P3,P3__forecast__version_2_1__htessel_lisflood__control_forecast,cems-glofas-forecast,version_2_1,htessel_lisflood,control_forecast,2019-11-05,error,,invalid_request,"400 Client Error: Bad Request for url: https://ewds.climate.copernicus.eu/api/retrieve/v1/processes/cems-glofas-forecast/execution
invalid request
Request has not produced a valid combination of values, please check your selection.
{'system_version': ['version_2_1'], 'hydrological_model': ['htessel_lisflood'], 'product_type': ['control_forecast'], 'variable': ['river_discharge_in_the_last_24_hours'], 'data_format': ['grib'], 'area': ['37.2443931', '-122.272464', '36.8443931', '-121.872464'], 'year': ['2019'], 'month': ['11'], 'day': ['05'], 'leadtime_hour': ['24']}",repro/glofas_coverage_scan_runs/scan_20260216T015036Z/downloads/forecast/P3__forecast__version_2_1__htessel_lisflood__control_forecast/2019-11-05.zip,"{""area"": [37.2443931, -122.272464, 36.8443931, -121.872464], ""data_format"": ""grib2"", ""day"": [""05""], ""download_format"": ""zip"", ""hydrological_model"": [""htessel_lisflood""], ""leadtime_hour"": [""24""], ""month"": [""11""], ""product_type"": [""control_forecast""], ""system_version"": [""version_2_1""], ""variable"": [""river_discharge_in_the_last_24_hours""], ""year"": [""2019""]}"
2026-02-16T02:02:10Z,scan_20260216T015036Z,forecast,P3,P3__forecast__version_2_1__htessel_lisflood__control_forecast,cems-glofas-forecast,version_2_1,htessel_lisflood,control_forecast,2026-02-16,error,,invalid_request,"400 Client Error: Bad Request for url: https://ewds.climate.copernicus.eu/api/retrieve/v1/processes/cems-glofas-forecast/execution
invalid request
Request has not produced a valid combination of values, please check your selection.
{'system_version': ['version_2_1'], 'hydrological_model': ['htessel_lisflood'], 'product_type': ['control_forecast'], 'variable': ['river_discharge_in_the_last_24_hours'], 'data_format': ['grib'], 'area': ['37.2443931', '-122.272464', '36.8443931', '-121.872464'], 'year': ['2026'], 'month': ['02'], 'day': ['16'], 'leadtime_hour': ['24']}",repro/glofas_coverage_scan_runs/scan_20260216T015036Z/downloads/forecast/P3__forecast__version_2_1__htessel_lisflood__control_forecast/2026-02-16.zip,"{""area"": [37.2443931, -122.272464, 36.8443931, -121.872464], ""data_format"": ""grib2"", ""day"": [""16""], ""download_format"": ""zip"", ""hydrological_model"": [""htessel_lisflood""], ""leadtime_hour"": [""24""], ""month"": [""02""], ""product_type"": [""control_forecast""], ""system_version"": [""version_2_1""], ""variable"": [""river_discharge_in_the_last_24_hours""], ""year"": [""2026""]}"
2026-02-16T02:02:11Z,scan_20260216T015036Z,forecast,P3,P3__forecast__version_2_1__htessel_lisflood__control_forecast,cems-glofas-forecast,version_2_1,htessel_lisflood,control_forecast,2022-12-26,error,,invalid_request,"400 Client Error: Bad Request for url: https://ewds.climate.copernicus.eu/api/retrieve/v1/processes/cems-glofas-forecast/execution
invalid request
Request has not produced a valid combination of values, please check your selection.
{'system_version': ['version_2_1'], 'hydrological_model': ['htessel_lisflood'], 'product_type': ['control_forecast'], 'variable': ['river_discharge_in_the_last_24_hours'], 'data_format': ['grib'], 'area': ['37.2443931', '-122.272464', '36.8443931', '-121.872464'], 'year': ['2022'], 'month': ['12'], 'day': ['26'], 'leadtime_hour': ['24']}",repro/glofas_coverage_scan_runs/scan_20260216T015036Z/downloads/forecast/P3__forecast__version_2_1__htessel_lisflood__control_forecast/2022-12-26.zip,"{""area"": [37.2443931, -122.272464, 36.8443931, -121.872464], ""data_format"": ""grib2"", ""day"": [""26""], ""download_format"": ""zip"", ""hydrological_model"": [""htessel_lisflood""], ""leadtime_hour"": [""24""], ""month"": [""12""], ""product_type"": [""control_forecast""], ""system_version"": [""version_2_1""], ""variable"": [""river_discharge_in_the_last_24_hours""], ""year"": [""2022""]}"
2026-02-16T02:02:12Z,scan_20260216T015036Z,forecast,P3,P3__forecast__version_2_1__htessel_lisflood__control_forecast,cems-glofas-forecast,version_2_1,htessel_lisflood,control_forecast,2020-02-03,error,,invalid_request,"400 Client Error: Bad Request for url: https://ewds.climate.copernicus.eu/api/retrieve/v1/processes/cems-glofas-forecast/execution
invalid request
Request has not produced a valid combination of values, please check your selection.
{'system_version': ['version_2_1'], 'hydrological_model': ['htessel_lisflood'], 'product_type': ['control_forecast'], 'variable': ['river_discharge_in_the_last_24_hours'], 'data_format': ['grib'], 'area': ['37.2443931', '-122.272464', '36.8443931', '-121.872464'], 'year': ['2020'], 'month': ['02'], 'day': ['03'], 'leadtime_hour': ['24']}",repro/glofas_coverage_scan_runs/scan_20260216T015036Z/downloads/forecast/P3__forecast__version_2_1__htessel_lisflood__control_forecast/2020-02-03.zip,"{""area"": [37.2443931, -122.272464, 36.8443931, -121.872464], ""data_format"": ""grib2"", ""day"": [""03""], ""download_format"": ""zip"", ""hydrological_model"": [""htessel_lisflood""], ""leadtime_hour"": [""24""], ""month"": [""02""], ""product_type"": [""control_forecast""], ""system_version"": [""version_2_1""], ""variable"": [""river_discharge_in_the_last_24_hours""], ""year"": [""2020""]}"
2026-02-16T02:02:13Z,scan_20260216T015036Z,forecast,P3,P3__forecast__version_2_1__htessel_lisflood__control_forecast,cems-glofas-forecast,version_2_1,htessel_lisflood,control_forecast,2020-05-03,error,,invalid_request,"400 Client Error: Bad Request for url: https://ewds.climate.copernicus.eu/api/retrieve/v1/processes/cems-glofas-forecast/execution
invalid request
Request has not produced a valid combination of values, please check your selection.
{'system_version': ['version_2_1'], 'hydrological_model': ['htessel_lisflood'], 'product_type': ['control_forecast'], 'variable': ['river_discharge_in_the_last_24_hours'], 'data_format': ['grib'], 'area': ['37.2443931', '-122.272464', '36.8443931', '-121.872464'], 'year': ['2020'], 'month': ['05'], 'day': ['03'], 'leadtime_hour': ['24']}",repro/glofas_coverage_scan_runs/scan_20260216T015036Z/downloads/forecast/P3__forecast__version_2_1__htessel_lisflood__control_forecast/2020-05-03.zip,"{""area"": [37.2443931, -122.272464, 36.8443931, -121.872464], ""data_format"": ""grib2"", ""day"": [""03""], ""download_format"": ""zip"", ""hydrological_model"": [""htessel_lisflood""], ""leadtime_hour"": [""24""], ""month"": [""05""], ""product_type"": [""control_forecast""], ""system_version"": [""version_2_1""], ""variable"": [""river_discharge_in_the_last_24_hours""], ""year"": [""2020""]}"
2026-02-16T02:02:15Z,scan_20260216T015036Z,forecast,P3,P3__forecast__version_2_1__htessel_lisflood__control_forecast,cems-glofas-forecast,version_2_1,htessel_lisflood,control_forecast,2020-08-01,error,,invalid_request,"400 Client Error: Bad Request for url: https://ewds.climate.copernicus.eu/api/retrieve/v1/processes/cems-glofas-forecast/execution
invalid request
Request has not produced a valid combination of values, please check your selection.
{'system_version': ['version_2_1'], 'hydrological_model': ['htessel_lisflood'], 'product_type': ['control_forecast'], 'variable': ['river_discharge_in_the_last_24_hours'], 'data_format': ['grib'], 'area': ['37.2443931', '-122.272464', '36.8443931', '-121.872464'], 'year': ['2020'], 'month': ['08'], 'day': ['01'], 'leadtime_hour': ['24']}",repro/glofas_coverage_scan_runs/scan_20260216T015036Z/downloads/forecast/P3__forecast__version_2_1__htessel_lisflood__control_forecast/2020-08-01.zip,"{""area"": [37.2443931, -122.272464, 36.8443931, -121.872464], ""data_format"": ""grib2"", ""day"": [""01""], ""download_format"": ""zip"", ""hydrological_model"": [""htessel_lisflood""], ""leadtime_hour"": [""24""], ""month"": [""08""], ""product_type"": [""control_forecast""], ""system_version"": [""version_2_1""], ""variable"": [""river_discharge_in_the_last_24_hours""], ""year"": [""2020""]}"
2026-02-16T02:02:16Z,scan_20260216T015036Z,forecast,P3,P3__forecast__version_2_1__htessel_lisflood__ensemble_perturbed_forecasts,cems-glofas-forecast,version_2_1,htessel_lisflood,ensemble_perturbed_forecasts,2020-01-16,error,,invalid_request,"400 Client Error: Bad Request for url: https://ewds.climate.copernicus.eu/api/retrieve/v1/processes/cems-glofas-forecast/execution
invalid request
Request has not produced a valid combination of values, please check your selection.
{'system_version': ['version_2_1'], 'hydrological_model': ['htessel_lisflood'], 'product_type': ['ensemble_perturbed_forecasts'], 'variable': ['river_discharge_in_the_last_24_hours'], 'data_format': ['grib'], 'area': ['37.2443931', '-122.272464', '36.8443931', '-121.872464'], 'year': ['2020'], 'month': ['01'], 'day': ['16'], 'leadtime_hour': ['24']}",repro/glofas_coverage_scan_runs/scan_20260216T015036Z/downloads/forecast/P3__forecast__version_2_1__htessel_lisflood__ensemble_perturbed_forecasts/2020-01-16.zip,"{""area"": [37.2443931, -122.272464, 36.8443931, -121.872464], ""data_format"": ""grib2"", ""day"": [""16""], ""download_format"": ""zip"", ""hydrological_model"": [""htessel_lisflood""], ""leadtime_hour"": [""24""], ""month"": [""01""], ""product_type"": [""ensemble_perturbed_forecasts""], ""system_version"": [""version_2_1""], ""variable"": [""river_discharge_in_the_last_24_hours""], ""year"": [""2020""]}"
2026-02-16T02:02:17Z,scan_20260216T015036Z,forecast,P3,P3__forecast__version_2_1__htessel_lisflood__ensemble_perturbed_forecasts,cems-glofas-forecast,version_2_1,htessel_lisflood,ensemble_perturbed_forecasts,2020-12-01,error,,invalid_request,"400 Client Error: Bad Request for url: https://ewds.climate.copernicus.eu/api/retrieve/v1/processes/cems-glofas-forecast/execution
invalid request
Request has not produced a valid combination of values, please check your selection.
{'system_version': ['version_2_1'], 'hydrological_model': ['htessel_lisflood'], 'product_type': ['ensemble_perturbed_forecasts'], 'variable': ['river_discharge_in_the_last_24_hours'], 'data_format': ['grib'], 'area': ['37.2443931', '-122.272464', '36.8443931', '-121.872464'], 'year': ['2020'], 'month': ['12'], 'day': ['01'], 'leadtime_hour': ['24']}",repro/glofas_coverage_scan_runs/scan_20260216T015036Z/downloads/forecast/P3__forecast__version_2_1__htessel_lisflood__ensemble_perturbed_forecasts/2020-12-01.zip,"{""area"": [37.2443931, -122.272464, 36.8443931, -121.872464], ""data_format"": ""grib2"", ""day"": [""01""], ""download_format"": ""zip"", ""hydrological_model"": [""htessel_lisflood""], ""leadtime_hour"": [""24""], ""month"": [""12""], ""product_type"": [""ensemble_perturbed_forecasts""], ""system_version"": [""version_2_1""], ""variable"": [""river_discharge_in_the_last_24_hours""], ""year"": [""2020""]}"
2026-02-16T02:02:18Z,scan_20260216T015036Z,forecast,P3,P3__forecast__version_2_1__htessel_lisflood__ensemble_perturbed_forecasts,cems-glofas-forecast,version_2_1,htessel_lisflood,ensemble_perturbed_forecasts,2019-11-05,error,,invalid_request,"400 Client Error: Bad Request for url: https://ewds.climate.copernicus.eu/api/retrieve/v1/processes/cems-glofas-forecast/execution
invalid request
Request has not produced a valid combination of values, please check your selection.
{'system_version': ['version_2_1'], 'hydrological_model': ['htessel_lisflood'], 'product_type': ['ensemble_perturbed_forecasts'], 'variable': ['river_discharge_in_the_last_24_hours'], 'data_format': ['grib'], 'area': ['37.2443931', '-122.272464', '36.8443931', '-121.872464'], 'year': ['2019'], 'month': ['11'], 'day': ['05'], 'leadtime_hour': ['24']}",repro/glofas_coverage_scan_runs/scan_20260216T015036Z/downloads/forecast/P3__forecast__version_2_1__htessel_lisflood__ensemble_perturbed_forecasts/2019-11-05.zip,"{""area"": [37.2443931, -122.272464, 36.8443931, -121.872464], ""data_format"": ""grib2"", ""day"": [""05""], ""download_format"": ""zip"", ""hydrological_model"": [""htessel_lisflood""], ""leadtime_hour"": [""24""], ""month"": [""11""], ""product_type"": [""ensemble_perturbed_forecasts""], ""system_version"": [""version_2_1""], ""variable"": [""river_discharge_in_the_last_24_hours""], ""year"": [""2019""]}"
2026-02-16T02:02:19Z,scan_20260216T015036Z,forecast,P3,P3__forecast__version_2_1__htessel_lisflood__ensemble_perturbed_forecasts,cems-glofas-forecast,version_2_1,htessel_lisflood,ensemble_perturbed_forecasts,2026-02-16,error,,invalid_request,"400 Client Error: Bad Request for url: https://ewds.climate.copernicus.eu/api/retrieve/v1/processes/cems-glofas-forecast/execution
invalid request
Request has not produced a valid combination of values, please check your selection.
{'system_version': ['version_2_1'], 'hydrological_model': ['htessel_lisflood'], 'product_type': ['ensemble_perturbed_forecasts'], 'variable': ['river_discharge_in_the_last_24_hours'], 'data_format': ['grib'], 'area': ['37.2443931', '-122.272464', '36.8443931', '-121.872464'], 'year': ['2026'], 'month': ['02'], 'day': ['16'], 'leadtime_hour': ['24']}",repro/glofas_coverage_scan_runs/scan_20260216T015036Z/downloads/forecast/P3__forecast__version_2_1__htessel_lisflood__ensemble_perturbed_forecasts/2026-02-16.zip,"{""area"": [37.2443931, -122.272464, 36.8443931, -121.872464], ""data_format"": ""grib2"", ""day"": [""16""], ""download_format"": ""zip"", ""hydrological_model"": [""htessel_lisflood""], ""leadtime_hour"": [""24""], ""month"": [""02""], ""product_type"": [""ensemble_perturbed_forecasts""], ""system_version"": [""version_2_1""], ""variable"": [""river_discharge_in_the_last_24_hours""], ""year"": [""2026""]}"
2026-02-16T02:02:20Z,scan_20260216T015036Z,forecast,P3,P3__forecast__version_2_1__htessel_lisflood__ensemble_perturbed_forecasts,cems-glofas-forecast,version_2_1,htessel_lisflood,ensemble_perturbed_forecasts,2022-12-26,error,,invalid_request,"400 Client Error: Bad Request for url: https://ewds.climate.copernicus.eu/api/retrieve/v1/processes/cems-glofas-forecast/execution
invalid request
Request has not produced a valid combination of values, please check your selection.
{'system_version': ['version_2_1'], 'hydrological_model': ['htessel_lisflood'], 'product_type': ['ensemble_perturbed_forecasts'], 'variable': ['river_discharge_in_the_last_24_hours'], 'data_format': ['grib'], 'area': ['37.2443931', '-122.272464', '36.8443931', '-121.872464'], 'year': ['2022'], 'month': ['12'], 'day': ['26'], 'leadtime_hour': ['24']}",repro/glofas_coverage_scan_runs/scan_20260216T015036Z/downloads/forecast/P3__forecast__version_2_1__htessel_lisflood__ensemble_perturbed_forecasts/2022-12-26.zip,"{""area"": [37.2443931, -122.272464, 36.8443931, -121.872464], ""data_format"": ""grib2"", ""day"": [""26""], ""download_format"": ""zip"", ""hydrological_model"": [""htessel_lisflood""], ""leadtime_hour"": [""24""], ""month"": [""12""], ""product_type"": [""ensemble_perturbed_forecasts""], ""system_version"": [""version_2_1""], ""variable"": [""river_discharge_in_the_last_24_hours""], ""year"": [""2022""]}"
2026-02-16T02:02:22Z,scan_20260216T015036Z,forecast,P3,P3__forecast__version_2_1__htessel_lisflood__ensemble_perturbed_forecasts,cems-glofas-forecast,version_2_1,htessel_lisflood,ensemble_perturbed_forecasts,2020-02-03,error,,invalid_request,"400 Client Error: Bad Request for url: https://ewds.climate.copernicus.eu/api/retrieve/v1/processes/cems-glofas-forecast/execution
invalid request
Request has not produced a valid combination of values, please check your selection.
{'system_version': ['version_2_1'], 'hydrological_model': ['htessel_lisflood'], 'product_type': ['ensemble_perturbed_forecasts'], 'variable': ['river_discharge_in_the_last_24_hours'], 'data_format': ['grib'], 'area': ['37.2443931', '-122.272464', '36.8443931', '-121.872464'], 'year': ['2020'], 'month': ['02'], 'day': ['03'], 'leadtime_hour': ['24']}",repro/glofas_coverage_scan_runs/scan_20260216T015036Z/downloads/forecast/P3__forecast__version_2_1__htessel_lisflood__ensemble_perturbed_forecasts/2020-02-03.zip,"{""area"": [37.2443931, -122.272464, 36.8443931, -121.872464], ""data_format"": ""grib2"", ""day"": [""03""], ""download_format"": ""zip"", ""hydrological_model"": [""htessel_lisflood""], ""leadtime_hour"": [""24""], ""month"": [""02""], ""product_type"": [""ensemble_perturbed_forecasts""], ""system_version"": [""version_2_1""], ""variable"": [""river_discharge_in_the_last_24_hours""], ""year"": [""2020""]}"
2026-02-16T02:02:23Z,scan_20260216T015036Z,forecast,P3,P3__forecast__version_2_1__htessel_lisflood__ensemble_perturbed_forecasts,cems-glofas-forecast,version_2_1,htessel_lisflood,ensemble_perturbed_forecasts,2020-05-03,error,,invalid_request,"400 Client Error: Bad Request for url: https://ewds.climate.copernicus.eu/api/retrieve/v1/processes/cems-glofas-forecast/execution
invalid request
Request has not produced a valid combination of values, please check your selection.
{'system_version': ['version_2_1'], 'hydrological_model': ['htessel_lisflood'], 'product_type': ['ensemble_perturbed_forecasts'], 'variable': ['river_discharge_in_the_last_24_hours'], 'data_format': ['grib'], 'area': ['37.2443931', '-122.272464', '36.8443931', '-121.872464'], 'year': ['2020'], 'month': ['05'], 'day': ['03'], 'leadtime_hour': ['24']}",repro/glofas_coverage_scan_runs/scan_20260216T015036Z/downloads/forecast/P3__forecast__version_2_1__htessel_lisflood__ensemble_perturbed_forecasts/2020-05-03.zip,"{""area"": [37.2443931, -122.272464, 36.8443931, -121.872464], ""data_format"": ""grib2"", ""day"": [""03""], ""download_format"": ""zip"", ""hydrological_model"": [""htessel_lisflood""], ""leadtime_hour"": [""24""], ""month"": [""05""], ""product_type"": [""ensemble_perturbed_forecasts""], ""system_version"": [""version_2_1""], ""variable"": [""river_discharge_in_the_last_24_hours""], ""year"": [""2020""]}"
2026-02-16T02:02:24Z,scan_20260216T015036Z,forecast,P3,P3__forecast__version_2_1__htessel_lisflood__ensemble_perturbed_forecasts,cems-glofas-forecast,version_2_1,htessel_lisflood,ensemble_perturbed_forecasts,2020-08-01,error,,invalid_request,"400 Client Error: Bad Request for url: https://ewds.climate.copernicus.eu/api/retrieve/v1/processes/cems-glofas-forecast/execution
invalid request
Request has not produced a valid combination of values, please check your selection.
{'system_version': ['version_2_1'], 'hydrological_model': ['htessel_lisflood'], 'product_type': ['ensemble_perturbed_forecasts'], 'variable': ['river_discharge_in_the_last_24_hours'], 'data_format': ['grib'], 'area': ['37.2443931', '-122.272464', '36.8443931', '-121.872464'], 'year': ['2020'], 'month': ['08'], 'day': ['01'], 'leadtime_hour': ['24']}",repro/glofas_coverage_scan_runs/scan_20260216T015036Z/downloads/forecast/P3__forecast__version_2_1__htessel_lisflood__ensemble_perturbed_forecasts/2020-08-01.zip,"{""area"": [37.2443931, -122.272464, 36.8443931, -121.872464], ""data_format"": ""grib2"", ""day"": [""01""], ""download_format"": ""zip"", ""hydrological_model"": [""htessel_lisflood""], ""leadtime_hour"": [""24""], ""month"": [""08""], ""product_type"": [""ensemble_perturbed_forecasts""], ""system_version"": [""version_2_1""], ""variable"": [""river_discharge_in_the_last_24_hours""], ""year"": [""2020""]}"
2026-02-16T02:02:25Z,scan_20260216T015036Z,forecast,P3,P3__forecast__version_2_1__lisflood__control_forecast,cems-glofas-forecast,version_2_1,lisflood,control_forecast,2020-01-16,error,,invalid_request,"400 Client Error: Bad Request for url: https://ewds.climate.copernicus.eu/api/retrieve/v1/processes/cems-glofas-forecast/execution
invalid request
Request has not produced a valid combination of values, please check your selection.
{'system_version': ['version_2_1'], 'hydrological_model': ['lisflood'], 'product_type': ['control_forecast'], 'variable': ['river_discharge_in_the_last_24_hours'], 'data_format': ['grib'], 'area': ['37.2443931', '-122.272464', '36.8443931', '-121.872464'], 'year': ['2020'], 'month': ['01'], 'day': ['16'], 'leadtime_hour': ['24']}",repro/glofas_coverage_scan_runs/scan_20260216T015036Z/downloads/forecast/P3__forecast__version_2_1__lisflood__control_forecast/2020-01-16.zip,"{""area"": [37.2443931, -122.272464, 36.8443931, -121.872464], ""data_format"": ""grib2"", ""day"": [""16""], ""download_format"": ""zip"", ""hydrological_model"": [""lisflood""], ""leadtime_hour"": [""24""], ""month"": [""01""], ""product_type"": [""control_forecast""], ""system_version"": [""version_2_1""], ""variable"": [""river_discharge_in_the_last_24_hours""], ""year"": [""2020""]}"
2026-02-16T02:02:26Z,scan_20260216T015036Z,forecast,P3,P3__forecast__version_2_1__lisflood__control_forecast,cems-glofas-forecast,version_2_1,lisflood,control_forecast,2020-12-01,error,,invalid_request,"400 Client Error: Bad Request for url: https://ewds.climate.copernicus.eu/api/retrieve/v1/processes/cems-glofas-forecast/execution
invalid request
Request has not produced a valid combination of values, please check your selection.
{'system_version': ['version_2_1'], 'hydrological_model': ['lisflood'], 'product_type': ['control_forecast'], 'variable': ['river_discharge_in_the_last_24_hours'], 'data_format': ['grib'], 'area': ['37.2443931', '-122.272464', '36.8443931', '-121.872464'], 'year': ['2020'], 'month': ['12'], 'day': ['01'], 'leadtime_hour': ['24']}",repro/glofas_coverage_scan_runs/scan_20260216T015036Z/downloads/forecast/P3__forecast__version_2_1__lisflood__control_forecast/2020-12-01.zip,"{""area"": [37.2443931, -122.272464, 36.8443931, -121.872464], ""data_format"": ""grib2"", ""day"": [""01""], ""download_format"": ""zip"", ""hydrological_model"": [""lisflood""], ""leadtime_hour"": [""24""], ""month"": [""12""], ""product_type"": [""control_forecast""], ""system_version"": [""version_2_1""], ""variable"": [""river_discharge_in_the_last_24_hours""], ""year"": [""2020""]}"
2026-02-16T02:02:27Z,scan_20260216T015036Z,forecast,P3,P3__forecast__version_2_1__lisflood__control_forecast,cems-glofas-forecast,version_2_1,lisflood,control_forecast,2019-11-05,error,,invalid_request,"400 Client Error: Bad Request for url: https://ewds.climate.copernicus.eu/api/retrieve/v1/processes/cems-glofas-forecast/execution
invalid request
Request has not produced a valid combination of values, please check your selection.
{'system_version': ['version_2_1'], 'hydrological_model': ['lisflood'], 'product_type': ['control_forecast'], 'variable': ['river_discharge_in_the_last_24_hours'], 'data_format': ['grib'], 'area': ['37.2443931', '-122.272464', '36.8443931', '-121.872464'], 'year': ['2019'], 'month': ['11'], 'day': ['05'], 'leadtime_hour': ['24']}",repro/glofas_coverage_scan_runs/scan_20260216T015036Z/downloads/forecast/P3__forecast__version_2_1__lisflood__control_forecast/2019-11-05.zip,"{""area"": [37.2443931, -122.272464, 36.8443931, -121.872464], ""data_format"": ""grib2"", ""day"": [""05""], ""download_format"": ""zip"", ""hydrological_model"": [""lisflood""], ""leadtime_hour"": [""24""], ""month"": [""11""], ""product_type"": [""control_forecast""], ""system_version"": [""version_2_1""], ""variable"": [""river_discharge_in_the_last_24_hours""], ""year"": [""2019""]}"
2026-02-16T02:02:29Z,scan_20260216T015036Z,forecast,P3,P3__forecast__version_2_1__lisflood__control_forecast,cems-glofas-forecast,version_2_1,lisflood,control_forecast,2026-02-16,error,,invalid_request,"400 Client Error: Bad Request for url: https://ewds.climate.copernicus.eu/api/retrieve/v1/processes/cems-glofas-forecast/execution
invalid request
Request has not produced a valid combination of values, please check your selection.
{'system_version': ['version_2_1'], 'hydrological_model': ['lisflood'], 'product_type': ['control_forecast'], 'variable': ['river_discharge_in_the_last_24_hours'], 'data_format': ['grib'], 'area': ['37.2443931', '-122.272464', '36.8443931', '-121.872464'], 'year': ['2026'], 'month': ['02'], 'day': ['16'], 'leadtime_hour': ['24']}",repro/glofas_coverage_scan_runs/scan_20260216T015036Z/downloads/forecast/P3__forecast__version_2_1__lisflood__control_forecast/2026-02-16.zip,"{""area"": [37.2443931, -122.272464, 36.8443931, -121.872464], ""data_format"": ""grib2"", ""day"": [""16""], ""download_format"": ""zip"", ""hydrological_model"": [""lisflood""], ""leadtime_hour"": [""24""], ""month"": [""02""], ""product_type"": [""control_forecast""], ""system_version"": [""version_2_1""], ""variable"": [""river_discharge_in_the_last_24_hours""], ""year"": [""2026""]}"
2026-02-16T02:02:30Z,scan_20260216T015036Z,forecast,P3,P3__forecast__version_2_1__lisflood__control_forecast,cems-glofas-forecast,version_2_1,lisflood,control_forecast,2022-12-26,error,,invalid_request,"400 Client Error: Bad Request for url: https://ewds.climate.copernicus.eu/api/retrieve/v1/processes/cems-glofas-forecast/execution
invalid request
Request has not produced a valid combination of values, please check your selection.
{'system_version': ['version_2_1'], 'hydrological_model': ['lisflood'], 'product_type': ['control_forecast'], 'variable': ['river_discharge_in_the_last_24_hours'], 'data_format': ['grib'], 'area': ['37.2443931', '-122.272464', '36.8443931', '-121.872464'], 'year': ['2022'], 'month': ['12'], 'day': ['26'], 'leadtime_hour': ['24']}",repro/glofas_coverage_scan_runs/scan_20260216T015036Z/downloads/forecast/P3__forecast__version_2_1__lisflood__control_forecast/2022-12-26.zip,"{""area"": [37.2443931, -122.272464, 36.8443931, -121.872464], ""data_format"": ""grib2"", ""day"": [""26""], ""download_format"": ""zip"", ""hydrological_model"": [""lisflood""], ""leadtime_hour"": [""24""], ""month"": [""12""], ""product_type"": [""control_forecast""], ""system_version"": [""version_2_1""], ""variable"": [""river_discharge_in_the_last_24_hours""], ""year"": [""2022""]}"
2026-02-16T02:02:31Z,scan_20260216T015036Z,forecast,P3,P3__forecast__version_2_1__lisflood__control_forecast,cems-glofas-forecast,version_2_1,lisflood,control_forecast,2020-02-03,error,,invalid_request,"400 Client Error: Bad Request for url: https://ewds.climate.copernicus.eu/api/retrieve/v1/processes/cems-glofas-forecast/execution
invalid request
Request has not produced a valid combination of values, please check your selection.
{'system_version': ['version_2_1'], 'hydrological_model': ['lisflood'], 'product_type': ['control_forecast'], 'variable': ['river_discharge_in_the_last_24_hours'], 'data_format': ['grib'], 'area': ['37.2443931', '-122.272464', '36.8443931', '-121.872464'], 'year': ['2020'], 'month': ['02'], 'day': ['03'], 'leadtime_hour': ['24']}",repro/glofas_coverage_scan_runs/scan_20260216T015036Z/downloads/forecast/P3__forecast__version_2_1__lisflood__control_forecast/2020-02-03.zip,"{""area"": [37.2443931, -122.272464, 36.8443931, -121.872464], ""data_format"": ""grib2"", ""day"": [""03""], ""download_format"": ""zip"", ""hydrological_model"": [""lisflood""], ""leadtime_hour"": [""24""], ""month"": [""02""], ""product_type"": [""control_forecast""], ""system_version"": [""version_2_1""], ""variable"": [""river_discharge_in_the_last_24_hours""], ""year"": [""2020""]}"
2026-02-16T02:02:32Z,scan_20260216T015036Z,forecast,P3,P3__forecast__version_2_1__lisflood__control_forecast,cems-glofas-forecast,version_2_1,lisflood,control_forecast,2020-05-03,error,,invalid_request,"400 Client Error: Bad Request for url: https://ewds.climate.copernicus.eu/api/retrieve/v1/processes/cems-glofas-forecast/execution
invalid request
Request has not produced a valid combination of values, please check your selection.
{'system_version': ['version_2_1'], 'hydrological_model': ['lisflood'], 'product_type': ['control_forecast'], 'variable': ['river_discharge_in_the_last_24_hours'], 'data_format': ['grib'], 'area': ['37.2443931', '-122.272464', '36.8443931', '-121.872464'], 'year': ['2020'], 'month': ['05'], 'day': ['03'], 'leadtime_hour': ['24']}",repro/glofas_coverage_scan_runs/scan_20260216T015036Z/downloads/forecast/P3__forecast__version_2_1__lisflood__control_forecast/2020-05-03.zip,"{""area"": [37.2443931, -122.272464, 36.8443931, -121.872464], ""data_format"": ""grib2"", ""day"": [""03""], ""download_format"": ""zip"", ""hydrological_model"": [""lisflood""], ""leadtime_hour"": [""24""], ""month"": [""05""], ""product_type"": [""control_forecast""], ""system_version"": [""version_2_1""], ""variable"": [""river_discharge_in_the_last_24_hours""], ""year"": [""2020""]}"
2026-02-16T02:02:33Z,scan_20260216T015036Z,forecast,P3,P3__forecast__version_2_1__lisflood__control_forecast,cems-glofas-forecast,version_2_1,lisflood,control_forecast,2020-08-01,error,,invalid_request,"400 Client Error: Bad Request for url: https://ewds.climate.copernicus.eu/api/retrieve/v1/processes/cems-glofas-forecast/execution
invalid request
Request has not produced a valid combination of values, please check your selection.
{'system_version': ['version_2_1'], 'hydrological_model': ['lisflood'], 'product_type': ['control_forecast'], 'variable': ['river_discharge_in_the_last_24_hours'], 'data_format': ['grib'], 'area': ['37.2443931', '-122.272464', '36.8443931', '-121.872464'], 'year': ['2020'], 'month': ['08'], 'day': ['01'], 'leadtime_hour': ['24']}",repro/glofas_coverage_scan_runs/scan_20260216T015036Z/downloads/forecast/P3__forecast__version_2_1__lisflood__control_forecast/2020-08-01.zip,"{""area"": [37.2443931, -122.272464, 36.8443931, -121.872464], ""data_format"": ""grib2"", ""day"": [""01""], ""download_format"": ""zip"", ""hydrological_model"": [""lisflood""], ""leadtime_hour"": [""24""], ""month"": [""08""], ""product_type"": [""control_forecast""], ""system_version"": [""version_2_1""], ""variable"": [""river_discharge_in_the_last_24_hours""], ""year"": [""2020""]}"
2026-02-16T02:02:34Z,scan_20260216T015036Z,forecast,P3,P3__forecast__version_2_1__lisflood__ensemble_perturbed_forecasts,cems-glofas-forecast,version_2_1,lisflood,ensemble_perturbed_forecasts,2020-01-16,error,,invalid_request,"400 Client Error: Bad Request for url: https://ewds.climate.copernicus.eu/api/retrieve/v1/processes/cems-glofas-forecast/execution
invalid request
Request has not produced a valid combination of values, please check your selection.
{'system_version': ['version_2_1'], 'hydrological_model': ['lisflood'], 'product_type': ['ensemble_perturbed_forecasts'], 'variable': ['river_discharge_in_the_last_24_hours'], 'data_format': ['grib'], 'area': ['37.2443931', '-122.272464', '36.8443931', '-121.872464'], 'year': ['2020'], 'month': ['01'], 'day': ['16'], 'leadtime_hour': ['24']}",repro/glofas_coverage_scan_runs/scan_20260216T015036Z/downloads/forecast/P3__forecast__version_2_1__lisflood__ensemble_perturbed_forecasts/2020-01-16.zip,"{""area"": [37.2443931, -122.272464, 36.8443931, -121.872464], ""data_format"": ""grib2"", ""day"": [""16""], ""download_format"": ""zip"", ""hydrological_model"": [""lisflood""], ""leadtime_hour"": [""24""], ""month"": [""01""], ""product_type"": [""ensemble_perturbed_forecasts""], ""system_version"": [""version_2_1""], ""variable"": [""river_discharge_in_the_last_24_hours""], ""year"": [""2020""]}"
2026-02-16T02:02:36Z,scan_20260216T015036Z,forecast,P3,P3__forecast__version_2_1__lisflood__ensemble_perturbed_forecasts,cems-glofas-forecast,version_2_1,lisflood,ensemble_perturbed_forecasts,2020-12-01,error,,invalid_request,"400 Client Error: Bad Request for url: https://ewds.climate.copernicus.eu/api/retrieve/v1/processes/cems-glofas-forecast/execution
invalid request
Request has not produced a valid combination of values, please check your selection.
{'system_version': ['version_2_1'], 'hydrological_model': ['lisflood'], 'product_type': ['ensemble_perturbed_forecasts'], 'variable': ['river_discharge_in_the_last_24_hours'], 'data_format': ['grib'], 'area': ['37.2443931', '-122.272464', '36.8443931', '-121.872464'], 'year': ['2020'], 'month': ['12'], 'day': ['01'], 'leadtime_hour': ['24']}",repro/glofas_coverage_scan_runs/scan_20260216T015036Z/downloads/forecast/P3__forecast__version_2_1__lisflood__ensemble_perturbed_forecasts/2020-12-01.zip,"{""area"": [37.2443931, -122.272464, 36.8443931, -121.872464], ""data_format"": ""grib2"", ""day"": [""01""], ""download_format"": ""zip"", ""hydrological_model"": [""lisflood""], ""leadtime_hour"": [""24""], ""month"": [""12""], ""product_type"": [""ensemble_perturbed_forecasts""], ""system_version"": [""version_2_1""], ""variable"": [""river_discharge_in_the_last_24_hours""], ""year"": [""2020""]}"
2026-02-16T02:02:37Z,scan_20260216T015036Z,forecast,P3,P3__forecast__version_2_1__lisflood__ensemble_perturbed_forecasts,cems-glofas-forecast,version_2_1,lisflood,ensemble_perturbed_forecasts,2019-11-05,error,,invalid_request,"400 Client Error: Bad Request for url: https://ewds.climate.copernicus.eu/api/retrieve/v1/processes/cems-glofas-forecast/execution
invalid request
Request has not produced a valid combination of values, please check your selection.
{'system_version': ['version_2_1'], 'hydrological_model': ['lisflood'], 'product_type': ['ensemble_perturbed_forecasts'], 'variable': ['river_discharge_in_the_last_24_hours'], 'data_format': ['grib'], 'area': ['37.2443931', '-122.272464', '36.8443931', '-121.872464'], 'year': ['2019'], 'month': ['11'], 'day': ['05'], 'leadtime_hour': ['24']}",repro/glofas_coverage_scan_runs/scan_20260216T015036Z/downloads/forecast/P3__forecast__version_2_1__lisflood__ensemble_perturbed_forecasts/2019-11-05.zip,"{""area"": [37.2443931, -122.272464, 36.8443931, -121.872464], ""data_format"": ""grib2"", ""day"": [""05""], ""download_format"": ""zip"", ""hydrological_model"": [""lisflood""], ""leadtime_hour"": [""24""], ""month"": [""11""], ""product_type"": [""ensemble_perturbed_forecasts""], ""system_version"": [""version_2_1""], ""variable"": [""river_discharge_in_the_last_24_hours""], ""year"": [""2019""]}"
2026-02-16T02:02:38Z,scan_20260216T015036Z,forecast,P3,P3__forecast__version_2_1__lisflood__ensemble_perturbed_forecasts,cems-glofas-forecast,version_2_1,lisflood,ensemble_perturbed_forecasts,2026-02-16,error,,invalid_request,"400 Client Error: Bad Request for url: https://ewds.climate.copernicus.eu/api/retrieve/v1/processes/cems-glofas-forecast/execution
invalid request
Request has not produced a valid combination of values, please check your selection.
{'system_version': ['version_2_1'], 'hydrological_model': ['lisflood'], 'product_type': ['ensemble_perturbed_forecasts'], 'variable': ['river_discharge_in_the_last_24_hours'], 'data_format': ['grib'], 'area': ['37.2443931', '-122.272464', '36.8443931', '-121.872464'], 'year': ['2026'], 'month': ['02'], 'day': ['16'], 'leadtime_hour': ['24']}",repro/glofas_coverage_scan_runs/scan_20260216T015036Z/downloads/forecast/P3__forecast__version_2_1__lisflood__ensemble_perturbed_forecasts/2026-02-16.zip,"{""area"": [37.2443931, -122.272464, 36.8443931, -121.872464], ""data_format"": ""grib2"", ""day"": [""16""], ""download_format"": ""zip"", ""hydrological_model"": [""lisflood""], ""leadtime_hour"": [""24""], ""month"": [""02""], ""product_type"": [""ensemble_perturbed_forecasts""], ""system_version"": [""version_2_1""], ""variable"": [""river_discharge_in_the_last_24_hours""], ""year"": [""2026""]}"
2026-02-16T02:02:39Z,scan_20260216T015036Z,forecast,P3,P3__forecast__version_2_1__lisflood__ensemble_perturbed_forecasts,cems-glofas-forecast,version_2_1,lisflood,ensemble_perturbed_forecasts,2022-12-26,error,,invalid_request,"400 Client Error: Bad Request for url: https://ewds.climate.copernicus.eu/api/retrieve/v1/processes/cems-glofas-forecast/execution
invalid request
Request has not produced a valid combination of values, please check your selection.
{'system_version': ['version_2_1'], 'hydrological_model': ['lisflood'], 'product_type': ['ensemble_perturbed_forecasts'], 'variable': ['river_discharge_in_the_last_24_hours'], 'data_format': ['grib'], 'area': ['37.2443931', '-122.272464', '36.8443931', '-121.872464'], 'year': ['2022'], 'month': ['12'], 'day': ['26'], 'leadtime_hour': ['24']}",repro/glofas_coverage_scan_runs/scan_20260216T015036Z/downloads/forecast/P3__forecast__version_2_1__lisflood__ensemble_perturbed_forecasts/2022-12-26.zip,"{""area"": [37.2443931, -122.272464, 36.8443931, -121.872464], ""data_format"": ""grib2"", ""day"": [""26""], ""download_format"": ""zip"", ""hydrological_model"": [""lisflood""], ""leadtime_hour"": [""24""], ""month"": [""12""], ""product_type"": [""ensemble_perturbed_forecasts""], ""system_version"": [""version_2_1""], ""variable"": [""river_discharge_in_the_last_24_hours""], ""year"": [""2022""]}"
2026-02-16T02:02:40Z,scan_20260216T015036Z,forecast,P3,P3__forecast__version_2_1__lisflood__ensemble_perturbed_forecasts,cems-glofas-forecast,version_2_1,lisflood,ensemble_perturbed_forecasts,2020-02-03,error,,invalid_request,"400 Client Error: Bad Request for url: https://ewds.climate.copernicus.eu/api/retrieve/v1/processes/cems-glofas-forecast/execution
invalid request
Request has not produced a valid combination of values, please check your selection.
{'system_version': ['version_2_1'], 'hydrological_model': ['lisflood'], 'product_type': ['ensemble_perturbed_forecasts'], 'variable': ['river_discharge_in_the_last_24_hours'], 'data_format': ['grib'], 'area': ['37.2443931', '-122.272464', '36.8443931', '-121.872464'], 'year': ['2020'], 'month': ['02'], 'day': ['03'], 'leadtime_hour': ['24']}",repro/glofas_coverage_scan_runs/scan_20260216T015036Z/downloads/forecast/P3__forecast__version_2_1__lisflood__ensemble_perturbed_forecasts/2020-02-03.zip,"{""area"": [37.2443931, -122.272464, 36.8443931, -121.872464], ""data_format"": ""grib2"", ""day"": [""03""], ""download_format"": ""zip"", ""hydrological_model"": [""lisflood""], ""leadtime_hour"": [""24""], ""month"": [""02""], ""product_type"": [""ensemble_perturbed_forecasts""], ""system_version"": [""version_2_1""], ""variable"": [""river_discharge_in_the_last_24_hours""], ""year"": [""2020""]}"
2026-02-16T02:02:42Z,scan_20260216T015036Z,forecast,P3,P3__forecast__version_2_1__lisflood__ensemble_perturbed_forecasts,cems-glofas-forecast,version_2_1,lisflood,ensemble_perturbed_forecasts,2020-05-03,error,,invalid_request,"400 Client Error: Bad Request for url: https://ewds.climate.copernicus.eu/api/retrieve/v1/processes/cems-glofas-forecast/execution
invalid request
Request has not produced a valid combination of values, please check your selection.
{'system_version': ['version_2_1'], 'hydrological_model': ['lisflood'], 'product_type': ['ensemble_perturbed_forecasts'], 'variable': ['river_discharge_in_the_last_24_hours'], 'data_format': ['grib'], 'area': ['37.2443931', '-122.272464', '36.8443931', '-121.872464'], 'year': ['2020'], 'month': ['05'], 'day': ['03'], 'leadtime_hour': ['24']}",repro/glofas_coverage_scan_runs/scan_20260216T015036Z/downloads/forecast/P3__forecast__version_2_1__lisflood__ensemble_perturbed_forecasts/2020-05-03.zip,"{""area"": [37.2443931, -122.272464, 36.8443931, -121.872464], ""data_format"": ""grib2"", ""day"": [""03""], ""download_format"": ""zip"", ""hydrological_model"": [""lisflood""], ""leadtime_hour"": [""24""], ""month"": [""05""], ""product_type"": [""ensemble_perturbed_forecasts""], ""system_version"": [""version_2_1""], ""variable"": [""river_discharge_in_the_last_24_hours""], ""year"": [""2020""]}"
2026-02-16T02:02:43Z,scan_20260216T015036Z,forecast,P3,P3__forecast__version_2_1__lisflood__ensemble_perturbed_forecasts,cems-glofas-forecast,version_2_1,lisflood,ensemble_perturbed_forecasts,2020-08-01,error,,invalid_request,"400 Client Error: Bad Request for url: https://ewds.climate.copernicus.eu/api/retrieve/v1/processes/cems-glofas-forecast/execution
invalid request
Request has not produced a valid combination of values, please check your selection.
{'system_version': ['version_2_1'], 'hydrological_model': ['lisflood'], 'product_type': ['ensemble_perturbed_forecasts'], 'variable': ['river_discharge_in_the_last_24_hours'], 'data_format': ['grib'], 'area': ['37.2443931', '-122.272464', '36.8443931', '-121.872464'], 'year': ['2020'], 'month': ['08'], 'day': ['01'], 'leadtime_hour': ['24']}",repro/glofas_coverage_scan_runs/scan_20260216T015036Z/downloads/forecast/P3__forecast__version_2_1__lisflood__ensemble_perturbed_forecasts/2020-08-01.zip,"{""area"": [37.2443931, -122.272464, 36.8443931, -121.872464], ""data_format"": ""grib2"", ""day"": [""01""], ""download_format"": ""zip"", ""hydrological_model"": [""lisflood""], ""leadtime_hour"": [""24""], ""month"": [""08""], ""product_type"": [""ensemble_perturbed_forecasts""], ""system_version"": [""version_2_1""], ""variable"": [""river_discharge_in_the_last_24_hours""], ""year"": [""2020""]}"
2026-02-16T01:50:38Z,scan_20260216T015036Z,historical,P1,P1__historical__version_3_1__htessel_lisflood__consolidated,cems-glofas-historical,version_3_1,htessel_lisflood,consolidated,2021-06-15,error,,invalid_request,"400 Client Error: Bad Request for url: https://ewds.climate.copernicus.eu/api/retrieve/v1/processes/cems-glofas-historical/execution
invalid request
Request has not produced a valid combination of values, please check your selection.
{'system_version': ['version_3_1'], 'hydrological_model': ['htessel_lisflood'], 'product_type': ['consolidated'], 'variable': ['river_discharge_in_the_last_24_hours'], 'data_format': ['grib'], 'area': ['37.2443931', '-122.272464', '36.8443931', '-121.872464'], 'hyear': ['2021'], 'hmonth': ['06'], 'hday': ['15']}",repro/glofas_coverage_scan_runs/scan_20260216T015036Z/downloads/historical/P1__historical__version_3_1__htessel_lisflood__consolidated/2021-06-15.zip,"{""area"": [37.2443931, -122.272464, 36.8443931, -121.872464], ""data_format"": ""grib2"", ""download_format"": ""zip"", ""hday"": [""15""], ""hmonth"": [""06""], ""hydrological_model"": [""htessel_lisflood""], ""hyear"": [""2021""], ""product_type"": [""consolidated""], ""system_version"": [""version_3_1""], ""variable"": [""river_discharge_in_the_last_24_hours""]}"
2026-02-16T01:50:39Z,scan_20260216T015036Z,historical,P1,P1__historical__version_3_1__htessel_lisflood__consolidated,cems-glofas-historical,version_3_1,htessel_lisflood,consolidated,2021-05-26,error,,invalid_request,"400 Client Error: Bad Request for url: https://ewds.climate.copernicus.eu/api/retrieve/v1/processes/cems-glofas-historical/execution
invalid request
Request has not produced a valid combination of values, please check your selection.
{'system_version': ['version_3_1'], 'hydrological_model': ['htessel_lisflood'], 'product_type': ['consolidated'], 'variable': ['river_discharge_in_the_last_24_hours'], 'data_format': ['grib'], 'area': ['37.2443931', '-122.272464', '36.8443931', '-121.872464'], 'hyear': ['2021'], 'hmonth': ['05'], 'hday': ['26']}",repro/glofas_coverage_scan_runs/scan_20260216T015036Z/downloads/historical/P1__historical__version_3_1__htessel_lisflood__consolidated/2021-05-26.zip,"{""area"": [37.2443931, -122.272464, 36.8443931, -121.872464], ""data_format"": ""grib2"", ""download_format"": ""zip"", ""hday"": [""26""], ""hmonth"": [""05""], ""hydrological_model"": [""htessel_lisflood""], ""hyear"": [""2021""], ""product_type"": [""consolidated""], ""system_version"": [""version_3_1""], ""variable"": [""river_discharge_in_the_last_24_hours""]}"
2026-02-16T01:50:40Z,scan_20260216T015036Z,historical,P1,P1__historical__version_3_1__htessel_lisflood__consolidated,cems-glofas-historical,version_3_1,htessel_lisflood,consolidated,1979-01-01,error,,invalid_request,"400 Client Error: Bad Request for url: https://ewds.climate.copernicus.eu/api/retrieve/v1/processes/cems-glofas-historical/execution
invalid request
Request has not produced a valid combination of values, please check your selection.
{'system_version': ['version_3_1'], 'hydrological_model': ['htessel_lisflood'], 'product_type': ['consolidated'], 'variable': ['river_discharge_in_the_last_24_hours'], 'data_format': ['grib'], 'area': ['37.2443931', '-122.272464', '36.8443931', '-121.872464'], 'hyear': ['1979'], 'hmonth': ['01'], 'hday': ['01']}",repro/glofas_coverage_scan_runs/scan_20260216T015036Z/downloads/historical/P1__historical__version_3_1__htessel_lisflood__consolidated/1979-01-01.zip,"{""area"": [37.2443931, -122.272464, 36.8443931, -121.872464], ""data_format"": ""grib2"", ""download_format"": ""zip"", ""hday"": [""01""], ""hmonth"": [""01""], ""hydrological_model"": [""htessel_lisflood""], ""hyear"": [""1979""], ""product_type"": [""consolidated""], ""system_version"": [""version_3_1""], ""variable"": [""river_discharge_in_the_last_24_hours""]}"
2026-02-16T01:50:41Z,scan_20260216T015036Z,historical,P1,P1__historical__version_3_1__htessel_lisflood__consolidated,cems-glofas-historical,version_3_1,htessel_lisflood,consolidated,2026-02-15,error,,invalid_request,"400 Client Error: Bad Request for url: https://ewds.climate.copernicus.eu/api/retrieve/v1/processes/cems-glofas-historical/execution
invalid request
Request has not produced a valid combination of values, please check your selection.
{'system_version': ['version_3_1'], 'hydrological_model': ['htessel_lisflood'], 'product_type': ['consolidated'], 'variable': ['river_discharge_in_the_last_24_hours'], 'data_format': ['grib'], 'area': ['37.2443931', '-122.272464', '36.8443931', '-121.872464'], 'hyear': ['2026'], 'hmonth': ['02'], 'hday': ['15']}",repro/glofas_coverage_scan_runs/scan_20260216T015036Z/downloads/historical/P1__historical__version_3_1__htessel_lisflood__consolidated/2026-02-15.zip,"{""area"": [37.2443931, -122.272464, 36.8443931, -121.872464], ""data_format"": ""grib2"", ""download_format"": ""zip"", ""hday"": [""15""], ""hmonth"": [""02""], ""hydrological_model"": [""htessel_lisflood""], ""hyear"": [""2026""], ""product_type"": [""consolidated""], ""system_version"": [""version_3_1""], ""variable"": [""river_discharge_in_the_last_24_hours""]}"
2026-02-16T01:50:42Z,scan_20260216T015036Z,historical,P1,P1__historical__version_3_1__htessel_lisflood__consolidated,cems-glofas-historical,version_3_1,htessel_lisflood,consolidated,2002-07-25,error,,invalid_request,"400 Client Error: Bad Request for url: https://ewds.climate.copernicus.eu/api/retrieve/v1/processes/cems-glofas-historical/execution
invalid request
Request has not produced a valid combination of values, please check your selection.
{'system_version': ['version_3_1'], 'hydrological_model': ['htessel_lisflood'], 'product_type': ['consolidated'], 'variable': ['river_discharge_in_the_last_24_hours'], 'data_format': ['grib'], 'area': ['37.2443931', '-122.272464', '36.8443931', '-121.872464'], 'hyear': ['2002'], 'hmonth': ['07'], 'hday': ['25']}",repro/glofas_coverage_scan_runs/scan_20260216T015036Z/downloads/historical/P1__historical__version_3_1__htessel_lisflood__consolidated/2002-07-25.zip,"{""area"": [37.2443931, -122.272464, 36.8443931, -121.872464], ""data_format"": ""grib2"", ""download_format"": ""zip"", ""hday"": [""25""], ""hmonth"": [""07""], ""hydrological_model"": [""htessel_lisflood""], ""hyear"": [""2002""], ""product_type"": [""consolidated""], ""system_version"": [""version_3_1""], ""variable"": [""river_discharge_in_the_last_24_hours""]}"
2026-02-16T01:50:43Z,scan_20260216T015036Z,historical,P1,P1__historical__version_3_1__htessel_lisflood__consolidated,cems-glofas-historical,version_3_1,htessel_lisflood,consolidated,1979-04-01,error,,invalid_request,"400 Client Error: Bad Request for url: https://ewds.climate.copernicus.eu/api/retrieve/v1/processes/cems-glofas-historical/execution
invalid request
Request has not produced a valid combination of values, please check your selection.
{'system_version': ['version_3_1'], 'hydrological_model': ['htessel_lisflood'], 'product_type': ['consolidated'], 'variable': ['river_discharge_in_the_last_24_hours'], 'data_format': ['grib'], 'area': ['37.2443931', '-122.272464', '36.8443931', '-121.872464'], 'hyear': ['1979'], 'hmonth': ['04'], 'hday': ['01']}",repro/glofas_coverage_scan_runs/scan_20260216T015036Z/downloads/historical/P1__historical__version_3_1__htessel_lisflood__consolidated/1979-04-01.zip,"{""area"": [37.2443931, -122.272464, 36.8443931, -121.872464], ""data_format"": ""grib2"", ""download_format"": ""zip"", ""hday"": [""01""], ""hmonth"": [""04""], ""hydrological_model"": [""htessel_lisflood""], ""hyear"": [""1979""], ""product_type"": [""consolidated""], ""system_version"": [""version_3_1""], ""variable"": [""river_discharge_in_the_last_24_hours""]}"
2026-02-16T01:50:45Z,scan_20260216T015036Z,historical,P1,P1__historical__version_3_1__htessel_lisflood__consolidated,cems-glofas-historical,version_3_1,htessel_lisflood,consolidated,1979-06-30,error,,invalid_request,"400 Client Error: Bad Request for url: https://ewds.climate.copernicus.eu/api/retrieve/v1/processes/cems-glofas-historical/execution
invalid request
Request has not produced a valid combination of values, please check your selection.
{'system_version': ['version_3_1'], 'hydrological_model': ['htessel_lisflood'], 'product_type': ['consolidated'], 'variable': ['river_discharge_in_the_last_24_hours'], 'data_format': ['grib'], 'area': ['37.2443931', '-122.272464', '36.8443931', '-121.872464'], 'hyear': ['1979'], 'hmonth': ['06'], 'hday': ['30']}",repro/glofas_coverage_scan_runs/scan_20260216T015036Z/downloads/historical/P1__historical__version_3_1__htessel_lisflood__consolidated/1979-06-30.zip,"{""area"": [37.2443931, -122.272464, 36.8443931, -121.872464], ""data_format"": ""grib2"", ""download_format"": ""zip"", ""hday"": [""30""], ""hmonth"": [""06""], ""hydrological_model"": [""htessel_lisflood""], ""hyear"": [""1979""], ""product_type"": [""consolidated""], ""system_version"": [""version_3_1""], ""variable"": [""river_discharge_in_the_last_24_hours""]}"
2026-02-16T01:50:46Z,scan_20260216T015036Z,historical,P1,P1__historical__version_3_1__htessel_lisflood__consolidated,cems-glofas-historical,version_3_1,htessel_lisflood,consolidated,1979-09-28,error,,invalid_request,"400 Client Error: Bad Request for url: https://ewds.climate.copernicus.eu/api/retrieve/v1/processes/cems-glofas-historical/execution
invalid request
Request has not produced a valid combination of values, please check your selection.
{'system_version': ['version_3_1'], 'hydrological_model': ['htessel_lisflood'], 'product_type': ['consolidated'], 'variable': ['river_discharge_in_the_last_24_hours'], 'data_format': ['grib'], 'area': ['37.2443931', '-122.272464', '36.8443931', '-121.872464'], 'hyear': ['1979'], 'hmonth': ['09'], 'hday': ['28']}",repro/glofas_coverage_scan_runs/scan_20260216T015036Z/downloads/historical/P1__historical__version_3_1__htessel_lisflood__consolidated/1979-09-28.zip,"{""area"": [37.2443931, -122.272464, 36.8443931, -121.872464], ""data_format"": ""grib2"", ""download_format"": ""zip"", ""hday"": [""28""], ""hmonth"": [""09""], ""hydrological_model"": [""htessel_lisflood""], ""hyear"": [""1979""], ""product_type"": [""consolidated""], ""system_version"": [""version_3_1""], ""variable"": [""river_discharge_in_the_last_24_hours""]}"
2026-02-16T01:50:47Z,scan_20260216T015036Z,historical,P1,P1__historical__version_3_1__htessel_lisflood__intermediate,cems-glofas-historical,version_3_1,htessel_lisflood,intermediate,2021-06-15,error,,invalid_request,"400 Client Error: Bad Request for url: https://ewds.climate.copernicus.eu/api/retrieve/v1/processes/cems-glofas-historical/execution
invalid request
Request has not produced a valid combination of values, please check your selection.
{'system_version': ['version_3_1'], 'hydrological_model': ['htessel_lisflood'], 'product_type': ['intermediate'], 'variable': ['river_discharge_in_the_last_24_hours'], 'data_format': ['grib'], 'area': ['37.2443931', '-122.272464', '36.8443931', '-121.872464'], 'hyear': ['2021'], 'hmonth': ['06'], 'hday': ['15']}",repro/glofas_coverage_scan_runs/scan_20260216T015036Z/downloads/historical/P1__historical__version_3_1__htessel_lisflood__intermediate/2021-06-15.zip,"{""area"": [37.2443931, -122.272464, 36.8443931, -121.872464], ""data_format"": ""grib2"", ""download_format"": ""zip"", ""hday"": [""15""], ""hmonth"": [""06""], ""hydrological_model"": [""htessel_lisflood""], ""hyear"": [""2021""], ""product_type"": [""intermediate""], ""system_version"": [""version_3_1""], ""variable"": [""river_discharge_in_the_last_24_hours""]}"
2026-02-16T01:50:48Z,scan_20260216T015036Z,historical,P1,P1__historical__version_3_1__htessel_lisflood__intermediate,cems-glofas-historical,version_3_1,htessel_lisflood,intermediate,2021-05-26,error,,invalid_request,"400 Client Error: Bad Request for url: https://ewds.climate.copernicus.eu/api/retrieve/v1/processes/cems-glofas-historical/execution
invalid request
Request has not produced a valid combination of values, please check your selection.
{'system_version': ['version_3_1'], 'hydrological_model': ['htessel_lisflood'], 'product_type': ['intermediate'], 'variable': ['river_discharge_in_the_last_24_hours'], 'data_format': ['grib'], 'area': ['37.2443931', '-122.272464', '36.8443931', '-121.872464'], 'hyear': ['2021'], 'hmonth': ['05'], 'hday': ['26']}",repro/glofas_coverage_scan_runs/scan_20260216T015036Z/downloads/historical/P1__historical__version_3_1__htessel_lisflood__intermediate/2021-05-26.zip,"{""area"": [37.2443931, -122.272464, 36.8443931, -121.872464], ""data_format"": ""grib2"", ""download_format"": ""zip"", ""hday"": [""26""], ""hmonth"": [""05""], ""hydrological_model"": [""htessel_lisflood""], ""hyear"": [""2021""], ""product_type"": [""intermediate""], ""system_version"": [""version_3_1""], ""variable"": [""river_discharge_in_the_last_24_hours""]}"
2026-02-16T01:50:49Z,scan_20260216T015036Z,historical,P1,P1__historical__version_3_1__htessel_lisflood__intermediate,cems-glofas-historical,version_3_1,htessel_lisflood,intermediate,1979-01-01,error,,invalid_request,"400 Client Error: Bad Request for url: https://ewds.climate.copernicus.eu/api/retrieve/v1/processes/cems-glofas-historical/execution
invalid request
Request has not produced a valid combination of values, please check your selection.
{'system_version': ['version_3_1'], 'hydrological_model': ['htessel_lisflood'], 'product_type': ['intermediate'], 'variable': ['river_discharge_in_the_last_24_hours'], 'data_format': ['grib'], 'area': ['37.2443931', '-122.272464', '36.8443931', '-121.872464'], 'hyear': ['1979'], 'hmonth': ['01'], 'hday': ['01']}",repro/glofas_coverage_scan_runs/scan_20260216T015036Z/downloads/historical/P1__historical__version_3_1__htessel_lisflood__intermediate/1979-01-01.zip,"{""area"": [37.2443931, -122.272464, 36.8443931, -121.872464], ""data_format"": ""grib2"", ""download_format"": ""zip"", ""hday"": [""01""], ""hmonth"": [""01""], ""hydrological_model"": [""htessel_lisflood""], ""hyear"": [""1979""], ""product_type"": [""intermediate""], ""system_version"": [""version_3_1""], ""variable"": [""river_discharge_in_the_last_24_hours""]}"
2026-02-16T01:50:50Z,scan_20260216T015036Z,historical,P1,P1__historical__version_3_1__htessel_lisflood__intermediate,cems-glofas-historical,version_3_1,htessel_lisflood,intermediate,2026-02-15,error,,invalid_request,"400 Client Error: Bad Request for url: https://ewds.climate.copernicus.eu/api/retrieve/v1/processes/cems-glofas-historical/execution
invalid request
Request has not produced a valid combination of values, please check your selection.
{'system_version': ['version_3_1'], 'hydrological_model': ['htessel_lisflood'], 'product_type': ['intermediate'], 'variable': ['river_discharge_in_the_last_24_hours'], 'data_format': ['grib'], 'area': ['37.2443931', '-122.272464', '36.8443931', '-121.872464'], 'hyear': ['2026'], 'hmonth': ['02'], 'hday': ['15']}",repro/glofas_coverage_scan_runs/scan_20260216T015036Z/downloads/historical/P1__historical__version_3_1__htessel_lisflood__intermediate/2026-02-15.zip,"{""area"": [37.2443931, -122.272464, 36.8443931, -121.872464], ""data_format"": ""grib2"", ""download_format"": ""zip"", ""hday"": [""15""], ""hmonth"": [""02""], ""hydrological_model"": [""htessel_lisflood""], ""hyear"": [""2026""], ""product_type"": [""intermediate""], ""system_version"": [""version_3_1""], ""variable"": [""river_discharge_in_the_last_24_hours""]}"
2026-02-16T01:50:51Z,scan_20260216T015036Z,historical,P1,P1__historical__version_3_1__htessel_lisflood__intermediate,cems-glofas-historical,version_3_1,htessel_lisflood,intermediate,2002-07-25,error,,invalid_request,"400 Client Error: Bad Request for url: https://ewds.climate.copernicus.eu/api/retrieve/v1/processes/cems-glofas-historical/execution
invalid request
Request has not produced a valid combination of values, please check your selection.
{'system_version': ['version_3_1'], 'hydrological_model': ['htessel_lisflood'], 'product_type': ['intermediate'], 'variable': ['river_discharge_in_the_last_24_hours'], 'data_format': ['grib'], 'area': ['37.2443931', '-122.272464', '36.8443931', '-121.872464'], 'hyear': ['2002'], 'hmonth': ['07'], 'hday': ['25']}",repro/glofas_coverage_scan_runs/scan_20260216T015036Z/downloads/historical/P1__historical__version_3_1__htessel_lisflood__intermediate/2002-07-25.zip,"{""area"": [37.2443931, -122.272464, 36.8443931, -121.872464], ""data_format"": ""grib2"", ""download_format"": ""zip"", ""hday"": [""25""], ""hmonth"": [""07""], ""hydrological_model"": [""htessel_lisflood""], ""hyear"": [""2002""], ""product_type"": [""intermediate""], ""system_version"": [""version_3_1""], ""variable"": [""river_discharge_in_the_last_24_hours""]}"
2026-02-16T01:50:53Z,scan_20260216T015036Z,historical,P1,P1__historical__version_3_1__htessel_lisflood__intermediate,cems-glofas-historical,version_3_1,htessel_lisflood,intermediate,1979-04-01,error,,invalid_request,"400 Client Error: Bad Request for url: https://ewds.climate.copernicus.eu/api/retrieve/v1/processes/cems-glofas-historical/execution
invalid request
Request has not produced a valid combination of values, please check your selection.
{'system_version': ['version_3_1'], 'hydrological_model': ['htessel_lisflood'], 'product_type': ['intermediate'], 'variable': ['river_discharge_in_the_last_24_hours'], 'data_format': ['grib'], 'area': ['37.2443931', '-122.272464', '36.8443931', '-121.872464'], 'hyear': ['1979'], 'hmonth': ['04'], 'hday': ['01']}",repro/glofas_coverage_scan_runs/scan_20260216T015036Z/downloads/historical/P1__historical__version_3_1__htessel_lisflood__intermediate/1979-04-01.zip,"{""area"": [37.2443931, -122.272464, 36.8443931, -121.872464], ""data_format"": ""grib2"", ""download_format"": ""zip"", ""hday"": [""01""], ""hmonth"": [""04""], ""hydrological_model"": [""htessel_lisflood""], ""hyear"": [""1979""], ""product_type"": [""intermediate""], ""system_version"": [""version_3_1""], ""variable"": [""river_discharge_in_the_last_24_hours""]}"
2026-02-16T01:50:54Z,scan_20260216T015036Z,historical,P1,P1__historical__version_3_1__htessel_lisflood__intermediate,cems-glofas-historical,version_3_1,htessel_lisflood,intermediate,1979-06-30,error,,invalid_request,"400 Client Error: Bad Request for url: https://ewds.climate.copernicus.eu/api/retrieve/v1/processes/cems-glofas-historical/execution
invalid request
Request has not produced a valid combination of values, please check your selection.
{'system_version': ['version_3_1'], 'hydrological_model': ['htessel_lisflood'], 'product_type': ['intermediate'], 'variable': ['river_discharge_in_the_last_24_hours'], 'data_format': ['grib'], 'area': ['37.2443931', '-122.272464', '36.8443931', '-121.872464'], 'hyear': ['1979'], 'hmonth': ['06'], 'hday': ['30']}",repro/glofas_coverage_scan_runs/scan_20260216T015036Z/downloads/historical/P1__historical__version_3_1__htessel_lisflood__intermediate/1979-06-30.zip,"{""area"": [37.2443931, -122.272464, 36.8443931, -121.872464], ""data_format"": ""grib2"", ""download_format"": ""zip"", ""hday"": [""30""], ""hmonth"": [""06""], ""hydrological_model"": [""htessel_lisflood""], ""hyear"": [""1979""], ""product_type"": [""intermediate""], ""system_version"": [""version_3_1""], ""variable"": [""river_discharge_in_the_last_24_hours""]}"
2026-02-16T01:50:55Z,scan_20260216T015036Z,historical,P1,P1__historical__version_3_1__htessel_lisflood__intermediate,cems-glofas-historical,version_3_1,htessel_lisflood,intermediate,1979-09-28,error,,invalid_request,"400 Client Error: Bad Request for url: https://ewds.climate.copernicus.eu/api/retrieve/v1/processes/cems-glofas-historical/execution
invalid request
Request has not produced a valid combination of values, please check your selection.
{'system_version': ['version_3_1'], 'hydrological_model': ['htessel_lisflood'], 'product_type': ['intermediate'], 'variable': ['river_discharge_in_the_last_24_hours'], 'data_format': ['grib'], 'area': ['37.2443931', '-122.272464', '36.8443931', '-121.872464'], 'hyear': ['1979'], 'hmonth': ['09'], 'hday': ['28']}",repro/glofas_coverage_scan_runs/scan_20260216T015036Z/downloads/historical/P1__historical__version_3_1__htessel_lisflood__intermediate/1979-09-28.zip,"{""area"": [37.2443931, -122.272464, 36.8443931, -121.872464], ""data_format"": ""grib2"", ""download_format"": ""zip"", ""hday"": [""28""], ""hmonth"": [""09""], ""hydrological_model"": [""htessel_lisflood""], ""hyear"": [""1979""], ""product_type"": [""intermediate""], ""system_version"": [""version_3_1""], ""variable"": [""river_discharge_in_the_last_24_hours""]}"
2026-02-16T01:51:12Z,scan_20260216T015036Z,historical,P1,P1__historical__version_3_1__lisflood__consolidated,cems-glofas-historical,version_3_1,lisflood,consolidated,2021-06-15,ok,291,,,repro/glofas_coverage_scan_runs/scan_20260216T015036Z/downloads/historical/P1__historical__version_3_1__lisflood__consolidated/2021-06-15.zip,"{""area"": [37.2443931, -122.272464, 36.8443931, -121.872464], ""data_format"": ""grib2"", ""download_format"": ""zip"", ""hday"": [""15""], ""hmonth"": [""06""], ""hydrological_model"": [""lisflood""], ""hyear"": [""2021""], ""product_type"": [""consolidated""], ""system_version"": [""version_3_1""], ""variable"": [""river_discharge_in_the_last_24_hours""]}"
2026-02-16T01:51:29Z,scan_20260216T015036Z,historical,P1,P1__historical__version_3_1__lisflood__consolidated,cems-glofas-historical,version_3_1,lisflood,consolidated,2021-06-14,ok,286,,,repro/glofas_coverage_scan_runs/scan_20260216T015036Z/downloads/historical/P1__historical__version_3_1__lisflood__consolidated/2021-06-14.zip,"{""area"": [37.2443931, -122.272464, 36.8443931, -121.872464], ""data_format"": ""grib2"", ""download_format"": ""zip"", ""hday"": [""14""], ""hmonth"": [""06""], ""hydrological_model"": [""lisflood""], ""hyear"": [""2021""], ""product_type"": [""consolidated""], ""system_version"": [""version_3_1""], ""variable"": [""river_discharge_in_the_last_24_hours""]}"
2026-02-16T01:51:56Z,scan_20260216T015036Z,historical,P1,P1__historical__version_3_1__lisflood__consolidated,cems-glofas-historical,version_3_1,lisflood,consolidated,2021-06-12,ok,289,,,repro/glofas_coverage_scan_runs/scan_20260216T015036Z/downloads/historical/P1__historical__version_3_1__lisflood__consolidated/2021-06-12.zip,"{""area"": [37.2443931, -122.272464, 36.8443931, -121.872464], ""data_format"": ""grib2"", ""download_format"": ""zip"", ""hday"": [""12""], ""hmonth"": [""06""], ""hydrological_model"": [""lisflood""], ""hyear"": [""2021""], ""product_type"": [""consolidated""], ""system_version"": [""version_3_1""], ""variable"": [""river_discharge_in_the_last_24_hours""]}"
2026-02-16T01:52:19Z,scan_20260216T015036Z,historical,P1,P1__historical__version_3_1__lisflood__consolidated,cems-glofas-historical,version_3_1,lisflood,consolidated,2021-06-08,ok,288,,,repro/glofas_coverage_scan_runs/scan_20260216T015036Z/downloads/historical/P1__historical__version_3_1__lisflood__consolidated/2021-06-08.zip,"{""area"": [37.2443931, -122.272464, 36.8443931, -121.872464], ""data_format"": ""grib2"", ""download_format"": ""zip"", ""hday"": [""08""], ""hmonth"": [""06""], ""hydrological_model"": [""lisflood""], ""hyear"": [""2021""], ""product_type"": [""consolidated""], ""system_version"": [""version_3_1""], ""variable"": [""river_discharge_in_the_last_24_hours""]}"
2026-02-16T01:52:56Z,scan_20260216T015036Z,historical,P1,P1__historical__version_3_1__lisflood__consolidated,cems-glofas-historical,version_3_1,lisflood,consolidated,2021-05-31,ok,286,,,repro/glofas_coverage_scan_runs/scan_20260216T015036Z/downloads/historical/P1__historical__version_3_1__lisflood__consolidated/2021-05-31.zip,"{""area"": [37.2443931, -122.272464, 36.8443931, -121.872464], ""data_format"": ""grib2"", ""download_format"": ""zip"", ""hday"": [""31""], ""hmonth"": [""05""], ""hydrological_model"": [""lisflood""], ""hyear"": [""2021""], ""product_type"": [""consolidated""], ""system_version"": [""version_3_1""], ""variable"": [""river_discharge_in_the_last_24_hours""]}"
2026-02-16T01:53:19Z,scan_20260216T015036Z,historical,P1,P1__historical__version_3_1__lisflood__consolidated,cems-glofas-historical,version_3_1,lisflood,consolidated,2021-05-15,ok,290,,,repro/glofas_coverage_scan_runs/scan_20260216T015036Z/downloads/historical/P1__historical__version_3_1__lisflood__consolidated/2021-05-15.zip,"{""area"": [37.2443931, -122.272464, 36.8443931, -121.872464], ""data_format"": ""grib2"", ""download_format"": ""zip"", ""hday"": [""15""], ""hmonth"": [""05""], ""hydrological_model"": [""lisflood""], ""hyear"": [""2021""], ""product_type"": [""consolidated""], ""system_version"": [""version_3_1""], ""variable"": [""river_discharge_in_the_last_24_hours""]}"
2026-02-16T01:53:41Z,scan_20260216T015036Z,historical,P1,P1__historical__version_3_1__lisflood__consolidated,cems-glofas-historical,version_3_1,lisflood,consolidated,2021-04-13,ok,292,,,repro/glofas_coverage_scan_runs/scan_20260216T015036Z/downloads/historical/P1__historical__version_3_1__lisflood__consolidated/2021-04-13.zip,"{""area"": [37.2443931, -122.272464, 36.8443931, -121.872464], ""data_format"": ""grib2"", ""download_format"": ""zip"", ""hday"": [""13""], ""hmonth"": [""04""], ""hydrological_model"": [""lisflood""], ""hyear"": [""2021""], ""product_type"": [""consolidated""], ""system_version"": [""version_3_1""], ""variable"": [""river_discharge_in_the_last_24_hours""]}"
2026-02-16T01:54:08Z,scan_20260216T015036Z,historical,P1,P1__historical__version_3_1__lisflood__consolidated,cems-glofas-historical,version_3_1,lisflood,consolidated,2021-02-08,ok,297,,,repro/glofas_coverage_scan_runs/scan_20260216T015036Z/downloads/historical/P1__historical__version_3_1__lisflood__consolidated/2021-02-08.zip,"{""area"": [37.2443931, -122.272464, 36.8443931, -121.872464], ""data_format"": ""grib2"", ""download_format"": ""zip"", ""hday"": [""08""], ""hmonth"": [""02""], ""hydrological_model"": [""lisflood""], ""hyear"": [""2021""], ""product_type"": [""consolidated""], ""system_version"": [""version_3_1""], ""variable"": [""river_discharge_in_the_last_24_hours""]}"
2026-02-16T01:54:31Z,scan_20260216T015036Z,historical,P1,P1__historical__version_3_1__lisflood__intermediate,cems-glofas-historical,version_3_1,lisflood,intermediate,2021-06-15,ok,291,,,repro/glofas_coverage_scan_runs/scan_20260216T015036Z/downloads/historical/P1__historical__version_3_1__lisflood__intermediate/2021-06-15.zip,"{""area"": [37.2443931, -122.272464, 36.8443931, -121.872464], ""data_format"": ""grib2"", ""download_format"": ""zip"", ""hday"": [""15""], ""hmonth"": [""06""], ""hydrological_model"": [""lisflood""], ""hyear"": [""2021""], ""product_type"": [""intermediate""], ""system_version"": [""version_3_1""], ""variable"": [""river_discharge_in_the_last_24_hours""]}"
2026-02-16T01:54:54Z,scan_20260216T015036Z,historical,P1,P1__historical__version_3_1__lisflood__intermediate,cems-glofas-historical,version_3_1,lisflood,intermediate,2021-06-14,ok,286,,,repro/glofas_coverage_scan_runs/scan_20260216T015036Z/downloads/historical/P1__historical__version_3_1__lisflood__intermediate/2021-06-14.zip,"{""area"": [37.2443931, -122.272464, 36.8443931, -121.872464], ""data_format"": ""grib2"", ""download_format"": ""zip"", ""hday"": [""14""], ""hmonth"": [""06""], ""hydrological_model"": [""lisflood""], ""hyear"": [""2021""], ""product_type"": [""intermediate""], ""system_version"": [""version_3_1""], ""variable"": [""river_discharge_in_the_last_24_hours""]}"
2026-02-16T01:55:26Z,scan_20260216T015036Z,historical,P1,P1__historical__version_3_1__lisflood__intermediate,cems-glofas-historical,version_3_1,lisflood,intermediate,2021-06-12,ok,289,,,repro/glofas_coverage_scan_runs/scan_20260216T015036Z/downloads/historical/P1__historical__version_3_1__lisflood__intermediate/2021-06-12.zip,"{""area"": [37.2443931, -122.272464, 36.8443931, -121.872464], ""data_format"": ""grib2"", ""download_format"": ""zip"", ""hday"": [""12""], ""hmonth"": [""06""], ""hydrological_model"": [""lisflood""], ""hyear"": [""2021""], ""product_type"": [""intermediate""], ""system_version"": [""version_3_1""], ""variable"": [""river_discharge_in_the_last_24_hours""]}"
2026-02-16T01:55:54Z,scan_20260216T015036Z,historical,P1,P1__historical__version_3_1__lisflood__intermediate,cems-glofas-historical,version_3_1,lisflood,intermediate,2021-06-08,ok,288,,,repro/glofas_coverage_scan_runs/scan_20260216T015036Z/downloads/historical/P1__historical__version_3_1__lisflood__intermediate/2021-06-08.zip,"{""area"": [37.2443931, -122.272464, 36.8443931, -121.872464], ""data_format"": ""grib2"", ""download_format"": ""zip"", ""hday"": [""08""], ""hmonth"": [""06""], ""hydrological_model"": [""lisflood""], ""hyear"": [""2021""], ""product_type"": [""intermediate""], ""system_version"": [""version_3_1""], ""variable"": [""river_discharge_in_the_last_24_hours""]}"
2026-02-16T01:56:54Z,scan_20260216T015036Z,historical,P1,P1__historical__version_3_1__lisflood__intermediate,cems-glofas-historical,version_3_1,lisflood,intermediate,2021-05-31,error,,timeout,timeout after 60s,repro/glofas_coverage_scan_runs/scan_20260216T015036Z/downloads/historical/P1__historical__version_3_1__lisflood__intermediate/2021-05-31.zip,"{""area"": [37.2443931, -122.272464, 36.8443931, -121.872464], ""data_format"": ""grib2"", ""download_format"": ""zip"", ""hday"": [""31""], ""hmonth"": [""05""], ""hydrological_model"": [""lisflood""], ""hyear"": [""2021""], ""product_type"": [""intermediate""], ""system_version"": [""version_3_1""], ""variable"": [""river_discharge_in_the_last_24_hours""]}"
2026-02-16T01:57:11Z,scan_20260216T015036Z,historical,P1,P1__historical__version_3_1__lisflood__intermediate,cems-glofas-historical,version_3_1,lisflood,intermediate,2021-06-04,ok,285,,,repro/glofas_coverage_scan_runs/scan_20260216T015036Z/downloads/historical/P1__historical__version_3_1__lisflood__intermediate/2021-06-04.zip,"{""area"": [37.2443931, -122.272464, 36.8443931, -121.872464], ""data_format"": ""grib2"", ""download_format"": ""zip"", ""hday"": [""04""], ""hmonth"": [""06""], ""hydrological_model"": [""lisflood""], ""hyear"": [""2021""], ""product_type"": [""intermediate""], ""system_version"": [""version_3_1""], ""variable"": [""river_discharge_in_the_last_24_hours""]}"
2026-02-16T01:58:11Z,scan_20260216T015036Z,historical,P1,P1__historical__version_3_1__lisflood__intermediate,cems-glofas-historical,version_3_1,lisflood,intermediate,2021-06-02,error,,timeout,timeout after 60s,repro/glofas_coverage_scan_runs/scan_20260216T015036Z/downloads/historical/P1__historical__version_3_1__lisflood__intermediate/2021-06-02.zip,"{""area"": [37.2443931, -122.272464, 36.8443931, -121.872464], ""data_format"": ""grib2"", ""download_format"": ""zip"", ""hday"": [""02""], ""hmonth"": [""06""], ""hydrological_model"": [""lisflood""], ""hyear"": [""2021""], ""product_type"": [""intermediate""], ""system_version"": [""version_3_1""], ""variable"": [""river_discharge_in_the_last_24_hours""]}"
2026-02-16T01:59:11Z,scan_20260216T015036Z,historical,P1,P1__historical__version_3_1__lisflood__intermediate,cems-glofas-historical,version_3_1,lisflood,intermediate,2021-06-03,error,,timeout,timeout after 60s,repro/glofas_coverage_scan_runs/scan_20260216T015036Z/downloads/historical/P1__historical__version_3_1__lisflood__intermediate/2021-06-03.zip,"{""area"": [37.2443931, -122.272464, 36.8443931, -121.872464], ""data_format"": ""grib2"", ""download_format"": ""zip"", ""hday"": [""03""], ""hmonth"": [""06""], ""hydrological_model"": [""lisflood""], ""hyear"": [""2021""], ""product_type"": [""intermediate""], ""system_version"": [""version_3_1""], ""variable"": [""river_discharge_in_the_last_24_hours""]}"
2026-02-16T01:59:12Z,scan_20260216T015036Z,historical,P2,P2__historical__version_4_0__htessel_lisflood__consolidated,cems-glofas-historical,version_4_0,htessel_lisflood,consolidated,2023-03-27,error,,invalid_request,"400 Client Error: Bad Request for url: https://ewds.climate.copernicus.eu/api/retrieve/v1/processes/cems-glofas-historical/execution
invalid request
Request has not produced a valid combination of values, please check your selection.
{'system_version': ['version_4_0'], 'hydrological_model': ['htessel_lisflood'], 'product_type': ['consolidated'], 'variable': ['river_discharge_in_the_last_24_hours'], 'data_format': ['grib'], 'area': ['37.2443931', '-122.272464', '36.8443931', '-121.872464'], 'hyear': ['2023'], 'hmonth': ['03'], 'hday': ['27']}",repro/glofas_coverage_scan_runs/scan_20260216T015036Z/downloads/historical/P2__historical__version_4_0__htessel_lisflood__consolidated/2023-03-27.zip,"{""area"": [37.2443931, -122.272464, 36.8443931, -121.872464], ""data_format"": ""grib2"", ""download_format"": ""zip"", ""hday"": [""27""], ""hmonth"": [""03""], ""hydrological_model"": [""htessel_lisflood""], ""hyear"": [""2023""], ""product_type"": [""consolidated""], ""system_version"": [""version_4_0""], ""variable"": [""river_discharge_in_the_last_24_hours""]}"
2026-02-16T01:59:14Z,scan_20260216T015036Z,historical,P2,P2__historical__version_4_0__htessel_lisflood__consolidated,cems-glofas-historical,version_4_0,htessel_lisflood,consolidated,2021-01-04,error,,invalid_request,"400 Client Error: Bad Request for url: https://ewds.climate.copernicus.eu/api/retrieve/v1/processes/cems-glofas-historical/execution
invalid request
Request has not produced a valid combination of values, please check your selection.
{'system_version': ['version_4_0'], 'hydrological_model': ['htessel_lisflood'], 'product_type': ['consolidated'], 'variable': ['river_discharge_in_the_last_24_hours'], 'data_format': ['grib'], 'area': ['37.2443931', '-122.272464', '36.8443931', '-121.872464'], 'hyear': ['2021'], 'hmonth': ['01'], 'hday': ['04']}",repro/glofas_coverage_scan_runs/scan_20260216T015036Z/downloads/historical/P2__historical__version_4_0__htessel_lisflood__consolidated/2021-01-04.zip,"{""area"": [37.2443931, -122.272464, 36.8443931, -121.872464], ""data_format"": ""grib2"", ""download_format"": ""zip"", ""hday"": [""04""], ""hmonth"": [""01""], ""hydrological_model"": [""htessel_lisflood""], ""hyear"": [""2021""], ""product_type"": [""consolidated""], ""system_version"": [""version_4_0""], ""variable"": [""river_discharge_in_the_last_24_hours""]}"
2026-02-16T01:59:15Z,scan_20260216T015036Z,historical,P2,P2__historical__version_4_0__htessel_lisflood__consolidated,cems-glofas-historical,version_4_0,htessel_lisflood,consolidated,1979-01-01,error,,invalid_request,"400 Client Error: Bad Request for url: https://ewds.climate.copernicus.eu/api/retrieve/v1/processes/cems-glofas-historical/execution
invalid request
Request has not produced a valid combination of values, please check your selection.
{'system_version': ['version_4_0'], 'hydrological_model': ['htessel_lisflood'], 'product_type': ['consolidated'], 'variable': ['river_discharge_in_the_last_24_hours'], 'data_format': ['grib'], 'area': ['37.2443931', '-122.272464', '36.8443931', '-121.872464'], 'hyear': ['1979'], 'hmonth': ['01'], 'hday': ['01']}",repro/glofas_coverage_scan_runs/scan_20260216T015036Z/downloads/historical/P2__historical__version_4_0__htessel_lisflood__consolidated/1979-01-01.zip,"{""area"": [37.2443931, -122.272464, 36.8443931, -121.872464], ""data_format"": ""grib2"", ""download_format"": ""zip"", ""hday"": [""01""], ""hmonth"": [""01""], ""hydrological_model"": [""htessel_lisflood""], ""hyear"": [""1979""], ""product_type"": [""consolidated""], ""system_version"": [""version_4_0""], ""variable"": [""river_discharge_in_the_last_24_hours""]}"
2026-02-16T01:59:16Z,scan_20260216T015036Z,historical,P2,P2__historical__version_4_0__htessel_lisflood__consolidated,cems-glofas-historical,version_4_0,htessel_lisflood,consolidated,2026-02-15,error,,invalid_request,"400 Client Error: Bad Request for url: https://ewds.climate.copernicus.eu/api/retrieve/v1/processes/cems-glofas-historical/execution
invalid request
Request has not produced a valid combination of values, please check your selection.
{'system_version': ['version_4_0'], 'hydrological_model': ['htessel_lisflood'], 'product_type': ['consolidated'], 'variable': ['river_discharge_in_the_last_24_hours'], 'data_format': ['grib'], 'area': ['37.2443931', '-122.272464', '36.8443931', '-121.872464'], 'hyear': ['2026'], 'hmonth': ['02'], 'hday': ['15']}",repro/glofas_coverage_scan_runs/scan_20260216T015036Z/downloads/historical/P2__historical__version_4_0__htessel_lisflood__consolidated/2026-02-15.zip,"{""area"": [37.2443931, -122.272464, 36.8443931, -121.872464], ""data_format"": ""grib2"", ""download_format"": ""zip"", ""hday"": [""15""], ""hmonth"": [""02""], ""hydrological_model"": [""htessel_lisflood""], ""hyear"": [""2026""], ""product_type"": [""consolidated""], ""system_version"": [""version_4_0""], ""variable"": [""river_discharge_in_the_last_24_hours""]}"
2026-02-16T01:59:17Z,scan_20260216T015036Z,historical,P2,P2__historical__version_4_0__htessel_lisflood__consolidated,cems-glofas-historical,version_4_0,htessel_lisflood,consolidated,2002-07-25,error,,invalid_request,"400 Client Error: Bad Request for url: https://ewds.climate.copernicus.eu/api/retrieve/v1/processes/cems-glofas-historical/execution
invalid request
Request has not produced a valid combination of values, please check your selection.
{'system_version': ['version_4_0'], 'hydrological_model': ['htessel_lisflood'], 'product_type': ['consolidated'], 'variable': ['river_discharge_in_the_last_24_hours'], 'data_format': ['grib'], 'area': ['37.2443931', '-122.272464', '36.8443931', '-121.872464'], 'hyear': ['2002'], 'hmonth': ['07'], 'hday': ['25']}",repro/glofas_coverage_scan_runs/scan_20260216T015036Z/downloads/historical/P2__historical__version_4_0__htessel_lisflood__consolidated/2002-07-25.zip,"{""area"": [37.2443931, -122.272464, 36.8443931, -121.872464], ""data_format"": ""grib2"", ""download_format"": ""zip"", ""hday"": [""25""], ""hmonth"": [""07""], ""hydrological_model"": [""htessel_lisflood""], ""hyear"": [""2002""], ""product_type"": [""consolidated""], ""system_version"": [""version_4_0""], ""variable"": [""river_discharge_in_the_last_24_hours""]}"
2026-02-16T01:59:18Z,scan_20260216T015036Z,historical,P2,P2__historical__version_4_0__htessel_lisflood__consolidated,cems-glofas-historical,version_4_0,htessel_lisflood,consolidated,1979-04-01,error,,invalid_request,"400 Client Error: Bad Request for url: https://ewds.climate.copernicus.eu/api/retrieve/v1/processes/cems-glofas-historical/execution
invalid request
Request has not produced a valid combination of values, please check your selection.
{'system_version': ['version_4_0'], 'hydrological_model': ['htessel_lisflood'], 'product_type': ['consolidated'], 'variable': ['river_discharge_in_the_last_24_hours'], 'data_format': ['grib'], 'area': ['37.2443931', '-122.272464', '36.8443931', '-121.872464'], 'hyear': ['1979'], 'hmonth': ['04'], 'hday': ['01']}",repro/glofas_coverage_scan_runs/scan_20260216T015036Z/downloads/historical/P2__historical__version_4_0__htessel_lisflood__consolidated/1979-04-01.zip,"{""area"": [37.2443931, -122.272464, 36.8443931, -121.872464], ""data_format"": ""grib2"", ""download_format"": ""zip"", ""hday"": [""01""], ""hmonth"": [""04""], ""hydrological_model"": [""htessel_lisflood""], ""hyear"": [""1979""], ""product_type"": [""consolidated""], ""system_version"": [""version_4_0""], ""variable"": [""river_discharge_in_the_last_24_hours""]}"
2026-02-16T01:59:19Z,scan_20260216T015036Z,historical,P2,P2__historical__version_4_0__htessel_lisflood__consolidated,cems-glofas-historical,version_4_0,htessel_lisflood,consolidated,1979-06-30,error,,invalid_request,"400 Client Error: Bad Request for url: https://ewds.climate.copernicus.eu/api/retrieve/v1/processes/cems-glofas-historical/execution
invalid request
Request has not produced a valid combination of values, please check your selection.
{'system_version': ['version_4_0'], 'hydrological_model': ['htessel_lisflood'], 'product_type': ['consolidated'], 'variable': ['river_discharge_in_the_last_24_hours'], 'data_format': ['grib'], 'area': ['37.2443931', '-122.272464', '36.8443931', '-121.872464'], 'hyear': ['1979'], 'hmonth': ['06'], 'hday': ['30']}",repro/glofas_coverage_scan_runs/scan_20260216T015036Z/downloads/historical/P2__historical__version_4_0__htessel_lisflood__consolidated/1979-06-30.zip,"{""area"": [37.2443931, -122.272464, 36.8443931, -121.872464], ""data_format"": ""grib2"", ""download_format"": ""zip"", ""hday"": [""30""], ""hmonth"": [""06""], ""hydrological_model"": [""htessel_lisflood""], ""hyear"": [""1979""], ""product_type"": [""consolidated""], ""system_version"": [""version_4_0""], ""variable"": [""river_discharge_in_the_last_24_hours""]}"
2026-02-16T01:59:21Z,scan_20260216T015036Z,historical,P2,P2__historical__version_4_0__htessel_lisflood__consolidated,cems-glofas-historical,version_4_0,htessel_lisflood,consolidated,1979-09-28,error,,invalid_request,"400 Client Error: Bad Request for url: https://ewds.climate.copernicus.eu/api/retrieve/v1/processes/cems-glofas-historical/execution
invalid request
Request has not produced a valid combination of values, please check your selection.
{'system_version': ['version_4_0'], 'hydrological_model': ['htessel_lisflood'], 'product_type': ['consolidated'], 'variable': ['river_discharge_in_the_last_24_hours'], 'data_format': ['grib'], 'area': ['37.2443931', '-122.272464', '36.8443931', '-121.872464'], 'hyear': ['1979'], 'hmonth': ['09'], 'hday': ['28']}",repro/glofas_coverage_scan_runs/scan_20260216T015036Z/downloads/historical/P2__historical__version_4_0__htessel_lisflood__consolidated/1979-09-28.zip,"{""area"": [37.2443931, -122.272464, 36.8443931, -121.872464], ""data_format"": ""grib2"", ""download_format"": ""zip"", ""hday"": [""28""], ""hmonth"": [""09""], ""hydrological_model"": [""htessel_lisflood""], ""hyear"": [""1979""], ""product_type"": [""consolidated""], ""system_version"": [""version_4_0""], ""variable"": [""river_discharge_in_the_last_24_hours""]}"
2026-02-16T01:59:22Z,scan_20260216T015036Z,historical,P2,P2__historical__version_4_0__htessel_lisflood__intermediate,cems-glofas-historical,version_4_0,htessel_lisflood,intermediate,2023-03-27,error,,invalid_request,"400 Client Error: Bad Request for url: https://ewds.climate.copernicus.eu/api/retrieve/v1/processes/cems-glofas-historical/execution
invalid request
Request has not produced a valid combination of values, please check your selection.
{'system_version': ['version_4_0'], 'hydrological_model': ['htessel_lisflood'], 'product_type': ['intermediate'], 'variable': ['river_discharge_in_the_last_24_hours'], 'data_format': ['grib'], 'area': ['37.2443931', '-122.272464', '36.8443931', '-121.872464'], 'hyear': ['2023'], 'hmonth': ['03'], 'hday': ['27']}",repro/glofas_coverage_scan_runs/scan_20260216T015036Z/downloads/historical/P2__historical__version_4_0__htessel_lisflood__intermediate/2023-03-27.zip,"{""area"": [37.2443931, -122.272464, 36.8443931, -121.872464], ""data_format"": ""grib2"", ""download_format"": ""zip"", ""hday"": [""27""], ""hmonth"": [""03""], ""hydrological_model"": [""htessel_lisflood""], ""hyear"": [""2023""], ""product_type"": [""intermediate""], ""system_version"": [""version_4_0""], ""variable"": [""river_discharge_in_the_last_24_hours""]}"
2026-02-16T01:59:23Z,scan_20260216T015036Z,historical,P2,P2__historical__version_4_0__htessel_lisflood__intermediate,cems-glofas-historical,version_4_0,htessel_lisflood,intermediate,2021-01-04,error,,invalid_request,"400 Client Error: Bad Request for url: https://ewds.climate.copernicus.eu/api/retrieve/v1/processes/cems-glofas-historical/execution
invalid request
Request has not produced a valid combination of values, please check your selection.
{'system_version': ['version_4_0'], 'hydrological_model': ['htessel_lisflood'], 'product_type': ['intermediate'], 'variable': ['river_discharge_in_the_last_24_hours'], 'data_format': ['grib'], 'area': ['37.2443931', '-122.272464', '36.8443931', '-121.872464'], 'hyear': ['2021'], 'hmonth': ['01'], 'hday': ['04']}",repro/glofas_coverage_scan_runs/scan_20260216T015036Z/downloads/historical/P2__historical__version_4_0__htessel_lisflood__intermediate/2021-01-04.zip,"{""area"": [37.2443931, -122.272464, 36.8443931, -121.872464], ""data_format"": ""grib2"", ""download_format"": ""zip"", ""hday"": [""04""], ""hmonth"": [""01""], ""hydrological_model"": [""htessel_lisflood""], ""hyear"": [""2021""], ""product_type"": [""intermediate""], ""system_version"": [""version_4_0""], ""variable"": [""river_discharge_in_the_last_24_hours""]}"
2026-02-16T01:59:24Z,scan_20260216T015036Z,historical,P2,P2__historical__version_4_0__htessel_lisflood__intermediate,cems-glofas-historical,version_4_0,htessel_lisflood,intermediate,1979-01-01,error,,invalid_request,"400 Client Error: Bad Request for url: https://ewds.climate.copernicus.eu/api/retrieve/v1/processes/cems-glofas-historical/execution
invalid request
Request has not produced a valid combination of values, please check your selection.
{'system_version': ['version_4_0'], 'hydrological_model': ['htessel_lisflood'], 'product_type': ['intermediate'], 'variable': ['river_discharge_in_the_last_24_hours'], 'data_format': ['grib'], 'area': ['37.2443931', '-122.272464', '36.8443931', '-121.872464'], 'hyear': ['1979'], 'hmonth': ['01'], 'hday': ['01']}",repro/glofas_coverage_scan_runs/scan_20260216T015036Z/downloads/historical/P2__historical__version_4_0__htessel_lisflood__intermediate/1979-01-01.zip,"{""area"": [37.2443931, -122.272464, 36.8443931, -121.872464], ""data_format"": ""grib2"", ""download_format"": ""zip"", ""hday"": [""01""], ""hmonth"": [""01""], ""hydrological_model"": [""htessel_lisflood""], ""hyear"": [""1979""], ""product_type"": [""intermediate""], ""system_version"": [""version_4_0""], ""variable"": [""river_discharge_in_the_last_24_hours""]}"
2026-02-16T01:59:25Z,scan_20260216T015036Z,historical,P2,P2__historical__version_4_0__htessel_lisflood__intermediate,cems-glofas-historical,version_4_0,htessel_lisflood,intermediate,2026-02-15,error,,invalid_request,"400 Client Error: Bad Request for url: https://ewds.climate.copernicus.eu/api/retrieve/v1/processes/cems-glofas-historical/execution
invalid request
Request has not produced a valid combination of values, please check your selection.
{'system_version': ['version_4_0'], 'hydrological_model': ['htessel_lisflood'], 'product_type': ['intermediate'], 'variable': ['river_discharge_in_the_last_24_hours'], 'data_format': ['grib'], 'area': ['37.2443931', '-122.272464', '36.8443931', '-121.872464'], 'hyear': ['2026'], 'hmonth': ['02'], 'hday': ['15']}",repro/glofas_coverage_scan_runs/scan_20260216T015036Z/downloads/historical/P2__historical__version_4_0__htessel_lisflood__intermediate/2026-02-15.zip,"{""area"": [37.2443931, -122.272464, 36.8443931, -121.872464], ""data_format"": ""grib2"", ""download_format"": ""zip"", ""hday"": [""15""], ""hmonth"": [""02""], ""hydrological_model"": [""htessel_lisflood""], ""hyear"": [""2026""], ""product_type"": [""intermediate""], ""system_version"": [""version_4_0""], ""variable"": [""river_discharge_in_the_last_24_hours""]}"
2026-02-16T01:59:26Z,scan_20260216T015036Z,historical,P2,P2__historical__version_4_0__htessel_lisflood__intermediate,cems-glofas-historical,version_4_0,htessel_lisflood,intermediate,2002-07-25,error,,invalid_request,"400 Client Error: Bad Request for url: https://ewds.climate.copernicus.eu/api/retrieve/v1/processes/cems-glofas-historical/execution
invalid request
Request has not produced a valid combination of values, please check your selection.
{'system_version': ['version_4_0'], 'hydrological_model': ['htessel_lisflood'], 'product_type': ['intermediate'], 'variable': ['river_discharge_in_the_last_24_hours'], 'data_format': ['grib'], 'area': ['37.2443931', '-122.272464', '36.8443931', '-121.872464'], 'hyear': ['2002'], 'hmonth': ['07'], 'hday': ['25']}",repro/glofas_coverage_scan_runs/scan_20260216T015036Z/downloads/historical/P2__historical__version_4_0__htessel_lisflood__intermediate/2002-07-25.zip,"{""area"": [37.2443931, -122.272464, 36.8443931, -121.872464], ""data_format"": ""grib2"", ""download_format"": ""zip"", ""hday"": [""25""], ""hmonth"": [""07""], ""hydrological_model"": [""htessel_lisflood""], ""hyear"": [""2002""], ""product_type"": [""intermediate""], ""system_version"": [""version_4_0""], ""variable"": [""river_discharge_in_the_last_24_hours""]}"
2026-02-16T01:59:28Z,scan_20260216T015036Z,historical,P2,P2__historical__version_4_0__htessel_lisflood__intermediate,cems-glofas-historical,version_4_0,htessel_lisflood,intermediate,1979-04-01,error,,invalid_request,"400 Client Error: Bad Request for url: https://ewds.climate.copernicus.eu/api/retrieve/v1/processes/cems-glofas-historical/execution
invalid request
Request has not produced a valid combination of values, please check your selection.
{'system_version': ['version_4_0'], 'hydrological_model': ['htessel_lisflood'], 'product_type': ['intermediate'], 'variable': ['river_discharge_in_the_last_24_hours'], 'data_format': ['grib'], 'area': ['37.2443931', '-122.272464', '36.8443931', '-121.872464'], 'hyear': ['1979'], 'hmonth': ['04'], 'hday': ['01']}",repro/glofas_coverage_scan_runs/scan_20260216T015036Z/downloads/historical/P2__historical__version_4_0__htessel_lisflood__intermediate/1979-04-01.zip,"{""area"": [37.2443931, -122.272464, 36.8443931, -121.872464], ""data_format"": ""grib2"", ""download_format"": ""zip"", ""hday"": [""01""], ""hmonth"": [""04""], ""hydrological_model"": [""htessel_lisflood""], ""hyear"": [""1979""], ""product_type"": [""intermediate""], ""system_version"": [""version_4_0""], ""variable"": [""river_discharge_in_the_last_24_hours""]}"
2026-02-16T01:59:29Z,scan_20260216T015036Z,historical,P2,P2__historical__version_4_0__htessel_lisflood__intermediate,cems-glofas-historical,version_4_0,htessel_lisflood,intermediate,1979-06-30,error,,invalid_request,"400 Client Error: Bad Request for url: https://ewds.climate.copernicus.eu/api/retrieve/v1/processes/cems-glofas-historical/execution
invalid request
Request has not produced a valid combination of values, please check your selection.
{'system_version': ['version_4_0'], 'hydrological_model': ['htessel_lisflood'], 'product_type': ['intermediate'], 'variable': ['river_discharge_in_the_last_24_hours'], 'data_format': ['grib'], 'area': ['37.2443931', '-122.272464', '36.8443931', '-121.872464'], 'hyear': ['1979'], 'hmonth': ['06'], 'hday': ['30']}",repro/glofas_coverage_scan_runs/scan_20260216T015036Z/downloads/historical/P2__historical__version_4_0__htessel_lisflood__intermediate/1979-06-30.zip,"{""area"": [37.2443931, -122.272464, 36.8443931, -121.872464], ""data_format"": ""grib2"", ""download_format"": ""zip"", ""hday"": [""30""], ""hmonth"": [""06""], ""hydrological_model"": [""htessel_lisflood""], ""hyear"": [""1979""], ""product_type"": [""intermediate""], ""system_version"": [""version_4_0""], ""variable"": [""river_discharge_in_the_last_24_hours""]}"
2026-02-16T01:59:30Z,scan_20260216T015036Z,historical,P2,P2__historical__version_4_0__htessel_lisflood__intermediate,cems-glofas-historical,version_4_0,htessel_lisflood,intermediate,1979-09-28,error,,invalid_request,"400 Client Error: Bad Request for url: https://ewds.climate.copernicus.eu/api/retrieve/v1/processes/cems-glofas-historical/execution
invalid request
Request has not produced a valid combination of values, please check your selection.
{'system_version': ['version_4_0'], 'hydrological_model': ['htessel_lisflood'], 'product_type': ['intermediate'], 'variable': ['river_discharge_in_the_last_24_hours'], 'data_format': ['grib'], 'area': ['37.2443931', '-122.272464', '36.8443931', '-121.872464'], 'hyear': ['1979'], 'hmonth': ['09'], 'hday': ['28']}",repro/glofas_coverage_scan_runs/scan_20260216T015036Z/downloads/historical/P2__historical__version_4_0__htessel_lisflood__intermediate/1979-09-28.zip,"{""area"": [37.2443931, -122.272464, 36.8443931, -121.872464], ""data_format"": ""grib2"", ""download_format"": ""zip"", ""hday"": [""28""], ""hmonth"": [""09""], ""hydrological_model"": [""htessel_lisflood""], ""hyear"": [""1979""], ""product_type"": [""intermediate""], ""system_version"": [""version_4_0""], ""variable"": [""river_discharge_in_the_last_24_hours""]}"
2026-02-16T02:00:30Z,scan_20260216T015036Z,historical,P2,P2__historical__version_4_0__lisflood__consolidated,cems-glofas-historical,version_4_0,lisflood,consolidated,2023-03-27,error,,timeout,timeout after 60s,repro/glofas_coverage_scan_runs/scan_20260216T015036Z/downloads/historical/P2__historical__version_4_0__lisflood__consolidated/2023-03-27.zip,"{""area"": [37.2443931, -122.272464, 36.8443931, -121.872464], ""data_format"": ""grib2"", ""download_format"": ""zip"", ""hday"": [""27""], ""hmonth"": [""03""], ""hydrological_model"": [""lisflood""], ""hyear"": [""2023""], ""product_type"": [""consolidated""], ""system_version"": [""version_4_0""], ""variable"": [""river_discharge_in_the_last_24_hours""]}"
2026-02-16T02:01:30Z,scan_20260216T015036Z,historical,P2,P2__historical__version_4_0__lisflood__consolidated,cems-glofas-historical,version_4_0,lisflood,consolidated,2021-01-04,error,,timeout,timeout after 60s,repro/glofas_coverage_scan_runs/scan_20260216T015036Z/downloads/historical/P2__historical__version_4_0__lisflood__consolidated/2021-01-04.zip,"{""area"": [37.2443931, -122.272464, 36.8443931, -121.872464], ""data_format"": ""grib2"", ""download_format"": ""zip"", ""hday"": [""04""], ""hmonth"": [""01""], ""hydrological_model"": [""lisflood""], ""hyear"": [""2021""], ""product_type"": [""consolidated""], ""system_version"": [""version_4_0""], ""variable"": [""river_discharge_in_the_last_24_hours""]}"
2026-02-16T02:02:30Z,scan_20260216T015036Z,historical,P2,P2__historical__version_4_0__lisflood__consolidated,cems-glofas-historical,version_4_0,lisflood,consolidated,1979-01-01,error,,timeout,timeout after 60s,repro/glofas_coverage_scan_runs/scan_20260216T015036Z/downloads/historical/P2__historical__version_4_0__lisflood__consolidated/1979-01-01.zip,"{""area"": [37.2443931, -122.272464, 36.8443931, -121.872464], ""data_format"": ""grib2"", ""download_format"": ""zip"", ""hday"": [""01""], ""hmonth"": [""01""], ""hydrological_model"": [""lisflood""], ""hyear"": [""1979""], ""product_type"": [""consolidated""], ""system_version"": [""version_4_0""], ""variable"": [""river_discharge_in_the_last_24_hours""]}"
2026-02-16T02:02:31Z,scan_20260216T015036Z,historical,P2,P2__historical__version_4_0__lisflood__consolidated,cems-glofas-historical,version_4_0,lisflood,consolidated,2026-02-15,error,,invalid_request,"400 Client Error: Bad Request for url: https://ewds.climate.copernicus.eu/api/retrieve/v1/processes/cems-glofas-historical/execution
invalid request
Request has not produced a valid combination of values, please check your selection.
{'system_version': ['version_4_0'], 'hydrological_model': ['lisflood'], 'product_type': ['consolidated'], 'variable': ['river_discharge_in_the_last_24_hours'], 'data_format': ['grib'], 'area': ['37.2443931', '-122.272464', '36.8443931', '-121.872464'], 'hyear': ['2026'], 'hmonth': ['02'], 'hday': ['15']}",repro/glofas_coverage_scan_runs/scan_20260216T015036Z/downloads/historical/P2__historical__version_4_0__lisflood__consolidated/2026-02-15.zip,"{""area"": [37.2443931, -122.272464, 36.8443931, -121.872464], ""data_format"": ""grib2"", ""download_format"": ""zip"", ""hday"": [""15""], ""hmonth"": [""02""], ""hydrological_model"": [""lisflood""], ""hyear"": [""2026""], ""product_type"": [""consolidated""], ""system_version"": [""version_4_0""], ""variable"": [""river_discharge_in_the_last_24_hours""]}"
2026-02-16T02:03:31Z,scan_20260216T015036Z,historical,P2,P2__historical__version_4_0__lisflood__consolidated,cems-glofas-historical,version_4_0,lisflood,consolidated,2002-07-25,error,,timeout,timeout after 60s,repro/glofas_coverage_scan_runs/scan_20260216T015036Z/downloads/historical/P2__historical__version_4_0__lisflood__consolidated/2002-07-25.zip,"{""area"": [37.2443931, -122.272464, 36.8443931, -121.872464], ""data_format"": ""grib2"", ""download_format"": ""zip"", ""hday"": [""25""], ""hmonth"": [""07""], ""hydrological_model"": [""lisflood""], ""hyear"": [""2002""], ""product_type"": [""consolidated""], ""system_version"": [""version_4_0""], ""variable"": [""river_discharge_in_the_last_24_hours""]}"
2026-02-16T02:04:31Z,scan_20260216T015036Z,historical,P2,P2__historical__version_4_0__lisflood__consolidated,cems-glofas-historical,version_4_0,lisflood,consolidated,1979-04-01,error,,timeout,timeout after 60s,repro/glofas_coverage_scan_runs/scan_20260216T015036Z/downloads/historical/P2__historical__version_4_0__lisflood__consolidated/1979-04-01.zip,"{""area"": [37.2443931, -122.272464, 36.8443931, -121.872464], ""data_format"": ""grib2"", ""download_format"": ""zip"", ""hday"": [""01""], ""hmonth"": [""04""], ""hydrological_model"": [""lisflood""], ""hyear"": [""1979""], ""product_type"": [""consolidated""], ""system_version"": [""version_4_0""], ""variable"": [""river_discharge_in_the_last_24_hours""]}"
2026-02-16T02:05:31Z,scan_20260216T015036Z,historical,P2,P2__historical__version_4_0__lisflood__consolidated,cems-glofas-historical,version_4_0,lisflood,consolidated,1979-06-30,error,,timeout,timeout after 60s,repro/glofas_coverage_scan_runs/scan_20260216T015036Z/downloads/historical/P2__historical__version_4_0__lisflood__consolidated/1979-06-30.zip,"{""area"": [37.2443931, -122.272464, 36.8443931, -121.872464], ""data_format"": ""grib2"", ""download_format"": ""zip"", ""hday"": [""30""], ""hmonth"": [""06""], ""hydrological_model"": [""lisflood""], ""hyear"": [""1979""], ""product_type"": [""consolidated""], ""system_version"": [""version_4_0""], ""variable"": [""river_discharge_in_the_last_24_hours""]}"
2026-02-16T02:06:31Z,scan_20260216T015036Z,historical,P2,P2__historical__version_4_0__lisflood__consolidated,cems-glofas-historical,version_4_0,lisflood,consolidated,1979-09-28,ok,336,,,repro/glofas_coverage_scan_runs/scan_20260216T015036Z/downloads/historical/P2__historical__version_4_0__lisflood__consolidated/1979-09-28.zip,"{""area"": [37.2443931, -122.272464, 36.8443931, -121.872464], ""data_format"": ""grib2"", ""download_format"": ""zip"", ""hday"": [""28""], ""hmonth"": [""09""], ""hydrological_model"": [""lisflood""], ""hyear"": [""1979""], ""product_type"": [""consolidated""], ""system_version"": [""version_4_0""], ""variable"": [""river_discharge_in_the_last_24_hours""]}"
2026-02-16T02:06:32Z,scan_20260216T015036Z,historical,P2,P2__historical__version_4_0__lisflood__intermediate,cems-glofas-historical,version_4_0,lisflood,intermediate,2023-03-27,error,,invalid_request,"400 Client Error: Bad Request for url: https://ewds.climate.copernicus.eu/api/retrieve/v1/processes/cems-glofas-historical/execution
invalid request
Request has not produced a valid combination of values, please check your selection.
{'system_version': ['version_4_0'], 'hydrological_model': ['lisflood'], 'product_type': ['intermediate'], 'variable': ['river_discharge_in_the_last_24_hours'], 'data_format': ['grib'], 'area': ['37.2443931', '-122.272464', '36.8443931', '-121.872464'], 'hyear': ['2023'], 'hmonth': ['03'], 'hday': ['27']}",repro/glofas_coverage_scan_runs/scan_20260216T015036Z/downloads/historical/P2__historical__version_4_0__lisflood__intermediate/2023-03-27.zip,"{""area"": [37.2443931, -122.272464, 36.8443931, -121.872464], ""data_format"": ""grib2"", ""download_format"": ""zip"", ""hday"": [""27""], ""hmonth"": [""03""], ""hydrological_model"": [""lisflood""], ""hyear"": [""2023""], ""product_type"": [""intermediate""], ""system_version"": [""version_4_0""], ""variable"": [""river_discharge_in_the_last_24_hours""]}"
2026-02-16T02:06:33Z,scan_20260216T015036Z,historical,P2,P2__historical__version_4_0__lisflood__intermediate,cems-glofas-historical,version_4_0,lisflood,intermediate,2021-01-04,error,,invalid_request,"400 Client Error: Bad Request for url: https://ewds.climate.copernicus.eu/api/retrieve/v1/processes/cems-glofas-historical/execution
invalid request
Request has not produced a valid combination of values, please check your selection.
{'system_version': ['version_4_0'], 'hydrological_model': ['lisflood'], 'product_type': ['intermediate'], 'variable': ['river_discharge_in_the_last_24_hours'], 'data_format': ['grib'], 'area': ['37.2443931', '-122.272464', '36.8443931', '-121.872464'], 'hyear': ['2021'], 'hmonth': ['01'], 'hday': ['04']}",repro/glofas_coverage_scan_runs/scan_20260216T015036Z/downloads/historical/P2__historical__version_4_0__lisflood__intermediate/2021-01-04.zip,"{""area"": [37.2443931, -122.272464, 36.8443931, -121.872464], ""data_format"": ""grib2"", ""download_format"": ""zip"", ""hday"": [""04""], ""hmonth"": [""01""], ""hydrological_model"": [""lisflood""], ""hyear"": [""2021""], ""product_type"": [""intermediate""], ""system_version"": [""version_4_0""], ""variable"": [""river_discharge_in_the_last_24_hours""]}"
2026-02-16T02:06:34Z,scan_20260216T015036Z,historical,P2,P2__historical__version_4_0__lisflood__intermediate,cems-glofas-historical,version_4_0,lisflood,intermediate,1979-01-01,error,,invalid_request,"400 Client Error: Bad Request for url: https://ewds.climate.copernicus.eu/api/retrieve/v1/processes/cems-glofas-historical/execution
invalid request
Request has not produced a valid combination of values, please check your selection.
{'system_version': ['version_4_0'], 'hydrological_model': ['lisflood'], 'product_type': ['intermediate'], 'variable': ['river_discharge_in_the_last_24_hours'], 'data_format': ['grib'], 'area': ['37.2443931', '-122.272464', '36.8443931', '-121.872464'], 'hyear': ['1979'], 'hmonth': ['01'], 'hday': ['01']}",repro/glofas_coverage_scan_runs/scan_20260216T015036Z/downloads/historical/P2__historical__version_4_0__lisflood__intermediate/1979-01-01.zip,"{""area"": [37.2443931, -122.272464, 36.8443931, -121.872464], ""data_format"": ""grib2"", ""download_format"": ""zip"", ""hday"": [""01""], ""hmonth"": [""01""], ""hydrological_model"": [""lisflood""], ""hyear"": [""1979""], ""product_type"": [""intermediate""], ""system_version"": [""version_4_0""], ""variable"": [""river_discharge_in_the_last_24_hours""]}"
2026-02-16T02:06:36Z,scan_20260216T015036Z,historical,P2,P2__historical__version_4_0__lisflood__intermediate,cems-glofas-historical,version_4_0,lisflood,intermediate,2026-02-15,error,,invalid_request,"400 Client Error: Bad Request for url: https://ewds.climate.copernicus.eu/api/retrieve/v1/processes/cems-glofas-historical/execution
invalid request
Request has not produced a valid combination of values, please check your selection.
{'system_version': ['version_4_0'], 'hydrological_model': ['lisflood'], 'product_type': ['intermediate'], 'variable': ['river_discharge_in_the_last_24_hours'], 'data_format': ['grib'], 'area': ['37.2443931', '-122.272464', '36.8443931', '-121.872464'], 'hyear': ['2026'], 'hmonth': ['02'], 'hday': ['15']}",repro/glofas_coverage_scan_runs/scan_20260216T015036Z/downloads/historical/P2__historical__version_4_0__lisflood__intermediate/2026-02-15.zip,"{""area"": [37.2443931, -122.272464, 36.8443931, -121.872464], ""data_format"": ""grib2"", ""download_format"": ""zip"", ""hday"": [""15""], ""hmonth"": [""02""], ""hydrological_model"": [""lisflood""], ""hyear"": [""2026""], ""product_type"": [""intermediate""], ""system_version"": [""version_4_0""], ""variable"": [""river_discharge_in_the_last_24_hours""]}"
2026-02-16T02:06:37Z,scan_20260216T015036Z,historical,P2,P2__historical__version_4_0__lisflood__intermediate,cems-glofas-historical,version_4_0,lisflood,intermediate,2002-07-25,error,,invalid_request,"400 Client Error: Bad Request for url: https://ewds.climate.copernicus.eu/api/retrieve/v1/processes/cems-glofas-historical/execution
invalid request
Request has not produced a valid combination of values, please check your selection.
{'system_version': ['version_4_0'], 'hydrological_model': ['lisflood'], 'product_type': ['intermediate'], 'variable': ['river_discharge_in_the_last_24_hours'], 'data_format': ['grib'], 'area': ['37.2443931', '-122.272464', '36.8443931', '-121.872464'], 'hyear': ['2002'], 'hmonth': ['07'], 'hday': ['25']}",repro/glofas_coverage_scan_runs/scan_20260216T015036Z/downloads/historical/P2__historical__version_4_0__lisflood__intermediate/2002-07-25.zip,"{""area"": [37.2443931, -122.272464, 36.8443931, -121.872464], ""data_format"": ""grib2"", ""download_format"": ""zip"", ""hday"": [""25""], ""hmonth"": [""07""], ""hydrological_model"": [""lisflood""], ""hyear"": [""2002""], ""product_type"": [""intermediate""], ""system_version"": [""version_4_0""], ""variable"": [""river_discharge_in_the_last_24_hours""]}"
2026-02-16T02:06:38Z,scan_20260216T015036Z,historical,P2,P2__historical__version_4_0__lisflood__intermediate,cems-glofas-historical,version_4_0,lisflood,intermediate,1979-04-01,error,,invalid_request,"400 Client Error: Bad Request for url: https://ewds.climate.copernicus.eu/api/retrieve/v1/processes/cems-glofas-historical/execution
invalid request
Request has not produced a valid combination of values, please check your selection.
{'system_version': ['version_4_0'], 'hydrological_model': ['lisflood'], 'product_type': ['intermediate'], 'variable': ['river_discharge_in_the_last_24_hours'], 'data_format': ['grib'], 'area': ['37.2443931', '-122.272464', '36.8443931', '-121.872464'], 'hyear': ['1979'], 'hmonth': ['04'], 'hday': ['01']}",repro/glofas_coverage_scan_runs/scan_20260216T015036Z/downloads/historical/P2__historical__version_4_0__lisflood__intermediate/1979-04-01.zip,"{""area"": [37.2443931, -122.272464, 36.8443931, -121.872464], ""data_format"": ""grib2"", ""download_format"": ""zip"", ""hday"": [""01""], ""hmonth"": [""04""], ""hydrological_model"": [""lisflood""], ""hyear"": [""1979""], ""product_type"": [""intermediate""], ""system_version"": [""version_4_0""], ""variable"": [""river_discharge_in_the_last_24_hours""]}"
2026-02-16T02:06:39Z,scan_20260216T015036Z,historical,P2,P2__historical__version_4_0__lisflood__intermediate,cems-glofas-historical,version_4_0,lisflood,intermediate,1979-06-30,error,,invalid_request,"400 Client Error: Bad Request for url: https://ewds.climate.copernicus.eu/api/retrieve/v1/processes/cems-glofas-historical/execution
invalid request
Request has not produced a valid combination of values, please check your selection.
{'system_version': ['version_4_0'], 'hydrological_model': ['lisflood'], 'product_type': ['intermediate'], 'variable': ['river_discharge_in_the_last_24_hours'], 'data_format': ['grib'], 'area': ['37.2443931', '-122.272464', '36.8443931', '-121.872464'], 'hyear': ['1979'], 'hmonth': ['06'], 'hday': ['30']}",repro/glofas_coverage_scan_runs/scan_20260216T015036Z/downloads/historical/P2__historical__version_4_0__lisflood__intermediate/1979-06-30.zip,"{""area"": [37.2443931, -122.272464, 36.8443931, -121.872464], ""data_format"": ""grib2"", ""download_format"": ""zip"", ""hday"": [""30""], ""hmonth"": [""06""], ""hydrological_model"": [""lisflood""], ""hyear"": [""1979""], ""product_type"": [""intermediate""], ""system_version"": [""version_4_0""], ""variable"": [""river_discharge_in_the_last_24_hours""]}"
2026-02-16T02:06:40Z,scan_20260216T015036Z,historical,P2,P2__historical__version_4_0__lisflood__intermediate,cems-glofas-historical,version_4_0,lisflood,intermediate,1979-09-28,error,,invalid_request,"400 Client Error: Bad Request for url: https://ewds.climate.copernicus.eu/api/retrieve/v1/processes/cems-glofas-historical/execution
invalid request
Request has not produced a valid combination of values, please check your selection.
{'system_version': ['version_4_0'], 'hydrological_model': ['lisflood'], 'product_type': ['intermediate'], 'variable': ['river_discharge_in_the_last_24_hours'], 'data_format': ['grib'], 'area': ['37.2443931', '-122.272464', '36.8443931', '-121.872464'], 'hyear': ['1979'], 'hmonth': ['09'], 'hday': ['28']}",repro/glofas_coverage_scan_runs/scan_20260216T015036Z/downloads/historical/P2__historical__version_4_0__lisflood__intermediate/1979-09-28.zip,"{""area"": [37.2443931, -122.272464, 36.8443931, -121.872464], ""data_format"": ""grib2"", ""download_format"": ""zip"", ""hday"": [""28""], ""hmonth"": [""09""], ""hydrological_model"": [""lisflood""], ""hyear"": [""1979""], ""product_type"": [""intermediate""], ""system_version"": [""version_4_0""], ""variable"": [""river_discharge_in_the_last_24_hours""]}"
2026-02-16T02:07:40Z,scan_20260216T015036Z,historical,P3,P3__historical__version_2_1__htessel_lisflood__consolidated,cems-glofas-historical,version_2_1,htessel_lisflood,consolidated,2020-01-16,error,,timeout,timeout after 60s,repro/glofas_coverage_scan_runs/scan_20260216T015036Z/downloads/historical/P3__historical__version_2_1__htessel_lisflood__consolidated/2020-01-16.zip,"{""area"": [37.2443931, -122.272464, 36.8443931, -121.872464], ""data_format"": ""grib2"", ""download_format"": ""zip"", ""hday"": [""16""], ""hmonth"": [""01""], ""hydrological_model"": [""htessel_lisflood""], ""hyear"": [""2020""], ""product_type"": [""consolidated""], ""system_version"": [""version_2_1""], ""variable"": [""river_discharge_in_the_last_24_hours""]}"
2026-02-16T02:08:13Z,scan_20260216T015036Z,historical,P3,P3__historical__version_2_1__htessel_lisflood__consolidated,cems-glofas-historical,version_2_1,htessel_lisflood,consolidated,2019-11-05,ok,289,,,repro/glofas_coverage_scan_runs/scan_20260216T015036Z/downloads/historical/P3__historical__version_2_1__htessel_lisflood__consolidated/2019-11-05.zip,"{""area"": [37.2443931, -122.272464, 36.8443931, -121.872464], ""data_format"": ""grib2"", ""download_format"": ""zip"", ""hday"": [""05""], ""hmonth"": [""11""], ""hydrological_model"": [""htessel_lisflood""], ""hyear"": [""2019""], ""product_type"": [""consolidated""], ""system_version"": [""version_2_1""], ""variable"": [""river_discharge_in_the_last_24_hours""]}"
2026-02-16T02:08:41Z,scan_20260216T015036Z,historical,P3,P3__historical__version_2_1__htessel_lisflood__consolidated,cems-glofas-historical,version_2_1,htessel_lisflood,consolidated,2019-11-04,ok,291,,,repro/glofas_coverage_scan_runs/scan_20260216T015036Z/downloads/historical/P3__historical__version_2_1__htessel_lisflood__consolidated/2019-11-04.zip,"{""area"": [37.2443931, -122.272464, 36.8443931, -121.872464], ""data_format"": ""grib2"", ""download_format"": ""zip"", ""hday"": [""04""], ""hmonth"": [""11""], ""hydrological_model"": [""htessel_lisflood""], ""hyear"": [""2019""], ""product_type"": [""consolidated""], ""system_version"": [""version_2_1""], ""variable"": [""river_discharge_in_the_last_24_hours""]}"
2026-02-16T02:09:03Z,scan_20260216T015036Z,historical,P3,P3__historical__version_2_1__htessel_lisflood__consolidated,cems-glofas-historical,version_2_1,htessel_lisflood,consolidated,2019-11-02,ok,288,,,repro/glofas_coverage_scan_runs/scan_20260216T015036Z/downloads/historical/P3__historical__version_2_1__htessel_lisflood__consolidated/2019-11-02.zip,"{""area"": [37.2443931, -122.272464, 36.8443931, -121.872464], ""data_format"": ""grib2"", ""download_format"": ""zip"", ""hday"": [""02""], ""hmonth"": [""11""], ""hydrological_model"": [""htessel_lisflood""], ""hyear"": [""2019""], ""product_type"": [""consolidated""], ""system_version"": [""version_2_1""], ""variable"": [""river_discharge_in_the_last_24_hours""]}"
2026-02-16T02:10:03Z,scan_20260216T015036Z,historical,P3,P3__historical__version_2_1__htessel_lisflood__consolidated,cems-glofas-historical,version_2_1,htessel_lisflood,consolidated,2019-10-29,error,,timeout,timeout after 60s,repro/glofas_coverage_scan_runs/scan_20260216T015036Z/downloads/historical/P3__historical__version_2_1__htessel_lisflood__consolidated/2019-10-29.zip,"{""area"": [37.2443931, -122.272464, 36.8443931, -121.872464], ""data_format"": ""grib2"", ""download_format"": ""zip"", ""hday"": [""29""], ""hmonth"": [""10""], ""hydrological_model"": [""htessel_lisflood""], ""hyear"": [""2019""], ""product_type"": [""consolidated""], ""system_version"": [""version_2_1""], ""variable"": [""river_discharge_in_the_last_24_hours""]}"
2026-02-16T02:10:20Z,scan_20260216T015036Z,historical,P3,P3__historical__version_2_1__htessel_lisflood__consolidated,cems-glofas-historical,version_2_1,htessel_lisflood,consolidated,2019-10-31,ok,291,,,repro/glofas_coverage_scan_runs/scan_20260216T015036Z/downloads/historical/P3__historical__version_2_1__htessel_lisflood__consolidated/2019-10-31.zip,"{""area"": [37.2443931, -122.272464, 36.8443931, -121.872464], ""data_format"": ""grib2"", ""download_format"": ""zip"", ""hday"": [""31""], ""hmonth"": [""10""], ""hydrological_model"": [""htessel_lisflood""], ""hyear"": [""2019""], ""product_type"": [""consolidated""], ""system_version"": [""version_2_1""], ""variable"": [""river_discharge_in_the_last_24_hours""]}"
2026-02-16T02:10:37Z,scan_20260216T015036Z,historical,P3,P3__historical__version_2_1__htessel_lisflood__consolidated,cems-glofas-historical,version_2_1,htessel_lisflood,consolidated,2019-10-30,ok,288,,,repro/glofas_coverage_scan_runs/scan_20260216T015036Z/downloads/historical/P3__historical__version_2_1__htessel_lisflood__consolidated/2019-10-30.zip,"{""area"": [37.2443931, -122.272464, 36.8443931, -121.872464], ""data_format"": ""grib2"", ""download_format"": ""zip"", ""hday"": [""30""], ""hmonth"": [""10""], ""hydrological_model"": [""htessel_lisflood""], ""hyear"": [""2019""], ""product_type"": [""consolidated""], ""system_version"": [""version_2_1""], ""variable"": [""river_discharge_in_the_last_24_hours""]}"
2026-02-16T02:10:54Z,scan_20260216T015036Z,historical,P3,P3__historical__version_2_1__htessel_lisflood__consolidated,cems-glofas-historical,version_2_1,htessel_lisflood,consolidated,2019-11-06,ok,288,,,repro/glofas_coverage_scan_runs/scan_20260216T015036Z/downloads/historical/P3__historical__version_2_1__htessel_lisflood__consolidated/2019-11-06.zip,"{""area"": [37.2443931, -122.272464, 36.8443931, -121.872464], ""data_format"": ""grib2"", ""download_format"": ""zip"", ""hday"": [""06""], ""hmonth"": [""11""], ""hydrological_model"": [""htessel_lisflood""], ""hyear"": [""2019""], ""product_type"": [""consolidated""], ""system_version"": [""version_2_1""], ""variable"": [""river_discharge_in_the_last_24_hours""]}"
2026-02-16T02:11:22Z,scan_20260216T015036Z,historical,P3,P3__historical__version_2_1__htessel_lisflood__intermediate,cems-glofas-historical,version_2_1,htessel_lisflood,intermediate,2020-01-16,ok,299,,,repro/glofas_coverage_scan_runs/scan_20260216T015036Z/downloads/historical/P3__historical__version_2_1__htessel_lisflood__intermediate/2020-01-16.zip,"{""area"": [37.2443931, -122.272464, 36.8443931, -121.872464], ""data_format"": ""grib2"", ""download_format"": ""zip"", ""hday"": [""16""], ""hmonth"": [""01""], ""hydrological_model"": [""htessel_lisflood""], ""hyear"": [""2020""], ""product_type"": [""intermediate""], ""system_version"": [""version_2_1""], ""variable"": [""river_discharge_in_the_last_24_hours""]}"
2026-02-16T02:11:39Z,scan_20260216T015036Z,historical,P3,P3__historical__version_2_1__htessel_lisflood__intermediate,cems-glofas-historical,version_2_1,htessel_lisflood,intermediate,2020-01-15,ok,290,,,repro/glofas_coverage_scan_runs/scan_20260216T015036Z/downloads/historical/P3__historical__version_2_1__htessel_lisflood__intermediate/2020-01-15.zip,"{""area"": [37.2443931, -122.272464, 36.8443931, -121.872464], ""data_format"": ""grib2"", ""download_format"": ""zip"", ""hday"": [""15""], ""hmonth"": [""01""], ""hydrological_model"": [""htessel_lisflood""], ""hyear"": [""2020""], ""product_type"": [""intermediate""], ""system_version"": [""version_2_1""], ""variable"": [""river_discharge_in_the_last_24_hours""]}"
2026-02-16T02:12:01Z,scan_20260216T015036Z,historical,P3,P3__historical__version_2_1__htessel_lisflood__intermediate,cems-glofas-historical,version_2_1,htessel_lisflood,intermediate,2020-01-13,ok,291,,,repro/glofas_coverage_scan_runs/scan_20260216T015036Z/downloads/historical/P3__historical__version_2_1__htessel_lisflood__intermediate/2020-01-13.zip,"{""area"": [37.2443931, -122.272464, 36.8443931, -121.872464], ""data_format"": ""grib2"", ""download_format"": ""zip"", ""hday"": [""13""], ""hmonth"": [""01""], ""hydrological_model"": [""htessel_lisflood""], ""hyear"": [""2020""], ""product_type"": [""intermediate""], ""system_version"": [""version_2_1""], ""variable"": [""river_discharge_in_the_last_24_hours""]}"
2026-02-16T02:12:18Z,scan_20260216T015036Z,historical,P3,P3__historical__version_2_1__htessel_lisflood__intermediate,cems-glofas-historical,version_2_1,htessel_lisflood,intermediate,2020-01-09,ok,297,,,repro/glofas_coverage_scan_runs/scan_20260216T015036Z/downloads/historical/P3__historical__version_2_1__htessel_lisflood__intermediate/2020-01-09.zip,"{""area"": [37.2443931, -122.272464, 36.8443931, -121.872464], ""data_format"": ""grib2"", ""download_format"": ""zip"", ""hday"": [""09""], ""hmonth"": [""01""], ""hydrological_model"": [""htessel_lisflood""], ""hyear"": [""2020""], ""product_type"": [""intermediate""], ""system_version"": [""version_2_1""], ""variable"": [""river_discharge_in_the_last_24_hours""]}"
2026-02-16T02:12:35Z,scan_20260216T015036Z,historical,P3,P3__historical__version_2_1__htessel_lisflood__intermediate,cems-glofas-historical,version_2_1,htessel_lisflood,intermediate,2020-01-01,ok,299,,,repro/glofas_coverage_scan_runs/scan_20260216T015036Z/downloads/historical/P3__historical__version_2_1__htessel_lisflood__intermediate/2020-01-01.zip,"{""area"": [37.2443931, -122.272464, 36.8443931, -121.872464], ""data_format"": ""grib2"", ""download_format"": ""zip"", ""hday"": [""01""], ""hmonth"": [""01""], ""hydrological_model"": [""htessel_lisflood""], ""hyear"": [""2020""], ""product_type"": [""intermediate""], ""system_version"": [""version_2_1""], ""variable"": [""river_discharge_in_the_last_24_hours""]}"
2026-02-16T02:13:35Z,scan_20260216T015036Z,historical,P3,P3__historical__version_2_1__htessel_lisflood__intermediate,cems-glofas-historical,version_2_1,htessel_lisflood,intermediate,2019-12-16,error,,timeout,timeout after 60s,repro/glofas_coverage_scan_runs/scan_20260216T015036Z/downloads/historical/P3__historical__version_2_1__htessel_lisflood__intermediate/2019-12-16.zip,"{""area"": [37.2443931, -122.272464, 36.8443931, -121.872464], ""data_format"": ""grib2"", ""download_format"": ""zip"", ""hday"": [""16""], ""hmonth"": [""12""], ""hydrological_model"": [""htessel_lisflood""], ""hyear"": [""2019""], ""product_type"": [""intermediate""], ""system_version"": [""version_2_1""], ""variable"": [""river_discharge_in_the_last_24_hours""]}"
2026-02-16T02:13:52Z,scan_20260216T015036Z,historical,P3,P3__historical__version_2_1__htessel_lisflood__intermediate,cems-glofas-historical,version_2_1,htessel_lisflood,intermediate,2019-12-24,ok,295,,,repro/glofas_coverage_scan_runs/scan_20260216T015036Z/downloads/historical/P3__historical__version_2_1__htessel_lisflood__intermediate/2019-12-24.zip,"{""area"": [37.2443931, -122.272464, 36.8443931, -121.872464], ""data_format"": ""grib2"", ""download_format"": ""zip"", ""hday"": [""24""], ""hmonth"": [""12""], ""hydrological_model"": [""htessel_lisflood""], ""hyear"": [""2019""], ""product_type"": [""intermediate""], ""system_version"": [""version_2_1""], ""variable"": [""river_discharge_in_the_last_24_hours""]}"
2026-02-16T02:14:52Z,scan_20260216T015036Z,historical,P3,P3__historical__version_2_1__htessel_lisflood__intermediate,cems-glofas-historical,version_2_1,htessel_lisflood,intermediate,2019-12-20,error,,timeout,timeout after 60s,repro/glofas_coverage_scan_runs/scan_20260216T015036Z/downloads/historical/P3__historical__version_2_1__htessel_lisflood__intermediate/2019-12-20.zip,"{""area"": [37.2443931, -122.272464, 36.8443931, -121.872464], ""data_format"": ""grib2"", ""download_format"": ""zip"", ""hday"": [""20""], ""hmonth"": [""12""], ""hydrological_model"": [""htessel_lisflood""], ""hyear"": [""2019""], ""product_type"": [""intermediate""], ""system_version"": [""version_2_1""], ""variable"": [""river_discharge_in_the_last_24_hours""]}"
2026-02-16T02:14:54Z,scan_20260216T015036Z,historical,P3,P3__historical__version_2_1__lisflood__consolidated,cems-glofas-historical,version_2_1,lisflood,consolidated,2020-01-16,error,,invalid_request,"400 Client Error: Bad Request for url: https://ewds.climate.copernicus.eu/api/retrieve/v1/processes/cems-glofas-historical/execution
invalid request
Request has not produced a valid combination of values, please check your selection.
{'system_version': ['version_2_1'], 'hydrological_model': ['lisflood'], 'product_type': ['consolidated'], 'variable': ['river_discharge_in_the_last_24_hours'], 'data_format': ['grib'], 'area': ['37.2443931', '-122.272464', '36.8443931', '-121.872464'], 'hyear': ['2020'], 'hmonth': ['01'], 'hday': ['16']}",repro/glofas_coverage_scan_runs/scan_20260216T015036Z/downloads/historical/P3__historical__version_2_1__lisflood__consolidated/2020-01-16.zip,"{""area"": [37.2443931, -122.272464, 36.8443931, -121.872464], ""data_format"": ""grib2"", ""download_format"": ""zip"", ""hday"": [""16""], ""hmonth"": [""01""], ""hydrological_model"": [""lisflood""], ""hyear"": [""2020""], ""product_type"": [""consolidated""], ""system_version"": [""version_2_1""], ""variable"": [""river_discharge_in_the_last_24_hours""]}"
2026-02-16T02:14:55Z,scan_20260216T015036Z,historical,P3,P3__historical__version_2_1__lisflood__consolidated,cems-glofas-historical,version_2_1,lisflood,consolidated,2019-11-05,error,,invalid_request,"400 Client Error: Bad Request for url: https://ewds.climate.copernicus.eu/api/retrieve/v1/processes/cems-glofas-historical/execution
invalid request
Request has not produced a valid combination of values, please check your selection.
{'system_version': ['version_2_1'], 'hydrological_model': ['lisflood'], 'product_type': ['consolidated'], 'variable': ['river_discharge_in_the_last_24_hours'], 'data_format': ['grib'], 'area': ['37.2443931', '-122.272464', '36.8443931', '-121.872464'], 'hyear': ['2019'], 'hmonth': ['11'], 'hday': ['05']}",repro/glofas_coverage_scan_runs/scan_20260216T015036Z/downloads/historical/P3__historical__version_2_1__lisflood__consolidated/2019-11-05.zip,"{""area"": [37.2443931, -122.272464, 36.8443931, -121.872464], ""data_format"": ""grib2"", ""download_format"": ""zip"", ""hday"": [""05""], ""hmonth"": [""11""], ""hydrological_model"": [""lisflood""], ""hyear"": [""2019""], ""product_type"": [""consolidated""], ""system_version"": [""version_2_1""], ""variable"": [""river_discharge_in_the_last_24_hours""]}"
2026-02-16T02:14:56Z,scan_20260216T015036Z,historical,P3,P3__historical__version_2_1__lisflood__consolidated,cems-glofas-historical,version_2_1,lisflood,consolidated,1979-01-01,error,,invalid_request,"400 Client Error: Bad Request for url: https://ewds.climate.copernicus.eu/api/retrieve/v1/processes/cems-glofas-historical/execution
invalid request
Request has not produced a valid combination of values, please check your selection.
{'system_version': ['version_2_1'], 'hydrological_model': ['lisflood'], 'product_type': ['consolidated'], 'variable': ['river_discharge_in_the_last_24_hours'], 'data_format': ['grib'], 'area': ['37.2443931', '-122.272464', '36.8443931', '-121.872464'], 'hyear': ['1979'], 'hmonth': ['01'], 'hday': ['01']}",repro/glofas_coverage_scan_runs/scan_20260216T015036Z/downloads/historical/P3__historical__version_2_1__lisflood__consolidated/1979-01-01.zip,"{""area"": [37.2443931, -122.272464, 36.8443931, -121.872464], ""data_format"": ""grib2"", ""download_format"": ""zip"", ""hday"": [""01""], ""hmonth"": [""01""], ""hydrological_model"": [""lisflood""], ""hyear"": [""1979""], ""product_type"": [""consolidated""], ""system_version"": [""version_2_1""], ""variable"": [""river_discharge_in_the_last_24_hours""]}"
2026-02-16T02:14:57Z,scan_20260216T015036Z,historical,P3,P3__historical__version_2_1__lisflood__consolidated,cems-glofas-historical,version_2_1,lisflood,consolidated,2026-02-15,error,,invalid_request,"400 Client Error: Bad Request for url: https://ewds.climate.copernicus.eu/api/retrieve/v1/processes/cems-glofas-historical/execution
invalid request
Request has not produced a valid combination of values, please check your selection.
{'system_version': ['version_2_1'], 'hydrological_model': ['lisflood'], 'product_type': ['consolidated'], 'variable': ['river_discharge_in_the_last_24_hours'], 'data_format': ['grib'], 'area': ['37.2443931', '-122.272464', '36.8443931', '-121.872464'], 'hyear': ['2026'], 'hmonth': ['02'], 'hday': ['15']}",repro/glofas_coverage_scan_runs/scan_20260216T015036Z/downloads/historical/P3__historical__version_2_1__lisflood__consolidated/2026-02-15.zip,"{""area"": [37.2443931, -122.272464, 36.8443931, -121.872464], ""data_format"": ""grib2"", ""download_format"": ""zip"", ""hday"": [""15""], ""hmonth"": [""02""], ""hydrological_model"": [""lisflood""], ""hyear"": [""2026""], ""product_type"": [""consolidated""], ""system_version"": [""version_2_1""], ""variable"": [""river_discharge_in_the_last_24_hours""]}"
2026-02-16T02:14:58Z,scan_20260216T015036Z,historical,P3,P3__historical__version_2_1__lisflood__consolidated,cems-glofas-historical,version_2_1,lisflood,consolidated,2002-07-25,error,,invalid_request,"400 Client Error: Bad Request for url: https://ewds.climate.copernicus.eu/api/retrieve/v1/processes/cems-glofas-historical/execution
invalid request
Request has not produced a valid combination of values, please check your selection.
{'system_version': ['version_2_1'], 'hydrological_model': ['lisflood'], 'product_type': ['consolidated'], 'variable': ['river_discharge_in_the_last_24_hours'], 'data_format': ['grib'], 'area': ['37.2443931', '-122.272464', '36.8443931', '-121.872464'], 'hyear': ['2002'], 'hmonth': ['07'], 'hday': ['25']}",repro/glofas_coverage_scan_runs/scan_20260216T015036Z/downloads/historical/P3__historical__version_2_1__lisflood__consolidated/2002-07-25.zip,"{""area"": [37.2443931, -122.272464, 36.8443931, -121.872464], ""data_format"": ""grib2"", ""download_format"": ""zip"", ""hday"": [""25""], ""hmonth"": [""07""], ""hydrological_model"": [""lisflood""], ""hyear"": [""2002""], ""product_type"": [""consolidated""], ""system_version"": [""version_2_1""], ""variable"": [""river_discharge_in_the_last_24_hours""]}"
2026-02-16T02:14:59Z,scan_20260216T015036Z,historical,P3,P3__historical__version_2_1__lisflood__consolidated,cems-glofas-historical,version_2_1,lisflood,consolidated,1979-04-01,error,,invalid_request,"400 Client Error: Bad Request for url: https://ewds.climate.copernicus.eu/api/retrieve/v1/processes/cems-glofas-historical/execution
invalid request
Request has not produced a valid combination of values, please check your selection.
{'system_version': ['version_2_1'], 'hydrological_model': ['lisflood'], 'product_type': ['consolidated'], 'variable': ['river_discharge_in_the_last_24_hours'], 'data_format': ['grib'], 'area': ['37.2443931', '-122.272464', '36.8443931', '-121.872464'], 'hyear': ['1979'], 'hmonth': ['04'], 'hday': ['01']}",repro/glofas_coverage_scan_runs/scan_20260216T015036Z/downloads/historical/P3__historical__version_2_1__lisflood__consolidated/1979-04-01.zip,"{""area"": [37.2443931, -122.272464, 36.8443931, -121.872464], ""data_format"": ""grib2"", ""download_format"": ""zip"", ""hday"": [""01""], ""hmonth"": [""04""], ""hydrological_model"": [""lisflood""], ""hyear"": [""1979""], ""product_type"": [""consolidated""], ""system_version"": [""version_2_1""], ""variable"": [""river_discharge_in_the_last_24_hours""]}"
2026-02-16T02:15:01Z,scan_20260216T015036Z,historical,P3,P3__historical__version_2_1__lisflood__consolidated,cems-glofas-historical,version_2_1,lisflood,consolidated,1979-06-30,error,,invalid_request,"400 Client Error: Bad Request for url: https://ewds.climate.copernicus.eu/api/retrieve/v1/processes/cems-glofas-historical/execution
invalid request
Request has not produced a valid combination of values, please check your selection.
{'system_version': ['version_2_1'], 'hydrological_model': ['lisflood'], 'product_type': ['consolidated'], 'variable': ['river_discharge_in_the_last_24_hours'], 'data_format': ['grib'], 'area': ['37.2443931', '-122.272464', '36.8443931', '-121.872464'], 'hyear': ['1979'], 'hmonth': ['06'], 'hday': ['30']}",repro/glofas_coverage_scan_runs/scan_20260216T015036Z/downloads/historical/P3__historical__version_2_1__lisflood__consolidated/1979-06-30.zip,"{""area"": [37.2443931, -122.272464, 36.8443931, -121.872464], ""data_format"": ""grib2"", ""download_format"": ""zip"", ""hday"": [""30""], ""hmonth"": [""06""], ""hydrological_model"": [""lisflood""], ""hyear"": [""1979""], ""product_type"": [""consolidated""], ""system_version"": [""version_2_1""], ""variable"": [""river_discharge_in_the_last_24_hours""]}"
2026-02-16T02:15:02Z,scan_20260216T015036Z,historical,P3,P3__historical__version_2_1__lisflood__consolidated,cems-glofas-historical,version_2_1,lisflood,consolidated,1979-09-28,error,,invalid_request,"400 Client Error: Bad Request for url: https://ewds.climate.copernicus.eu/api/retrieve/v1/processes/cems-glofas-historical/execution
invalid request
Request has not produced a valid combination of values, please check your selection.
{'system_version': ['version_2_1'], 'hydrological_model': ['lisflood'], 'product_type': ['consolidated'], 'variable': ['river_discharge_in_the_last_24_hours'], 'data_format': ['grib'], 'area': ['37.2443931', '-122.272464', '36.8443931', '-121.872464'], 'hyear': ['1979'], 'hmonth': ['09'], 'hday': ['28']}",repro/glofas_coverage_scan_runs/scan_20260216T015036Z/downloads/historical/P3__historical__version_2_1__lisflood__consolidated/1979-09-28.zip,"{""area"": [37.2443931, -122.272464, 36.8443931, -121.872464], ""data_format"": ""grib2"", ""download_format"": ""zip"", ""hday"": [""28""], ""hmonth"": [""09""], ""hydrological_model"": [""lisflood""], ""hyear"": [""1979""], ""product_type"": [""consolidated""], ""system_version"": [""version_2_1""], ""variable"": [""river_discharge_in_the_last_24_hours""]}"
2026-02-16T02:15:03Z,scan_20260216T015036Z,historical,P3,P3__historical__version_2_1__lisflood__intermediate,cems-glofas-historical,version_2_1,lisflood,intermediate,2020-01-16,error,,invalid_request,"400 Client Error: Bad Request for url: https://ewds.climate.copernicus.eu/api/retrieve/v1/processes/cems-glofas-historical/execution
invalid request
Request has not produced a valid combination of values, please check your selection.
{'system_version': ['version_2_1'], 'hydrological_model': ['lisflood'], 'product_type': ['intermediate'], 'variable': ['river_discharge_in_the_last_24_hours'], 'data_format': ['grib'], 'area': ['37.2443931', '-122.272464', '36.8443931', '-121.872464'], 'hyear': ['2020'], 'hmonth': ['01'], 'hday': ['16']}",repro/glofas_coverage_scan_runs/scan_20260216T015036Z/downloads/historical/P3__historical__version_2_1__lisflood__intermediate/2020-01-16.zip,"{""area"": [37.2443931, -122.272464, 36.8443931, -121.872464], ""data_format"": ""grib2"", ""download_format"": ""zip"", ""hday"": [""16""], ""hmonth"": [""01""], ""hydrological_model"": [""lisflood""], ""hyear"": [""2020""], ""product_type"": [""intermediate""], ""system_version"": [""version_2_1""], ""variable"": [""river_discharge_in_the_last_24_hours""]}"
2026-02-16T02:15:04Z,scan_20260216T015036Z,historical,P3,P3__historical__version_2_1__lisflood__intermediate,cems-glofas-historical,version_2_1,lisflood,intermediate,2019-11-05,error,,invalid_request,"400 Client Error: Bad Request for url: https://ewds.climate.copernicus.eu/api/retrieve/v1/processes/cems-glofas-historical/execution
invalid request
Request has not produced a valid combination of values, please check your selection.
{'system_version': ['version_2_1'], 'hydrological_model': ['lisflood'], 'product_type': ['intermediate'], 'variable': ['river_discharge_in_the_last_24_hours'], 'data_format': ['grib'], 'area': ['37.2443931', '-122.272464', '36.8443931', '-121.872464'], 'hyear': ['2019'], 'hmonth': ['11'], 'hday': ['05']}",repro/glofas_coverage_scan_runs/scan_20260216T015036Z/downloads/historical/P3__historical__version_2_1__lisflood__intermediate/2019-11-05.zip,"{""area"": [37.2443931, -122.272464, 36.8443931, -121.872464], ""data_format"": ""grib2"", ""download_format"": ""zip"", ""hday"": [""05""], ""hmonth"": [""11""], ""hydrological_model"": [""lisflood""], ""hyear"": [""2019""], ""product_type"": [""intermediate""], ""system_version"": [""version_2_1""], ""variable"": [""river_discharge_in_the_last_24_hours""]}"
2026-02-16T02:15:05Z,scan_20260216T015036Z,historical,P3,P3__historical__version_2_1__lisflood__intermediate,cems-glofas-historical,version_2_1,lisflood,intermediate,1979-01-01,error,,invalid_request,"400 Client Error: Bad Request for url: https://ewds.climate.copernicus.eu/api/retrieve/v1/processes/cems-glofas-historical/execution
invalid request
Request has not produced a valid combination of values, please check your selection.
{'system_version': ['version_2_1'], 'hydrological_model': ['lisflood'], 'product_type': ['intermediate'], 'variable': ['river_discharge_in_the_last_24_hours'], 'data_format': ['grib'], 'area': ['37.2443931', '-122.272464', '36.8443931', '-121.872464'], 'hyear': ['1979'], 'hmonth': ['01'], 'hday': ['01']}",repro/glofas_coverage_scan_runs/scan_20260216T015036Z/downloads/historical/P3__historical__version_2_1__lisflood__intermediate/1979-01-01.zip,"{""area"": [37.2443931, -122.272464, 36.8443931, -121.872464], ""data_format"": ""grib2"", ""download_format"": ""zip"", ""hday"": [""01""], ""hmonth"": [""01""], ""hydrological_model"": [""lisflood""], ""hyear"": [""1979""], ""product_type"": [""intermediate""], ""system_version"": [""version_2_1""], ""variable"": [""river_discharge_in_the_last_24_hours""]}"
2026-02-16T02:15:06Z,scan_20260216T015036Z,historical,P3,P3__historical__version_2_1__lisflood__intermediate,cems-glofas-historical,version_2_1,lisflood,intermediate,2026-02-15,error,,invalid_request,"400 Client Error: Bad Request for url: https://ewds.climate.copernicus.eu/api/retrieve/v1/processes/cems-glofas-historical/execution
invalid request
Request has not produced a valid combination of values, please check your selection.
{'system_version': ['version_2_1'], 'hydrological_model': ['lisflood'], 'product_type': ['intermediate'], 'variable': ['river_discharge_in_the_last_24_hours'], 'data_format': ['grib'], 'area': ['37.2443931', '-122.272464', '36.8443931', '-121.872464'], 'hyear': ['2026'], 'hmonth': ['02'], 'hday': ['15']}",repro/glofas_coverage_scan_runs/scan_20260216T015036Z/downloads/historical/P3__historical__version_2_1__lisflood__intermediate/2026-02-15.zip,"{""area"": [37.2443931, -122.272464, 36.8443931, -121.872464], ""data_format"": ""grib2"", ""download_format"": ""zip"", ""hday"": [""15""], ""hmonth"": [""02""], ""hydrological_model"": [""lisflood""], ""hyear"": [""2026""], ""product_type"": [""intermediate""], ""system_version"": [""version_2_1""], ""variable"": [""river_discharge_in_the_last_24_hours""]}"
2026-02-16T02:15:08Z,scan_20260216T015036Z,historical,P3,P3__historical__version_2_1__lisflood__intermediate,cems-glofas-historical,version_2_1,lisflood,intermediate,2002-07-25,error,,invalid_request,"400 Client Error: Bad Request for url: https://ewds.climate.copernicus.eu/api/retrieve/v1/processes/cems-glofas-historical/execution
invalid request
Request has not produced a valid combination of values, please check your selection.
{'system_version': ['version_2_1'], 'hydrological_model': ['lisflood'], 'product_type': ['intermediate'], 'variable': ['river_discharge_in_the_last_24_hours'], 'data_format': ['grib'], 'area': ['37.2443931', '-122.272464', '36.8443931', '-121.872464'], 'hyear': ['2002'], 'hmonth': ['07'], 'hday': ['25']}",repro/glofas_coverage_scan_runs/scan_20260216T015036Z/downloads/historical/P3__historical__version_2_1__lisflood__intermediate/2002-07-25.zip,"{""area"": [37.2443931, -122.272464, 36.8443931, -121.872464], ""data_format"": ""grib2"", ""download_format"": ""zip"", ""hday"": [""25""], ""hmonth"": [""07""], ""hydrological_model"": [""lisflood""], ""hyear"": [""2002""], ""product_type"": [""intermediate""], ""system_version"": [""version_2_1""], ""variable"": [""river_discharge_in_the_last_24_hours""]}"
2026-02-16T02:15:09Z,scan_20260216T015036Z,historical,P3,P3__historical__version_2_1__lisflood__intermediate,cems-glofas-historical,version_2_1,lisflood,intermediate,1979-04-01,error,,invalid_request,"400 Client Error: Bad Request for url: https://ewds.climate.copernicus.eu/api/retrieve/v1/processes/cems-glofas-historical/execution
invalid request
Request has not produced a valid combination of values, please check your selection.
{'system_version': ['version_2_1'], 'hydrological_model': ['lisflood'], 'product_type': ['intermediate'], 'variable': ['river_discharge_in_the_last_24_hours'], 'data_format': ['grib'], 'area': ['37.2443931', '-122.272464', '36.8443931', '-121.872464'], 'hyear': ['1979'], 'hmonth': ['04'], 'hday': ['01']}",repro/glofas_coverage_scan_runs/scan_20260216T015036Z/downloads/historical/P3__historical__version_2_1__lisflood__intermediate/1979-04-01.zip,"{""area"": [37.2443931, -122.272464, 36.8443931, -121.872464], ""data_format"": ""grib2"", ""download_format"": ""zip"", ""hday"": [""01""], ""hmonth"": [""04""], ""hydrological_model"": [""lisflood""], ""hyear"": [""1979""], ""product_type"": [""intermediate""], ""system_version"": [""version_2_1""], ""variable"": [""river_discharge_in_the_last_24_hours""]}"
2026-02-16T02:15:10Z,scan_20260216T015036Z,historical,P3,P3__historical__version_2_1__lisflood__intermediate,cems-glofas-historical,version_2_1,lisflood,intermediate,1979-06-30,error,,invalid_request,"400 Client Error: Bad Request for url: https://ewds.climate.copernicus.eu/api/retrieve/v1/processes/cems-glofas-historical/execution
invalid request
Request has not produced a valid combination of values, please check your selection.
{'system_version': ['version_2_1'], 'hydrological_model': ['lisflood'], 'product_type': ['intermediate'], 'variable': ['river_discharge_in_the_last_24_hours'], 'data_format': ['grib'], 'area': ['37.2443931', '-122.272464', '36.8443931', '-121.872464'], 'hyear': ['1979'], 'hmonth': ['06'], 'hday': ['30']}",repro/glofas_coverage_scan_runs/scan_20260216T015036Z/downloads/historical/P3__historical__version_2_1__lisflood__intermediate/1979-06-30.zip,"{""area"": [37.2443931, -122.272464, 36.8443931, -121.872464], ""data_format"": ""grib2"", ""download_format"": ""zip"", ""hday"": [""30""], ""hmonth"": [""06""], ""hydrological_model"": [""lisflood""], ""hyear"": [""1979""], ""product_type"": [""intermediate""], ""system_version"": [""version_2_1""], ""variable"": [""river_discharge_in_the_last_24_hours""]}"
2026-02-16T02:15:11Z,scan_20260216T015036Z,historical,P3,P3__historical__version_2_1__lisflood__intermediate,cems-glofas-historical,version_2_1,lisflood,intermediate,1979-09-28,error,,invalid_request,"400 Client Error: Bad Request for url: https://ewds.climate.copernicus.eu/api/retrieve/v1/processes/cems-glofas-historical/execution
invalid request
Request has not produced a valid combination of values, please check your selection.
{'system_version': ['version_2_1'], 'hydrological_model': ['lisflood'], 'product_type': ['intermediate'], 'variable': ['river_discharge_in_the_last_24_hours'], 'data_format': ['grib'], 'area': ['37.2443931', '-122.272464', '36.8443931', '-121.872464'], 'hyear': ['1979'], 'hmonth': ['09'], 'hday': ['28']}",repro/glofas_coverage_scan_runs/scan_20260216T015036Z/downloads/historical/P3__historical__version_2_1__lisflood__intermediate/1979-09-28.zip,"{""area"": [37.2443931, -122.272464, 36.8443931, -121.872464], ""data_format"": ""grib2"", ""download_format"": ""zip"", ""hday"": [""28""], ""hmonth"": [""09""], ""hydrological_model"": [""lisflood""], ""hyear"": [""1979""], ""product_type"": [""intermediate""], ""system_version"": [""version_2_1""], ""variable"": [""river_discharge_in_the_last_24_hours""]}"
