timestamp_utc,combo_id,lane,priority,dataset,system_version,hydrological_model,product_type,probe_date,status,ok,error_class,error_message,bytes,source,output_path,request_json
2026-02-16T02:54:04Z,P1__forecast__version_3_1__htessel_lisflood__ensemble_perturbed_forecasts,forecast,P1,cems-glofas-forecast,version_3_1,htessel_lisflood,ensemble_perturbed_forecasts,2021-05-26,error,0,invalid_request,"400 Client Error: Bad Request for url: https://ewds.climate.copernicus.eu/api/retrieve/v1/processes/cems-glofas-forecast/execution
invalid request
Request has not produced a valid combination of values, please check your selection.
{'system_version': ['version_3_1'], 'hydrological_model': ['htessel_lisflood'], 'product_type': ['ensemble_perturbed_forecasts'], 'variable': ['river_discharge_in_the_last_24_hours'], 'data_format': ['grib'], 'area': ['37.2443931', '-122.272464', '36.8443931', '-121.872464'], 'year': ['2021'], 'month': ['05'], 'day': ['26'], 'leadtime_hour': ['24']}",,local,repro/glofas_coverage_scan_runs/refine_20260216T025403Z/downloads/forecast/P1__forecast__version_3_1__htessel_lisflood__ensemble_perturbed_forecasts/2021-05-26.zip,"{""area"": [37.2443931, -122.272464, 36.8443931, -121.872464], ""data_format"": ""grib2"", ""day"": [""26""], ""download_format"": ""zip"", ""hydrological_model"": [""htessel_lisflood""], ""leadtime_hour"": [""24""], ""month"": [""05""], ""product_type"": [""ensemble_perturbed_forecasts""], ""system_version"": [""version_3_1""], ""variable"": [""river_discharge_in_the_last_24_hours""], ""year"": [""2021""]}"
2026-02-16T02:54:05Z,P1__forecast__version_3_1__htessel_lisflood__ensemble_perturbed_forecasts,forecast,P1,cems-glofas-forecast,version_3_1,htessel_lisflood,ensemble_perturbed_forecasts,2021-06-15,error,0,invalid_request,"400 Client Error: Bad Request for url: https://ewds.climate.copernicus.eu/api/retrieve/v1/processes/cems-glofas-forecast/execution
invalid request
Request has not produced a valid combination of values, please check your selection.
{'system_version': ['version_3_1'], 'hydrological_model': ['htessel_lisflood'], 'product_type': ['ensemble_perturbed_forecasts'], 'variable': ['river_discharge_in_the_last_24_hours'], 'data_format': ['grib'], 'area': ['37.2443931', '-122.272464', '36.8443931', '-121.872464'], 'year': ['2021'], 'month': ['06'], 'day': ['15'], 'leadtime_hour': ['24']}",,local,repro/glofas_coverage_scan_runs/refine_20260216T025403Z/downloads/forecast/P1__forecast__version_3_1__htessel_lisflood__ensemble_perturbed_forecasts/2021-06-15.zip,"{""area"": [37.2443931, -122.272464, 36.8443931, -121.872464], ""data_format"": ""grib2"", ""day"": [""15""], ""download_format"": ""zip"", ""hydrological_model"": [""htessel_lisflood""], ""leadtime_hour"": [""24""], ""month"": [""06""], ""product_type"": [""ensemble_perturbed_forecasts""], ""system_version"": [""version_3_1""], ""variable"": [""river_discharge_in_the_last_24_hours""], ""year"": [""2021""]}"
2026-02-16T02:54:07Z,P1__forecast__version_3_1__htessel_lisflood__ensemble_perturbed_forecasts,forecast,P1,cems-glofas-forecast,version_3_1,htessel_lisflood,ensemble_perturbed_forecasts,2021-10-26,error,0,invalid_request,"400 Client Error: Bad Request for url: https://ewds.climate.copernicus.eu/api/retrieve/v1/processes/cems-glofas-forecast/execution
invalid request
Request has not produced a valid combination of values, please check your selection.
{'system_version': ['version_3_1'], 'hydrological_model': ['htessel_lisflood'], 'product_type': ['ensemble_perturbed_forecasts'], 'variable': ['river_discharge_in_the_last_24_hours'], 'data_format': ['grib'], 'area': ['37.2443931', '-122.272464', '36.8443931', '-121.872464'], 'year': ['2021'], 'month': ['10'], 'day': ['26'], 'leadtime_hour': ['24']}",,local,repro/glofas_coverage_scan_runs/refine_20260216T025403Z/downloads/forecast/P1__forecast__version_3_1__htessel_lisflood__ensemble_perturbed_forecasts/2021-10-26.zip,"{""area"": [37.2443931, -122.272464, 36.8443931, -121.872464], ""data_format"": ""grib2"", ""day"": [""26""], ""download_format"": ""zip"", ""hydrological_model"": [""htessel_lisflood""], ""leadtime_hour"": [""24""], ""month"": [""10""], ""product_type"": [""ensemble_perturbed_forecasts""], ""system_version"": [""version_3_1""], ""variable"": [""river_discharge_in_the_last_24_hours""], ""year"": [""2021""]}"
2026-02-16T02:54:04Z,P1__forecast__version_3_1__htessel_lisflood__control_forecast,forecast,P1,cems-glofas-forecast,version_3_1,htessel_lisflood,control_forecast,2021-05-26,error,0,invalid_request,"400 Client Error: Bad Request for url: https://ewds.climate.copernicus.eu/api/retrieve/v1/processes/cems-glofas-forecast/execution
invalid request
Request has not produced a valid combination of values, please check your selection.
{'system_version': ['version_3_1'], 'hydrological_model': ['htessel_lisflood'], 'product_type': ['control_forecast'], 'variable': ['river_discharge_in_the_last_24_hours'], 'data_format': ['grib'], 'area': ['37.2443931', '-122.272464', '36.8443931', '-121.872464'], 'year': ['2021'], 'month': ['05'], 'day': ['26'], 'leadtime_hour': ['24']}",,local,repro/glofas_coverage_scan_runs/refine_20260216T025403Z/downloads/forecast/P1__forecast__version_3_1__htessel_lisflood__control_forecast/2021-05-26.zip,"{""area"": [37.2443931, -122.272464, 36.8443931, -121.872464], ""data_format"": ""grib2"", ""day"": [""26""], ""download_format"": ""zip"", ""hydrological_model"": [""htessel_lisflood""], ""leadtime_hour"": [""24""], ""month"": [""05""], ""product_type"": [""control_forecast""], ""system_version"": [""version_3_1""], ""variable"": [""river_discharge_in_the_last_24_hours""], ""year"": [""2021""]}"
2026-02-16T02:54:05Z,P1__forecast__version_3_1__htessel_lisflood__control_forecast,forecast,P1,cems-glofas-forecast,version_3_1,htessel_lisflood,control_forecast,2021-06-15,error,0,invalid_request,"400 Client Error: Bad Request for url: https://ewds.climate.copernicus.eu/api/retrieve/v1/processes/cems-glofas-forecast/execution
invalid request
Request has not produced a valid combination of values, please check your selection.
{'system_version': ['version_3_1'], 'hydrological_model': ['htessel_lisflood'], 'product_type': ['control_forecast'], 'variable': ['river_discharge_in_the_last_24_hours'], 'data_format': ['grib'], 'area': ['37.2443931', '-122.272464', '36.8443931', '-121.872464'], 'year': ['2021'], 'month': ['06'], 'day': ['15'], 'leadtime_hour': ['24']}",,local,repro/glofas_coverage_scan_runs/refine_20260216T025403Z/downloads/forecast/P1__forecast__version_3_1__htessel_lisflood__control_forecast/2021-06-15.zip,"{""area"": [37.2443931, -122.272464, 36.8443931, -121.872464], ""data_format"": ""grib2"", ""day"": [""15""], ""download_format"": ""zip"", ""hydrological_model"": [""htessel_lisflood""], ""leadtime_hour"": [""24""], ""month"": [""06""], ""product_type"": [""control_forecast""], ""system_version"": [""version_3_1""], ""variable"": [""river_discharge_in_the_last_24_hours""], ""year"": [""2021""]}"
2026-02-16T02:54:07Z,P1__forecast__version_3_1__htessel_lisflood__control_forecast,forecast,P1,cems-glofas-forecast,version_3_1,htessel_lisflood,control_forecast,2021-10-26,error,0,invalid_request,"400 Client Error: Bad Request for url: https://ewds.climate.copernicus.eu/api/retrieve/v1/processes/cems-glofas-forecast/execution
invalid request
Request has not produced a valid combination of values, please check your selection.
{'system_version': ['version_3_1'], 'hydrological_model': ['htessel_lisflood'], 'product_type': ['control_forecast'], 'variable': ['river_discharge_in_the_last_24_hours'], 'data_format': ['grib'], 'area': ['37.2443931', '-122.272464', '36.8443931', '-121.872464'], 'year': ['2021'], 'month': ['10'], 'day': ['26'], 'leadtime_hour': ['24']}",,local,repro/glofas_coverage_scan_runs/refine_20260216T025403Z/downloads/forecast/P1__forecast__version_3_1__htessel_lisflood__control_forecast/2021-10-26.zip,"{""area"": [37.2443931, -122.272464, 36.8443931, -121.872464], ""data_format"": ""grib2"", ""day"": [""26""], ""download_format"": ""zip"", ""hydrological_model"": [""htessel_lisflood""], ""leadtime_hour"": [""24""], ""month"": [""10""], ""product_type"": [""control_forecast""], ""system_version"": [""version_3_1""], ""variable"": [""river_discharge_in_the_last_24_hours""], ""year"": [""2021""]}"
2026-02-16T02:54:08Z,P1__forecast__version_3_1__lisflood__control_forecast,forecast,P1,cems-glofas-forecast,version_3_1,lisflood,control_forecast,2021-05-26,error,0,invalid_request,"400 Client Error: Bad Request for url: https://ewds.climate.copernicus.eu/api/retrieve/v1/processes/cems-glofas-forecast/execution
invalid request
Request has not produced a valid combination of values, please check your selection.
{'system_version': ['version_3_1'], 'hydrological_model': ['lisflood'], 'product_type': ['control_forecast'], 'variable': ['river_discharge_in_the_last_24_hours'], 'data_format': ['grib'], 'area': ['37.2443931', '-122.272464', '36.8443931', '-121.872464'], 'year': ['2021'], 'month': ['05'], 'day': ['26'], 'leadtime_hour': ['24']}",,local,repro/glofas_coverage_scan_runs/refine_20260216T025403Z/downloads/forecast/P1__forecast__version_3_1__lisflood__control_forecast/2021-05-26.zip,"{""area"": [37.2443931, -122.272464, 36.8443931, -121.872464], ""data_format"": ""grib2"", ""day"": [""26""], ""download_format"": ""zip"", ""hydrological_model"": [""lisflood""], ""leadtime_hour"": [""24""], ""month"": [""05""], ""product_type"": [""control_forecast""], ""system_version"": [""version_3_1""], ""variable"": [""river_discharge_in_the_last_24_hours""], ""year"": [""2021""]}"
2026-02-16T02:54:09Z,P1__forecast__version_3_1__lisflood__control_forecast,forecast,P1,cems-glofas-forecast,version_3_1,lisflood,control_forecast,2021-06-15,error,0,invalid_request,"400 Client Error: Bad Request for url: https://ewds.climate.copernicus.eu/api/retrieve/v1/processes/cems-glofas-forecast/execution
invalid request
Request has not produced a valid combination of values, please check your selection.
{'system_version': ['version_3_1'], 'hydrological_model': ['lisflood'], 'product_type': ['control_forecast'], 'variable': ['river_discharge_in_the_last_24_hours'], 'data_format': ['grib'], 'area': ['37.2443931', '-122.272464', '36.8443931', '-121.872464'], 'year': ['2021'], 'month': ['06'], 'day': ['15'], 'leadtime_hour': ['24']}",,local,repro/glofas_coverage_scan_runs/refine_20260216T025403Z/downloads/forecast/P1__forecast__version_3_1__lisflood__control_forecast/2021-06-15.zip,"{""area"": [37.2443931, -122.272464, 36.8443931, -121.872464], ""data_format"": ""grib2"", ""day"": [""15""], ""download_format"": ""zip"", ""hydrological_model"": [""lisflood""], ""leadtime_hour"": [""24""], ""month"": [""06""], ""product_type"": [""control_forecast""], ""system_version"": [""version_3_1""], ""variable"": [""river_discharge_in_the_last_24_hours""], ""year"": [""2021""]}"
2026-02-16T02:54:10Z,P1__forecast__version_3_1__lisflood__control_forecast,forecast,P1,cems-glofas-forecast,version_3_1,lisflood,control_forecast,2021-10-26,error,0,invalid_request,"400 Client Error: Bad Request for url: https://ewds.climate.copernicus.eu/api/retrieve/v1/processes/cems-glofas-forecast/execution
invalid request
Request has not produced a valid combination of values, please check your selection.
{'system_version': ['version_3_1'], 'hydrological_model': ['lisflood'], 'product_type': ['control_forecast'], 'variable': ['river_discharge_in_the_last_24_hours'], 'data_format': ['grib'], 'area': ['37.2443931', '-122.272464', '36.8443931', '-121.872464'], 'year': ['2021'], 'month': ['10'], 'day': ['26'], 'leadtime_hour': ['24']}",,local,repro/glofas_coverage_scan_runs/refine_20260216T025403Z/downloads/forecast/P1__forecast__version_3_1__lisflood__control_forecast/2021-10-26.zip,"{""area"": [37.2443931, -122.272464, 36.8443931, -121.872464], ""data_format"": ""grib2"", ""day"": [""26""], ""download_format"": ""zip"", ""hydrological_model"": [""lisflood""], ""leadtime_hour"": [""24""], ""month"": [""10""], ""product_type"": [""control_forecast""], ""system_version"": [""version_3_1""], ""variable"": [""river_discharge_in_the_last_24_hours""], ""year"": [""2021""]}"
2026-02-16T02:54:08Z,P1__forecast__version_3_1__lisflood__ensemble_perturbed_forecasts,forecast,P1,cems-glofas-forecast,version_3_1,lisflood,ensemble_perturbed_forecasts,2021-05-26,error,0,invalid_request,"400 Client Error: Bad Request for url: https://ewds.climate.copernicus.eu/api/retrieve/v1/processes/cems-glofas-forecast/execution
invalid request
Request has not produced a valid combination of values, please check your selection.
{'system_version': ['version_3_1'], 'hydrological_model': ['lisflood'], 'product_type': ['ensemble_perturbed_forecasts'], 'variable': ['river_discharge_in_the_last_24_hours'], 'data_format': ['grib'], 'area': ['37.2443931', '-122.272464', '36.8443931', '-121.872464'], 'year': ['2021'], 'month': ['05'], 'day': ['26'], 'leadtime_hour': ['24']}",,local,repro/glofas_coverage_scan_runs/refine_20260216T025403Z/downloads/forecast/P1__forecast__version_3_1__lisflood__ensemble_perturbed_forecasts/2021-05-26.zip,"{""area"": [37.2443931, -122.272464, 36.8443931, -121.872464], ""data_format"": ""grib2"", ""day"": [""26""], ""download_format"": ""zip"", ""hydrological_model"": [""lisflood""], ""leadtime_hour"": [""24""], ""month"": [""05""], ""product_type"": [""ensemble_perturbed_forecasts""], ""system_version"": [""version_3_1""], ""variable"": [""river_discharge_in_the_last_24_hours""], ""year"": [""2021""]}"
2026-02-16T02:54:09Z,P1__forecast__version_3_1__lisflood__ensemble_perturbed_forecasts,forecast,P1,cems-glofas-forecast,version_3_1,lisflood,ensemble_perturbed_forecasts,2021-06-15,error,0,invalid_request,"400 Client Error: Bad Request for url: https://ewds.climate.copernicus.eu/api/retrieve/v1/processes/cems-glofas-forecast/execution
invalid request
Request has not produced a valid combination of values, please check your selection.
{'system_version': ['version_3_1'], 'hydrological_model': ['lisflood'], 'product_type': ['ensemble_perturbed_forecasts'], 'variable': ['river_discharge_in_the_last_24_hours'], 'data_format': ['grib'], 'area': ['37.2443931', '-122.272464', '36.8443931', '-121.872464'], 'year': ['2021'], 'month': ['06'], 'day': ['15'], 'leadtime_hour': ['24']}",,local,repro/glofas_coverage_scan_runs/refine_20260216T025403Z/downloads/forecast/P1__forecast__version_3_1__lisflood__ensemble_perturbed_forecasts/2021-06-15.zip,"{""area"": [37.2443931, -122.272464, 36.8443931, -121.872464], ""data_format"": ""grib2"", ""day"": [""15""], ""download_format"": ""zip"", ""hydrological_model"": [""lisflood""], ""leadtime_hour"": [""24""], ""month"": [""06""], ""product_type"": [""ensemble_perturbed_forecasts""], ""system_version"": [""version_3_1""], ""variable"": [""river_discharge_in_the_last_24_hours""], ""year"": [""2021""]}"
2026-02-16T02:54:11Z,P1__forecast__version_3_1__lisflood__ensemble_perturbed_forecasts,forecast,P1,cems-glofas-forecast,version_3_1,lisflood,ensemble_perturbed_forecasts,2021-10-26,error,0,invalid_request,"400 Client Error: Bad Request for url: https://ewds.climate.copernicus.eu/api/retrieve/v1/processes/cems-glofas-forecast/execution
invalid request
Request has not produced a valid combination of values, please check your selection.
{'system_version': ['version_3_1'], 'hydrological_model': ['lisflood'], 'product_type': ['ensemble_perturbed_forecasts'], 'variable': ['river_discharge_in_the_last_24_hours'], 'data_format': ['grib'], 'area': ['37.2443931', '-122.272464', '36.8443931', '-121.872464'], 'year': ['2021'], 'month': ['10'], 'day': ['26'], 'leadtime_hour': ['24']}",,local,repro/glofas_coverage_scan_runs/refine_20260216T025403Z/downloads/forecast/P1__forecast__version_3_1__lisflood__ensemble_perturbed_forecasts/2021-10-26.zip,"{""area"": [37.2443931, -122.272464, 36.8443931, -121.872464], ""data_format"": ""grib2"", ""day"": [""26""], ""download_format"": ""zip"", ""hydrological_model"": [""lisflood""], ""leadtime_hour"": [""24""], ""month"": [""10""], ""product_type"": [""ensemble_perturbed_forecasts""], ""system_version"": [""version_3_1""], ""variable"": [""river_discharge_in_the_last_24_hours""], ""year"": [""2021""]}"
2026-02-16T02:54:12Z,P1__historical__version_3_1__htessel_lisflood__intermediate,historical,P1,cems-glofas-historical,version_3_1,htessel_lisflood,intermediate,2021-02-08,error,0,invalid_request,"400 Client Error: Bad Request for url: https://ewds.climate.copernicus.eu/api/retrieve/v1/processes/cems-glofas-historical/execution
invalid request
Request has not produced a valid combination of values, please check your selection.
{'system_version': ['version_3_1'], 'hydrological_model': ['htessel_lisflood'], 'product_type': ['intermediate'], 'variable': ['river_discharge_in_the_last_24_hours'], 'data_format': ['grib'], 'area': ['37.2443931', '-122.272464', '36.8443931', '-121.872464'], 'hyear': ['2021'], 'hmonth': ['02'], 'hday': ['08']}",,local,repro/glofas_coverage_scan_runs/refine_20260216T025403Z/downloads/historical/P1__historical__version_3_1__htessel_lisflood__intermediate/2021-02-08.zip,"{""area"": [37.2443931, -122.272464, 36.8443931, -121.872464], ""data_format"": ""grib2"", ""download_format"": ""zip"", ""hday"": [""08""], ""hmonth"": [""02""], ""hydrological_model"": [""htessel_lisflood""], ""hyear"": [""2021""], ""product_type"": [""intermediate""], ""system_version"": [""version_3_1""], ""variable"": [""river_discharge_in_the_last_24_hours""]}"
2026-02-16T02:54:13Z,P1__historical__version_3_1__htessel_lisflood__intermediate,historical,P1,cems-glofas-historical,version_3_1,htessel_lisflood,intermediate,2021-06-15,error,0,invalid_request,"400 Client Error: Bad Request for url: https://ewds.climate.copernicus.eu/api/retrieve/v1/processes/cems-glofas-historical/execution
invalid request
Request has not produced a valid combination of values, please check your selection.
{'system_version': ['version_3_1'], 'hydrological_model': ['htessel_lisflood'], 'product_type': ['intermediate'], 'variable': ['river_discharge_in_the_last_24_hours'], 'data_format': ['grib'], 'area': ['37.2443931', '-122.272464', '36.8443931', '-121.872464'], 'hyear': ['2021'], 'hmonth': ['06'], 'hday': ['15']}",,local,repro/glofas_coverage_scan_runs/refine_20260216T025403Z/downloads/historical/P1__historical__version_3_1__htessel_lisflood__intermediate/2021-06-15.zip,"{""area"": [37.2443931, -122.272464, 36.8443931, -121.872464], ""data_format"": ""grib2"", ""download_format"": ""zip"", ""hday"": [""15""], ""hmonth"": [""06""], ""hydrological_model"": [""htessel_lisflood""], ""hyear"": [""2021""], ""product_type"": [""intermediate""], ""system_version"": [""version_3_1""], ""variable"": [""river_discharge_in_the_last_24_hours""]}"
2026-02-16T02:54:14Z,P1__historical__version_3_1__htessel_lisflood__intermediate,historical,P1,cems-glofas-historical,version_3_1,htessel_lisflood,intermediate,1979-01-01,error,0,invalid_request,"400 Client Error: Bad Request for url: https://ewds.climate.copernicus.eu/api/retrieve/v1/processes/cems-glofas-historical/execution
invalid request
Request has not produced a valid combination of values, please check your selection.
{'system_version': ['version_3_1'], 'hydrological_model': ['htessel_lisflood'], 'product_type': ['intermediate'], 'variable': ['river_discharge_in_the_last_24_hours'], 'data_format': ['grib'], 'area': ['37.2443931', '-122.272464', '36.8443931', '-121.872464'], 'hyear': ['1979'], 'hmonth': ['01'], 'hday': ['01']}",,local,repro/glofas_coverage_scan_runs/refine_20260216T025403Z/downloads/historical/P1__historical__version_3_1__htessel_lisflood__intermediate/1979-01-01.zip,"{""area"": [37.2443931, -122.272464, 36.8443931, -121.872464], ""data_format"": ""grib2"", ""download_format"": ""zip"", ""hday"": [""01""], ""hmonth"": [""01""], ""hydrological_model"": [""htessel_lisflood""], ""hyear"": [""1979""], ""product_type"": [""intermediate""], ""system_version"": [""version_3_1""], ""variable"": [""river_discharge_in_the_last_24_hours""]}"
2026-02-16T02:54:11Z,P1__historical__version_3_1__htessel_lisflood__consolidated,historical,P1,cems-glofas-historical,version_3_1,htessel_lisflood,consolidated,2021-02-08,error,0,invalid_request,"400 Client Error: Bad Request for url: https://ewds.climate.copernicus.eu/api/retrieve/v1/processes/cems-glofas-historical/execution
invalid request
Request has not produced a valid combination of values, please check your selection.
{'system_version': ['version_3_1'], 'hydrological_model': ['htessel_lisflood'], 'product_type': ['consolidated'], 'variable': ['river_discharge_in_the_last_24_hours'], 'data_format': ['grib'], 'area': ['37.2443931', '-122.272464', '36.8443931', '-121.872464'], 'hyear': ['2021'], 'hmonth': ['02'], 'hday': ['08']}",,local,repro/glofas_coverage_scan_runs/refine_20260216T025403Z/downloads/historical/P1__historical__version_3_1__htessel_lisflood__consolidated/2021-02-08.zip,"{""area"": [37.2443931, -122.272464, 36.8443931, -121.872464], ""data_format"": ""grib2"", ""download_format"": ""zip"", ""hday"": [""08""], ""hmonth"": [""02""], ""hydrological_model"": [""htessel_lisflood""], ""hyear"": [""2021""], ""product_type"": [""consolidated""], ""system_version"": [""version_3_1""], ""variable"": [""river_discharge_in_the_last_24_hours""]}"
2026-02-16T02:54:12Z,P1__historical__version_3_1__htessel_lisflood__consolidated,historical,P1,cems-glofas-historical,version_3_1,htessel_lisflood,consolidated,2021-06-15,error,0,invalid_request,"400 Client Error: Bad Request for url: https://ewds.climate.copernicus.eu/api/retrieve/v1/processes/cems-glofas-historical/execution
invalid request
Request has not produced a valid combination of values, please check your selection.
{'system_version': ['version_3_1'], 'hydrological_model': ['htessel_lisflood'], 'product_type': ['consolidated'], 'variable': ['river_discharge_in_the_last_24_hours'], 'data_format': ['grib'], 'area': ['37.2443931', '-122.272464', '36.8443931', '-121.872464'], 'hyear': ['2021'], 'hmonth': ['06'], 'hday': ['15']}",,local,repro/glofas_coverage_scan_runs/refine_20260216T025403Z/downloads/historical/P1__historical__version_3_1__htessel_lisflood__consolidated/2021-06-15.zip,"{""area"": [37.2443931, -122.272464, 36.8443931, -121.872464], ""data_format"": ""grib2"", ""download_format"": ""zip"", ""hday"": [""15""], ""hmonth"": [""06""], ""hydrological_model"": [""htessel_lisflood""], ""hyear"": [""2021""], ""product_type"": [""consolidated""], ""system_version"": [""version_3_1""], ""variable"": [""river_discharge_in_the_last_24_hours""]}"
2026-02-16T02:54:14Z,P1__historical__version_3_1__htessel_lisflood__consolidated,historical,P1,cems-glofas-historical,version_3_1,htessel_lisflood,consolidated,1979-01-01,error,0,invalid_request,"400 Client Error: Bad Request for url: https://ewds.climate.copernicus.eu/api/retrieve/v1/processes/cems-glofas-historical/execution
invalid request
Request has not produced a valid combination of values, please check your selection.
{'system_version': ['version_3_1'], 'hydrological_model': ['htessel_lisflood'], 'product_type': ['consolidated'], 'variable': ['river_discharge_in_the_last_24_hours'], 'data_format': ['grib'], 'area': ['37.2443931', '-122.272464', '36.8443931', '-121.872464'], 'hyear': ['1979'], 'hmonth': ['01'], 'hday': ['01']}",,local,repro/glofas_coverage_scan_runs/refine_20260216T025403Z/downloads/historical/P1__historical__version_3_1__htessel_lisflood__consolidated/1979-01-01.zip,"{""area"": [37.2443931, -122.272464, 36.8443931, -121.872464], ""data_format"": ""grib2"", ""download_format"": ""zip"", ""hday"": [""01""], ""hmonth"": [""01""], ""hydrological_model"": [""htessel_lisflood""], ""hyear"": [""1979""], ""product_type"": [""consolidated""], ""system_version"": [""version_3_1""], ""variable"": [""river_discharge_in_the_last_24_hours""]}"
2026-02-16T02:54:31Z,P1__historical__version_3_1__lisflood__consolidated,historical,P1,cems-glofas-historical,version_3_1,lisflood,consolidated,2021-06-15,ok,1,,,291,local,repro/glofas_coverage_scan_runs/refine_20260216T025403Z/downloads/historical/P1__historical__version_3_1__lisflood__consolidated/2021-06-15.zip,"{""area"": [37.2443931, -122.272464, 36.8443931, -121.872464], ""data_format"": ""grib2"", ""download_format"": ""zip"", ""hday"": [""15""], ""hmonth"": [""06""], ""hydrological_model"": [""lisflood""], ""hyear"": [""2021""], ""product_type"": [""consolidated""], ""system_version"": [""version_3_1""], ""variable"": [""river_discharge_in_the_last_24_hours""]}"
2026-02-16T02:54:48Z,P1__historical__version_3_1__lisflood__consolidated,historical,P1,cems-glofas-historical,version_3_1,lisflood,consolidated,2021-02-08,ok,1,,,297,local,repro/glofas_coverage_scan_runs/refine_20260216T025403Z/downloads/historical/P1__historical__version_3_1__lisflood__consolidated/2021-02-08.zip,"{""area"": [37.2443931, -122.272464, 36.8443931, -121.872464], ""data_format"": ""grib2"", ""download_format"": ""zip"", ""hday"": [""08""], ""hmonth"": [""02""], ""hydrological_model"": [""lisflood""], ""hyear"": [""2021""], ""product_type"": [""consolidated""], ""system_version"": [""version_3_1""], ""variable"": [""river_discharge_in_the_last_24_hours""]}"
2026-02-16T02:55:10Z,P1__historical__version_3_1__lisflood__consolidated,historical,P1,cems-glofas-historical,version_3_1,lisflood,consolidated,2021-02-07,ok,1,,,297,local,repro/glofas_coverage_scan_runs/refine_20260216T025403Z/downloads/historical/P1__historical__version_3_1__lisflood__consolidated/2021-02-07.zip,"{""area"": [37.2443931, -122.272464, 36.8443931, -121.872464], ""data_format"": ""grib2"", ""download_format"": ""zip"", ""hday"": [""07""], ""hmonth"": [""02""], ""hydrological_model"": [""lisflood""], ""hyear"": [""2021""], ""product_type"": [""consolidated""], ""system_version"": [""version_3_1""], ""variable"": [""river_discharge_in_the_last_24_hours""]}"
2026-02-16T02:55:33Z,P1__historical__version_3_1__lisflood__consolidated,historical,P1,cems-glofas-historical,version_3_1,lisflood,consolidated,2021-06-16,ok,1,,,287,local,repro/glofas_coverage_scan_runs/refine_20260216T025403Z/downloads/historical/P1__historical__version_3_1__lisflood__consolidated/2021-06-16.zip,"{""area"": [37.2443931, -122.272464, 36.8443931, -121.872464], ""data_format"": ""grib2"", ""download_format"": ""zip"", ""hday"": [""16""], ""hmonth"": [""06""], ""hydrological_model"": [""lisflood""], ""hyear"": [""2021""], ""product_type"": [""consolidated""], ""system_version"": [""version_3_1""], ""variable"": [""river_discharge_in_the_last_24_hours""]}"
2026-02-16T02:55:55Z,P1__historical__version_3_1__lisflood__consolidated,historical,P1,cems-glofas-historical,version_3_1,lisflood,consolidated,2021-02-06,ok,1,,,299,local,repro/glofas_coverage_scan_runs/refine_20260216T025403Z/downloads/historical/P1__historical__version_3_1__lisflood__consolidated/2021-02-06.zip,"{""area"": [37.2443931, -122.272464, 36.8443931, -121.872464], ""data_format"": ""grib2"", ""download_format"": ""zip"", ""hday"": [""06""], ""hmonth"": [""02""], ""hydrological_model"": [""lisflood""], ""hyear"": [""2021""], ""product_type"": [""consolidated""], ""system_version"": [""version_3_1""], ""variable"": [""river_discharge_in_the_last_24_hours""]}"
2026-02-16T02:56:19Z,P1__historical__version_3_1__lisflood__consolidated,historical,P1,cems-glofas-historical,version_3_1,lisflood,consolidated,2021-06-17,ok,1,,,288,local,repro/glofas_coverage_scan_runs/refine_20260216T025403Z/downloads/historical/P1__historical__version_3_1__lisflood__consolidated/2021-06-17.zip,"{""area"": [37.2443931, -122.272464, 36.8443931, -121.872464], ""data_format"": ""grib2"", ""download_format"": ""zip"", ""hday"": [""17""], ""hmonth"": [""06""], ""hydrological_model"": [""lisflood""], ""hyear"": [""2021""], ""product_type"": [""consolidated""], ""system_version"": [""version_3_1""], ""variable"": [""river_discharge_in_the_last_24_hours""]}"
2026-02-16T02:56:20Z,P1__reforecast__version_3_1__htessel_lisflood__control_reforecast,reforecast,P1,cems-glofas-reforecast,version_3_1,htessel_lisflood,control_reforecast,2021-06-14,error,0,invalid_request,"400 Client Error: Bad Request for url: https://ewds.climate.copernicus.eu/api/retrieve/v1/processes/cems-glofas-reforecast/execution
invalid request
Request has not produced a valid combination of values, please check your selection.
{'system_version': ['version_3_1'], 'hydrological_model': ['htessel_lisflood'], 'product_type': ['control_reforecast'], 'variable': ['river_discharge_in_the_last_24_hours'], 'data_format': ['grib'], 'area': ['37.2443931', '-122.272464', '36.8443931', '-121.872464'], 'hyear': ['2021'], 'hmonth': ['06'], 'hday': ['14'], 'leadtime_hour': ['24']}",,local,repro/glofas_coverage_scan_runs/refine_20260216T025403Z/downloads/reforecast/P1__reforecast__version_3_1__htessel_lisflood__control_reforecast/2021-06-14.zip,"{""area"": [37.2443931, -122.272464, 36.8443931, -121.872464], ""data_format"": ""grib2"", ""download_format"": ""zip"", ""hday"": [""14""], ""hmonth"": [""06""], ""hydrological_model"": [""htessel_lisflood""], ""hyear"": [""2021""], ""leadtime_hour"": [""24""], ""product_type"": [""control_reforecast""], ""system_version"": [""version_3_1""], ""variable"": [""river_discharge_in_the_last_24_hours""]}"
2026-02-16T02:56:22Z,P1__reforecast__version_3_1__htessel_lisflood__control_reforecast,reforecast,P1,cems-glofas-reforecast,version_3_1,htessel_lisflood,control_reforecast,2021-06-17,error,0,invalid_request,"400 Client Error: Bad Request for url: https://ewds.climate.copernicus.eu/api/retrieve/v1/processes/cems-glofas-reforecast/execution
invalid request
Request has not produced a valid combination of values, please check your selection.
{'system_version': ['version_3_1'], 'hydrological_model': ['htessel_lisflood'], 'product_type': ['control_reforecast'], 'variable': ['river_discharge_in_the_last_24_hours'], 'data_format': ['grib'], 'area': ['37.2443931', '-122.272464', '36.8443931', '-121.872464'], 'hyear': ['2021'], 'hmonth': ['06'], 'hday': ['17'], 'leadtime_hour': ['24']}",,local,repro/glofas_coverage_scan_runs/refine_20260216T025403Z/downloads/reforecast/P1__reforecast__version_3_1__htessel_lisflood__control_reforecast/2021-06-17.zip,"{""area"": [37.2443931, -122.272464, 36.8443931, -121.872464], ""data_format"": ""grib2"", ""download_format"": ""zip"", ""hday"": [""17""], ""hmonth"": [""06""], ""hydrological_model"": [""htessel_lisflood""], ""hyear"": [""2021""], ""leadtime_hour"": [""24""], ""product_type"": [""control_reforecast""], ""system_version"": [""version_3_1""], ""variable"": [""river_discharge_in_the_last_24_hours""]}"
2026-02-16T02:56:24Z,P1__reforecast__version_3_1__htessel_lisflood__control_reforecast,reforecast,P1,cems-glofas-reforecast,version_3_1,htessel_lisflood,control_reforecast,1999-01-04,error,0,invalid_request,"400 Client Error: Bad Request for url: https://ewds.climate.copernicus.eu/api/retrieve/v1/processes/cems-glofas-reforecast/execution
invalid request
Request has not produced a valid combination of values, please check your selection.
{'system_version': ['version_3_1'], 'hydrological_model': ['htessel_lisflood'], 'product_type': ['control_reforecast'], 'variable': ['river_discharge_in_the_last_24_hours'], 'data_format': ['grib'], 'area': ['37.2443931', '-122.272464', '36.8443931', '-121.872464'], 'hyear': ['1999'], 'hmonth': ['01'], 'hday': ['04'], 'leadtime_hour': ['24']}",,local,repro/glofas_coverage_scan_runs/refine_20260216T025403Z/downloads/reforecast/P1__reforecast__version_3_1__htessel_lisflood__control_reforecast/1999-01-04.zip,"{""area"": [37.2443931, -122.272464, 36.8443931, -121.872464], ""data_format"": ""grib2"", ""download_format"": ""zip"", ""hday"": [""04""], ""hmonth"": [""01""], ""hydrological_model"": [""htessel_lisflood""], ""hyear"": [""1999""], ""leadtime_hour"": [""24""], ""product_type"": [""control_reforecast""], ""system_version"": [""version_3_1""], ""variable"": [""river_discharge_in_the_last_24_hours""]}"
2026-02-16T02:54:42Z,P1__historical__version_3_1__lisflood__intermediate,historical,P1,cems-glofas-historical,version_3_1,lisflood,intermediate,2021-06-15,ok,1,,,291,local,repro/glofas_coverage_scan_runs/refine_20260216T025403Z/downloads/historical/P1__historical__version_3_1__lisflood__intermediate/2021-06-15.zip,"{""area"": [37.2443931, -122.272464, 36.8443931, -121.872464], ""data_format"": ""grib2"", ""download_format"": ""zip"", ""hday"": [""15""], ""hmonth"": [""06""], ""hydrological_model"": [""lisflood""], ""hyear"": [""2021""], ""product_type"": [""intermediate""], ""system_version"": [""version_3_1""], ""variable"": [""river_discharge_in_the_last_24_hours""]}"
2026-02-16T02:54:59Z,P1__historical__version_3_1__lisflood__intermediate,historical,P1,cems-glofas-historical,version_3_1,lisflood,intermediate,2021-06-04,ok,1,,,285,local,repro/glofas_coverage_scan_runs/refine_20260216T025403Z/downloads/historical/P1__historical__version_3_1__lisflood__intermediate/2021-06-04.zip,"{""area"": [37.2443931, -122.272464, 36.8443931, -121.872464], ""data_format"": ""grib2"", ""download_format"": ""zip"", ""hday"": [""04""], ""hmonth"": [""06""], ""hydrological_model"": [""lisflood""], ""hyear"": [""2021""], ""product_type"": [""intermediate""], ""system_version"": [""version_3_1""], ""variable"": [""river_discharge_in_the_last_24_hours""]}"
2026-02-16T02:55:16Z,P1__historical__version_3_1__lisflood__intermediate,historical,P1,cems-glofas-historical,version_3_1,lisflood,intermediate,2021-06-03,ok,1,,,285,local,repro/glofas_coverage_scan_runs/refine_20260216T025403Z/downloads/historical/P1__historical__version_3_1__lisflood__intermediate/2021-06-03.zip,"{""area"": [37.2443931, -122.272464, 36.8443931, -121.872464], ""data_format"": ""grib2"", ""download_format"": ""zip"", ""hday"": [""03""], ""hmonth"": [""06""], ""hydrological_model"": [""lisflood""], ""hyear"": [""2021""], ""product_type"": [""intermediate""], ""system_version"": [""version_3_1""], ""variable"": [""river_discharge_in_the_last_24_hours""]}"
2026-02-16T02:55:39Z,P1__historical__version_3_1__lisflood__intermediate,historical,P1,cems-glofas-historical,version_3_1,lisflood,intermediate,2021-06-16,ok,1,,,287,local,repro/glofas_coverage_scan_runs/refine_20260216T025403Z/downloads/historical/P1__historical__version_3_1__lisflood__intermediate/2021-06-16.zip,"{""area"": [37.2443931, -122.272464, 36.8443931, -121.872464], ""data_format"": ""grib2"", ""download_format"": ""zip"", ""hday"": [""16""], ""hmonth"": [""06""], ""hydrological_model"": [""lisflood""], ""hyear"": [""2021""], ""product_type"": [""intermediate""], ""system_version"": [""version_3_1""], ""variable"": [""river_discharge_in_the_last_24_hours""]}"
2026-02-16T02:56:01Z,P1__historical__version_3_1__lisflood__intermediate,historical,P1,cems-glofas-historical,version_3_1,lisflood,intermediate,2021-06-02,ok,1,,,284,local,repro/glofas_coverage_scan_runs/refine_20260216T025403Z/downloads/historical/P1__historical__version_3_1__lisflood__intermediate/2021-06-02.zip,"{""area"": [37.2443931, -122.272464, 36.8443931, -121.872464], ""data_format"": ""grib2"", ""download_format"": ""zip"", ""hday"": [""02""], ""hmonth"": [""06""], ""hydrological_model"": [""lisflood""], ""hyear"": [""2021""], ""product_type"": [""intermediate""], ""system_version"": [""version_3_1""], ""variable"": [""river_discharge_in_the_last_24_hours""]}"
2026-02-16T02:56:28Z,P1__historical__version_3_1__lisflood__intermediate,historical,P1,cems-glofas-historical,version_3_1,lisflood,intermediate,2021-06-17,ok,1,,,288,local,repro/glofas_coverage_scan_runs/refine_20260216T025403Z/downloads/historical/P1__historical__version_3_1__lisflood__intermediate/2021-06-17.zip,"{""area"": [37.2443931, -122.272464, 36.8443931, -121.872464], ""data_format"": ""grib2"", ""download_format"": ""zip"", ""hday"": [""17""], ""hmonth"": [""06""], ""hydrological_model"": [""lisflood""], ""hyear"": [""2021""], ""product_type"": [""intermediate""], ""system_version"": [""version_3_1""], ""variable"": [""river_discharge_in_the_last_24_hours""]}"
2026-02-16T02:56:25Z,P1__reforecast__version_3_1__htessel_lisflood__ensemble_perturbed_reforecast,reforecast,P1,cems-glofas-reforecast,version_3_1,htessel_lisflood,ensemble_perturbed_reforecast,2021-06-14,error,0,invalid_request,"400 Client Error: Bad Request for url: https://ewds.climate.copernicus.eu/api/retrieve/v1/processes/cems-glofas-reforecast/execution
invalid request
Request has not produced a valid combination of values, please check your selection.
{'system_version': ['version_3_1'], 'hydrological_model': ['htessel_lisflood'], 'product_type': ['ensemble_perturbed_reforecast'], 'variable': ['river_discharge_in_the_last_24_hours'], 'data_format': ['grib'], 'area': ['37.2443931', '-122.272464', '36.8443931', '-121.872464'], 'hyear': ['2021'], 'hmonth': ['06'], 'hday': ['14'], 'leadtime_hour': ['24']}",,local,repro/glofas_coverage_scan_runs/refine_20260216T025403Z/downloads/reforecast/P1__reforecast__version_3_1__htessel_lisflood__ensemble_perturbed_reforecast/2021-06-14.zip,"{""area"": [37.2443931, -122.272464, 36.8443931, -121.872464], ""data_format"": ""grib2"", ""download_format"": ""zip"", ""hday"": [""14""], ""hmonth"": [""06""], ""hydrological_model"": [""htessel_lisflood""], ""hyear"": [""2021""], ""leadtime_hour"": [""24""], ""product_type"": [""ensemble_perturbed_reforecast""], ""system_version"": [""version_3_1""], ""variable"": [""river_discharge_in_the_last_24_hours""]}"
2026-02-16T02:56:27Z,P1__reforecast__version_3_1__htessel_lisflood__ensemble_perturbed_reforecast,reforecast,P1,cems-glofas-reforecast,version_3_1,htessel_lisflood,ensemble_perturbed_reforecast,2021-06-17,error,0,invalid_request,"400 Client Error: Bad Request for url: https://ewds.climate.copernicus.eu/api/retrieve/v1/processes/cems-glofas-reforecast/execution
invalid request
Request has not produced a valid combination of values, please check your selection.
{'system_version': ['version_3_1'], 'hydrological_model': ['htessel_lisflood'], 'product_type': ['ensemble_perturbed_reforecast'], 'variable': ['river_discharge_in_the_last_24_hours'], 'data_format': ['grib'], 'area': ['37.2443931', '-122.272464', '36.8443931', '-121.872464'], 'hyear': ['2021'], 'hmonth': ['06'], 'hday': ['17'], 'leadtime_hour': ['24']}",,local,repro/glofas_coverage_scan_runs/refine_20260216T025403Z/downloads/reforecast/P1__reforecast__version_3_1__htessel_lisflood__ensemble_perturbed_reforecast/2021-06-17.zip,"{""area"": [37.2443931, -122.272464, 36.8443931, -121.872464], ""data_format"": ""grib2"", ""download_format"": ""zip"", ""hday"": [""17""], ""hmonth"": [""06""], ""hydrological_model"": [""htessel_lisflood""], ""hyear"": [""2021""], ""leadtime_hour"": [""24""], ""product_type"": [""ensemble_perturbed_reforecast""], ""system_version"": [""version_3_1""], ""variable"": [""river_discharge_in_the_last_24_hours""]}"
2026-02-16T02:56:28Z,P1__reforecast__version_3_1__htessel_lisflood__ensemble_perturbed_reforecast,reforecast,P1,cems-glofas-reforecast,version_3_1,htessel_lisflood,ensemble_perturbed_reforecast,1999-01-04,error,0,invalid_request,"400 Client Error: Bad Request for url: https://ewds.climate.copernicus.eu/api/retrieve/v1/processes/cems-glofas-reforecast/execution
invalid request
Request has not produced a valid combination of values, please check your selection.
{'system_version': ['version_3_1'], 'hydrological_model': ['htessel_lisflood'], 'product_type': ['ensemble_perturbed_reforecast'], 'variable': ['river_discharge_in_the_last_24_hours'], 'data_format': ['grib'], 'area': ['37.2443931', '-122.272464', '36.8443931', '-121.872464'], 'hyear': ['1999'], 'hmonth': ['01'], 'hday': ['04'], 'leadtime_hour': ['24']}",,local,repro/glofas_coverage_scan_runs/refine_20260216T025403Z/downloads/reforecast/P1__reforecast__version_3_1__htessel_lisflood__ensemble_perturbed_reforecast/1999-01-04.zip,"{""area"": [37.2443931, -122.272464, 36.8443931, -121.872464], ""data_format"": ""grib2"", ""download_format"": ""zip"", ""hday"": [""04""], ""hmonth"": [""01""], ""hydrological_model"": [""htessel_lisflood""], ""hyear"": [""1999""], ""leadtime_hour"": [""24""], ""product_type"": [""ensemble_perturbed_reforecast""], ""system_version"": [""version_3_1""], ""variable"": [""river_discharge_in_the_last_24_hours""]}"
2026-02-16T02:56:30Z,P1__reforecast__version_3_1__lisflood__ensemble_perturbed_reforecast,reforecast,P1,cems-glofas-reforecast,version_3_1,lisflood,ensemble_perturbed_reforecast,2021-06-14,error,0,invalid_request,"400 Client Error: Bad Request for url: https://ewds.climate.copernicus.eu/api/retrieve/v1/processes/cems-glofas-reforecast/execution
invalid request
Request has not produced a valid combination of values, please check your selection.
{'system_version': ['version_3_1'], 'hydrological_model': ['lisflood'], 'product_type': ['ensemble_perturbed_reforecast'], 'variable': ['river_discharge_in_the_last_24_hours'], 'data_format': ['grib'], 'area': ['37.2443931', '-122.272464', '36.8443931', '-121.872464'], 'hyear': ['2021'], 'hmonth': ['06'], 'hday': ['14'], 'leadtime_hour': ['24']}",,local,repro/glofas_coverage_scan_runs/refine_20260216T025403Z/downloads/reforecast/P1__reforecast__version_3_1__lisflood__ensemble_perturbed_reforecast/2021-06-14.zip,"{""area"": [37.2443931, -122.272464, 36.8443931, -121.872464], ""data_format"": ""grib2"", ""download_format"": ""zip"", ""hday"": [""14""], ""hmonth"": [""06""], ""hydrological_model"": [""lisflood""], ""hyear"": [""2021""], ""leadtime_hour"": [""24""], ""product_type"": [""ensemble_perturbed_reforecast""], ""system_version"": [""version_3_1""], ""variable"": [""river_discharge_in_the_last_24_hours""]}"
2026-02-16T02:56:31Z,P1__reforecast__version_3_1__lisflood__ensemble_perturbed_reforecast,reforecast,P1,cems-glofas-reforecast,version_3_1,lisflood,ensemble_perturbed_reforecast,2021-06-17,error,0,invalid_request,"400 Client Error: Bad Request for url: https://ewds.climate.copernicus.eu/api/retrieve/v1/processes/cems-glofas-reforecast/execution
invalid request
Request has not produced a valid combination of values, please check your selection.
{'system_version': ['version_3_1'], 'hydrological_model': ['lisflood'], 'product_type': ['ensemble_perturbed_reforecast'], 'variable': ['river_discharge_in_the_last_24_hours'], 'data_format': ['grib'], 'area': ['37.2443931', '-122.272464', '36.8443931', '-121.872464'], 'hyear': ['2021'], 'hmonth': ['06'], 'hday': ['17'], 'leadtime_hour': ['24']}",,local,repro/glofas_coverage_scan_runs/refine_20260216T025403Z/downloads/reforecast/P1__reforecast__version_3_1__lisflood__ensemble_perturbed_reforecast/2021-06-17.zip,"{""area"": [37.2443931, -122.272464, 36.8443931, -121.872464], ""data_format"": ""grib2"", ""download_format"": ""zip"", ""hday"": [""17""], ""hmonth"": [""06""], ""hydrological_model"": [""lisflood""], ""hyear"": [""2021""], ""leadtime_hour"": [""24""], ""product_type"": [""ensemble_perturbed_reforecast""], ""system_version"": [""version_3_1""], ""variable"": [""river_discharge_in_the_last_24_hours""]}"
2026-02-16T02:56:32Z,P1__reforecast__version_3_1__lisflood__ensemble_perturbed_reforecast,reforecast,P1,cems-glofas-reforecast,version_3_1,lisflood,ensemble_perturbed_reforecast,1999-01-04,error,0,invalid_request,"400 Client Error: Bad Request for url: https://ewds.climate.copernicus.eu/api/retrieve/v1/processes/cems-glofas-reforecast/execution
invalid request
Request has not produced a valid combination of values, please check your selection.
{'system_version': ['version_3_1'], 'hydrological_model': ['lisflood'], 'product_type': ['ensemble_perturbed_reforecast'], 'variable': ['river_discharge_in_the_last_24_hours'], 'data_format': ['grib'], 'area': ['37.2443931', '-122.272464', '36.8443931', '-121.872464'], 'hyear': ['1999'], 'hmonth': ['01'], 'hday': ['04'], 'leadtime_hour': ['24']}",,local,repro/glofas_coverage_scan_runs/refine_20260216T025403Z/downloads/reforecast/P1__reforecast__version_3_1__lisflood__ensemble_perturbed_reforecast/1999-01-04.zip,"{""area"": [37.2443931, -122.272464, 36.8443931, -121.872464], ""data_format"": ""grib2"", ""download_format"": ""zip"", ""hday"": [""04""], ""hmonth"": [""01""], ""hydrological_model"": [""lisflood""], ""hyear"": [""1999""], ""leadtime_hour"": [""24""], ""product_type"": [""ensemble_perturbed_reforecast""], ""system_version"": [""version_3_1""], ""variable"": [""river_discharge_in_the_last_24_hours""]}"
2026-02-16T02:56:32Z,P1__reforecast__version_3_1__lisflood__control_reforecast,reforecast,P1,cems-glofas-reforecast,version_3_1,lisflood,control_reforecast,2021-06-14,error,0,invalid_request,"400 Client Error: Bad Request for url: https://ewds.climate.copernicus.eu/api/retrieve/v1/processes/cems-glofas-reforecast/execution
invalid request
Request has not produced a valid combination of values, please check your selection.
{'system_version': ['version_3_1'], 'hydrological_model': ['lisflood'], 'product_type': ['control_reforecast'], 'variable': ['river_discharge_in_the_last_24_hours'], 'data_format': ['grib'], 'area': ['37.2443931', '-122.272464', '36.8443931', '-121.872464'], 'hyear': ['2021'], 'hmonth': ['06'], 'hday': ['14'], 'leadtime_hour': ['24']}",,local,repro/glofas_coverage_scan_runs/refine_20260216T025403Z/downloads/reforecast/P1__reforecast__version_3_1__lisflood__control_reforecast/2021-06-14.zip,"{""area"": [37.2443931, -122.272464, 36.8443931, -121.872464], ""data_format"": ""grib2"", ""download_format"": ""zip"", ""hday"": [""14""], ""hmonth"": [""06""], ""hydrological_model"": [""lisflood""], ""hyear"": [""2021""], ""leadtime_hour"": [""24""], ""product_type"": [""control_reforecast""], ""system_version"": [""version_3_1""], ""variable"": [""river_discharge_in_the_last_24_hours""]}"
2026-02-16T02:56:36Z,P1__reforecast__version_3_1__lisflood__control_reforecast,reforecast,P1,cems-glofas-reforecast,version_3_1,lisflood,control_reforecast,2021-06-17,error,0,invalid_request,"400 Client Error: Bad Request for url: https://ewds.climate.copernicus.eu/api/retrieve/v1/processes/cems-glofas-reforecast/execution
invalid request
Request has not produced a valid combination of values, please check your selection.
{'system_version': ['version_3_1'], 'hydrological_model': ['lisflood'], 'product_type': ['control_reforecast'], 'variable': ['river_discharge_in_the_last_24_hours'], 'data_format': ['grib'], 'area': ['37.2443931', '-122.272464', '36.8443931', '-121.872464'], 'hyear': ['2021'], 'hmonth': ['06'], 'hday': ['17'], 'leadtime_hour': ['24']}",,local,repro/glofas_coverage_scan_runs/refine_20260216T025403Z/downloads/reforecast/P1__reforecast__version_3_1__lisflood__control_reforecast/2021-06-17.zip,"{""area"": [37.2443931, -122.272464, 36.8443931, -121.872464], ""data_format"": ""grib2"", ""download_format"": ""zip"", ""hday"": [""17""], ""hmonth"": [""06""], ""hydrological_model"": [""lisflood""], ""hyear"": [""2021""], ""leadtime_hour"": [""24""], ""product_type"": [""control_reforecast""], ""system_version"": [""version_3_1""], ""variable"": [""river_discharge_in_the_last_24_hours""]}"
2026-02-16T02:56:38Z,P1__reforecast__version_3_1__lisflood__control_reforecast,reforecast,P1,cems-glofas-reforecast,version_3_1,lisflood,control_reforecast,1999-01-04,error,0,invalid_request,"400 Client Error: Bad Request for url: https://ewds.climate.copernicus.eu/api/retrieve/v1/processes/cems-glofas-reforecast/execution
invalid request
Request has not produced a valid combination of values, please check your selection.
{'system_version': ['version_3_1'], 'hydrological_model': ['lisflood'], 'product_type': ['control_reforecast'], 'variable': ['river_discharge_in_the_last_24_hours'], 'data_format': ['grib'], 'area': ['37.2443931', '-122.272464', '36.8443931', '-121.872464'], 'hyear': ['1999'], 'hmonth': ['01'], 'hday': ['04'], 'leadtime_hour': ['24']}",,local,repro/glofas_coverage_scan_runs/refine_20260216T025403Z/downloads/reforecast/P1__reforecast__version_3_1__lisflood__control_reforecast/1999-01-04.zip,"{""area"": [37.2443931, -122.272464, 36.8443931, -121.872464], ""data_format"": ""grib2"", ""download_format"": ""zip"", ""hday"": [""04""], ""hmonth"": [""01""], ""hydrological_model"": [""lisflood""], ""hyear"": [""1999""], ""leadtime_hour"": [""24""], ""product_type"": [""control_reforecast""], ""system_version"": [""version_3_1""], ""variable"": [""river_discharge_in_the_last_24_hours""]}"
2026-02-16T02:56:56Z,P2__forecast__operational__htessel_lisflood__ensemble_perturbed_forecasts,forecast,P2,cems-glofas-forecast,operational,htessel_lisflood,ensemble_perturbed_forecasts,2019-11-05,ok,1,,,519,local,repro/glofas_coverage_scan_runs/refine_20260216T025403Z/downloads/forecast/P2__forecast__operational__htessel_lisflood__ensemble_perturbed_forecasts/2019-11-05.zip,"{""area"": [37.2443931, -122.272464, 36.8443931, -121.872464], ""data_format"": ""grib2"", ""day"": [""05""], ""download_format"": ""zip"", ""hydrological_model"": [""htessel_lisflood""], ""leadtime_hour"": [""24""], ""month"": [""11""], ""product_type"": [""ensemble_perturbed_forecasts""], ""system_version"": [""operational""], ""variable"": [""river_discharge_in_the_last_24_hours""], ""year"": [""2019""]}"
2026-02-16T02:57:17Z,P2__forecast__operational__htessel_lisflood__ensemble_perturbed_forecasts,forecast,P2,cems-glofas-forecast,operational,htessel_lisflood,ensemble_perturbed_forecasts,2019-12-06,ok,1,,,1383,local,repro/glofas_coverage_scan_runs/refine_20260216T025403Z/downloads/forecast/P2__forecast__operational__htessel_lisflood__ensemble_perturbed_forecasts/2019-12-06.zip,"{""area"": [37.2443931, -122.272464, 36.8443931, -121.872464], ""data_format"": ""grib2"", ""day"": [""06""], ""download_format"": ""zip"", ""hydrological_model"": [""htessel_lisflood""], ""leadtime_hour"": [""24""], ""month"": [""12""], ""product_type"": [""ensemble_perturbed_forecasts""], ""system_version"": [""operational""], ""variable"": [""river_discharge_in_the_last_24_hours""], ""year"": [""2019""]}"
2026-02-16T02:57:32Z,P2__forecast__operational__htessel_lisflood__ensemble_perturbed_forecasts,forecast,P2,cems-glofas-forecast,operational,htessel_lisflood,ensemble_perturbed_forecasts,2019-12-07,ok,1,,,1611,local,repro/glofas_coverage_scan_runs/refine_20260216T025403Z/downloads/forecast/P2__forecast__operational__htessel_lisflood__ensemble_perturbed_forecasts/2019-12-07.zip,"{""area"": [37.2443931, -122.272464, 36.8443931, -121.872464], ""data_format"": ""grib2"", ""day"": [""07""], ""download_format"": ""zip"", ""hydrological_model"": [""htessel_lisflood""], ""leadtime_hour"": [""24""], ""month"": [""12""], ""product_type"": [""ensemble_perturbed_forecasts""], ""system_version"": [""operational""], ""variable"": [""river_discharge_in_the_last_24_hours""], ""year"": [""2019""]}"
2026-02-16T02:58:00Z,P2__forecast__operational__htessel_lisflood__ensemble_perturbed_forecasts,forecast,P2,cems-glofas-forecast,operational,htessel_lisflood,ensemble_perturbed_forecasts,2019-12-08,ok,1,,,1574,local,repro/glofas_coverage_scan_runs/refine_20260216T025403Z/downloads/forecast/P2__forecast__operational__htessel_lisflood__ensemble_perturbed_forecasts/2019-12-08.zip,"{""area"": [37.2443931, -122.272464, 36.8443931, -121.872464], ""data_format"": ""grib2"", ""day"": [""08""], ""download_format"": ""zip"", ""hydrological_model"": [""htessel_lisflood""], ""leadtime_hour"": [""24""], ""month"": [""12""], ""product_type"": [""ensemble_perturbed_forecasts""], ""system_version"": [""operational""], ""variable"": [""river_discharge_in_the_last_24_hours""], ""year"": [""2019""]}"
2026-02-16T02:56:58Z,P2__forecast__operational__htessel_lisflood__control_forecast,forecast,P2,cems-glofas-forecast,operational,htessel_lisflood,control_forecast,2019-11-05,ok,1,,,301,local,repro/glofas_coverage_scan_runs/refine_20260216T025403Z/downloads/forecast/P2__forecast__operational__htessel_lisflood__control_forecast/2019-11-05.zip,"{""area"": [37.2443931, -122.272464, 36.8443931, -121.872464], ""data_format"": ""grib2"", ""day"": [""05""], ""download_format"": ""zip"", ""hydrological_model"": [""htessel_lisflood""], ""leadtime_hour"": [""24""], ""month"": [""11""], ""product_type"": [""control_forecast""], ""system_version"": [""operational""], ""variable"": [""river_discharge_in_the_last_24_hours""], ""year"": [""2019""]}"
2026-02-16T02:57:20Z,P2__forecast__operational__htessel_lisflood__control_forecast,forecast,P2,cems-glofas-forecast,operational,htessel_lisflood,control_forecast,2019-12-06,ok,1,,,305,local,repro/glofas_coverage_scan_runs/refine_20260216T025403Z/downloads/forecast/P2__forecast__operational__htessel_lisflood__control_forecast/2019-12-06.zip,"{""area"": [37.2443931, -122.272464, 36.8443931, -121.872464], ""data_format"": ""grib2"", ""day"": [""06""], ""download_format"": ""zip"", ""hydrological_model"": [""htessel_lisflood""], ""leadtime_hour"": [""24""], ""month"": [""12""], ""product_type"": [""control_forecast""], ""system_version"": [""operational""], ""variable"": [""river_discharge_in_the_last_24_hours""], ""year"": [""2019""]}"
2026-02-16T02:57:42Z,P2__forecast__operational__htessel_lisflood__control_forecast,forecast,P2,cems-glofas-forecast,operational,htessel_lisflood,control_forecast,2019-12-07,ok,1,,,303,local,repro/glofas_coverage_scan_runs/refine_20260216T025403Z/downloads/forecast/P2__forecast__operational__htessel_lisflood__control_forecast/2019-12-07.zip,"{""area"": [37.2443931, -122.272464, 36.8443931, -121.872464], ""data_format"": ""grib2"", ""day"": [""07""], ""download_format"": ""zip"", ""hydrological_model"": [""htessel_lisflood""], ""leadtime_hour"": [""24""], ""month"": [""12""], ""product_type"": [""control_forecast""], ""system_version"": [""operational""], ""variable"": [""river_discharge_in_the_last_24_hours""], ""year"": [""2019""]}"
2026-02-16T02:58:04Z,P2__forecast__operational__htessel_lisflood__control_forecast,forecast,P2,cems-glofas-forecast,operational,htessel_lisflood,control_forecast,2019-12-08,ok,1,,,303,local,repro/glofas_coverage_scan_runs/refine_20260216T025403Z/downloads/forecast/P2__forecast__operational__htessel_lisflood__control_forecast/2019-12-08.zip,"{""area"": [37.2443931, -122.272464, 36.8443931, -121.872464], ""data_format"": ""grib2"", ""day"": [""08""], ""download_format"": ""zip"", ""hydrological_model"": [""htessel_lisflood""], ""leadtime_hour"": [""24""], ""month"": [""12""], ""product_type"": [""control_forecast""], ""system_version"": [""operational""], ""variable"": [""river_discharge_in_the_last_24_hours""], ""year"": [""2019""]}"
2026-02-16T02:58:07Z,P2__forecast__operational__lisflood__ensemble_perturbed_forecasts,forecast,P2,cems-glofas-forecast,operational,lisflood,ensemble_perturbed_forecasts,2019-11-05,error,0,invalid_request,"400 Client Error: Bad Request for url: https://ewds.climate.copernicus.eu/api/retrieve/v1/processes/cems-glofas-forecast/execution
invalid request
Request has not produced a valid combination of values, please check your selection.
{'system_version': ['operational'], 'hydrological_model': ['lisflood'], 'product_type': ['ensemble_perturbed_forecasts'], 'variable': ['river_discharge_in_the_last_24_hours'], 'data_format': ['grib'], 'area': ['37.2443931', '-122.272464', '36.8443931', '-121.872464'], 'year': ['2019'], 'month': ['11'], 'day': ['05'], 'leadtime_hour': ['24']}",,local,repro/glofas_coverage_scan_runs/refine_20260216T025403Z/downloads/forecast/P2__forecast__operational__lisflood__ensemble_perturbed_forecasts/2019-11-05.zip,"{""area"": [37.2443931, -122.272464, 36.8443931, -121.872464], ""data_format"": ""grib2"", ""day"": [""05""], ""download_format"": ""zip"", ""hydrological_model"": [""lisflood""], ""leadtime_hour"": [""24""], ""month"": [""11""], ""product_type"": [""ensemble_perturbed_forecasts""], ""system_version"": [""operational""], ""variable"": [""river_discharge_in_the_last_24_hours""], ""year"": [""2019""]}"
2026-02-16T02:58:25Z,P2__forecast__operational__lisflood__ensemble_perturbed_forecasts,forecast,P2,cems-glofas-forecast,operational,lisflood,ensemble_perturbed_forecasts,2021-05-26,ok,1,,,513,local,repro/glofas_coverage_scan_runs/refine_20260216T025403Z/downloads/forecast/P2__forecast__operational__lisflood__ensemble_perturbed_forecasts/2021-05-26.zip,"{""area"": [37.2443931, -122.272464, 36.8443931, -121.872464], ""data_format"": ""grib2"", ""day"": [""26""], ""download_format"": ""zip"", ""hydrological_model"": [""lisflood""], ""leadtime_hour"": [""24""], ""month"": [""05""], ""product_type"": [""ensemble_perturbed_forecasts""], ""system_version"": [""operational""], ""variable"": [""river_discharge_in_the_last_24_hours""], ""year"": [""2021""]}"
2026-02-16T02:58:26Z,P2__forecast__operational__lisflood__ensemble_perturbed_forecasts,forecast,P2,cems-glofas-forecast,operational,lisflood,ensemble_perturbed_forecasts,2021-05-25,error,0,invalid_request,"400 Client Error: Bad Request for url: https://ewds.climate.copernicus.eu/api/retrieve/v1/processes/cems-glofas-forecast/execution
invalid request
Request has not produced a valid combination of values, please check your selection.
{'system_version': ['operational'], 'hydrological_model': ['lisflood'], 'product_type': ['ensemble_perturbed_forecasts'], 'variable': ['river_discharge_in_the_last_24_hours'], 'data_format': ['grib'], 'area': ['37.2443931', '-122.272464', '36.8443931', '-121.872464'], 'year': ['2021'], 'month': ['05'], 'day': ['25'], 'leadtime_hour': ['24']}",,local,repro/glofas_coverage_scan_runs/refine_20260216T025403Z/downloads/forecast/P2__forecast__operational__lisflood__ensemble_perturbed_forecasts/2021-05-25.zip,"{""area"": [37.2443931, -122.272464, 36.8443931, -121.872464], ""data_format"": ""grib2"", ""day"": [""25""], ""download_format"": ""zip"", ""hydrological_model"": [""lisflood""], ""leadtime_hour"": [""24""], ""month"": [""05""], ""product_type"": [""ensemble_perturbed_forecasts""], ""system_version"": [""operational""], ""variable"": [""river_discharge_in_the_last_24_hours""], ""year"": [""2021""]}"
2026-02-16T02:59:26Z,P2__forecast__operational__lisflood__ensemble_perturbed_forecasts,forecast,P2,cems-glofas-forecast,operational,lisflood,ensemble_perturbed_forecasts,2021-05-27,error,0,timeout,timeout after 60s,,local,repro/glofas_coverage_scan_runs/refine_20260216T025403Z/downloads/forecast/P2__forecast__operational__lisflood__ensemble_perturbed_forecasts/2021-05-27.zip,"{""area"": [37.2443931, -122.272464, 36.8443931, -121.872464], ""data_format"": ""grib2"", ""day"": [""27""], ""download_format"": ""zip"", ""hydrological_model"": [""lisflood""], ""leadtime_hour"": [""24""], ""month"": [""05""], ""product_type"": [""ensemble_perturbed_forecasts""], ""system_version"": [""operational""], ""variable"": [""river_discharge_in_the_last_24_hours""], ""year"": [""2021""]}"
2026-02-16T02:59:28Z,P2__historical__version_4_0__htessel_lisflood__consolidated,historical,P2,cems-glofas-historical,version_4_0,htessel_lisflood,consolidated,1979-09-28,error,0,invalid_request,"400 Client Error: Bad Request for url: https://ewds.climate.copernicus.eu/api/retrieve/v1/processes/cems-glofas-historical/execution
invalid request
Request has not produced a valid combination of values, please check your selection.
{'system_version': ['version_4_0'], 'hydrological_model': ['htessel_lisflood'], 'product_type': ['consolidated'], 'variable': ['river_discharge_in_the_last_24_hours'], 'data_format': ['grib'], 'area': ['37.2443931', '-122.272464', '36.8443931', '-121.872464'], 'hyear': ['1979'], 'hmonth': ['09'], 'hday': ['28']}",,local,repro/glofas_coverage_scan_runs/refine_20260216T025403Z/downloads/historical/P2__historical__version_4_0__htessel_lisflood__consolidated/1979-09-28.zip,"{""area"": [37.2443931, -122.272464, 36.8443931, -121.872464], ""data_format"": ""grib2"", ""download_format"": ""zip"", ""hday"": [""28""], ""hmonth"": [""09""], ""hydrological_model"": [""htessel_lisflood""], ""hyear"": [""1979""], ""product_type"": [""consolidated""], ""system_version"": [""version_4_0""], ""variable"": [""river_discharge_in_the_last_24_hours""]}"
2026-02-16T02:59:33Z,P2__historical__version_4_0__htessel_lisflood__consolidated,historical,P2,cems-glofas-historical,version_4_0,htessel_lisflood,consolidated,2021-01-04,error,0,invalid_request,"400 Client Error: Bad Request for url: https://ewds.climate.copernicus.eu/api/retrieve/v1/processes/cems-glofas-historical/execution
invalid request
Request has not produced a valid combination of values, please check your selection.
{'system_version': ['version_4_0'], 'hydrological_model': ['htessel_lisflood'], 'product_type': ['consolidated'], 'variable': ['river_discharge_in_the_last_24_hours'], 'data_format': ['grib'], 'area': ['37.2443931', '-122.272464', '36.8443931', '-121.872464'], 'hyear': ['2021'], 'hmonth': ['01'], 'hday': ['04']}",,local,repro/glofas_coverage_scan_runs/refine_20260216T025403Z/downloads/historical/P2__historical__version_4_0__htessel_lisflood__consolidated/2021-01-04.zip,"{""area"": [37.2443931, -122.272464, 36.8443931, -121.872464], ""data_format"": ""grib2"", ""download_format"": ""zip"", ""hday"": [""04""], ""hmonth"": [""01""], ""hydrological_model"": [""htessel_lisflood""], ""hyear"": [""2021""], ""product_type"": [""consolidated""], ""system_version"": [""version_4_0""], ""variable"": [""river_discharge_in_the_last_24_hours""]}"
2026-02-16T02:59:35Z,P2__historical__version_4_0__htessel_lisflood__consolidated,historical,P2,cems-glofas-historical,version_4_0,htessel_lisflood,consolidated,2022-07-31,error,0,invalid_request,"400 Client Error: Bad Request for url: https://ewds.climate.copernicus.eu/api/retrieve/v1/processes/cems-glofas-historical/execution
invalid request
Request has not produced a valid combination of values, please check your selection.
{'system_version': ['version_4_0'], 'hydrological_model': ['htessel_lisflood'], 'product_type': ['consolidated'], 'variable': ['river_discharge_in_the_last_24_hours'], 'data_format': ['grib'], 'area': ['37.2443931', '-122.272464', '36.8443931', '-121.872464'], 'hyear': ['2022'], 'hmonth': ['07'], 'hday': ['31']}",,local,repro/glofas_coverage_scan_runs/refine_20260216T025403Z/downloads/historical/P2__historical__version_4_0__htessel_lisflood__consolidated/2022-07-31.zip,"{""area"": [37.2443931, -122.272464, 36.8443931, -121.872464], ""data_format"": ""grib2"", ""download_format"": ""zip"", ""hday"": [""31""], ""hmonth"": [""07""], ""hydrological_model"": [""htessel_lisflood""], ""hyear"": [""2022""], ""product_type"": [""consolidated""], ""system_version"": [""version_4_0""], ""variable"": [""river_discharge_in_the_last_24_hours""]}"
2026-02-16T02:59:36Z,P2__historical__version_4_0__htessel_lisflood__intermediate,historical,P2,cems-glofas-historical,version_4_0,htessel_lisflood,intermediate,1979-09-28,error,0,invalid_request,"400 Client Error: Bad Request for url: https://ewds.climate.copernicus.eu/api/retrieve/v1/processes/cems-glofas-historical/execution
invalid request
Request has not produced a valid combination of values, please check your selection.
{'system_version': ['version_4_0'], 'hydrological_model': ['htessel_lisflood'], 'product_type': ['intermediate'], 'variable': ['river_discharge_in_the_last_24_hours'], 'data_format': ['grib'], 'area': ['37.2443931', '-122.272464', '36.8443931', '-121.872464'], 'hyear': ['1979'], 'hmonth': ['09'], 'hday': ['28']}",,local,repro/glofas_coverage_scan_runs/refine_20260216T025403Z/downloads/historical/P2__historical__version_4_0__htessel_lisflood__intermediate/1979-09-28.zip,"{""area"": [37.2443931, -122.272464, 36.8443931, -121.872464], ""data_format"": ""grib2"", ""download_format"": ""zip"", ""hday"": [""28""], ""hmonth"": [""09""], ""hydrological_model"": [""htessel_lisflood""], ""hyear"": [""1979""], ""product_type"": [""intermediate""], ""system_version"": [""version_4_0""], ""variable"": [""river_discharge_in_the_last_24_hours""]}"
2026-02-16T02:59:37Z,P2__historical__version_4_0__htessel_lisflood__intermediate,historical,P2,cems-glofas-historical,version_4_0,htessel_lisflood,intermediate,2021-01-04,error,0,invalid_request,"400 Client Error: Bad Request for url: https://ewds.climate.copernicus.eu/api/retrieve/v1/processes/cems-glofas-historical/execution
invalid request
Request has not produced a valid combination of values, please check your selection.
{'system_version': ['version_4_0'], 'hydrological_model': ['htessel_lisflood'], 'product_type': ['intermediate'], 'variable': ['river_discharge_in_the_last_24_hours'], 'data_format': ['grib'], 'area': ['37.2443931', '-122.272464', '36.8443931', '-121.872464'], 'hyear': ['2021'], 'hmonth': ['01'], 'hday': ['04']}",,local,repro/glofas_coverage_scan_runs/refine_20260216T025403Z/downloads/historical/P2__historical__version_4_0__htessel_lisflood__intermediate/2021-01-04.zip,"{""area"": [37.2443931, -122.272464, 36.8443931, -121.872464], ""data_format"": ""grib2"", ""download_format"": ""zip"", ""hday"": [""04""], ""hmonth"": [""01""], ""hydrological_model"": [""htessel_lisflood""], ""hyear"": [""2021""], ""product_type"": [""intermediate""], ""system_version"": [""version_4_0""], ""variable"": [""river_discharge_in_the_last_24_hours""]}"
2026-02-16T02:59:38Z,P2__historical__version_4_0__htessel_lisflood__intermediate,historical,P2,cems-glofas-historical,version_4_0,htessel_lisflood,intermediate,2022-07-31,error,0,invalid_request,"400 Client Error: Bad Request for url: https://ewds.climate.copernicus.eu/api/retrieve/v1/processes/cems-glofas-historical/execution
invalid request
Request has not produced a valid combination of values, please check your selection.
{'system_version': ['version_4_0'], 'hydrological_model': ['htessel_lisflood'], 'product_type': ['intermediate'], 'variable': ['river_discharge_in_the_last_24_hours'], 'data_format': ['grib'], 'area': ['37.2443931', '-122.272464', '36.8443931', '-121.872464'], 'hyear': ['2022'], 'hmonth': ['07'], 'hday': ['31']}",,local,repro/glofas_coverage_scan_runs/refine_20260216T025403Z/downloads/historical/P2__historical__version_4_0__htessel_lisflood__intermediate/2022-07-31.zip,"{""area"": [37.2443931, -122.272464, 36.8443931, -121.872464], ""data_format"": ""grib2"", ""download_format"": ""zip"", ""hday"": [""31""], ""hmonth"": [""07""], ""hydrological_model"": [""htessel_lisflood""], ""hyear"": [""2022""], ""product_type"": [""intermediate""], ""system_version"": [""version_4_0""], ""variable"": [""river_discharge_in_the_last_24_hours""]}"
2026-02-16T02:58:18Z,P2__forecast__operational__lisflood__control_forecast,forecast,P2,cems-glofas-forecast,operational,lisflood,control_forecast,2023-03-27,ok,1,,,303,local,repro/glofas_coverage_scan_runs/refine_20260216T025403Z/downloads/forecast/P2__forecast__operational__lisflood__control_forecast/2023-03-27.zip,"{""area"": [37.2443931, -122.272464, 36.8443931, -121.872464], ""data_format"": ""grib2"", ""day"": [""27""], ""download_format"": ""zip"", ""hydrological_model"": [""lisflood""], ""leadtime_hour"": [""24""], ""month"": [""03""], ""product_type"": [""control_forecast""], ""system_version"": [""operational""], ""variable"": [""river_discharge_in_the_last_24_hours""], ""year"": [""2023""]}"
2026-02-16T02:58:41Z,P2__forecast__operational__lisflood__control_forecast,forecast,P2,cems-glofas-forecast,operational,lisflood,control_forecast,2023-03-26,ok,1,,,305,local,repro/glofas_coverage_scan_runs/refine_20260216T025403Z/downloads/forecast/P2__forecast__operational__lisflood__control_forecast/2023-03-26.zip,"{""area"": [37.2443931, -122.272464, 36.8443931, -121.872464], ""data_format"": ""grib2"", ""day"": [""26""], ""download_format"": ""zip"", ""hydrological_model"": [""lisflood""], ""leadtime_hour"": [""24""], ""month"": [""03""], ""product_type"": [""control_forecast""], ""system_version"": [""operational""], ""variable"": [""river_discharge_in_the_last_24_hours""], ""year"": [""2023""]}"
2026-02-16T02:59:41Z,P2__forecast__operational__lisflood__control_forecast,forecast,P2,cems-glofas-forecast,operational,lisflood,control_forecast,2023-03-28,error,0,timeout,timeout after 60s,,local,repro/glofas_coverage_scan_runs/refine_20260216T025403Z/downloads/forecast/P2__forecast__operational__lisflood__control_forecast/2023-03-28.zip,"{""area"": [37.2443931, -122.272464, 36.8443931, -121.872464], ""data_format"": ""grib2"", ""day"": [""28""], ""download_format"": ""zip"", ""hydrological_model"": [""lisflood""], ""leadtime_hour"": [""24""], ""month"": [""03""], ""product_type"": [""control_forecast""], ""system_version"": [""operational""], ""variable"": [""river_discharge_in_the_last_24_hours""], ""year"": [""2023""]}"
2026-02-16T03:00:41Z,P2__forecast__operational__lisflood__control_forecast,forecast,P2,cems-glofas-forecast,operational,lisflood,control_forecast,2023-03-25,error,0,timeout,timeout after 60s,,local,repro/glofas_coverage_scan_runs/refine_20260216T025403Z/downloads/forecast/P2__forecast__operational__lisflood__control_forecast/2023-03-25.zip,"{""area"": [37.2443931, -122.272464, 36.8443931, -121.872464], ""data_format"": ""grib2"", ""day"": [""25""], ""download_format"": ""zip"", ""hydrological_model"": [""lisflood""], ""leadtime_hour"": [""24""], ""month"": [""03""], ""product_type"": [""control_forecast""], ""system_version"": [""operational""], ""variable"": [""river_discharge_in_the_last_24_hours""], ""year"": [""2023""]}"
2026-02-16T03:00:42Z,P2__historical__version_4_0__lisflood__intermediate,historical,P2,cems-glofas-historical,version_4_0,lisflood,intermediate,1979-09-28,error,0,invalid_request,"400 Client Error: Bad Request for url: https://ewds.climate.copernicus.eu/api/retrieve/v1/processes/cems-glofas-historical/execution
invalid request
Request has not produced a valid combination of values, please check your selection.
{'system_version': ['version_4_0'], 'hydrological_model': ['lisflood'], 'product_type': ['intermediate'], 'variable': ['river_discharge_in_the_last_24_hours'], 'data_format': ['grib'], 'area': ['37.2443931', '-122.272464', '36.8443931', '-121.872464'], 'hyear': ['1979'], 'hmonth': ['09'], 'hday': ['28']}",,local,repro/glofas_coverage_scan_runs/refine_20260216T025403Z/downloads/historical/P2__historical__version_4_0__lisflood__intermediate/1979-09-28.zip,"{""area"": [37.2443931, -122.272464, 36.8443931, -121.872464], ""data_format"": ""grib2"", ""download_format"": ""zip"", ""hday"": [""28""], ""hmonth"": [""09""], ""hydrological_model"": [""lisflood""], ""hyear"": [""1979""], ""product_type"": [""intermediate""], ""system_version"": [""version_4_0""], ""variable"": [""river_discharge_in_the_last_24_hours""]}"
2026-02-16T03:00:43Z,P2__historical__version_4_0__lisflood__intermediate,historical,P2,cems-glofas-historical,version_4_0,lisflood,intermediate,2021-01-04,error,0,invalid_request,"400 Client Error: Bad Request for url: https://ewds.climate.copernicus.eu/api/retrieve/v1/processes/cems-glofas-historical/execution
invalid request
Request has not produced a valid combination of values, please check your selection.
{'system_version': ['version_4_0'], 'hydrological_model': ['lisflood'], 'product_type': ['intermediate'], 'variable': ['river_discharge_in_the_last_24_hours'], 'data_format': ['grib'], 'area': ['37.2443931', '-122.272464', '36.8443931', '-121.872464'], 'hyear': ['2021'], 'hmonth': ['01'], 'hday': ['04']}",,local,repro/glofas_coverage_scan_runs/refine_20260216T025403Z/downloads/historical/P2__historical__version_4_0__lisflood__intermediate/2021-01-04.zip,"{""area"": [37.2443931, -122.272464, 36.8443931, -121.872464], ""data_format"": ""grib2"", ""download_format"": ""zip"", ""hday"": [""04""], ""hmonth"": [""01""], ""hydrological_model"": [""lisflood""], ""hyear"": [""2021""], ""product_type"": [""intermediate""], ""system_version"": [""version_4_0""], ""variable"": [""river_discharge_in_the_last_24_hours""]}"
2026-02-16T03:00:45Z,P2__historical__version_4_0__lisflood__intermediate,historical,P2,cems-glofas-historical,version_4_0,lisflood,intermediate,2022-07-31,error,0,invalid_request,"400 Client Error: Bad Request for url: https://ewds.climate.copernicus.eu/api/retrieve/v1/processes/cems-glofas-historical/execution
invalid request
Request has not produced a valid combination of values, please check your selection.
{'system_version': ['version_4_0'], 'hydrological_model': ['lisflood'], 'product_type': ['intermediate'], 'variable': ['river_discharge_in_the_last_24_hours'], 'data_format': ['grib'], 'area': ['37.2443931', '-122.272464', '36.8443931', '-121.872464'], 'hyear': ['2022'], 'hmonth': ['07'], 'hday': ['31']}",,local,repro/glofas_coverage_scan_runs/refine_20260216T025403Z/downloads/historical/P2__historical__version_4_0__lisflood__intermediate/2022-07-31.zip,"{""area"": [37.2443931, -122.272464, 36.8443931, -121.872464], ""data_format"": ""grib2"", ""download_format"": ""zip"", ""hday"": [""31""], ""hmonth"": [""07""], ""hydrological_model"": [""lisflood""], ""hyear"": [""2022""], ""product_type"": [""intermediate""], ""system_version"": [""version_4_0""], ""variable"": [""river_discharge_in_the_last_24_hours""]}"
2026-02-16T03:00:48Z,P2__reforecast__version_4_0__htessel_lisflood__control_reforecast,reforecast,P2,cems-glofas-reforecast,version_4_0,htessel_lisflood,control_reforecast,2021-01-04,error,0,invalid_request,"400 Client Error: Bad Request for url: https://ewds.climate.copernicus.eu/api/retrieve/v1/processes/cems-glofas-reforecast/execution
invalid request
Request has not produced a valid combination of values, please check your selection.
{'system_version': ['version_4_0'], 'hydrological_model': ['htessel_lisflood'], 'product_type': ['control_reforecast'], 'variable': ['river_discharge_in_the_last_24_hours'], 'data_format': ['grib'], 'area': ['37.2443931', '-122.272464', '36.8443931', '-121.872464'], 'hyear': ['2021'], 'hmonth': ['01'], 'hday': ['04'], 'leadtime_hour': ['24']}",,local,repro/glofas_coverage_scan_runs/refine_20260216T025403Z/downloads/reforecast/P2__reforecast__version_4_0__htessel_lisflood__control_reforecast/2021-01-04.zip,"{""area"": [37.2443931, -122.272464, 36.8443931, -121.872464], ""data_format"": ""grib2"", ""download_format"": ""zip"", ""hday"": [""04""], ""hmonth"": [""01""], ""hydrological_model"": [""htessel_lisflood""], ""hyear"": [""2021""], ""leadtime_hour"": [""24""], ""product_type"": [""control_reforecast""], ""system_version"": [""version_4_0""], ""variable"": [""river_discharge_in_the_last_24_hours""]}"
2026-02-16T03:00:49Z,P2__reforecast__version_4_0__htessel_lisflood__control_reforecast,reforecast,P2,cems-glofas-reforecast,version_4_0,htessel_lisflood,control_reforecast,2023-03-27,error,0,invalid_request,"400 Client Error: Bad Request for url: https://ewds.climate.copernicus.eu/api/retrieve/v1/processes/cems-glofas-reforecast/execution
invalid request
Request has not produced a valid combination of values, please check your selection.
{'system_version': ['version_4_0'], 'hydrological_model': ['htessel_lisflood'], 'product_type': ['control_reforecast'], 'variable': ['river_discharge_in_the_last_24_hours'], 'data_format': ['grib'], 'area': ['37.2443931', '-122.272464', '36.8443931', '-121.872464'], 'hyear': ['2023'], 'hmonth': ['03'], 'hday': ['27'], 'leadtime_hour': ['24']}",,local,repro/glofas_coverage_scan_runs/refine_20260216T025403Z/downloads/reforecast/P2__reforecast__version_4_0__htessel_lisflood__control_reforecast/2023-03-27.zip,"{""area"": [37.2443931, -122.272464, 36.8443931, -121.872464], ""data_format"": ""grib2"", ""download_format"": ""zip"", ""hday"": [""27""], ""hmonth"": [""03""], ""hydrological_model"": [""htessel_lisflood""], ""hyear"": [""2023""], ""leadtime_hour"": [""24""], ""product_type"": [""control_reforecast""], ""system_version"": [""version_4_0""], ""variable"": [""river_discharge_in_the_last_24_hours""]}"
2026-02-16T03:00:52Z,P2__reforecast__version_4_0__htessel_lisflood__control_reforecast,reforecast,P2,cems-glofas-reforecast,version_4_0,htessel_lisflood,control_reforecast,1999-01-04,error,0,invalid_request,"400 Client Error: Bad Request for url: https://ewds.climate.copernicus.eu/api/retrieve/v1/processes/cems-glofas-reforecast/execution
invalid request
Request has not produced a valid combination of values, please check your selection.
{'system_version': ['version_4_0'], 'hydrological_model': ['htessel_lisflood'], 'product_type': ['control_reforecast'], 'variable': ['river_discharge_in_the_last_24_hours'], 'data_format': ['grib'], 'area': ['37.2443931', '-122.272464', '36.8443931', '-121.872464'], 'hyear': ['1999'], 'hmonth': ['01'], 'hday': ['04'], 'leadtime_hour': ['24']}",,local,repro/glofas_coverage_scan_runs/refine_20260216T025403Z/downloads/reforecast/P2__reforecast__version_4_0__htessel_lisflood__control_reforecast/1999-01-04.zip,"{""area"": [37.2443931, -122.272464, 36.8443931, -121.872464], ""data_format"": ""grib2"", ""download_format"": ""zip"", ""hday"": [""04""], ""hmonth"": [""01""], ""hydrological_model"": [""htessel_lisflood""], ""hyear"": [""1999""], ""leadtime_hour"": [""24""], ""product_type"": [""control_reforecast""], ""system_version"": [""version_4_0""], ""variable"": [""river_discharge_in_the_last_24_hours""]}"
2026-02-16T03:00:53Z,P2__reforecast__version_4_0__htessel_lisflood__ensemble_perturbed_reforecast,reforecast,P2,cems-glofas-reforecast,version_4_0,htessel_lisflood,ensemble_perturbed_reforecast,2021-01-04,error,0,invalid_request,"400 Client Error: Bad Request for url: https://ewds.climate.copernicus.eu/api/retrieve/v1/processes/cems-glofas-reforecast/execution
invalid request
Request has not produced a valid combination of values, please check your selection.
{'system_version': ['version_4_0'], 'hydrological_model': ['htessel_lisflood'], 'product_type': ['ensemble_perturbed_reforecast'], 'variable': ['river_discharge_in_the_last_24_hours'], 'data_format': ['grib'], 'area': ['37.2443931', '-122.272464', '36.8443931', '-121.872464'], 'hyear': ['2021'], 'hmonth': ['01'], 'hday': ['04'], 'leadtime_hour': ['24']}",,local,repro/glofas_coverage_scan_runs/refine_20260216T025403Z/downloads/reforecast/P2__reforecast__version_4_0__htessel_lisflood__ensemble_perturbed_reforecast/2021-01-04.zip,"{""area"": [37.2443931, -122.272464, 36.8443931, -121.872464], ""data_format"": ""grib2"", ""download_format"": ""zip"", ""hday"": [""04""], ""hmonth"": [""01""], ""hydrological_model"": [""htessel_lisflood""], ""hyear"": [""2021""], ""leadtime_hour"": [""24""], ""product_type"": [""ensemble_perturbed_reforecast""], ""system_version"": [""version_4_0""], ""variable"": [""river_discharge_in_the_last_24_hours""]}"
2026-02-16T03:00:56Z,P2__reforecast__version_4_0__htessel_lisflood__ensemble_perturbed_reforecast,reforecast,P2,cems-glofas-reforecast,version_4_0,htessel_lisflood,ensemble_perturbed_reforecast,2023-03-27,error,0,invalid_request,"400 Client Error: Bad Request for url: https://ewds.climate.copernicus.eu/api/retrieve/v1/processes/cems-glofas-reforecast/execution
invalid request
Request has not produced a valid combination of values, please check your selection.
{'system_version': ['version_4_0'], 'hydrological_model': ['htessel_lisflood'], 'product_type': ['ensemble_perturbed_reforecast'], 'variable': ['river_discharge_in_the_last_24_hours'], 'data_format': ['grib'], 'area': ['37.2443931', '-122.272464', '36.8443931', '-121.872464'], 'hyear': ['2023'], 'hmonth': ['03'], 'hday': ['27'], 'leadtime_hour': ['24']}",,local,repro/glofas_coverage_scan_runs/refine_20260216T025403Z/downloads/reforecast/P2__reforecast__version_4_0__htessel_lisflood__ensemble_perturbed_reforecast/2023-03-27.zip,"{""area"": [37.2443931, -122.272464, 36.8443931, -121.872464], ""data_format"": ""grib2"", ""download_format"": ""zip"", ""hday"": [""27""], ""hmonth"": [""03""], ""hydrological_model"": [""htessel_lisflood""], ""hyear"": [""2023""], ""leadtime_hour"": [""24""], ""product_type"": [""ensemble_perturbed_reforecast""], ""system_version"": [""version_4_0""], ""variable"": [""river_discharge_in_the_last_24_hours""]}"
2026-02-16T03:01:00Z,P2__reforecast__version_4_0__htessel_lisflood__ensemble_perturbed_reforecast,reforecast,P2,cems-glofas-reforecast,version_4_0,htessel_lisflood,ensemble_perturbed_reforecast,1999-01-04,error,0,invalid_request,"400 Client Error: Bad Request for url: https://ewds.climate.copernicus.eu/api/retrieve/v1/processes/cems-glofas-reforecast/execution
invalid request
Request has not produced a valid combination of values, please check your selection.
{'system_version': ['version_4_0'], 'hydrological_model': ['htessel_lisflood'], 'product_type': ['ensemble_perturbed_reforecast'], 'variable': ['river_discharge_in_the_last_24_hours'], 'data_format': ['grib'], 'area': ['37.2443931', '-122.272464', '36.8443931', '-121.872464'], 'hyear': ['1999'], 'hmonth': ['01'], 'hday': ['04'], 'leadtime_hour': ['24']}",,local,repro/glofas_coverage_scan_runs/refine_20260216T025403Z/downloads/reforecast/P2__reforecast__version_4_0__htessel_lisflood__ensemble_perturbed_reforecast/1999-01-04.zip,"{""area"": [37.2443931, -122.272464, 36.8443931, -121.872464], ""data_format"": ""grib2"", ""download_format"": ""zip"", ""hday"": [""04""], ""hmonth"": [""01""], ""hydrological_model"": [""htessel_lisflood""], ""hyear"": [""1999""], ""leadtime_hour"": [""24""], ""product_type"": [""ensemble_perturbed_reforecast""], ""system_version"": [""version_4_0""], ""variable"": [""river_discharge_in_the_last_24_hours""]}"
2026-02-16T03:02:01Z,P2__reforecast__version_4_0__lisflood__control_reforecast,reforecast,P2,cems-glofas-reforecast,version_4_0,lisflood,control_reforecast,2021-01-04,error,0,timeout,timeout after 60s,,local,repro/glofas_coverage_scan_runs/refine_20260216T025403Z/downloads/reforecast/P2__reforecast__version_4_0__lisflood__control_reforecast/2021-01-04.zip,"{""area"": [37.2443931, -122.272464, 36.8443931, -121.872464], ""data_format"": ""grib2"", ""download_format"": ""zip"", ""hday"": [""04""], ""hmonth"": [""01""], ""hydrological_model"": [""lisflood""], ""hyear"": [""2021""], ""leadtime_hour"": [""24""], ""product_type"": [""control_reforecast""], ""system_version"": [""version_4_0""], ""variable"": [""river_discharge_in_the_last_24_hours""]}"
2026-02-16T03:02:02Z,P2__reforecast__version_4_0__lisflood__control_reforecast,reforecast,P2,cems-glofas-reforecast,version_4_0,lisflood,control_reforecast,2023-03-27,error,0,invalid_request,"400 Client Error: Bad Request for url: https://ewds.climate.copernicus.eu/api/retrieve/v1/processes/cems-glofas-reforecast/execution
invalid request
Request has not produced a valid combination of values, please check your selection.
{'system_version': ['version_4_0'], 'hydrological_model': ['lisflood'], 'product_type': ['control_reforecast'], 'variable': ['river_discharge_in_the_last_24_hours'], 'data_format': ['grib'], 'area': ['37.2443931', '-122.272464', '36.8443931', '-121.872464'], 'hyear': ['2023'], 'hmonth': ['03'], 'hday': ['27'], 'leadtime_hour': ['24']}",,local,repro/glofas_coverage_scan_runs/refine_20260216T025403Z/downloads/reforecast/P2__reforecast__version_4_0__lisflood__control_reforecast/2023-03-27.zip,"{""area"": [37.2443931, -122.272464, 36.8443931, -121.872464], ""data_format"": ""grib2"", ""download_format"": ""zip"", ""hday"": [""27""], ""hmonth"": [""03""], ""hydrological_model"": [""lisflood""], ""hyear"": [""2023""], ""leadtime_hour"": [""24""], ""product_type"": [""control_reforecast""], ""system_version"": [""version_4_0""], ""variable"": [""river_discharge_in_the_last_24_hours""]}"
2026-02-16T03:02:04Z,P2__reforecast__version_4_0__lisflood__control_reforecast,reforecast,P2,cems-glofas-reforecast,version_4_0,lisflood,control_reforecast,1999-01-04,error,0,invalid_request,"400 Client Error: Bad Request for url: https://ewds.climate.copernicus.eu/api/retrieve/v1/processes/cems-glofas-reforecast/execution
invalid request
Request has not produced a valid combination of values, please check your selection.
{'system_version': ['version_4_0'], 'hydrological_model': ['lisflood'], 'product_type': ['control_reforecast'], 'variable': ['river_discharge_in_the_last_24_hours'], 'data_format': ['grib'], 'area': ['37.2443931', '-122.272464', '36.8443931', '-121.872464'], 'hyear': ['1999'], 'hmonth': ['01'], 'hday': ['04'], 'leadtime_hour': ['24']}",,local,repro/glofas_coverage_scan_runs/refine_20260216T025403Z/downloads/reforecast/P2__reforecast__version_4_0__lisflood__control_reforecast/1999-01-04.zip,"{""area"": [37.2443931, -122.272464, 36.8443931, -121.872464], ""data_format"": ""grib2"", ""download_format"": ""zip"", ""hday"": [""04""], ""hmonth"": [""01""], ""hydrological_model"": [""lisflood""], ""hyear"": [""1999""], ""leadtime_hour"": [""24""], ""product_type"": [""control_reforecast""], ""system_version"": [""version_4_0""], ""variable"": [""river_discharge_in_the_last_24_hours""]}"
2026-02-16T03:02:07Z,P2__reforecast__version_4_0__lisflood__control_reforecast,reforecast,P2,cems-glofas-reforecast,version_4_0,lisflood,control_reforecast,2023-11-23,error,0,invalid_request,"400 Client Error: Bad Request for url: https://ewds.climate.copernicus.eu/api/retrieve/v1/processes/cems-glofas-reforecast/execution
invalid request
Request has not produced a valid combination of values, please check your selection.
{'system_version': ['version_4_0'], 'hydrological_model': ['lisflood'], 'product_type': ['control_reforecast'], 'variable': ['river_discharge_in_the_last_24_hours'], 'data_format': ['grib'], 'area': ['37.2443931', '-122.272464', '36.8443931', '-121.872464'], 'hyear': ['2023'], 'hmonth': ['11'], 'hday': ['23'], 'leadtime_hour': ['24']}",,local,repro/glofas_coverage_scan_runs/refine_20260216T025403Z/downloads/reforecast/P2__reforecast__version_4_0__lisflood__control_reforecast/2023-11-23.zip,"{""area"": [37.2443931, -122.272464, 36.8443931, -121.872464], ""data_format"": ""grib2"", ""download_format"": ""zip"", ""hday"": [""23""], ""hmonth"": [""11""], ""hydrological_model"": [""lisflood""], ""hyear"": [""2023""], ""leadtime_hour"": [""24""], ""product_type"": [""control_reforecast""], ""system_version"": [""version_4_0""], ""variable"": [""river_discharge_in_the_last_24_hours""]}"
2026-02-16T03:02:09Z,P2__reforecast__version_4_0__lisflood__control_reforecast,reforecast,P2,cems-glofas-reforecast,version_4_0,lisflood,control_reforecast,2011-06-16,error,0,invalid_request,"400 Client Error: Bad Request for url: https://ewds.climate.copernicus.eu/api/retrieve/v1/processes/cems-glofas-reforecast/execution
invalid request
Request has not produced a valid combination of values, please check your selection.
{'system_version': ['version_4_0'], 'hydrological_model': ['lisflood'], 'product_type': ['control_reforecast'], 'variable': ['river_discharge_in_the_last_24_hours'], 'data_format': ['grib'], 'area': ['37.2443931', '-122.272464', '36.8443931', '-121.872464'], 'hyear': ['2011'], 'hmonth': ['06'], 'hday': ['16'], 'leadtime_hour': ['24']}",,local,repro/glofas_coverage_scan_runs/refine_20260216T025403Z/downloads/reforecast/P2__reforecast__version_4_0__lisflood__control_reforecast/2011-06-16.zip,"{""area"": [37.2443931, -122.272464, 36.8443931, -121.872464], ""data_format"": ""grib2"", ""download_format"": ""zip"", ""hday"": [""16""], ""hmonth"": [""06""], ""hydrological_model"": [""lisflood""], ""hyear"": [""2011""], ""leadtime_hour"": [""24""], ""product_type"": [""control_reforecast""], ""system_version"": [""version_4_0""], ""variable"": [""river_discharge_in_the_last_24_hours""]}"
2026-02-16T03:03:09Z,P2__reforecast__version_4_0__lisflood__ensemble_perturbed_reforecast,reforecast,P2,cems-glofas-reforecast,version_4_0,lisflood,ensemble_perturbed_reforecast,2021-01-04,error,0,timeout,timeout after 60s,,local,repro/glofas_coverage_scan_runs/refine_20260216T025403Z/downloads/reforecast/P2__reforecast__version_4_0__lisflood__ensemble_perturbed_reforecast/2021-01-04.zip,"{""area"": [37.2443931, -122.272464, 36.8443931, -121.872464], ""data_format"": ""grib2"", ""download_format"": ""zip"", ""hday"": [""04""], ""hmonth"": [""01""], ""hydrological_model"": [""lisflood""], ""hyear"": [""2021""], ""leadtime_hour"": [""24""], ""product_type"": [""ensemble_perturbed_reforecast""], ""system_version"": [""version_4_0""], ""variable"": [""river_discharge_in_the_last_24_hours""]}"
2026-02-16T03:03:14Z,P2__reforecast__version_4_0__lisflood__ensemble_perturbed_reforecast,reforecast,P2,cems-glofas-reforecast,version_4_0,lisflood,ensemble_perturbed_reforecast,2023-03-27,error,0,invalid_request,"400 Client Error: Bad Request for url: https://ewds.climate.copernicus.eu/api/retrieve/v1/processes/cems-glofas-reforecast/execution
invalid request
Request has not produced a valid combination of values, please check your selection.
{'system_version': ['version_4_0'], 'hydrological_model': ['lisflood'], 'product_type': ['ensemble_perturbed_reforecast'], 'variable': ['river_discharge_in_the_last_24_hours'], 'data_format': ['grib'], 'area': ['37.2443931', '-122.272464', '36.8443931', '-121.872464'], 'hyear': ['2023'], 'hmonth': ['03'], 'hday': ['27'], 'leadtime_hour': ['24']}",,local,repro/glofas_coverage_scan_runs/refine_20260216T025403Z/downloads/reforecast/P2__reforecast__version_4_0__lisflood__ensemble_perturbed_reforecast/2023-03-27.zip,"{""area"": [37.2443931, -122.272464, 36.8443931, -121.872464], ""data_format"": ""grib2"", ""download_format"": ""zip"", ""hday"": [""27""], ""hmonth"": [""03""], ""hydrological_model"": [""lisflood""], ""hyear"": [""2023""], ""leadtime_hour"": [""24""], ""product_type"": [""ensemble_perturbed_reforecast""], ""system_version"": [""version_4_0""], ""variable"": [""river_discharge_in_the_last_24_hours""]}"
2026-02-16T03:03:16Z,P2__reforecast__version_4_0__lisflood__ensemble_perturbed_reforecast,reforecast,P2,cems-glofas-reforecast,version_4_0,lisflood,ensemble_perturbed_reforecast,1999-01-04,error,0,invalid_request,"400 Client Error: Bad Request for url: https://ewds.climate.copernicus.eu/api/retrieve/v1/processes/cems-glofas-reforecast/execution
invalid request
Request has not produced a valid combination of values, please check your selection.
{'system_version': ['version_4_0'], 'hydrological_model': ['lisflood'], 'product_type': ['ensemble_perturbed_reforecast'], 'variable': ['river_discharge_in_the_last_24_hours'], 'data_format': ['grib'], 'area': ['37.2443931', '-122.272464', '36.8443931', '-121.872464'], 'hyear': ['1999'], 'hmonth': ['01'], 'hday': ['04'], 'leadtime_hour': ['24']}",,local,repro/glofas_coverage_scan_runs/refine_20260216T025403Z/downloads/reforecast/P2__reforecast__version_4_0__lisflood__ensemble_perturbed_reforecast/1999-01-04.zip,"{""area"": [37.2443931, -122.272464, 36.8443931, -121.872464], ""data_format"": ""grib2"", ""download_format"": ""zip"", ""hday"": [""04""], ""hmonth"": [""01""], ""hydrological_model"": [""lisflood""], ""hyear"": [""1999""], ""leadtime_hour"": [""24""], ""product_type"": [""ensemble_perturbed_reforecast""], ""system_version"": [""version_4_0""], ""variable"": [""river_discharge_in_the_last_24_hours""]}"
2026-02-16T03:03:17Z,P2__reforecast__version_4_0__lisflood__ensemble_perturbed_reforecast,reforecast,P2,cems-glofas-reforecast,version_4_0,lisflood,ensemble_perturbed_reforecast,2023-11-23,error,0,invalid_request,"400 Client Error: Bad Request for url: https://ewds.climate.copernicus.eu/api/retrieve/v1/processes/cems-glofas-reforecast/execution
invalid request
Request has not produced a valid combination of values, please check your selection.
{'system_version': ['version_4_0'], 'hydrological_model': ['lisflood'], 'product_type': ['ensemble_perturbed_reforecast'], 'variable': ['river_discharge_in_the_last_24_hours'], 'data_format': ['grib'], 'area': ['37.2443931', '-122.272464', '36.8443931', '-121.872464'], 'hyear': ['2023'], 'hmonth': ['11'], 'hday': ['23'], 'leadtime_hour': ['24']}",,local,repro/glofas_coverage_scan_runs/refine_20260216T025403Z/downloads/reforecast/P2__reforecast__version_4_0__lisflood__ensemble_perturbed_reforecast/2023-11-23.zip,"{""area"": [37.2443931, -122.272464, 36.8443931, -121.872464], ""data_format"": ""grib2"", ""download_format"": ""zip"", ""hday"": [""23""], ""hmonth"": [""11""], ""hydrological_model"": [""lisflood""], ""hyear"": [""2023""], ""leadtime_hour"": [""24""], ""product_type"": [""ensemble_perturbed_reforecast""], ""system_version"": [""version_4_0""], ""variable"": [""river_discharge_in_the_last_24_hours""]}"
2026-02-16T03:03:18Z,P2__reforecast__version_4_0__lisflood__ensemble_perturbed_reforecast,reforecast,P2,cems-glofas-reforecast,version_4_0,lisflood,ensemble_perturbed_reforecast,2011-06-16,error,0,invalid_request,"400 Client Error: Bad Request for url: https://ewds.climate.copernicus.eu/api/retrieve/v1/processes/cems-glofas-reforecast/execution
invalid request
Request has not produced a valid combination of values, please check your selection.
{'system_version': ['version_4_0'], 'hydrological_model': ['lisflood'], 'product_type': ['ensemble_perturbed_reforecast'], 'variable': ['river_discharge_in_the_last_24_hours'], 'data_format': ['grib'], 'area': ['37.2443931', '-122.272464', '36.8443931', '-121.872464'], 'hyear': ['2011'], 'hmonth': ['06'], 'hday': ['16'], 'leadtime_hour': ['24']}",,local,repro/glofas_coverage_scan_runs/refine_20260216T025403Z/downloads/reforecast/P2__reforecast__version_4_0__lisflood__ensemble_perturbed_reforecast/2011-06-16.zip,"{""area"": [37.2443931, -122.272464, 36.8443931, -121.872464], ""data_format"": ""grib2"", ""download_format"": ""zip"", ""hday"": [""16""], ""hmonth"": [""06""], ""hydrological_model"": [""lisflood""], ""hyear"": [""2011""], ""leadtime_hour"": [""24""], ""product_type"": [""ensemble_perturbed_reforecast""], ""system_version"": [""version_4_0""], ""variable"": [""river_discharge_in_the_last_24_hours""]}"
2026-02-16T03:03:20Z,P3__forecast__version_2_1__htessel_lisflood__control_forecast,forecast,P3,cems-glofas-forecast,version_2_1,htessel_lisflood,control_forecast,2019-11-05,error,0,invalid_request,"400 Client Error: Bad Request for url: https://ewds.climate.copernicus.eu/api/retrieve/v1/processes/cems-glofas-forecast/execution
invalid request
Request has not produced a valid combination of values, please check your selection.
{'system_version': ['version_2_1'], 'hydrological_model': ['htessel_lisflood'], 'product_type': ['control_forecast'], 'variable': ['river_discharge_in_the_last_24_hours'], 'data_format': ['grib'], 'area': ['37.2443931', '-122.272464', '36.8443931', '-121.872464'], 'year': ['2019'], 'month': ['11'], 'day': ['05'], 'leadtime_hour': ['24']}",,local,repro/glofas_coverage_scan_runs/refine_20260216T025403Z/downloads/forecast/P3__forecast__version_2_1__htessel_lisflood__control_forecast/2019-11-05.zip,"{""area"": [37.2443931, -122.272464, 36.8443931, -121.872464], ""data_format"": ""grib2"", ""day"": [""05""], ""download_format"": ""zip"", ""hydrological_model"": [""htessel_lisflood""], ""leadtime_hour"": [""24""], ""month"": [""11""], ""product_type"": [""control_forecast""], ""system_version"": [""version_2_1""], ""variable"": [""river_discharge_in_the_last_24_hours""], ""year"": [""2019""]}"
2026-02-16T03:03:21Z,P3__forecast__version_2_1__htessel_lisflood__control_forecast,forecast,P3,cems-glofas-forecast,version_2_1,htessel_lisflood,control_forecast,2020-01-16,error,0,invalid_request,"400 Client Error: Bad Request for url: https://ewds.climate.copernicus.eu/api/retrieve/v1/processes/cems-glofas-forecast/execution
invalid request
Request has not produced a valid combination of values, please check your selection.
{'system_version': ['version_2_1'], 'hydrological_model': ['htessel_lisflood'], 'product_type': ['control_forecast'], 'variable': ['river_discharge_in_the_last_24_hours'], 'data_format': ['grib'], 'area': ['37.2443931', '-122.272464', '36.8443931', '-121.872464'], 'year': ['2020'], 'month': ['01'], 'day': ['16'], 'leadtime_hour': ['24']}",,local,repro/glofas_coverage_scan_runs/refine_20260216T025403Z/downloads/forecast/P3__forecast__version_2_1__htessel_lisflood__control_forecast/2020-01-16.zip,"{""area"": [37.2443931, -122.272464, 36.8443931, -121.872464], ""data_format"": ""grib2"", ""day"": [""16""], ""download_format"": ""zip"", ""hydrological_model"": [""htessel_lisflood""], ""leadtime_hour"": [""24""], ""month"": [""01""], ""product_type"": [""control_forecast""], ""system_version"": [""version_2_1""], ""variable"": [""river_discharge_in_the_last_24_hours""], ""year"": [""2020""]}"
2026-02-16T03:03:27Z,P3__forecast__version_2_1__htessel_lisflood__control_forecast,forecast,P3,cems-glofas-forecast,version_2_1,htessel_lisflood,control_forecast,2020-12-08,error,0,invalid_request,"400 Client Error: Bad Request for url: https://ewds.climate.copernicus.eu/api/retrieve/v1/processes/cems-glofas-forecast/execution
invalid request
Request has not produced a valid combination of values, please check your selection.
{'system_version': ['version_2_1'], 'hydrological_model': ['htessel_lisflood'], 'product_type': ['control_forecast'], 'variable': ['river_discharge_in_the_last_24_hours'], 'data_format': ['grib'], 'area': ['37.2443931', '-122.272464', '36.8443931', '-121.872464'], 'year': ['2020'], 'month': ['12'], 'day': ['08'], 'leadtime_hour': ['24']}",,local,repro/glofas_coverage_scan_runs/refine_20260216T025403Z/downloads/forecast/P3__forecast__version_2_1__htessel_lisflood__control_forecast/2020-12-08.zip,"{""area"": [37.2443931, -122.272464, 36.8443931, -121.872464], ""data_format"": ""grib2"", ""day"": [""08""], ""download_format"": ""zip"", ""hydrological_model"": [""htessel_lisflood""], ""leadtime_hour"": [""24""], ""month"": [""12""], ""product_type"": [""control_forecast""], ""system_version"": [""version_2_1""], ""variable"": [""river_discharge_in_the_last_24_hours""], ""year"": [""2020""]}"
2026-02-16T03:03:30Z,P3__forecast__version_2_1__htessel_lisflood__ensemble_perturbed_forecasts,forecast,P3,cems-glofas-forecast,version_2_1,htessel_lisflood,ensemble_perturbed_forecasts,2019-11-05,error,0,invalid_request,"400 Client Error: Bad Request for url: https://ewds.climate.copernicus.eu/api/retrieve/v1/processes/cems-glofas-forecast/execution
invalid request
Request has not produced a valid combination of values, please check your selection.
{'system_version': ['version_2_1'], 'hydrological_model': ['htessel_lisflood'], 'product_type': ['ensemble_perturbed_forecasts'], 'variable': ['river_discharge_in_the_last_24_hours'], 'data_format': ['grib'], 'area': ['37.2443931', '-122.272464', '36.8443931', '-121.872464'], 'year': ['2019'], 'month': ['11'], 'day': ['05'], 'leadtime_hour': ['24']}",,local,repro/glofas_coverage_scan_runs/refine_20260216T025403Z/downloads/forecast/P3__forecast__version_2_1__htessel_lisflood__ensemble_perturbed_forecasts/2019-11-05.zip,"{""area"": [37.2443931, -122.272464, 36.8443931, -121.872464], ""data_format"": ""grib2"", ""day"": [""05""], ""download_format"": ""zip"", ""hydrological_model"": [""htessel_lisflood""], ""leadtime_hour"": [""24""], ""month"": [""11""], ""product_type"": [""ensemble_perturbed_forecasts""], ""system_version"": [""version_2_1""], ""variable"": [""river_discharge_in_the_last_24_hours""], ""year"": [""2019""]}"
2026-02-16T03:03:31Z,P3__forecast__version_2_1__htessel_lisflood__ensemble_perturbed_forecasts,forecast,P3,cems-glofas-forecast,version_2_1,htessel_lisflood,ensemble_perturbed_forecasts,2020-01-16,error,0,invalid_request,"400 Client Error: Bad Request for url: https://ewds.climate.copernicus.eu/api/retrieve/v1/processes/cems-glofas-forecast/execution
invalid request
Request has not produced a valid combination of values, please check your selection.
{'system_version': ['version_2_1'], 'hydrological_model': ['htessel_lisflood'], 'product_type': ['ensemble_perturbed_forecasts'], 'variable': ['river_discharge_in_the_last_24_hours'], 'data_format': ['grib'], 'area': ['37.2443931', '-122.272464', '36.8443931', '-121.872464'], 'year': ['2020'], 'month': ['01'], 'day': ['16'], 'leadtime_hour': ['24']}",,local,repro/glofas_coverage_scan_runs/refine_20260216T025403Z/downloads/forecast/P3__forecast__version_2_1__htessel_lisflood__ensemble_perturbed_forecasts/2020-01-16.zip,"{""area"": [37.2443931, -122.272464, 36.8443931, -121.872464], ""data_format"": ""grib2"", ""day"": [""16""], ""download_format"": ""zip"", ""hydrological_model"": [""htessel_lisflood""], ""leadtime_hour"": [""24""], ""month"": [""01""], ""product_type"": [""ensemble_perturbed_forecasts""], ""system_version"": [""version_2_1""], ""variable"": [""river_discharge_in_the_last_24_hours""], ""year"": [""2020""]}"
2026-02-16T03:03:33Z,P3__forecast__version_2_1__htessel_lisflood__ensemble_perturbed_forecasts,forecast,P3,cems-glofas-forecast,version_2_1,htessel_lisflood,ensemble_perturbed_forecasts,2020-12-08,error,0,invalid_request,"400 Client Error: Bad Request for url: https://ewds.climate.copernicus.eu/api/retrieve/v1/processes/cems-glofas-forecast/execution
invalid request
Request has not produced a valid combination of values, please check your selection.
{'system_version': ['version_2_1'], 'hydrological_model': ['htessel_lisflood'], 'product_type': ['ensemble_perturbed_forecasts'], 'variable': ['river_discharge_in_the_last_24_hours'], 'data_format': ['grib'], 'area': ['37.2443931', '-122.272464', '36.8443931', '-121.872464'], 'year': ['2020'], 'month': ['12'], 'day': ['08'], 'leadtime_hour': ['24']}",,local,repro/glofas_coverage_scan_runs/refine_20260216T025403Z/downloads/forecast/P3__forecast__version_2_1__htessel_lisflood__ensemble_perturbed_forecasts/2020-12-08.zip,"{""area"": [37.2443931, -122.272464, 36.8443931, -121.872464], ""data_format"": ""grib2"", ""day"": [""08""], ""download_format"": ""zip"", ""hydrological_model"": [""htessel_lisflood""], ""leadtime_hour"": [""24""], ""month"": [""12""], ""product_type"": [""ensemble_perturbed_forecasts""], ""system_version"": [""version_2_1""], ""variable"": [""river_discharge_in_the_last_24_hours""], ""year"": [""2020""]}"
2026-02-16T03:03:35Z,P3__forecast__version_2_1__lisflood__control_forecast,forecast,P3,cems-glofas-forecast,version_2_1,lisflood,control_forecast,2019-11-05,error,0,invalid_request,"400 Client Error: Bad Request for url: https://ewds.climate.copernicus.eu/api/retrieve/v1/processes/cems-glofas-forecast/execution
invalid request
Request has not produced a valid combination of values, please check your selection.
{'system_version': ['version_2_1'], 'hydrological_model': ['lisflood'], 'product_type': ['control_forecast'], 'variable': ['river_discharge_in_the_last_24_hours'], 'data_format': ['grib'], 'area': ['37.2443931', '-122.272464', '36.8443931', '-121.872464'], 'year': ['2019'], 'month': ['11'], 'day': ['05'], 'leadtime_hour': ['24']}",,local,repro/glofas_coverage_scan_runs/refine_20260216T025403Z/downloads/forecast/P3__forecast__version_2_1__lisflood__control_forecast/2019-11-05.zip,"{""area"": [37.2443931, -122.272464, 36.8443931, -121.872464], ""data_format"": ""grib2"", ""day"": [""05""], ""download_format"": ""zip"", ""hydrological_model"": [""lisflood""], ""leadtime_hour"": [""24""], ""month"": [""11""], ""product_type"": [""control_forecast""], ""system_version"": [""version_2_1""], ""variable"": [""river_discharge_in_the_last_24_hours""], ""year"": [""2019""]}"
2026-02-16T03:03:37Z,P3__forecast__version_2_1__lisflood__control_forecast,forecast,P3,cems-glofas-forecast,version_2_1,lisflood,control_forecast,2020-01-16,error,0,invalid_request,"400 Client Error: Bad Request for url: https://ewds.climate.copernicus.eu/api/retrieve/v1/processes/cems-glofas-forecast/execution
invalid request
Request has not produced a valid combination of values, please check your selection.
{'system_version': ['version_2_1'], 'hydrological_model': ['lisflood'], 'product_type': ['control_forecast'], 'variable': ['river_discharge_in_the_last_24_hours'], 'data_format': ['grib'], 'area': ['37.2443931', '-122.272464', '36.8443931', '-121.872464'], 'year': ['2020'], 'month': ['01'], 'day': ['16'], 'leadtime_hour': ['24']}",,local,repro/glofas_coverage_scan_runs/refine_20260216T025403Z/downloads/forecast/P3__forecast__version_2_1__lisflood__control_forecast/2020-01-16.zip,"{""area"": [37.2443931, -122.272464, 36.8443931, -121.872464], ""data_format"": ""grib2"", ""day"": [""16""], ""download_format"": ""zip"", ""hydrological_model"": [""lisflood""], ""leadtime_hour"": [""24""], ""month"": [""01""], ""product_type"": [""control_forecast""], ""system_version"": [""version_2_1""], ""variable"": [""river_discharge_in_the_last_24_hours""], ""year"": [""2020""]}"
2026-02-16T03:03:40Z,P3__forecast__version_2_1__lisflood__control_forecast,forecast,P3,cems-glofas-forecast,version_2_1,lisflood,control_forecast,2020-12-08,error,0,invalid_request,"400 Client Error: Bad Request for url: https://ewds.climate.copernicus.eu/api/retrieve/v1/processes/cems-glofas-forecast/execution
invalid request
Request has not produced a valid combination of values, please check your selection.
{'system_version': ['version_2_1'], 'hydrological_model': ['lisflood'], 'product_type': ['control_forecast'], 'variable': ['river_discharge_in_the_last_24_hours'], 'data_format': ['grib'], 'area': ['37.2443931', '-122.272464', '36.8443931', '-121.872464'], 'year': ['2020'], 'month': ['12'], 'day': ['08'], 'leadtime_hour': ['24']}",,local,repro/glofas_coverage_scan_runs/refine_20260216T025403Z/downloads/forecast/P3__forecast__version_2_1__lisflood__control_forecast/2020-12-08.zip,"{""area"": [37.2443931, -122.272464, 36.8443931, -121.872464], ""data_format"": ""grib2"", ""day"": [""08""], ""download_format"": ""zip"", ""hydrological_model"": [""lisflood""], ""leadtime_hour"": [""24""], ""month"": [""12""], ""product_type"": [""control_forecast""], ""system_version"": [""version_2_1""], ""variable"": [""river_discharge_in_the_last_24_hours""], ""year"": [""2020""]}"
2026-02-16T03:03:41Z,P3__forecast__version_2_1__lisflood__ensemble_perturbed_forecasts,forecast,P3,cems-glofas-forecast,version_2_1,lisflood,ensemble_perturbed_forecasts,2019-11-05,error,0,invalid_request,"400 Client Error: Bad Request for url: https://ewds.climate.copernicus.eu/api/retrieve/v1/processes/cems-glofas-forecast/execution
invalid request
Request has not produced a valid combination of values, please check your selection.
{'system_version': ['version_2_1'], 'hydrological_model': ['lisflood'], 'product_type': ['ensemble_perturbed_forecasts'], 'variable': ['river_discharge_in_the_last_24_hours'], 'data_format': ['grib'], 'area': ['37.2443931', '-122.272464', '36.8443931', '-121.872464'], 'year': ['2019'], 'month': ['11'], 'day': ['05'], 'leadtime_hour': ['24']}",,local,repro/glofas_coverage_scan_runs/refine_20260216T025403Z/downloads/forecast/P3__forecast__version_2_1__lisflood__ensemble_perturbed_forecasts/2019-11-05.zip,"{""area"": [37.2443931, -122.272464, 36.8443931, -121.872464], ""data_format"": ""grib2"", ""day"": [""05""], ""download_format"": ""zip"", ""hydrological_model"": [""lisflood""], ""leadtime_hour"": [""24""], ""month"": [""11""], ""product_type"": [""ensemble_perturbed_forecasts""], ""system_version"": [""version_2_1""], ""variable"": [""river_discharge_in_the_last_24_hours""], ""year"": [""2019""]}"
2026-02-16T03:03:42Z,P3__forecast__version_2_1__lisflood__ensemble_perturbed_forecasts,forecast,P3,cems-glofas-forecast,version_2_1,lisflood,ensemble_perturbed_forecasts,2020-01-16,error,0,invalid_request,"400 Client Error: Bad Request for url: https://ewds.climate.copernicus.eu/api/retrieve/v1/processes/cems-glofas-forecast/execution
invalid request
Request has not produced a valid combination of values, please check your selection.
{'system_version': ['version_2_1'], 'hydrological_model': ['lisflood'], 'product_type': ['ensemble_perturbed_forecasts'], 'variable': ['river_discharge_in_the_last_24_hours'], 'data_format': ['grib'], 'area': ['37.2443931', '-122.272464', '36.8443931', '-121.872464'], 'year': ['2020'], 'month': ['01'], 'day': ['16'], 'leadtime_hour': ['24']}",,local,repro/glofas_coverage_scan_runs/refine_20260216T025403Z/downloads/forecast/P3__forecast__version_2_1__lisflood__ensemble_perturbed_forecasts/2020-01-16.zip,"{""area"": [37.2443931, -122.272464, 36.8443931, -121.872464], ""data_format"": ""grib2"", ""day"": [""16""], ""download_format"": ""zip"", ""hydrological_model"": [""lisflood""], ""leadtime_hour"": [""24""], ""month"": [""01""], ""product_type"": [""ensemble_perturbed_forecasts""], ""system_version"": [""version_2_1""], ""variable"": [""river_discharge_in_the_last_24_hours""], ""year"": [""2020""]}"
2026-02-16T03:03:44Z,P3__forecast__version_2_1__lisflood__ensemble_perturbed_forecasts,forecast,P3,cems-glofas-forecast,version_2_1,lisflood,ensemble_perturbed_forecasts,2020-12-08,error,0,invalid_request,"400 Client Error: Bad Request for url: https://ewds.climate.copernicus.eu/api/retrieve/v1/processes/cems-glofas-forecast/execution
invalid request
Request has not produced a valid combination of values, please check your selection.
{'system_version': ['version_2_1'], 'hydrological_model': ['lisflood'], 'product_type': ['ensemble_perturbed_forecasts'], 'variable': ['river_discharge_in_the_last_24_hours'], 'data_format': ['grib'], 'area': ['37.2443931', '-122.272464', '36.8443931', '-121.872464'], 'year': ['2020'], 'month': ['12'], 'day': ['08'], 'leadtime_hour': ['24']}",,local,repro/glofas_coverage_scan_runs/refine_20260216T025403Z/downloads/forecast/P3__forecast__version_2_1__lisflood__ensemble_perturbed_forecasts/2020-12-08.zip,"{""area"": [37.2443931, -122.272464, 36.8443931, -121.872464], ""data_format"": ""grib2"", ""day"": [""08""], ""download_format"": ""zip"", ""hydrological_model"": [""lisflood""], ""leadtime_hour"": [""24""], ""month"": [""12""], ""product_type"": [""ensemble_perturbed_forecasts""], ""system_version"": [""version_2_1""], ""variable"": [""river_discharge_in_the_last_24_hours""], ""year"": [""2020""]}"
2026-02-16T03:00:38Z,P2__historical__version_4_0__lisflood__consolidated,historical,P2,cems-glofas-historical,version_4_0,lisflood,consolidated,1979-09-28,error,0,timeout,timeout after 60s,,local,repro/glofas_coverage_scan_runs/refine_20260216T025403Z/downloads/historical/P2__historical__version_4_0__lisflood__consolidated/1979-09-28.zip,"{""area"": [37.2443931, -122.272464, 36.8443931, -121.872464], ""data_format"": ""grib2"", ""download_format"": ""zip"", ""hday"": [""28""], ""hmonth"": [""09""], ""hydrological_model"": [""lisflood""], ""hyear"": [""1979""], ""product_type"": [""consolidated""], ""system_version"": [""version_4_0""], ""variable"": [""river_discharge_in_the_last_24_hours""]}"
2026-02-16T03:01:38Z,P2__historical__version_4_0__lisflood__consolidated,historical,P2,cems-glofas-historical,version_4_0,lisflood,consolidated,2021-01-04,error,0,timeout,timeout after 60s,,local,repro/glofas_coverage_scan_runs/refine_20260216T025403Z/downloads/historical/P2__historical__version_4_0__lisflood__consolidated/2021-01-04.zip,"{""area"": [37.2443931, -122.272464, 36.8443931, -121.872464], ""data_format"": ""grib2"", ""download_format"": ""zip"", ""hday"": [""04""], ""hmonth"": [""01""], ""hydrological_model"": [""lisflood""], ""hyear"": [""2021""], ""product_type"": [""consolidated""], ""system_version"": [""version_4_0""], ""variable"": [""river_discharge_in_the_last_24_hours""]}"
2026-02-16T03:02:38Z,P2__historical__version_4_0__lisflood__consolidated,historical,P2,cems-glofas-historical,version_4_0,lisflood,consolidated,2022-07-31,error,0,timeout,timeout after 60s,,local,repro/glofas_coverage_scan_runs/refine_20260216T025403Z/downloads/historical/P2__historical__version_4_0__lisflood__consolidated/2022-07-31.zip,"{""area"": [37.2443931, -122.272464, 36.8443931, -121.872464], ""data_format"": ""grib2"", ""download_format"": ""zip"", ""hday"": [""31""], ""hmonth"": [""07""], ""hydrological_model"": [""lisflood""], ""hyear"": [""2022""], ""product_type"": [""consolidated""], ""system_version"": [""version_4_0""], ""variable"": [""river_discharge_in_the_last_24_hours""]}"
2026-02-16T03:03:38Z,P2__historical__version_4_0__lisflood__consolidated,historical,P2,cems-glofas-historical,version_4_0,lisflood,consolidated,2023-03-27,error,0,timeout,timeout after 60s,,local,repro/glofas_coverage_scan_runs/refine_20260216T025403Z/downloads/historical/P2__historical__version_4_0__lisflood__consolidated/2023-03-27.zip,"{""area"": [37.2443931, -122.272464, 36.8443931, -121.872464], ""data_format"": ""grib2"", ""download_format"": ""zip"", ""hday"": [""27""], ""hmonth"": [""03""], ""hydrological_model"": [""lisflood""], ""hyear"": [""2023""], ""product_type"": [""consolidated""], ""system_version"": [""version_4_0""], ""variable"": [""river_discharge_in_the_last_24_hours""]}"
2026-02-16T03:04:38Z,P2__historical__version_4_0__lisflood__consolidated,historical,P2,cems-glofas-historical,version_4_0,lisflood,consolidated,1979-01-01,error,0,timeout,timeout after 60s,,local,repro/glofas_coverage_scan_runs/refine_20260216T025403Z/downloads/historical/P2__historical__version_4_0__lisflood__consolidated/1979-01-01.zip,"{""area"": [37.2443931, -122.272464, 36.8443931, -121.872464], ""data_format"": ""grib2"", ""download_format"": ""zip"", ""hday"": [""01""], ""hmonth"": [""01""], ""hydrological_model"": [""lisflood""], ""hyear"": [""1979""], ""product_type"": [""consolidated""], ""system_version"": [""version_4_0""], ""variable"": [""river_discharge_in_the_last_24_hours""]}"
2026-02-16T03:04:42Z,P2__historical__version_4_0__lisflood__consolidated,historical,P2,cems-glofas-historical,version_4_0,lisflood,consolidated,2026-02-15,error,0,invalid_request,"400 Client Error: Bad Request for url: https://ewds.climate.copernicus.eu/api/retrieve/v1/processes/cems-glofas-historical/execution
invalid request
Request has not produced a valid combination of values, please check your selection.
{'system_version': ['version_4_0'], 'hydrological_model': ['lisflood'], 'product_type': ['consolidated'], 'variable': ['river_discharge_in_the_last_24_hours'], 'data_format': ['grib'], 'area': ['37.2443931', '-122.272464', '36.8443931', '-121.872464'], 'hyear': ['2026'], 'hmonth': ['02'], 'hday': ['15']}",,local,repro/glofas_coverage_scan_runs/refine_20260216T025403Z/downloads/historical/P2__historical__version_4_0__lisflood__consolidated/2026-02-15.zip,"{""area"": [37.2443931, -122.272464, 36.8443931, -121.872464], ""data_format"": ""grib2"", ""download_format"": ""zip"", ""hday"": [""15""], ""hmonth"": [""02""], ""hydrological_model"": [""lisflood""], ""hyear"": [""2026""], ""product_type"": [""consolidated""], ""system_version"": [""version_4_0""], ""variable"": [""river_discharge_in_the_last_24_hours""]}"
2026-02-16T03:05:42Z,P2__historical__version_4_0__lisflood__consolidated,historical,P2,cems-glofas-historical,version_4_0,lisflood,consolidated,2002-07-25,error,0,timeout,timeout after 60s,,local,repro/glofas_coverage_scan_runs/refine_20260216T025403Z/downloads/historical/P2__historical__version_4_0__lisflood__consolidated/2002-07-25.zip,"{""area"": [37.2443931, -122.272464, 36.8443931, -121.872464], ""data_format"": ""grib2"", ""download_format"": ""zip"", ""hday"": [""25""], ""hmonth"": [""07""], ""hydrological_model"": [""lisflood""], ""hyear"": [""2002""], ""product_type"": [""consolidated""], ""system_version"": [""version_4_0""], ""variable"": [""river_discharge_in_the_last_24_hours""]}"
2026-02-16T03:06:04Z,P2__historical__version_4_0__lisflood__consolidated,historical,P2,cems-glofas-historical,version_4_0,lisflood,consolidated,1979-09-27,ok,1,,,343,local,repro/glofas_coverage_scan_runs/refine_20260216T025403Z/downloads/historical/P2__historical__version_4_0__lisflood__consolidated/1979-09-27.zip,"{""area"": [37.2443931, -122.272464, 36.8443931, -121.872464], ""data_format"": ""grib2"", ""download_format"": ""zip"", ""hday"": [""27""], ""hmonth"": [""09""], ""hydrological_model"": [""lisflood""], ""hyear"": [""1979""], ""product_type"": [""consolidated""], ""system_version"": [""version_4_0""], ""variable"": [""river_discharge_in_the_last_24_hours""]}"
2026-02-16T03:06:04Z,P2__historical__version_4_0__lisflood__consolidated,historical,P2,cems-glofas-historical,version_4_0,lisflood,consolidated,1979-09-26,budget_exhausted,0,budget,attempt budget exhausted,,local,repro/glofas_coverage_scan_runs/refine_20260216T025403Z/downloads/historical/P2__historical__version_4_0__lisflood__consolidated/1979-09-26.zip,"{""area"": [37.2443931, -122.272464, 36.8443931, -121.872464], ""data_format"": ""grib2"", ""download_format"": ""zip"", ""hday"": [""26""], ""hmonth"": [""09""], ""hydrological_model"": [""lisflood""], ""hyear"": [""1979""], ""product_type"": [""consolidated""], ""system_version"": [""version_4_0""], ""variable"": [""river_discharge_in_the_last_24_hours""]}"
2026-02-16T03:04:44Z,P3__historical__version_2_1__htessel_lisflood__consolidated,historical,P3,cems-glofas-historical,version_2_1,htessel_lisflood,consolidated,2019-11-05,error,0,timeout,timeout after 60s,,local,repro/glofas_coverage_scan_runs/refine_20260216T025403Z/downloads/historical/P3__historical__version_2_1__htessel_lisflood__consolidated/2019-11-05.zip,"{""area"": [37.2443931, -122.272464, 36.8443931, -121.872464], ""data_format"": ""grib2"", ""download_format"": ""zip"", ""hday"": [""05""], ""hmonth"": [""11""], ""hydrological_model"": [""htessel_lisflood""], ""hyear"": [""2019""], ""product_type"": [""consolidated""], ""system_version"": [""version_2_1""], ""variable"": [""river_discharge_in_the_last_24_hours""]}"
2026-02-16T03:05:41Z,P3__historical__version_2_1__htessel_lisflood__consolidated,historical,P3,cems-glofas-historical,version_2_1,htessel_lisflood,consolidated,2019-10-30,ok,1,,,288,local,repro/glofas_coverage_scan_runs/refine_20260216T025403Z/downloads/historical/P3__historical__version_2_1__htessel_lisflood__consolidated/2019-10-30.zip,"{""area"": [37.2443931, -122.272464, 36.8443931, -121.872464], ""data_format"": ""grib2"", ""download_format"": ""zip"", ""hday"": [""30""], ""hmonth"": [""10""], ""hydrological_model"": [""htessel_lisflood""], ""hyear"": [""2019""], ""product_type"": [""consolidated""], ""system_version"": [""version_2_1""], ""variable"": [""river_discharge_in_the_last_24_hours""]}"
2026-02-16T03:06:09Z,P3__historical__version_2_1__htessel_lisflood__consolidated,historical,P3,cems-glofas-historical,version_2_1,htessel_lisflood,consolidated,2019-11-06,ok,1,,,288,local,repro/glofas_coverage_scan_runs/refine_20260216T025403Z/downloads/historical/P3__historical__version_2_1__htessel_lisflood__consolidated/2019-11-06.zip,"{""area"": [37.2443931, -122.272464, 36.8443931, -121.872464], ""data_format"": ""grib2"", ""download_format"": ""zip"", ""hday"": [""06""], ""hmonth"": [""11""], ""hydrological_model"": [""htessel_lisflood""], ""hyear"": [""2019""], ""product_type"": [""consolidated""], ""system_version"": [""version_2_1""], ""variable"": [""river_discharge_in_the_last_24_hours""]}"
2026-02-16T03:06:28Z,P3__historical__version_2_1__htessel_lisflood__consolidated,historical,P3,cems-glofas-historical,version_2_1,htessel_lisflood,consolidated,2019-10-29,ok,1,,,290,local,repro/glofas_coverage_scan_runs/refine_20260216T025403Z/downloads/historical/P3__historical__version_2_1__htessel_lisflood__consolidated/2019-10-29.zip,"{""area"": [37.2443931, -122.272464, 36.8443931, -121.872464], ""data_format"": ""grib2"", ""download_format"": ""zip"", ""hday"": [""29""], ""hmonth"": [""10""], ""hydrological_model"": [""htessel_lisflood""], ""hyear"": [""2019""], ""product_type"": [""consolidated""], ""system_version"": [""version_2_1""], ""variable"": [""river_discharge_in_the_last_24_hours""]}"
2026-02-16T03:07:28Z,P3__historical__version_2_1__htessel_lisflood__consolidated,historical,P3,cems-glofas-historical,version_2_1,htessel_lisflood,consolidated,2019-11-07,error,0,timeout,timeout after 60s,,local,repro/glofas_coverage_scan_runs/refine_20260216T025403Z/downloads/historical/P3__historical__version_2_1__htessel_lisflood__consolidated/2019-11-07.zip,"{""area"": [37.2443931, -122.272464, 36.8443931, -121.872464], ""data_format"": ""grib2"", ""download_format"": ""zip"", ""hday"": [""07""], ""hmonth"": [""11""], ""hydrological_model"": [""htessel_lisflood""], ""hyear"": [""2019""], ""product_type"": [""consolidated""], ""system_version"": [""version_2_1""], ""variable"": [""river_discharge_in_the_last_24_hours""]}"
2026-02-16T03:08:29Z,P3__historical__version_2_1__htessel_lisflood__consolidated,historical,P3,cems-glofas-historical,version_2_1,htessel_lisflood,consolidated,2019-10-28,error,0,timeout,timeout after 60s,,local,repro/glofas_coverage_scan_runs/refine_20260216T025403Z/downloads/historical/P3__historical__version_2_1__htessel_lisflood__consolidated/2019-10-28.zip,"{""area"": [37.2443931, -122.272464, 36.8443931, -121.872464], ""data_format"": ""grib2"", ""download_format"": ""zip"", ""hday"": [""28""], ""hmonth"": [""10""], ""hydrological_model"": [""htessel_lisflood""], ""hyear"": [""2019""], ""product_type"": [""consolidated""], ""system_version"": [""version_2_1""], ""variable"": [""river_discharge_in_the_last_24_hours""]}"
2026-02-16T03:08:31Z,P3__historical__version_2_1__lisflood__consolidated,historical,P3,cems-glofas-historical,version_2_1,lisflood,consolidated,2019-10-30,error,0,invalid_request,"400 Client Error: Bad Request for url: https://ewds.climate.copernicus.eu/api/retrieve/v1/processes/cems-glofas-historical/execution
invalid request
Request has not produced a valid combination of values, please check your selection.
{'system_version': ['version_2_1'], 'hydrological_model': ['lisflood'], 'product_type': ['consolidated'], 'variable': ['river_discharge_in_the_last_24_hours'], 'data_format': ['grib'], 'area': ['37.2443931', '-122.272464', '36.8443931', '-121.872464'], 'hyear': ['2019'], 'hmonth': ['10'], 'hday': ['30']}",,local,repro/glofas_coverage_scan_runs/refine_20260216T025403Z/downloads/historical/P3__historical__version_2_1__lisflood__consolidated/2019-10-30.zip,"{""area"": [37.2443931, -122.272464, 36.8443931, -121.872464], ""data_format"": ""grib2"", ""download_format"": ""zip"", ""hday"": [""30""], ""hmonth"": [""10""], ""hydrological_model"": [""lisflood""], ""hyear"": [""2019""], ""product_type"": [""consolidated""], ""system_version"": [""version_2_1""], ""variable"": [""river_discharge_in_the_last_24_hours""]}"
2026-02-16T03:08:32Z,P3__historical__version_2_1__lisflood__consolidated,historical,P3,cems-glofas-historical,version_2_1,lisflood,consolidated,2019-11-05,error,0,invalid_request,"400 Client Error: Bad Request for url: https://ewds.climate.copernicus.eu/api/retrieve/v1/processes/cems-glofas-historical/execution
invalid request
Request has not produced a valid combination of values, please check your selection.
{'system_version': ['version_2_1'], 'hydrological_model': ['lisflood'], 'product_type': ['consolidated'], 'variable': ['river_discharge_in_the_last_24_hours'], 'data_format': ['grib'], 'area': ['37.2443931', '-122.272464', '36.8443931', '-121.872464'], 'hyear': ['2019'], 'hmonth': ['11'], 'hday': ['05']}",,local,repro/glofas_coverage_scan_runs/refine_20260216T025403Z/downloads/historical/P3__historical__version_2_1__lisflood__consolidated/2019-11-05.zip,"{""area"": [37.2443931, -122.272464, 36.8443931, -121.872464], ""data_format"": ""grib2"", ""download_format"": ""zip"", ""hday"": [""05""], ""hmonth"": [""11""], ""hydrological_model"": [""lisflood""], ""hyear"": [""2019""], ""product_type"": [""consolidated""], ""system_version"": [""version_2_1""], ""variable"": [""river_discharge_in_the_last_24_hours""]}"
2026-02-16T03:08:34Z,P3__historical__version_2_1__lisflood__consolidated,historical,P3,cems-glofas-historical,version_2_1,lisflood,consolidated,2020-01-16,error,0,invalid_request,"400 Client Error: Bad Request for url: https://ewds.climate.copernicus.eu/api/retrieve/v1/processes/cems-glofas-historical/execution
invalid request
Request has not produced a valid combination of values, please check your selection.
{'system_version': ['version_2_1'], 'hydrological_model': ['lisflood'], 'product_type': ['consolidated'], 'variable': ['river_discharge_in_the_last_24_hours'], 'data_format': ['grib'], 'area': ['37.2443931', '-122.272464', '36.8443931', '-121.872464'], 'hyear': ['2020'], 'hmonth': ['01'], 'hday': ['16']}",,local,repro/glofas_coverage_scan_runs/refine_20260216T025403Z/downloads/historical/P3__historical__version_2_1__lisflood__consolidated/2020-01-16.zip,"{""area"": [37.2443931, -122.272464, 36.8443931, -121.872464], ""data_format"": ""grib2"", ""download_format"": ""zip"", ""hday"": [""16""], ""hmonth"": [""01""], ""hydrological_model"": [""lisflood""], ""hyear"": [""2020""], ""product_type"": [""consolidated""], ""system_version"": [""version_2_1""], ""variable"": [""river_discharge_in_the_last_24_hours""]}"
2026-02-16T03:08:36Z,P3__historical__version_2_1__lisflood__intermediate,historical,P3,cems-glofas-historical,version_2_1,lisflood,intermediate,2019-10-30,error,0,invalid_request,"400 Client Error: Bad Request for url: https://ewds.climate.copernicus.eu/api/retrieve/v1/processes/cems-glofas-historical/execution
invalid request
Request has not produced a valid combination of values, please check your selection.
{'system_version': ['version_2_1'], 'hydrological_model': ['lisflood'], 'product_type': ['intermediate'], 'variable': ['river_discharge_in_the_last_24_hours'], 'data_format': ['grib'], 'area': ['37.2443931', '-122.272464', '36.8443931', '-121.872464'], 'hyear': ['2019'], 'hmonth': ['10'], 'hday': ['30']}",,local,repro/glofas_coverage_scan_runs/refine_20260216T025403Z/downloads/historical/P3__historical__version_2_1__lisflood__intermediate/2019-10-30.zip,"{""area"": [37.2443931, -122.272464, 36.8443931, -121.872464], ""data_format"": ""grib2"", ""download_format"": ""zip"", ""hday"": [""30""], ""hmonth"": [""10""], ""hydrological_model"": [""lisflood""], ""hyear"": [""2019""], ""product_type"": [""intermediate""], ""system_version"": [""version_2_1""], ""variable"": [""river_discharge_in_the_last_24_hours""]}"
2026-02-16T03:08:37Z,P3__historical__version_2_1__lisflood__intermediate,historical,P3,cems-glofas-historical,version_2_1,lisflood,intermediate,2019-11-05,error,0,invalid_request,"400 Client Error: Bad Request for url: https://ewds.climate.copernicus.eu/api/retrieve/v1/processes/cems-glofas-historical/execution
invalid request
Request has not produced a valid combination of values, please check your selection.
{'system_version': ['version_2_1'], 'hydrological_model': ['lisflood'], 'product_type': ['intermediate'], 'variable': ['river_discharge_in_the_last_24_hours'], 'data_format': ['grib'], 'area': ['37.2443931', '-122.272464', '36.8443931', '-121.872464'], 'hyear': ['2019'], 'hmonth': ['11'], 'hday': ['05']}",,local,repro/glofas_coverage_scan_runs/refine_20260216T025403Z/downloads/historical/P3__historical__version_2_1__lisflood__intermediate/2019-11-05.zip,"{""area"": [37.2443931, -122.272464, 36.8443931, -121.872464], ""data_format"": ""grib2"", ""download_format"": ""zip"", ""hday"": [""05""], ""hmonth"": [""11""], ""hydrological_model"": [""lisflood""], ""hyear"": [""2019""], ""product_type"": [""intermediate""], ""system_version"": [""version_2_1""], ""variable"": [""river_discharge_in_the_last_24_hours""]}"
2026-02-16T03:08:42Z,P3__historical__version_2_1__lisflood__intermediate,historical,P3,cems-glofas-historical,version_2_1,lisflood,intermediate,2020-01-16,error,0,invalid_request,"400 Client Error: Bad Request for url: https://ewds.climate.copernicus.eu/api/retrieve/v1/processes/cems-glofas-historical/execution
invalid request
Request has not produced a valid combination of values, please check your selection.
{'system_version': ['version_2_1'], 'hydrological_model': ['lisflood'], 'product_type': ['intermediate'], 'variable': ['river_discharge_in_the_last_24_hours'], 'data_format': ['grib'], 'area': ['37.2443931', '-122.272464', '36.8443931', '-121.872464'], 'hyear': ['2020'], 'hmonth': ['01'], 'hday': ['16']}",,local,repro/glofas_coverage_scan_runs/refine_20260216T025403Z/downloads/historical/P3__historical__version_2_1__lisflood__intermediate/2020-01-16.zip,"{""area"": [37.2443931, -122.272464, 36.8443931, -121.872464], ""data_format"": ""grib2"", ""download_format"": ""zip"", ""hday"": [""16""], ""hmonth"": [""01""], ""hydrological_model"": [""lisflood""], ""hyear"": [""2020""], ""product_type"": [""intermediate""], ""system_version"": [""version_2_1""], ""variable"": [""river_discharge_in_the_last_24_hours""]}"
2026-02-16T03:06:20Z,P3__historical__version_2_1__htessel_lisflood__intermediate,historical,P3,cems-glofas-historical,version_2_1,htessel_lisflood,intermediate,2020-01-16,ok,1,,,299,local,repro/glofas_coverage_scan_runs/refine_20260216T025403Z/downloads/historical/P3__historical__version_2_1__htessel_lisflood__intermediate/2020-01-16.zip,"{""area"": [37.2443931, -122.272464, 36.8443931, -121.872464], ""data_format"": ""grib2"", ""download_format"": ""zip"", ""hday"": [""16""], ""hmonth"": [""01""], ""hydrological_model"": [""htessel_lisflood""], ""hyear"": [""2020""], ""product_type"": [""intermediate""], ""system_version"": [""version_2_1""], ""variable"": [""river_discharge_in_the_last_24_hours""]}"
2026-02-16T03:06:45Z,P3__historical__version_2_1__htessel_lisflood__intermediate,historical,P3,cems-glofas-historical,version_2_1,htessel_lisflood,intermediate,2019-12-24,ok,1,,,295,local,repro/glofas_coverage_scan_runs/refine_20260216T025403Z/downloads/historical/P3__historical__version_2_1__htessel_lisflood__intermediate/2019-12-24.zip,"{""area"": [37.2443931, -122.272464, 36.8443931, -121.872464], ""data_format"": ""grib2"", ""download_format"": ""zip"", ""hday"": [""24""], ""hmonth"": [""12""], ""hydrological_model"": [""htessel_lisflood""], ""hyear"": [""2019""], ""product_type"": [""intermediate""], ""system_version"": [""version_2_1""], ""variable"": [""river_discharge_in_the_last_24_hours""]}"
2026-02-16T03:07:45Z,P3__historical__version_2_1__htessel_lisflood__intermediate,historical,P3,cems-glofas-historical,version_2_1,htessel_lisflood,intermediate,2019-12-23,error,0,timeout,timeout after 60s,,local,repro/glofas_coverage_scan_runs/refine_20260216T025403Z/downloads/historical/P3__historical__version_2_1__htessel_lisflood__intermediate/2019-12-23.zip,"{""area"": [37.2443931, -122.272464, 36.8443931, -121.872464], ""data_format"": ""grib2"", ""download_format"": ""zip"", ""hday"": [""23""], ""hmonth"": [""12""], ""hydrological_model"": [""htessel_lisflood""], ""hyear"": [""2019""], ""product_type"": [""intermediate""], ""system_version"": [""version_2_1""], ""variable"": [""river_discharge_in_the_last_24_hours""]}"
2026-02-16T03:08:45Z,P3__historical__version_2_1__htessel_lisflood__intermediate,historical,P3,cems-glofas-historical,version_2_1,htessel_lisflood,intermediate,2020-01-17,error,0,timeout,timeout after 60s,,local,repro/glofas_coverage_scan_runs/refine_20260216T025403Z/downloads/historical/P3__historical__version_2_1__htessel_lisflood__intermediate/2020-01-17.zip,"{""area"": [37.2443931, -122.272464, 36.8443931, -121.872464], ""data_format"": ""grib2"", ""download_format"": ""zip"", ""hday"": [""17""], ""hmonth"": [""01""], ""hydrological_model"": [""htessel_lisflood""], ""hyear"": [""2020""], ""product_type"": [""intermediate""], ""system_version"": [""version_2_1""], ""variable"": [""river_discharge_in_the_last_24_hours""]}"
2026-02-16T03:08:45Z,P3__reforecast__version_2_2__htessel_lisflood__control_reforecast,reforecast,P3,cems-glofas-reforecast,version_2_2,htessel_lisflood,control_reforecast,2020-12-14,error,0,invalid_request,"400 Client Error: Bad Request for url: https://ewds.climate.copernicus.eu/api/retrieve/v1/processes/cems-glofas-reforecast/execution
invalid request
Request has not produced a valid combination of values, please check your selection.
{'system_version': ['version_2_2'], 'hydrological_model': ['htessel_lisflood'], 'product_type': ['control_reforecast'], 'variable': ['river_discharge_in_the_last_24_hours'], 'data_format': ['grib'], 'area': ['37.2443931', '-122.272464', '36.8443931', '-121.872464'], 'hyear': ['2020'], 'hmonth': ['12'], 'hday': ['14'], 'leadtime_hour': ['24']}",,local,repro/glofas_coverage_scan_runs/refine_20260216T025403Z/downloads/reforecast/P3__reforecast__version_2_2__htessel_lisflood__control_reforecast/2020-12-14.zip,"{""area"": [37.2443931, -122.272464, 36.8443931, -121.872464], ""data_format"": ""grib2"", ""download_format"": ""zip"", ""hday"": [""14""], ""hmonth"": [""12""], ""hydrological_model"": [""htessel_lisflood""], ""hyear"": [""2020""], ""leadtime_hour"": [""24""], ""product_type"": [""control_reforecast""], ""system_version"": [""version_2_2""], ""variable"": [""river_discharge_in_the_last_24_hours""]}"
2026-02-16T03:08:46Z,P3__reforecast__version_2_2__htessel_lisflood__control_reforecast,reforecast,P3,cems-glofas-reforecast,version_2_2,htessel_lisflood,control_reforecast,2021-01-04,error,0,invalid_request,"400 Client Error: Bad Request for url: https://ewds.climate.copernicus.eu/api/retrieve/v1/processes/cems-glofas-reforecast/execution
invalid request
Request has not produced a valid combination of values, please check your selection.
{'system_version': ['version_2_2'], 'hydrological_model': ['htessel_lisflood'], 'product_type': ['control_reforecast'], 'variable': ['river_discharge_in_the_last_24_hours'], 'data_format': ['grib'], 'area': ['37.2443931', '-122.272464', '36.8443931', '-121.872464'], 'hyear': ['2021'], 'hmonth': ['01'], 'hday': ['04'], 'leadtime_hour': ['24']}",,local,repro/glofas_coverage_scan_runs/refine_20260216T025403Z/downloads/reforecast/P3__reforecast__version_2_2__htessel_lisflood__control_reforecast/2021-01-04.zip,"{""area"": [37.2443931, -122.272464, 36.8443931, -121.872464], ""data_format"": ""grib2"", ""download_format"": ""zip"", ""hday"": [""04""], ""hmonth"": [""01""], ""hydrological_model"": [""htessel_lisflood""], ""hyear"": [""2021""], ""leadtime_hour"": [""24""], ""product_type"": [""control_reforecast""], ""system_version"": [""version_2_2""], ""variable"": [""river_discharge_in_the_last_24_hours""]}"
2026-02-16T03:08:47Z,P3__reforecast__version_2_2__htessel_lisflood__control_reforecast,reforecast,P3,cems-glofas-reforecast,version_2_2,htessel_lisflood,control_reforecast,1999-01-04,error,0,invalid_request,"400 Client Error: Bad Request for url: https://ewds.climate.copernicus.eu/api/retrieve/v1/processes/cems-glofas-reforecast/execution
invalid request
Request has not produced a valid combination of values, please check your selection.
{'system_version': ['version_2_2'], 'hydrological_model': ['htessel_lisflood'], 'product_type': ['control_reforecast'], 'variable': ['river_discharge_in_the_last_24_hours'], 'data_format': ['grib'], 'area': ['37.2443931', '-122.272464', '36.8443931', '-121.872464'], 'hyear': ['1999'], 'hmonth': ['01'], 'hday': ['04'], 'leadtime_hour': ['24']}",,local,repro/glofas_coverage_scan_runs/refine_20260216T025403Z/downloads/reforecast/P3__reforecast__version_2_2__htessel_lisflood__control_reforecast/1999-01-04.zip,"{""area"": [37.2443931, -122.272464, 36.8443931, -121.872464], ""data_format"": ""grib2"", ""download_format"": ""zip"", ""hday"": [""04""], ""hmonth"": [""01""], ""hydrological_model"": [""htessel_lisflood""], ""hyear"": [""1999""], ""leadtime_hour"": [""24""], ""product_type"": [""control_reforecast""], ""system_version"": [""version_2_2""], ""variable"": [""river_discharge_in_the_last_24_hours""]}"
2026-02-16T03:08:49Z,P3__reforecast__version_2_2__htessel_lisflood__ensemble_perturbed_reforecast,reforecast,P3,cems-glofas-reforecast,version_2_2,htessel_lisflood,ensemble_perturbed_reforecast,2020-12-14,error,0,invalid_request,"400 Client Error: Bad Request for url: https://ewds.climate.copernicus.eu/api/retrieve/v1/processes/cems-glofas-reforecast/execution
invalid request
Request has not produced a valid combination of values, please check your selection.
{'system_version': ['version_2_2'], 'hydrological_model': ['htessel_lisflood'], 'product_type': ['ensemble_perturbed_reforecast'], 'variable': ['river_discharge_in_the_last_24_hours'], 'data_format': ['grib'], 'area': ['37.2443931', '-122.272464', '36.8443931', '-121.872464'], 'hyear': ['2020'], 'hmonth': ['12'], 'hday': ['14'], 'leadtime_hour': ['24']}",,local,repro/glofas_coverage_scan_runs/refine_20260216T025403Z/downloads/reforecast/P3__reforecast__version_2_2__htessel_lisflood__ensemble_perturbed_reforecast/2020-12-14.zip,"{""area"": [37.2443931, -122.272464, 36.8443931, -121.872464], ""data_format"": ""grib2"", ""download_format"": ""zip"", ""hday"": [""14""], ""hmonth"": [""12""], ""hydrological_model"": [""htessel_lisflood""], ""hyear"": [""2020""], ""leadtime_hour"": [""24""], ""product_type"": [""ensemble_perturbed_reforecast""], ""system_version"": [""version_2_2""], ""variable"": [""river_discharge_in_the_last_24_hours""]}"
2026-02-16T03:08:50Z,P3__reforecast__version_2_2__htessel_lisflood__ensemble_perturbed_reforecast,reforecast,P3,cems-glofas-reforecast,version_2_2,htessel_lisflood,ensemble_perturbed_reforecast,2021-01-04,error,0,invalid_request,"400 Client Error: Bad Request for url: https://ewds.climate.copernicus.eu/api/retrieve/v1/processes/cems-glofas-reforecast/execution
invalid request
Request has not produced a valid combination of values, please check your selection.
{'system_version': ['version_2_2'], 'hydrological_model': ['htessel_lisflood'], 'product_type': ['ensemble_perturbed_reforecast'], 'variable': ['river_discharge_in_the_last_24_hours'], 'data_format': ['grib'], 'area': ['37.2443931', '-122.272464', '36.8443931', '-121.872464'], 'hyear': ['2021'], 'hmonth': ['01'], 'hday': ['04'], 'leadtime_hour': ['24']}",,local,repro/glofas_coverage_scan_runs/refine_20260216T025403Z/downloads/reforecast/P3__reforecast__version_2_2__htessel_lisflood__ensemble_perturbed_reforecast/2021-01-04.zip,"{""area"": [37.2443931, -122.272464, 36.8443931, -121.872464], ""data_format"": ""grib2"", ""download_format"": ""zip"", ""hday"": [""04""], ""hmonth"": [""01""], ""hydrological_model"": [""htessel_lisflood""], ""hyear"": [""2021""], ""leadtime_hour"": [""24""], ""product_type"": [""ensemble_perturbed_reforecast""], ""system_version"": [""version_2_2""], ""variable"": [""river_discharge_in_the_last_24_hours""]}"
2026-02-16T03:08:52Z,P3__reforecast__version_2_2__htessel_lisflood__ensemble_perturbed_reforecast,reforecast,P3,cems-glofas-reforecast,version_2_2,htessel_lisflood,ensemble_perturbed_reforecast,1999-01-04,error,0,invalid_request,"400 Client Error: Bad Request for url: https://ewds.climate.copernicus.eu/api/retrieve/v1/processes/cems-glofas-reforecast/execution
invalid request
Request has not produced a valid combination of values, please check your selection.
{'system_version': ['version_2_2'], 'hydrological_model': ['htessel_lisflood'], 'product_type': ['ensemble_perturbed_reforecast'], 'variable': ['river_discharge_in_the_last_24_hours'], 'data_format': ['grib'], 'area': ['37.2443931', '-122.272464', '36.8443931', '-121.872464'], 'hyear': ['1999'], 'hmonth': ['01'], 'hday': ['04'], 'leadtime_hour': ['24']}",,local,repro/glofas_coverage_scan_runs/refine_20260216T025403Z/downloads/reforecast/P3__reforecast__version_2_2__htessel_lisflood__ensemble_perturbed_reforecast/1999-01-04.zip,"{""area"": [37.2443931, -122.272464, 36.8443931, -121.872464], ""data_format"": ""grib2"", ""download_format"": ""zip"", ""hday"": [""04""], ""hmonth"": [""01""], ""hydrological_model"": [""htessel_lisflood""], ""hyear"": [""1999""], ""leadtime_hour"": [""24""], ""product_type"": [""ensemble_perturbed_reforecast""], ""system_version"": [""version_2_2""], ""variable"": [""river_discharge_in_the_last_24_hours""]}"
2026-02-16T03:08:50Z,P3__reforecast__version_2_2__lisflood__control_reforecast,reforecast,P3,cems-glofas-reforecast,version_2_2,lisflood,control_reforecast,2020-12-14,error,0,invalid_request,"400 Client Error: Bad Request for url: https://ewds.climate.copernicus.eu/api/retrieve/v1/processes/cems-glofas-reforecast/execution
invalid request
Request has not produced a valid combination of values, please check your selection.
{'system_version': ['version_2_2'], 'hydrological_model': ['lisflood'], 'product_type': ['control_reforecast'], 'variable': ['river_discharge_in_the_last_24_hours'], 'data_format': ['grib'], 'area': ['37.2443931', '-122.272464', '36.8443931', '-121.872464'], 'hyear': ['2020'], 'hmonth': ['12'], 'hday': ['14'], 'leadtime_hour': ['24']}",,local,repro/glofas_coverage_scan_runs/refine_20260216T025403Z/downloads/reforecast/P3__reforecast__version_2_2__lisflood__control_reforecast/2020-12-14.zip,"{""area"": [37.2443931, -122.272464, 36.8443931, -121.872464], ""data_format"": ""grib2"", ""download_format"": ""zip"", ""hday"": [""14""], ""hmonth"": [""12""], ""hydrological_model"": [""lisflood""], ""hyear"": [""2020""], ""leadtime_hour"": [""24""], ""product_type"": [""control_reforecast""], ""system_version"": [""version_2_2""], ""variable"": [""river_discharge_in_the_last_24_hours""]}"
2026-02-16T03:08:53Z,P3__reforecast__version_2_2__lisflood__control_reforecast,reforecast,P3,cems-glofas-reforecast,version_2_2,lisflood,control_reforecast,2021-01-04,error,0,invalid_request,"400 Client Error: Bad Request for url: https://ewds.climate.copernicus.eu/api/retrieve/v1/processes/cems-glofas-reforecast/execution
invalid request
Request has not produced a valid combination of values, please check your selection.
{'system_version': ['version_2_2'], 'hydrological_model': ['lisflood'], 'product_type': ['control_reforecast'], 'variable': ['river_discharge_in_the_last_24_hours'], 'data_format': ['grib'], 'area': ['37.2443931', '-122.272464', '36.8443931', '-121.872464'], 'hyear': ['2021'], 'hmonth': ['01'], 'hday': ['04'], 'leadtime_hour': ['24']}",,local,repro/glofas_coverage_scan_runs/refine_20260216T025403Z/downloads/reforecast/P3__reforecast__version_2_2__lisflood__control_reforecast/2021-01-04.zip,"{""area"": [37.2443931, -122.272464, 36.8443931, -121.872464], ""data_format"": ""grib2"", ""download_format"": ""zip"", ""hday"": [""04""], ""hmonth"": [""01""], ""hydrological_model"": [""lisflood""], ""hyear"": [""2021""], ""leadtime_hour"": [""24""], ""product_type"": [""control_reforecast""], ""system_version"": [""version_2_2""], ""variable"": [""river_discharge_in_the_last_24_hours""]}"
2026-02-16T03:08:54Z,P3__reforecast__version_2_2__lisflood__control_reforecast,reforecast,P3,cems-glofas-reforecast,version_2_2,lisflood,control_reforecast,1999-01-04,error,0,invalid_request,"400 Client Error: Bad Request for url: https://ewds.climate.copernicus.eu/api/retrieve/v1/processes/cems-glofas-reforecast/execution
invalid request
Request has not produced a valid combination of values, please check your selection.
{'system_version': ['version_2_2'], 'hydrological_model': ['lisflood'], 'product_type': ['control_reforecast'], 'variable': ['river_discharge_in_the_last_24_hours'], 'data_format': ['grib'], 'area': ['37.2443931', '-122.272464', '36.8443931', '-121.872464'], 'hyear': ['1999'], 'hmonth': ['01'], 'hday': ['04'], 'leadtime_hour': ['24']}",,local,repro/glofas_coverage_scan_runs/refine_20260216T025403Z/downloads/reforecast/P3__reforecast__version_2_2__lisflood__control_reforecast/1999-01-04.zip,"{""area"": [37.2443931, -122.272464, 36.8443931, -121.872464], ""data_format"": ""grib2"", ""download_format"": ""zip"", ""hday"": [""04""], ""hmonth"": [""01""], ""hydrological_model"": [""lisflood""], ""hyear"": [""1999""], ""leadtime_hour"": [""24""], ""product_type"": [""control_reforecast""], ""system_version"": [""version_2_2""], ""variable"": [""river_discharge_in_the_last_24_hours""]}"
2026-02-16T03:08:53Z,P3__reforecast__version_2_2__lisflood__ensemble_perturbed_reforecast,reforecast,P3,cems-glofas-reforecast,version_2_2,lisflood,ensemble_perturbed_reforecast,2020-12-14,error,0,invalid_request,"400 Client Error: Bad Request for url: https://ewds.climate.copernicus.eu/api/retrieve/v1/processes/cems-glofas-reforecast/execution
invalid request
Request has not produced a valid combination of values, please check your selection.
{'system_version': ['version_2_2'], 'hydrological_model': ['lisflood'], 'product_type': ['ensemble_perturbed_reforecast'], 'variable': ['river_discharge_in_the_last_24_hours'], 'data_format': ['grib'], 'area': ['37.2443931', '-122.272464', '36.8443931', '-121.872464'], 'hyear': ['2020'], 'hmonth': ['12'], 'hday': ['14'], 'leadtime_hour': ['24']}",,local,repro/glofas_coverage_scan_runs/refine_20260216T025403Z/downloads/reforecast/P3__reforecast__version_2_2__lisflood__ensemble_perturbed_reforecast/2020-12-14.zip,"{""area"": [37.2443931, -122.272464, 36.8443931, -121.872464], ""data_format"": ""grib2"", ""download_format"": ""zip"", ""hday"": [""14""], ""hmonth"": [""12""], ""hydrological_model"": [""lisflood""], ""hyear"": [""2020""], ""leadtime_hour"": [""24""], ""product_type"": [""ensemble_perturbed_reforecast""], ""system_version"": [""version_2_2""], ""variable"": [""river_discharge_in_the_last_24_hours""]}"
2026-02-16T03:08:57Z,P3__reforecast__version_2_2__lisflood__ensemble_perturbed_reforecast,reforecast,P3,cems-glofas-reforecast,version_2_2,lisflood,ensemble_perturbed_reforecast,2021-01-04,error,0,invalid_request,"400 Client Error: Bad Request for url: https://ewds.climate.copernicus.eu/api/retrieve/v1/processes/cems-glofas-reforecast/execution
invalid request
Request has not produced a valid combination of values, please check your selection.
{'system_version': ['version_2_2'], 'hydrological_model': ['lisflood'], 'product_type': ['ensemble_perturbed_reforecast'], 'variable': ['river_discharge_in_the_last_24_hours'], 'data_format': ['grib'], 'area': ['37.2443931', '-122.272464', '36.8443931', '-121.872464'], 'hyear': ['2021'], 'hmonth': ['01'], 'hday': ['04'], 'leadtime_hour': ['24']}",,local,repro/glofas_coverage_scan_runs/refine_20260216T025403Z/downloads/reforecast/P3__reforecast__version_2_2__lisflood__ensemble_perturbed_reforecast/2021-01-04.zip,"{""area"": [37.2443931, -122.272464, 36.8443931, -121.872464], ""data_format"": ""grib2"", ""download_format"": ""zip"", ""hday"": [""04""], ""hmonth"": [""01""], ""hydrological_model"": [""lisflood""], ""hyear"": [""2021""], ""leadtime_hour"": [""24""], ""product_type"": [""ensemble_perturbed_reforecast""], ""system_version"": [""version_2_2""], ""variable"": [""river_discharge_in_the_last_24_hours""]}"
2026-02-16T03:08:58Z,P3__reforecast__version_2_2__lisflood__ensemble_perturbed_reforecast,reforecast,P3,cems-glofas-reforecast,version_2_2,lisflood,ensemble_perturbed_reforecast,1999-01-04,error,0,invalid_request,"400 Client Error: Bad Request for url: https://ewds.climate.copernicus.eu/api/retrieve/v1/processes/cems-glofas-reforecast/execution
invalid request
Request has not produced a valid combination of values, please check your selection.
{'system_version': ['version_2_2'], 'hydrological_model': ['lisflood'], 'product_type': ['ensemble_perturbed_reforecast'], 'variable': ['river_discharge_in_the_last_24_hours'], 'data_format': ['grib'], 'area': ['37.2443931', '-122.272464', '36.8443931', '-121.872464'], 'hyear': ['1999'], 'hmonth': ['01'], 'hday': ['04'], 'leadtime_hour': ['24']}",,local,repro/glofas_coverage_scan_runs/refine_20260216T025403Z/downloads/reforecast/P3__reforecast__version_2_2__lisflood__ensemble_perturbed_reforecast/1999-01-04.zip,"{""area"": [37.2443931, -122.272464, 36.8443931, -121.872464], ""data_format"": ""grib2"", ""download_format"": ""zip"", ""hday"": [""04""], ""hmonth"": [""01""], ""hydrological_model"": [""lisflood""], ""hyear"": [""1999""], ""leadtime_hour"": [""24""], ""product_type"": [""ensemble_perturbed_reforecast""], ""system_version"": [""version_2_2""], ""variable"": [""river_discharge_in_the_last_24_hours""]}"
