timestamp_utc,combo_id,lane,priority,dataset,system_version,hydrological_model,product_type,probe_date,status,ok,error_class,error_message,bytes,source,output_path,request_json
2026-02-16T07:26:03Z,P1__historical__version_3_1__htessel_lisflood__intermediate,historical,P1,cems-glofas-historical,version_3_1,htessel_lisflood,intermediate,2021-02-08,error,0,invalid_request,"400 Client Error: Bad Request for url: https://ewds.climate.copernicus.eu/api/retrieve/v1/processes/cems-glofas-historical/execution
invalid request
Request has not produced a valid combination of values, please check your selection.
{'system_version': ['version_3_1'], 'hydrological_model': ['htessel_lisflood'], 'product_type': ['intermediate'], 'variable': ['river_discharge_in_the_last_24_hours'], 'data_format': ['grib'], 'area': ['37.2443931', '-122.272464', '36.8443931', '-121.872464'], 'hyear': ['2021'], 'hmonth': ['02'], 'hday': ['08']}",,local,repro/glofas_coverage_scan_runs/refine_20260216T072601Z/downloads/historical/P1__historical__version_3_1__htessel_lisflood__intermediate/2021-02-08.zip,"{""area"": [37.2443931, -122.272464, 36.8443931, -121.872464], ""data_format"": ""grib2"", ""download_format"": ""zip"", ""hday"": [""08""], ""hmonth"": [""02""], ""hydrological_model"": [""htessel_lisflood""], ""hyear"": [""2021""], ""product_type"": [""intermediate""], ""system_version"": [""version_3_1""], ""variable"": [""river_discharge_in_the_last_24_hours""]}"
2026-02-16T07:26:04Z,P1__historical__version_3_1__htessel_lisflood__intermediate,historical,P1,cems-glofas-historical,version_3_1,htessel_lisflood,intermediate,2021-06-15,error,0,invalid_request,"400 Client Error: Bad Request for url: https://ewds.climate.copernicus.eu/api/retrieve/v1/processes/cems-glofas-historical/execution
invalid request
Request has not produced a valid combination of values, please check your selection.
{'system_version': ['version_3_1'], 'hydrological_model': ['htessel_lisflood'], 'product_type': ['intermediate'], 'variable': ['river_discharge_in_the_last_24_hours'], 'data_format': ['grib'], 'area': ['37.2443931', '-122.272464', '36.8443931', '-121.872464'], 'hyear': ['2021'], 'hmonth': ['06'], 'hday': ['15']}",,local,repro/glofas_coverage_scan_runs/refine_20260216T072601Z/downloads/historical/P1__historical__version_3_1__htessel_lisflood__intermediate/2021-06-15.zip,"{""area"": [37.2443931, -122.272464, 36.8443931, -121.872464], ""data_format"": ""grib2"", ""download_format"": ""zip"", ""hday"": [""15""], ""hmonth"": [""06""], ""hydrological_model"": [""htessel_lisflood""], ""hyear"": [""2021""], ""product_type"": [""intermediate""], ""system_version"": [""version_3_1""], ""variable"": [""river_discharge_in_the_last_24_hours""]}"
2026-02-16T07:26:05Z,P1__historical__version_3_1__htessel_lisflood__intermediate,historical,P1,cems-glofas-historical,version_3_1,htessel_lisflood,intermediate,1979-01-01,error,0,invalid_request,"400 Client Error: Bad Request for url: https://ewds.climate.copernicus.eu/api/retrieve/v1/processes/cems-glofas-historical/execution
invalid request
Request has not produced a valid combination of values, please check your selection.
{'system_version': ['version_3_1'], 'hydrological_model': ['htessel_lisflood'], 'product_type': ['intermediate'], 'variable': ['river_discharge_in_the_last_24_hours'], 'data_format': ['grib'], 'area': ['37.2443931', '-122.272464', '36.8443931', '-121.872464'], 'hyear': ['1979'], 'hmonth': ['01'], 'hday': ['01']}",,local,repro/glofas_coverage_scan_runs/refine_20260216T072601Z/downloads/historical/P1__historical__version_3_1__htessel_lisflood__intermediate/1979-01-01.zip,"{""area"": [37.2443931, -122.272464, 36.8443931, -121.872464], ""data_format"": ""grib2"", ""download_format"": ""zip"", ""hday"": [""01""], ""hmonth"": [""01""], ""hydrological_model"": [""htessel_lisflood""], ""hyear"": [""1979""], ""product_type"": [""intermediate""], ""system_version"": [""version_3_1""], ""variable"": [""river_discharge_in_the_last_24_hours""]}"
2026-02-16T07:26:03Z,P1__historical__version_3_1__htessel_lisflood__consolidated,historical,P1,cems-glofas-historical,version_3_1,htessel_lisflood,consolidated,2021-02-08,error,0,invalid_request,"400 Client Error: Bad Request for url: https://ewds.climate.copernicus.eu/api/retrieve/v1/processes/cems-glofas-historical/execution
invalid request
Request has not produced a valid combination of values, please check your selection.
{'system_version': ['version_3_1'], 'hydrological_model': ['htessel_lisflood'], 'product_type': ['consolidated'], 'variable': ['river_discharge_in_the_last_24_hours'], 'data_format': ['grib'], 'area': ['37.2443931', '-122.272464', '36.8443931', '-121.872464'], 'hyear': ['2021'], 'hmonth': ['02'], 'hday': ['08']}",,local,repro/glofas_coverage_scan_runs/refine_20260216T072601Z/downloads/historical/P1__historical__version_3_1__htessel_lisflood__consolidated/2021-02-08.zip,"{""area"": [37.2443931, -122.272464, 36.8443931, -121.872464], ""data_format"": ""grib2"", ""download_format"": ""zip"", ""hday"": [""08""], ""hmonth"": [""02""], ""hydrological_model"": [""htessel_lisflood""], ""hyear"": [""2021""], ""product_type"": [""consolidated""], ""system_version"": [""version_3_1""], ""variable"": [""river_discharge_in_the_last_24_hours""]}"
2026-02-16T07:26:04Z,P1__historical__version_3_1__htessel_lisflood__consolidated,historical,P1,cems-glofas-historical,version_3_1,htessel_lisflood,consolidated,2021-06-15,error,0,invalid_request,"400 Client Error: Bad Request for url: https://ewds.climate.copernicus.eu/api/retrieve/v1/processes/cems-glofas-historical/execution
invalid request
Request has not produced a valid combination of values, please check your selection.
{'system_version': ['version_3_1'], 'hydrological_model': ['htessel_lisflood'], 'product_type': ['consolidated'], 'variable': ['river_discharge_in_the_last_24_hours'], 'data_format': ['grib'], 'area': ['37.2443931', '-122.272464', '36.8443931', '-121.872464'], 'hyear': ['2021'], 'hmonth': ['06'], 'hday': ['15']}",,local,repro/glofas_coverage_scan_runs/refine_20260216T072601Z/downloads/historical/P1__historical__version_3_1__htessel_lisflood__consolidated/2021-06-15.zip,"{""area"": [37.2443931, -122.272464, 36.8443931, -121.872464], ""data_format"": ""grib2"", ""download_format"": ""zip"", ""hday"": [""15""], ""hmonth"": [""06""], ""hydrological_model"": [""htessel_lisflood""], ""hyear"": [""2021""], ""product_type"": [""consolidated""], ""system_version"": [""version_3_1""], ""variable"": [""river_discharge_in_the_last_24_hours""]}"
2026-02-16T07:26:05Z,P1__historical__version_3_1__htessel_lisflood__consolidated,historical,P1,cems-glofas-historical,version_3_1,htessel_lisflood,consolidated,1979-01-01,error,0,invalid_request,"400 Client Error: Bad Request for url: https://ewds.climate.copernicus.eu/api/retrieve/v1/processes/cems-glofas-historical/execution
invalid request
Request has not produced a valid combination of values, please check your selection.
{'system_version': ['version_3_1'], 'hydrological_model': ['htessel_lisflood'], 'product_type': ['consolidated'], 'variable': ['river_discharge_in_the_last_24_hours'], 'data_format': ['grib'], 'area': ['37.2443931', '-122.272464', '36.8443931', '-121.872464'], 'hyear': ['1979'], 'hmonth': ['01'], 'hday': ['01']}",,local,repro/glofas_coverage_scan_runs/refine_20260216T072601Z/downloads/historical/P1__historical__version_3_1__htessel_lisflood__consolidated/1979-01-01.zip,"{""area"": [37.2443931, -122.272464, 36.8443931, -121.872464], ""data_format"": ""grib2"", ""download_format"": ""zip"", ""hday"": [""01""], ""hmonth"": [""01""], ""hydrological_model"": [""htessel_lisflood""], ""hyear"": [""1979""], ""product_type"": [""consolidated""], ""system_version"": [""version_3_1""], ""variable"": [""river_discharge_in_the_last_24_hours""]}"
2026-02-16T07:26:33Z,P1__historical__version_3_1__lisflood__intermediate,historical,P1,cems-glofas-historical,version_3_1,lisflood,intermediate,2021-06-15,ok,1,,,291,local,repro/glofas_coverage_scan_runs/refine_20260216T072601Z/downloads/historical/P1__historical__version_3_1__lisflood__intermediate/2021-06-15.zip,"{""area"": [37.2443931, -122.272464, 36.8443931, -121.872464], ""data_format"": ""grib2"", ""download_format"": ""zip"", ""hday"": [""15""], ""hmonth"": [""06""], ""hydrological_model"": [""lisflood""], ""hyear"": [""2021""], ""product_type"": [""intermediate""], ""system_version"": [""version_3_1""], ""variable"": [""river_discharge_in_the_last_24_hours""]}"
2026-02-16T07:26:55Z,P1__historical__version_3_1__lisflood__intermediate,historical,P1,cems-glofas-historical,version_3_1,lisflood,intermediate,2021-06-14,ok,1,,,286,local,repro/glofas_coverage_scan_runs/refine_20260216T072601Z/downloads/historical/P1__historical__version_3_1__lisflood__intermediate/2021-06-14.zip,"{""area"": [37.2443931, -122.272464, 36.8443931, -121.872464], ""data_format"": ""grib2"", ""download_format"": ""zip"", ""hday"": [""14""], ""hmonth"": [""06""], ""hydrological_model"": [""lisflood""], ""hyear"": [""2021""], ""product_type"": [""intermediate""], ""system_version"": [""version_3_1""], ""variable"": [""river_discharge_in_the_last_24_hours""]}"
2026-02-16T07:27:13Z,P1__historical__version_3_1__lisflood__intermediate,historical,P1,cems-glofas-historical,version_3_1,lisflood,intermediate,2021-06-12,ok,1,,,289,local,repro/glofas_coverage_scan_runs/refine_20260216T072601Z/downloads/historical/P1__historical__version_3_1__lisflood__intermediate/2021-06-12.zip,"{""area"": [37.2443931, -122.272464, 36.8443931, -121.872464], ""data_format"": ""grib2"", ""download_format"": ""zip"", ""hday"": [""12""], ""hmonth"": [""06""], ""hydrological_model"": [""lisflood""], ""hyear"": [""2021""], ""product_type"": [""intermediate""], ""system_version"": [""version_3_1""], ""variable"": [""river_discharge_in_the_last_24_hours""]}"
2026-02-16T07:27:35Z,P1__historical__version_3_1__lisflood__intermediate,historical,P1,cems-glofas-historical,version_3_1,lisflood,intermediate,2021-06-08,ok,1,,,288,local,repro/glofas_coverage_scan_runs/refine_20260216T072601Z/downloads/historical/P1__historical__version_3_1__lisflood__intermediate/2021-06-08.zip,"{""area"": [37.2443931, -122.272464, 36.8443931, -121.872464], ""data_format"": ""grib2"", ""download_format"": ""zip"", ""hday"": [""08""], ""hmonth"": [""06""], ""hydrological_model"": [""lisflood""], ""hyear"": [""2021""], ""product_type"": [""intermediate""], ""system_version"": [""version_3_1""], ""variable"": [""river_discharge_in_the_last_24_hours""]}"
2026-02-16T07:27:57Z,P1__historical__version_3_1__lisflood__intermediate,historical,P1,cems-glofas-historical,version_3_1,lisflood,intermediate,2021-05-31,ok,1,,,286,local,repro/glofas_coverage_scan_runs/refine_20260216T072601Z/downloads/historical/P1__historical__version_3_1__lisflood__intermediate/2021-05-31.zip,"{""area"": [37.2443931, -122.272464, 36.8443931, -121.872464], ""data_format"": ""grib2"", ""download_format"": ""zip"", ""hday"": [""31""], ""hmonth"": [""05""], ""hydrological_model"": [""lisflood""], ""hyear"": [""2021""], ""product_type"": [""intermediate""], ""system_version"": [""version_3_1""], ""variable"": [""river_discharge_in_the_last_24_hours""]}"
2026-02-16T07:28:20Z,P1__historical__version_3_1__lisflood__intermediate,historical,P1,cems-glofas-historical,version_3_1,lisflood,intermediate,2021-05-15,ok,1,,,290,local,repro/glofas_coverage_scan_runs/refine_20260216T072601Z/downloads/historical/P1__historical__version_3_1__lisflood__intermediate/2021-05-15.zip,"{""area"": [37.2443931, -122.272464, 36.8443931, -121.872464], ""data_format"": ""grib2"", ""download_format"": ""zip"", ""hday"": [""15""], ""hmonth"": [""05""], ""hydrological_model"": [""lisflood""], ""hyear"": [""2021""], ""product_type"": [""intermediate""], ""system_version"": [""version_3_1""], ""variable"": [""river_discharge_in_the_last_24_hours""]}"
2026-02-16T07:28:37Z,P1__historical__version_3_1__lisflood__intermediate,historical,P1,cems-glofas-historical,version_3_1,lisflood,intermediate,2021-04-13,ok,1,,,292,local,repro/glofas_coverage_scan_runs/refine_20260216T072601Z/downloads/historical/P1__historical__version_3_1__lisflood__intermediate/2021-04-13.zip,"{""area"": [37.2443931, -122.272464, 36.8443931, -121.872464], ""data_format"": ""grib2"", ""download_format"": ""zip"", ""hday"": [""13""], ""hmonth"": [""04""], ""hydrological_model"": [""lisflood""], ""hyear"": [""2021""], ""product_type"": [""intermediate""], ""system_version"": [""version_3_1""], ""variable"": [""river_discharge_in_the_last_24_hours""]}"
2026-02-16T07:28:54Z,P1__historical__version_3_1__lisflood__intermediate,historical,P1,cems-glofas-historical,version_3_1,lisflood,intermediate,2021-02-08,ok,1,,,297,local,repro/glofas_coverage_scan_runs/refine_20260216T072601Z/downloads/historical/P1__historical__version_3_1__lisflood__intermediate/2021-02-08.zip,"{""area"": [37.2443931, -122.272464, 36.8443931, -121.872464], ""data_format"": ""grib2"", ""download_format"": ""zip"", ""hday"": [""08""], ""hmonth"": [""02""], ""hydrological_model"": [""lisflood""], ""hyear"": [""2021""], ""product_type"": [""intermediate""], ""system_version"": [""version_3_1""], ""variable"": [""river_discharge_in_the_last_24_hours""]}"
2026-02-16T07:28:55Z,P1__historical__version_3_1__lisflood__intermediate,historical,P1,cems-glofas-historical,version_3_1,lisflood,intermediate,2020-10-03,error,0,invalid_request,"400 Client Error: Bad Request for url: https://ewds.climate.copernicus.eu/api/retrieve/v1/processes/cems-glofas-historical/execution
invalid request
Request has not produced a valid combination of values, please check your selection.
{'system_version': ['version_3_1'], 'hydrological_model': ['lisflood'], 'product_type': ['intermediate'], 'variable': ['river_discharge_in_the_last_24_hours'], 'data_format': ['grib'], 'area': ['37.2443931', '-122.272464', '36.8443931', '-121.872464'], 'hyear': ['2020'], 'hmonth': ['10'], 'hday': ['03']}",,local,repro/glofas_coverage_scan_runs/refine_20260216T072601Z/downloads/historical/P1__historical__version_3_1__lisflood__intermediate/2020-10-03.zip,"{""area"": [37.2443931, -122.272464, 36.8443931, -121.872464], ""data_format"": ""grib2"", ""download_format"": ""zip"", ""hday"": [""03""], ""hmonth"": [""10""], ""hydrological_model"": [""lisflood""], ""hyear"": [""2020""], ""product_type"": [""intermediate""], ""system_version"": [""version_3_1""], ""variable"": [""river_discharge_in_the_last_24_hours""]}"
2026-02-16T07:29:17Z,P1__historical__version_3_1__lisflood__intermediate,historical,P1,cems-glofas-historical,version_3_1,lisflood,intermediate,2021-06-16,ok,1,,,287,local,repro/glofas_coverage_scan_runs/refine_20260216T072601Z/downloads/historical/P1__historical__version_3_1__lisflood__intermediate/2021-06-16.zip,"{""area"": [37.2443931, -122.272464, 36.8443931, -121.872464], ""data_format"": ""grib2"", ""download_format"": ""zip"", ""hday"": [""16""], ""hmonth"": [""06""], ""hydrological_model"": [""lisflood""], ""hyear"": [""2021""], ""product_type"": [""intermediate""], ""system_version"": [""version_3_1""], ""variable"": [""river_discharge_in_the_last_24_hours""]}"
2026-02-16T07:29:35Z,P1__historical__version_3_1__lisflood__intermediate,historical,P1,cems-glofas-historical,version_3_1,lisflood,intermediate,2021-06-18,ok,1,,,288,local,repro/glofas_coverage_scan_runs/refine_20260216T072601Z/downloads/historical/P1__historical__version_3_1__lisflood__intermediate/2021-06-18.zip,"{""area"": [37.2443931, -122.272464, 36.8443931, -121.872464], ""data_format"": ""grib2"", ""download_format"": ""zip"", ""hday"": [""18""], ""hmonth"": [""06""], ""hydrological_model"": [""lisflood""], ""hyear"": [""2021""], ""product_type"": [""intermediate""], ""system_version"": [""version_3_1""], ""variable"": [""river_discharge_in_the_last_24_hours""]}"
2026-02-16T07:29:57Z,P1__historical__version_3_1__lisflood__intermediate,historical,P1,cems-glofas-historical,version_3_1,lisflood,intermediate,2021-06-22,ok,1,,,288,local,repro/glofas_coverage_scan_runs/refine_20260216T072601Z/downloads/historical/P1__historical__version_3_1__lisflood__intermediate/2021-06-22.zip,"{""area"": [37.2443931, -122.272464, 36.8443931, -121.872464], ""data_format"": ""grib2"", ""download_format"": ""zip"", ""hday"": [""22""], ""hmonth"": [""06""], ""hydrological_model"": [""lisflood""], ""hyear"": [""2021""], ""product_type"": [""intermediate""], ""system_version"": [""version_3_1""], ""variable"": [""river_discharge_in_the_last_24_hours""]}"
2026-02-16T07:30:20Z,P1__historical__version_3_1__lisflood__intermediate,historical,P1,cems-glofas-historical,version_3_1,lisflood,intermediate,2021-06-30,ok,1,,,289,local,repro/glofas_coverage_scan_runs/refine_20260216T072601Z/downloads/historical/P1__historical__version_3_1__lisflood__intermediate/2021-06-30.zip,"{""area"": [37.2443931, -122.272464, 36.8443931, -121.872464], ""data_format"": ""grib2"", ""download_format"": ""zip"", ""hday"": [""30""], ""hmonth"": [""06""], ""hydrological_model"": [""lisflood""], ""hyear"": [""2021""], ""product_type"": [""intermediate""], ""system_version"": [""version_3_1""], ""variable"": [""river_discharge_in_the_last_24_hours""]}"
2026-02-16T07:30:47Z,P1__historical__version_3_1__lisflood__intermediate,historical,P1,cems-glofas-historical,version_3_1,lisflood,intermediate,2021-07-16,ok,1,,,282,local,repro/glofas_coverage_scan_runs/refine_20260216T072601Z/downloads/historical/P1__historical__version_3_1__lisflood__intermediate/2021-07-16.zip,"{""area"": [37.2443931, -122.272464, 36.8443931, -121.872464], ""data_format"": ""grib2"", ""download_format"": ""zip"", ""hday"": [""16""], ""hmonth"": [""07""], ""hydrological_model"": [""lisflood""], ""hyear"": [""2021""], ""product_type"": [""intermediate""], ""system_version"": [""version_3_1""], ""variable"": [""river_discharge_in_the_last_24_hours""]}"
2026-02-16T07:31:05Z,P1__historical__version_3_1__lisflood__intermediate,historical,P1,cems-glofas-historical,version_3_1,lisflood,intermediate,2021-08-17,ok,1,,,267,local,repro/glofas_coverage_scan_runs/refine_20260216T072601Z/downloads/historical/P1__historical__version_3_1__lisflood__intermediate/2021-08-17.zip,"{""area"": [37.2443931, -122.272464, 36.8443931, -121.872464], ""data_format"": ""grib2"", ""download_format"": ""zip"", ""hday"": [""17""], ""hmonth"": [""08""], ""hydrological_model"": [""lisflood""], ""hyear"": [""2021""], ""product_type"": [""intermediate""], ""system_version"": [""version_3_1""], ""variable"": [""river_discharge_in_the_last_24_hours""]}"
2026-02-16T07:31:27Z,P1__historical__version_3_1__lisflood__intermediate,historical,P1,cems-glofas-historical,version_3_1,lisflood,intermediate,2021-10-20,ok,1,,,293,local,repro/glofas_coverage_scan_runs/refine_20260216T072601Z/downloads/historical/P1__historical__version_3_1__lisflood__intermediate/2021-10-20.zip,"{""area"": [37.2443931, -122.272464, 36.8443931, -121.872464], ""data_format"": ""grib2"", ""download_format"": ""zip"", ""hday"": [""20""], ""hmonth"": [""10""], ""hydrological_model"": [""lisflood""], ""hyear"": [""2021""], ""product_type"": [""intermediate""], ""system_version"": [""version_3_1""], ""variable"": [""river_discharge_in_the_last_24_hours""]}"
2026-02-16T07:31:49Z,P1__historical__version_3_1__lisflood__intermediate,historical,P1,cems-glofas-historical,version_3_1,lisflood,intermediate,2022-02-25,ok,1,,,289,local,repro/glofas_coverage_scan_runs/refine_20260216T072601Z/downloads/historical/P1__historical__version_3_1__lisflood__intermediate/2022-02-25.zip,"{""area"": [37.2443931, -122.272464, 36.8443931, -121.872464], ""data_format"": ""grib2"", ""download_format"": ""zip"", ""hday"": [""25""], ""hmonth"": [""02""], ""hydrological_model"": [""lisflood""], ""hyear"": [""2022""], ""product_type"": [""intermediate""], ""system_version"": [""version_3_1""], ""variable"": [""river_discharge_in_the_last_24_hours""]}"
2026-02-16T07:32:01Z,P1__historical__version_3_1__lisflood__intermediate,historical,P1,cems-glofas-historical,version_3_1,lisflood,intermediate,2022-11-08,ok,1,,,298,local,repro/glofas_coverage_scan_runs/refine_20260216T072601Z/downloads/historical/P1__historical__version_3_1__lisflood__intermediate/2022-11-08.zip,"{""area"": [37.2443931, -122.272464, 36.8443931, -121.872464], ""data_format"": ""grib2"", ""download_format"": ""zip"", ""hday"": [""08""], ""hmonth"": [""11""], ""hydrological_model"": [""lisflood""], ""hyear"": [""2022""], ""product_type"": [""intermediate""], ""system_version"": [""version_3_1""], ""variable"": [""river_discharge_in_the_last_24_hours""]}"
2026-02-16T07:33:11Z,P1__historical__version_3_1__lisflood__intermediate,historical,P1,cems-glofas-historical,version_3_1,lisflood,intermediate,2024-04-03,ok,1,,,299,local,repro/glofas_coverage_scan_runs/refine_20260216T072601Z/downloads/historical/P1__historical__version_3_1__lisflood__intermediate/2024-04-03.zip,"{""area"": [37.2443931, -122.272464, 36.8443931, -121.872464], ""data_format"": ""grib2"", ""download_format"": ""zip"", ""hday"": [""03""], ""hmonth"": [""04""], ""hydrological_model"": [""lisflood""], ""hyear"": [""2024""], ""product_type"": [""intermediate""], ""system_version"": [""version_3_1""], ""variable"": [""river_discharge_in_the_last_24_hours""]}"
2026-02-16T07:33:12Z,P1__historical__version_3_1__lisflood__intermediate,historical,P1,cems-glofas-historical,version_3_1,lisflood,intermediate,2026-02-15,error,0,invalid_request,"400 Client Error: Bad Request for url: https://ewds.climate.copernicus.eu/api/retrieve/v1/processes/cems-glofas-historical/execution
invalid request
Request has not produced a valid combination of values, please check your selection.
{'system_version': ['version_3_1'], 'hydrological_model': ['lisflood'], 'product_type': ['intermediate'], 'variable': ['river_discharge_in_the_last_24_hours'], 'data_format': ['grib'], 'area': ['37.2443931', '-122.272464', '36.8443931', '-121.872464'], 'hyear': ['2026'], 'hmonth': ['02'], 'hday': ['15']}",,local,repro/glofas_coverage_scan_runs/refine_20260216T072601Z/downloads/historical/P1__historical__version_3_1__lisflood__intermediate/2026-02-15.zip,"{""area"": [37.2443931, -122.272464, 36.8443931, -121.872464], ""data_format"": ""grib2"", ""download_format"": ""zip"", ""hday"": [""15""], ""hmonth"": [""02""], ""hydrological_model"": [""lisflood""], ""hyear"": [""2026""], ""product_type"": [""intermediate""], ""system_version"": [""version_3_1""], ""variable"": [""river_discharge_in_the_last_24_hours""]}"
2026-02-16T07:33:13Z,P1__historical__version_3_1__lisflood__intermediate,historical,P1,cems-glofas-historical,version_3_1,lisflood,intermediate,2020-12-06,error,0,invalid_request,"400 Client Error: Bad Request for url: https://ewds.climate.copernicus.eu/api/retrieve/v1/processes/cems-glofas-historical/execution
invalid request
Request has not produced a valid combination of values, please check your selection.
{'system_version': ['version_3_1'], 'hydrological_model': ['lisflood'], 'product_type': ['intermediate'], 'variable': ['river_discharge_in_the_last_24_hours'], 'data_format': ['grib'], 'area': ['37.2443931', '-122.272464', '36.8443931', '-121.872464'], 'hyear': ['2020'], 'hmonth': ['12'], 'hday': ['06']}",,local,repro/glofas_coverage_scan_runs/refine_20260216T072601Z/downloads/historical/P1__historical__version_3_1__lisflood__intermediate/2020-12-06.zip,"{""area"": [37.2443931, -122.272464, 36.8443931, -121.872464], ""data_format"": ""grib2"", ""download_format"": ""zip"", ""hday"": [""06""], ""hmonth"": [""12""], ""hydrological_model"": [""lisflood""], ""hyear"": [""2020""], ""product_type"": [""intermediate""], ""system_version"": [""version_3_1""], ""variable"": [""river_discharge_in_the_last_24_hours""]}"
2026-02-16T07:33:35Z,P1__historical__version_3_1__lisflood__intermediate,historical,P1,cems-glofas-historical,version_3_1,lisflood,intermediate,2021-01-07,ok,1,,,291,local,repro/glofas_coverage_scan_runs/refine_20260216T072601Z/downloads/historical/P1__historical__version_3_1__lisflood__intermediate/2021-01-07.zip,"{""area"": [37.2443931, -122.272464, 36.8443931, -121.872464], ""data_format"": ""grib2"", ""download_format"": ""zip"", ""hday"": [""07""], ""hmonth"": [""01""], ""hydrological_model"": [""lisflood""], ""hyear"": [""2021""], ""product_type"": [""intermediate""], ""system_version"": [""version_3_1""], ""variable"": [""river_discharge_in_the_last_24_hours""]}"
2026-02-16T07:33:37Z,P1__historical__version_3_1__lisflood__intermediate,historical,P1,cems-glofas-historical,version_3_1,lisflood,intermediate,2020-12-22,error,0,invalid_request,"400 Client Error: Bad Request for url: https://ewds.climate.copernicus.eu/api/retrieve/v1/processes/cems-glofas-historical/execution
invalid request
Request has not produced a valid combination of values, please check your selection.
{'system_version': ['version_3_1'], 'hydrological_model': ['lisflood'], 'product_type': ['intermediate'], 'variable': ['river_discharge_in_the_last_24_hours'], 'data_format': ['grib'], 'area': ['37.2443931', '-122.272464', '36.8443931', '-121.872464'], 'hyear': ['2020'], 'hmonth': ['12'], 'hday': ['22']}",,local,repro/glofas_coverage_scan_runs/refine_20260216T072601Z/downloads/historical/P1__historical__version_3_1__lisflood__intermediate/2020-12-22.zip,"{""area"": [37.2443931, -122.272464, 36.8443931, -121.872464], ""data_format"": ""grib2"", ""download_format"": ""zip"", ""hday"": [""22""], ""hmonth"": [""12""], ""hydrological_model"": [""lisflood""], ""hyear"": [""2020""], ""product_type"": [""intermediate""], ""system_version"": [""version_3_1""], ""variable"": [""river_discharge_in_the_last_24_hours""]}"
2026-02-16T07:33:38Z,P1__historical__version_3_1__lisflood__intermediate,historical,P1,cems-glofas-historical,version_3_1,lisflood,intermediate,2020-12-30,error,0,invalid_request,"400 Client Error: Bad Request for url: https://ewds.climate.copernicus.eu/api/retrieve/v1/processes/cems-glofas-historical/execution
invalid request
Request has not produced a valid combination of values, please check your selection.
{'system_version': ['version_3_1'], 'hydrological_model': ['lisflood'], 'product_type': ['intermediate'], 'variable': ['river_discharge_in_the_last_24_hours'], 'data_format': ['grib'], 'area': ['37.2443931', '-122.272464', '36.8443931', '-121.872464'], 'hyear': ['2020'], 'hmonth': ['12'], 'hday': ['30']}",,local,repro/glofas_coverage_scan_runs/refine_20260216T072601Z/downloads/historical/P1__historical__version_3_1__lisflood__intermediate/2020-12-30.zip,"{""area"": [37.2443931, -122.272464, 36.8443931, -121.872464], ""data_format"": ""grib2"", ""download_format"": ""zip"", ""hday"": [""30""], ""hmonth"": [""12""], ""hydrological_model"": [""lisflood""], ""hyear"": [""2020""], ""product_type"": [""intermediate""], ""system_version"": [""version_3_1""], ""variable"": [""river_discharge_in_the_last_24_hours""]}"
2026-02-16T07:33:55Z,P1__historical__version_3_1__lisflood__intermediate,historical,P1,cems-glofas-historical,version_3_1,lisflood,intermediate,2021-01-03,ok,1,,,295,local,repro/glofas_coverage_scan_runs/refine_20260216T072601Z/downloads/historical/P1__historical__version_3_1__lisflood__intermediate/2021-01-03.zip,"{""area"": [37.2443931, -122.272464, 36.8443931, -121.872464], ""data_format"": ""grib2"", ""download_format"": ""zip"", ""hday"": [""03""], ""hmonth"": [""01""], ""hydrological_model"": [""lisflood""], ""hyear"": [""2021""], ""product_type"": [""intermediate""], ""system_version"": [""version_3_1""], ""variable"": [""river_discharge_in_the_last_24_hours""]}"
2026-02-16T07:34:11Z,P1__historical__version_3_1__lisflood__intermediate,historical,P1,cems-glofas-historical,version_3_1,lisflood,intermediate,2021-01-01,ok,1,,,292,local,repro/glofas_coverage_scan_runs/refine_20260216T072601Z/downloads/historical/P1__historical__version_3_1__lisflood__intermediate/2021-01-01.zip,"{""area"": [37.2443931, -122.272464, 36.8443931, -121.872464], ""data_format"": ""grib2"", ""download_format"": ""zip"", ""hday"": [""01""], ""hmonth"": [""01""], ""hydrological_model"": [""lisflood""], ""hyear"": [""2021""], ""product_type"": [""intermediate""], ""system_version"": [""version_3_1""], ""variable"": [""river_discharge_in_the_last_24_hours""]}"
2026-02-16T07:34:13Z,P1__historical__version_3_1__lisflood__intermediate,historical,P1,cems-glofas-historical,version_3_1,lisflood,intermediate,2020-12-31,error,0,invalid_request,"400 Client Error: Bad Request for url: https://ewds.climate.copernicus.eu/api/retrieve/v1/processes/cems-glofas-historical/execution
invalid request
Request has not produced a valid combination of values, please check your selection.
{'system_version': ['version_3_1'], 'hydrological_model': ['lisflood'], 'product_type': ['intermediate'], 'variable': ['river_discharge_in_the_last_24_hours'], 'data_format': ['grib'], 'area': ['37.2443931', '-122.272464', '36.8443931', '-121.872464'], 'hyear': ['2020'], 'hmonth': ['12'], 'hday': ['31']}",,local,repro/glofas_coverage_scan_runs/refine_20260216T072601Z/downloads/historical/P1__historical__version_3_1__lisflood__intermediate/2020-12-31.zip,"{""area"": [37.2443931, -122.272464, 36.8443931, -121.872464], ""data_format"": ""grib2"", ""download_format"": ""zip"", ""hday"": [""31""], ""hmonth"": [""12""], ""hydrological_model"": [""lisflood""], ""hyear"": [""2020""], ""product_type"": [""intermediate""], ""system_version"": [""version_3_1""], ""variable"": [""river_discharge_in_the_last_24_hours""]}"
2026-02-16T07:34:14Z,P1__historical__version_3_1__lisflood__intermediate,historical,P1,cems-glofas-historical,version_3_1,lisflood,intermediate,2025-03-10,error,0,invalid_request,"400 Client Error: Bad Request for url: https://ewds.climate.copernicus.eu/api/retrieve/v1/processes/cems-glofas-historical/execution
invalid request
Request has not produced a valid combination of values, please check your selection.
{'system_version': ['version_3_1'], 'hydrological_model': ['lisflood'], 'product_type': ['intermediate'], 'variable': ['river_discharge_in_the_last_24_hours'], 'data_format': ['grib'], 'area': ['37.2443931', '-122.272464', '36.8443931', '-121.872464'], 'hyear': ['2025'], 'hmonth': ['03'], 'hday': ['10']}",,local,repro/glofas_coverage_scan_runs/refine_20260216T072601Z/downloads/historical/P1__historical__version_3_1__lisflood__intermediate/2025-03-10.zip,"{""area"": [37.2443931, -122.272464, 36.8443931, -121.872464], ""data_format"": ""grib2"", ""download_format"": ""zip"", ""hday"": [""10""], ""hmonth"": [""03""], ""hydrological_model"": [""lisflood""], ""hyear"": [""2025""], ""product_type"": [""intermediate""], ""system_version"": [""version_3_1""], ""variable"": [""river_discharge_in_the_last_24_hours""]}"
2026-02-16T07:35:03Z,P1__historical__version_3_1__lisflood__intermediate,historical,P1,cems-glofas-historical,version_3_1,lisflood,intermediate,2024-09-20,ok,1,,,288,local,repro/glofas_coverage_scan_runs/refine_20260216T072601Z/downloads/historical/P1__historical__version_3_1__lisflood__intermediate/2024-09-20.zip,"{""area"": [37.2443931, -122.272464, 36.8443931, -121.872464], ""data_format"": ""grib2"", ""download_format"": ""zip"", ""hday"": [""20""], ""hmonth"": [""09""], ""hydrological_model"": [""lisflood""], ""hyear"": [""2024""], ""product_type"": [""intermediate""], ""system_version"": [""version_3_1""], ""variable"": [""river_discharge_in_the_last_24_hours""]}"
2026-02-16T07:35:04Z,P1__historical__version_3_1__lisflood__intermediate,historical,P1,cems-glofas-historical,version_3_1,lisflood,intermediate,2024-12-14,error,0,invalid_request,"400 Client Error: Bad Request for url: https://ewds.climate.copernicus.eu/api/retrieve/v1/processes/cems-glofas-historical/execution
invalid request
Request has not produced a valid combination of values, please check your selection.
{'system_version': ['version_3_1'], 'hydrological_model': ['lisflood'], 'product_type': ['intermediate'], 'variable': ['river_discharge_in_the_last_24_hours'], 'data_format': ['grib'], 'area': ['37.2443931', '-122.272464', '36.8443931', '-121.872464'], 'hyear': ['2024'], 'hmonth': ['12'], 'hday': ['14']}",,local,repro/glofas_coverage_scan_runs/refine_20260216T072601Z/downloads/historical/P1__historical__version_3_1__lisflood__intermediate/2024-12-14.zip,"{""area"": [37.2443931, -122.272464, 36.8443931, -121.872464], ""data_format"": ""grib2"", ""download_format"": ""zip"", ""hday"": [""14""], ""hmonth"": [""12""], ""hydrological_model"": [""lisflood""], ""hyear"": [""2024""], ""product_type"": [""intermediate""], ""system_version"": [""version_3_1""], ""variable"": [""river_discharge_in_the_last_24_hours""]}"
2026-02-16T07:35:05Z,P1__historical__version_3_1__lisflood__intermediate,historical,P1,cems-glofas-historical,version_3_1,lisflood,intermediate,2024-11-01,error,0,invalid_request,"400 Client Error: Bad Request for url: https://ewds.climate.copernicus.eu/api/retrieve/v1/processes/cems-glofas-historical/execution
invalid request
Request has not produced a valid combination of values, please check your selection.
{'system_version': ['version_3_1'], 'hydrological_model': ['lisflood'], 'product_type': ['intermediate'], 'variable': ['river_discharge_in_the_last_24_hours'], 'data_format': ['grib'], 'area': ['37.2443931', '-122.272464', '36.8443931', '-121.872464'], 'hyear': ['2024'], 'hmonth': ['11'], 'hday': ['01']}",,local,repro/glofas_coverage_scan_runs/refine_20260216T072601Z/downloads/historical/P1__historical__version_3_1__lisflood__intermediate/2024-11-01.zip,"{""area"": [37.2443931, -122.272464, 36.8443931, -121.872464], ""data_format"": ""grib2"", ""download_format"": ""zip"", ""hday"": [""01""], ""hmonth"": [""11""], ""hydrological_model"": [""lisflood""], ""hyear"": [""2024""], ""product_type"": [""intermediate""], ""system_version"": [""version_3_1""], ""variable"": [""river_discharge_in_the_last_24_hours""]}"
2026-02-16T07:35:06Z,P1__historical__version_3_1__lisflood__intermediate,historical,P1,cems-glofas-historical,version_3_1,lisflood,intermediate,2024-10-11,error,0,invalid_request,"400 Client Error: Bad Request for url: https://ewds.climate.copernicus.eu/api/retrieve/v1/processes/cems-glofas-historical/execution
invalid request
Request has not produced a valid combination of values, please check your selection.
{'system_version': ['version_3_1'], 'hydrological_model': ['lisflood'], 'product_type': ['intermediate'], 'variable': ['river_discharge_in_the_last_24_hours'], 'data_format': ['grib'], 'area': ['37.2443931', '-122.272464', '36.8443931', '-121.872464'], 'hyear': ['2024'], 'hmonth': ['10'], 'hday': ['11']}",,local,repro/glofas_coverage_scan_runs/refine_20260216T072601Z/downloads/historical/P1__historical__version_3_1__lisflood__intermediate/2024-10-11.zip,"{""area"": [37.2443931, -122.272464, 36.8443931, -121.872464], ""data_format"": ""grib2"", ""download_format"": ""zip"", ""hday"": [""11""], ""hmonth"": [""10""], ""hydrological_model"": [""lisflood""], ""hyear"": [""2024""], ""product_type"": [""intermediate""], ""system_version"": [""version_3_1""], ""variable"": [""river_discharge_in_the_last_24_hours""]}"
2026-02-16T07:35:08Z,P1__historical__version_3_1__lisflood__intermediate,historical,P1,cems-glofas-historical,version_3_1,lisflood,intermediate,2024-09-30,error,0,invalid_request,"400 Client Error: Bad Request for url: https://ewds.climate.copernicus.eu/api/retrieve/v1/processes/cems-glofas-historical/execution
invalid request
Request has not produced a valid combination of values, please check your selection.
{'system_version': ['version_3_1'], 'hydrological_model': ['lisflood'], 'product_type': ['intermediate'], 'variable': ['river_discharge_in_the_last_24_hours'], 'data_format': ['grib'], 'area': ['37.2443931', '-122.272464', '36.8443931', '-121.872464'], 'hyear': ['2024'], 'hmonth': ['09'], 'hday': ['30']}",,local,repro/glofas_coverage_scan_runs/refine_20260216T072601Z/downloads/historical/P1__historical__version_3_1__lisflood__intermediate/2024-09-30.zip,"{""area"": [37.2443931, -122.272464, 36.8443931, -121.872464], ""data_format"": ""grib2"", ""download_format"": ""zip"", ""hday"": [""30""], ""hmonth"": [""09""], ""hydrological_model"": [""lisflood""], ""hyear"": [""2024""], ""product_type"": [""intermediate""], ""system_version"": [""version_3_1""], ""variable"": [""river_discharge_in_the_last_24_hours""]}"
2026-02-16T07:35:09Z,P1__historical__version_3_1__lisflood__intermediate,historical,P1,cems-glofas-historical,version_3_1,lisflood,intermediate,2024-09-25,error,0,invalid_request,"400 Client Error: Bad Request for url: https://ewds.climate.copernicus.eu/api/retrieve/v1/processes/cems-glofas-historical/execution
invalid request
Request has not produced a valid combination of values, please check your selection.
{'system_version': ['version_3_1'], 'hydrological_model': ['lisflood'], 'product_type': ['intermediate'], 'variable': ['river_discharge_in_the_last_24_hours'], 'data_format': ['grib'], 'area': ['37.2443931', '-122.272464', '36.8443931', '-121.872464'], 'hyear': ['2024'], 'hmonth': ['09'], 'hday': ['25']}",,local,repro/glofas_coverage_scan_runs/refine_20260216T072601Z/downloads/historical/P1__historical__version_3_1__lisflood__intermediate/2024-09-25.zip,"{""area"": [37.2443931, -122.272464, 36.8443931, -121.872464], ""data_format"": ""grib2"", ""download_format"": ""zip"", ""hday"": [""25""], ""hmonth"": [""09""], ""hydrological_model"": [""lisflood""], ""hyear"": [""2024""], ""product_type"": [""intermediate""], ""system_version"": [""version_3_1""], ""variable"": [""river_discharge_in_the_last_24_hours""]}"
2026-02-16T07:35:31Z,P1__historical__version_3_1__lisflood__intermediate,historical,P1,cems-glofas-historical,version_3_1,lisflood,intermediate,2024-09-22,ok,1,,,292,local,repro/glofas_coverage_scan_runs/refine_20260216T072601Z/downloads/historical/P1__historical__version_3_1__lisflood__intermediate/2024-09-22.zip,"{""area"": [37.2443931, -122.272464, 36.8443931, -121.872464], ""data_format"": ""grib2"", ""download_format"": ""zip"", ""hday"": [""22""], ""hmonth"": [""09""], ""hydrological_model"": [""lisflood""], ""hyear"": [""2024""], ""product_type"": [""intermediate""], ""system_version"": [""version_3_1""], ""variable"": [""river_discharge_in_the_last_24_hours""]}"
2026-02-16T07:36:09Z,P1__historical__version_3_1__lisflood__intermediate,historical,P1,cems-glofas-historical,version_3_1,lisflood,intermediate,2024-09-23,ok,1,,,292,local,repro/glofas_coverage_scan_runs/refine_20260216T072601Z/downloads/historical/P1__historical__version_3_1__lisflood__intermediate/2024-09-23.zip,"{""area"": [37.2443931, -122.272464, 36.8443931, -121.872464], ""data_format"": ""grib2"", ""download_format"": ""zip"", ""hday"": [""23""], ""hmonth"": [""09""], ""hydrological_model"": [""lisflood""], ""hyear"": [""2024""], ""product_type"": [""intermediate""], ""system_version"": [""version_3_1""], ""variable"": [""river_discharge_in_the_last_24_hours""]}"
2026-02-16T07:36:10Z,P1__historical__version_3_1__lisflood__intermediate,historical,P1,cems-glofas-historical,version_3_1,lisflood,intermediate,2024-09-24,error,0,invalid_request,"400 Client Error: Bad Request for url: https://ewds.climate.copernicus.eu/api/retrieve/v1/processes/cems-glofas-historical/execution
invalid request
Request has not produced a valid combination of values, please check your selection.
{'system_version': ['version_3_1'], 'hydrological_model': ['lisflood'], 'product_type': ['intermediate'], 'variable': ['river_discharge_in_the_last_24_hours'], 'data_format': ['grib'], 'area': ['37.2443931', '-122.272464', '36.8443931', '-121.872464'], 'hyear': ['2024'], 'hmonth': ['09'], 'hday': ['24']}",,local,repro/glofas_coverage_scan_runs/refine_20260216T072601Z/downloads/historical/P1__historical__version_3_1__lisflood__intermediate/2024-09-24.zip,"{""area"": [37.2443931, -122.272464, 36.8443931, -121.872464], ""data_format"": ""grib2"", ""download_format"": ""zip"", ""hday"": [""24""], ""hmonth"": [""09""], ""hydrological_model"": [""lisflood""], ""hyear"": [""2024""], ""product_type"": [""intermediate""], ""system_version"": [""version_3_1""], ""variable"": [""river_discharge_in_the_last_24_hours""]}"
2026-02-16T07:36:11Z,P1__reforecast__version_3_1__htessel_lisflood__control_reforecast,reforecast,P1,cems-glofas-reforecast,version_3_1,htessel_lisflood,control_reforecast,2021-06-14,error,0,invalid_request,"400 Client Error: Bad Request for url: https://ewds.climate.copernicus.eu/api/retrieve/v1/processes/cems-glofas-reforecast/execution
invalid request
Request has not produced a valid combination of values, please check your selection.
{'system_version': ['version_3_1'], 'hydrological_model': ['htessel_lisflood'], 'product_type': ['control_reforecast'], 'variable': ['river_discharge_in_the_last_24_hours'], 'data_format': ['grib'], 'area': ['37.2443931', '-122.272464', '36.8443931', '-121.872464'], 'hyear': ['2021'], 'hmonth': ['06'], 'hday': ['14'], 'leadtime_hour': ['24']}",,local,repro/glofas_coverage_scan_runs/refine_20260216T072601Z/downloads/reforecast/P1__reforecast__version_3_1__htessel_lisflood__control_reforecast/2021-06-14.zip,"{""area"": [37.2443931, -122.272464, 36.8443931, -121.872464], ""data_format"": ""grib2"", ""download_format"": ""zip"", ""hday"": [""14""], ""hmonth"": [""06""], ""hydrological_model"": [""htessel_lisflood""], ""hyear"": [""2021""], ""leadtime_hour"": [""24""], ""product_type"": [""control_reforecast""], ""system_version"": [""version_3_1""], ""variable"": [""river_discharge_in_the_last_24_hours""]}"
2026-02-16T07:36:13Z,P1__reforecast__version_3_1__htessel_lisflood__control_reforecast,reforecast,P1,cems-glofas-reforecast,version_3_1,htessel_lisflood,control_reforecast,2021-06-17,error,0,invalid_request,"400 Client Error: Bad Request for url: https://ewds.climate.copernicus.eu/api/retrieve/v1/processes/cems-glofas-reforecast/execution
invalid request
Request has not produced a valid combination of values, please check your selection.
{'system_version': ['version_3_1'], 'hydrological_model': ['htessel_lisflood'], 'product_type': ['control_reforecast'], 'variable': ['river_discharge_in_the_last_24_hours'], 'data_format': ['grib'], 'area': ['37.2443931', '-122.272464', '36.8443931', '-121.872464'], 'hyear': ['2021'], 'hmonth': ['06'], 'hday': ['17'], 'leadtime_hour': ['24']}",,local,repro/glofas_coverage_scan_runs/refine_20260216T072601Z/downloads/reforecast/P1__reforecast__version_3_1__htessel_lisflood__control_reforecast/2021-06-17.zip,"{""area"": [37.2443931, -122.272464, 36.8443931, -121.872464], ""data_format"": ""grib2"", ""download_format"": ""zip"", ""hday"": [""17""], ""hmonth"": [""06""], ""hydrological_model"": [""htessel_lisflood""], ""hyear"": [""2021""], ""leadtime_hour"": [""24""], ""product_type"": [""control_reforecast""], ""system_version"": [""version_3_1""], ""variable"": [""river_discharge_in_the_last_24_hours""]}"
2026-02-16T07:36:14Z,P1__reforecast__version_3_1__htessel_lisflood__control_reforecast,reforecast,P1,cems-glofas-reforecast,version_3_1,htessel_lisflood,control_reforecast,1999-01-04,error,0,invalid_request,"400 Client Error: Bad Request for url: https://ewds.climate.copernicus.eu/api/retrieve/v1/processes/cems-glofas-reforecast/execution
invalid request
Request has not produced a valid combination of values, please check your selection.
{'system_version': ['version_3_1'], 'hydrological_model': ['htessel_lisflood'], 'product_type': ['control_reforecast'], 'variable': ['river_discharge_in_the_last_24_hours'], 'data_format': ['grib'], 'area': ['37.2443931', '-122.272464', '36.8443931', '-121.872464'], 'hyear': ['1999'], 'hmonth': ['01'], 'hday': ['04'], 'leadtime_hour': ['24']}",,local,repro/glofas_coverage_scan_runs/refine_20260216T072601Z/downloads/reforecast/P1__reforecast__version_3_1__htessel_lisflood__control_reforecast/1999-01-04.zip,"{""area"": [37.2443931, -122.272464, 36.8443931, -121.872464], ""data_format"": ""grib2"", ""download_format"": ""zip"", ""hday"": [""04""], ""hmonth"": [""01""], ""hydrological_model"": [""htessel_lisflood""], ""hyear"": [""1999""], ""leadtime_hour"": [""24""], ""product_type"": [""control_reforecast""], ""system_version"": [""version_3_1""], ""variable"": [""river_discharge_in_the_last_24_hours""]}"
2026-02-16T07:36:15Z,P1__reforecast__version_3_1__htessel_lisflood__ensemble_perturbed_reforecast,reforecast,P1,cems-glofas-reforecast,version_3_1,htessel_lisflood,ensemble_perturbed_reforecast,2021-06-14,error,0,invalid_request,"400 Client Error: Bad Request for url: https://ewds.climate.copernicus.eu/api/retrieve/v1/processes/cems-glofas-reforecast/execution
invalid request
Request has not produced a valid combination of values, please check your selection.
{'system_version': ['version_3_1'], 'hydrological_model': ['htessel_lisflood'], 'product_type': ['ensemble_perturbed_reforecast'], 'variable': ['river_discharge_in_the_last_24_hours'], 'data_format': ['grib'], 'area': ['37.2443931', '-122.272464', '36.8443931', '-121.872464'], 'hyear': ['2021'], 'hmonth': ['06'], 'hday': ['14'], 'leadtime_hour': ['24']}",,local,repro/glofas_coverage_scan_runs/refine_20260216T072601Z/downloads/reforecast/P1__reforecast__version_3_1__htessel_lisflood__ensemble_perturbed_reforecast/2021-06-14.zip,"{""area"": [37.2443931, -122.272464, 36.8443931, -121.872464], ""data_format"": ""grib2"", ""download_format"": ""zip"", ""hday"": [""14""], ""hmonth"": [""06""], ""hydrological_model"": [""htessel_lisflood""], ""hyear"": [""2021""], ""leadtime_hour"": [""24""], ""product_type"": [""ensemble_perturbed_reforecast""], ""system_version"": [""version_3_1""], ""variable"": [""river_discharge_in_the_last_24_hours""]}"
2026-02-16T07:36:16Z,P1__reforecast__version_3_1__htessel_lisflood__ensemble_perturbed_reforecast,reforecast,P1,cems-glofas-reforecast,version_3_1,htessel_lisflood,ensemble_perturbed_reforecast,2021-06-17,error,0,invalid_request,"400 Client Error: Bad Request for url: https://ewds.climate.copernicus.eu/api/retrieve/v1/processes/cems-glofas-reforecast/execution
invalid request
Request has not produced a valid combination of values, please check your selection.
{'system_version': ['version_3_1'], 'hydrological_model': ['htessel_lisflood'], 'product_type': ['ensemble_perturbed_reforecast'], 'variable': ['river_discharge_in_the_last_24_hours'], 'data_format': ['grib'], 'area': ['37.2443931', '-122.272464', '36.8443931', '-121.872464'], 'hyear': ['2021'], 'hmonth': ['06'], 'hday': ['17'], 'leadtime_hour': ['24']}",,local,repro/glofas_coverage_scan_runs/refine_20260216T072601Z/downloads/reforecast/P1__reforecast__version_3_1__htessel_lisflood__ensemble_perturbed_reforecast/2021-06-17.zip,"{""area"": [37.2443931, -122.272464, 36.8443931, -121.872464], ""data_format"": ""grib2"", ""download_format"": ""zip"", ""hday"": [""17""], ""hmonth"": [""06""], ""hydrological_model"": [""htessel_lisflood""], ""hyear"": [""2021""], ""leadtime_hour"": [""24""], ""product_type"": [""ensemble_perturbed_reforecast""], ""system_version"": [""version_3_1""], ""variable"": [""river_discharge_in_the_last_24_hours""]}"
2026-02-16T07:36:17Z,P1__reforecast__version_3_1__htessel_lisflood__ensemble_perturbed_reforecast,reforecast,P1,cems-glofas-reforecast,version_3_1,htessel_lisflood,ensemble_perturbed_reforecast,1999-01-04,error,0,invalid_request,"400 Client Error: Bad Request for url: https://ewds.climate.copernicus.eu/api/retrieve/v1/processes/cems-glofas-reforecast/execution
invalid request
Request has not produced a valid combination of values, please check your selection.
{'system_version': ['version_3_1'], 'hydrological_model': ['htessel_lisflood'], 'product_type': ['ensemble_perturbed_reforecast'], 'variable': ['river_discharge_in_the_last_24_hours'], 'data_format': ['grib'], 'area': ['37.2443931', '-122.272464', '36.8443931', '-121.872464'], 'hyear': ['1999'], 'hmonth': ['01'], 'hday': ['04'], 'leadtime_hour': ['24']}",,local,repro/glofas_coverage_scan_runs/refine_20260216T072601Z/downloads/reforecast/P1__reforecast__version_3_1__htessel_lisflood__ensemble_perturbed_reforecast/1999-01-04.zip,"{""area"": [37.2443931, -122.272464, 36.8443931, -121.872464], ""data_format"": ""grib2"", ""download_format"": ""zip"", ""hday"": [""04""], ""hmonth"": [""01""], ""hydrological_model"": [""htessel_lisflood""], ""hyear"": [""1999""], ""leadtime_hour"": [""24""], ""product_type"": [""ensemble_perturbed_reforecast""], ""system_version"": [""version_3_1""], ""variable"": [""river_discharge_in_the_last_24_hours""]}"
2026-02-16T07:26:22Z,P1__historical__version_3_1__lisflood__consolidated,historical,P1,cems-glofas-historical,version_3_1,lisflood,consolidated,2021-06-15,ok,1,,,291,local,repro/glofas_coverage_scan_runs/refine_20260216T072601Z/downloads/historical/P1__historical__version_3_1__lisflood__consolidated/2021-06-15.zip,"{""area"": [37.2443931, -122.272464, 36.8443931, -121.872464], ""data_format"": ""grib2"", ""download_format"": ""zip"", ""hday"": [""15""], ""hmonth"": [""06""], ""hydrological_model"": [""lisflood""], ""hyear"": [""2021""], ""product_type"": [""consolidated""], ""system_version"": [""version_3_1""], ""variable"": [""river_discharge_in_the_last_24_hours""]}"
2026-02-16T07:26:45Z,P1__historical__version_3_1__lisflood__consolidated,historical,P1,cems-glofas-historical,version_3_1,lisflood,consolidated,2021-10-11,ok,1,,,289,local,repro/glofas_coverage_scan_runs/refine_20260216T072601Z/downloads/historical/P1__historical__version_3_1__lisflood__consolidated/2021-10-11.zip,"{""area"": [37.2443931, -122.272464, 36.8443931, -121.872464], ""data_format"": ""grib2"", ""download_format"": ""zip"", ""hday"": [""11""], ""hmonth"": [""10""], ""hydrological_model"": [""lisflood""], ""hyear"": [""2021""], ""product_type"": [""consolidated""], ""system_version"": [""version_3_1""], ""variable"": [""river_discharge_in_the_last_24_hours""]}"
2026-02-16T07:27:02Z,P1__historical__version_3_1__lisflood__consolidated,historical,P1,cems-glofas-historical,version_3_1,lisflood,consolidated,2021-06-14,ok,1,,,286,local,repro/glofas_coverage_scan_runs/refine_20260216T072601Z/downloads/historical/P1__historical__version_3_1__lisflood__consolidated/2021-06-14.zip,"{""area"": [37.2443931, -122.272464, 36.8443931, -121.872464], ""data_format"": ""grib2"", ""download_format"": ""zip"", ""hday"": [""14""], ""hmonth"": [""06""], ""hydrological_model"": [""lisflood""], ""hyear"": [""2021""], ""product_type"": [""consolidated""], ""system_version"": [""version_3_1""], ""variable"": [""river_discharge_in_the_last_24_hours""]}"
2026-02-16T07:27:20Z,P1__historical__version_3_1__lisflood__consolidated,historical,P1,cems-glofas-historical,version_3_1,lisflood,consolidated,2021-06-12,ok,1,,,289,local,repro/glofas_coverage_scan_runs/refine_20260216T072601Z/downloads/historical/P1__historical__version_3_1__lisflood__consolidated/2021-06-12.zip,"{""area"": [37.2443931, -122.272464, 36.8443931, -121.872464], ""data_format"": ""grib2"", ""download_format"": ""zip"", ""hday"": [""12""], ""hmonth"": [""06""], ""hydrological_model"": [""lisflood""], ""hyear"": [""2021""], ""product_type"": [""consolidated""], ""system_version"": [""version_3_1""], ""variable"": [""river_discharge_in_the_last_24_hours""]}"
2026-02-16T07:27:43Z,P1__historical__version_3_1__lisflood__consolidated,historical,P1,cems-glofas-historical,version_3_1,lisflood,consolidated,2021-06-08,ok,1,,,288,local,repro/glofas_coverage_scan_runs/refine_20260216T072601Z/downloads/historical/P1__historical__version_3_1__lisflood__consolidated/2021-06-08.zip,"{""area"": [37.2443931, -122.272464, 36.8443931, -121.872464], ""data_format"": ""grib2"", ""download_format"": ""zip"", ""hday"": [""08""], ""hmonth"": [""06""], ""hydrological_model"": [""lisflood""], ""hyear"": [""2021""], ""product_type"": [""consolidated""], ""system_version"": [""version_3_1""], ""variable"": [""river_discharge_in_the_last_24_hours""]}"
2026-02-16T07:28:06Z,P1__historical__version_3_1__lisflood__consolidated,historical,P1,cems-glofas-historical,version_3_1,lisflood,consolidated,2021-05-31,ok,1,,,286,local,repro/glofas_coverage_scan_runs/refine_20260216T072601Z/downloads/historical/P1__historical__version_3_1__lisflood__consolidated/2021-05-31.zip,"{""area"": [37.2443931, -122.272464, 36.8443931, -121.872464], ""data_format"": ""grib2"", ""download_format"": ""zip"", ""hday"": [""31""], ""hmonth"": [""05""], ""hydrological_model"": [""lisflood""], ""hyear"": [""2021""], ""product_type"": [""consolidated""], ""system_version"": [""version_3_1""], ""variable"": [""river_discharge_in_the_last_24_hours""]}"
2026-02-16T07:28:29Z,P1__historical__version_3_1__lisflood__consolidated,historical,P1,cems-glofas-historical,version_3_1,lisflood,consolidated,2021-05-15,ok,1,,,290,local,repro/glofas_coverage_scan_runs/refine_20260216T072601Z/downloads/historical/P1__historical__version_3_1__lisflood__consolidated/2021-05-15.zip,"{""area"": [37.2443931, -122.272464, 36.8443931, -121.872464], ""data_format"": ""grib2"", ""download_format"": ""zip"", ""hday"": [""15""], ""hmonth"": [""05""], ""hydrological_model"": [""lisflood""], ""hyear"": [""2021""], ""product_type"": [""consolidated""], ""system_version"": [""version_3_1""], ""variable"": [""river_discharge_in_the_last_24_hours""]}"
2026-02-16T07:28:46Z,P1__historical__version_3_1__lisflood__consolidated,historical,P1,cems-glofas-historical,version_3_1,lisflood,consolidated,2021-04-13,ok,1,,,292,local,repro/glofas_coverage_scan_runs/refine_20260216T072601Z/downloads/historical/P1__historical__version_3_1__lisflood__consolidated/2021-04-13.zip,"{""area"": [37.2443931, -122.272464, 36.8443931, -121.872464], ""data_format"": ""grib2"", ""download_format"": ""zip"", ""hday"": [""13""], ""hmonth"": [""04""], ""hydrological_model"": [""lisflood""], ""hyear"": [""2021""], ""product_type"": [""consolidated""], ""system_version"": [""version_3_1""], ""variable"": [""river_discharge_in_the_last_24_hours""]}"
2026-02-16T07:29:09Z,P1__historical__version_3_1__lisflood__consolidated,historical,P1,cems-glofas-historical,version_3_1,lisflood,consolidated,2021-02-08,ok,1,,,297,local,repro/glofas_coverage_scan_runs/refine_20260216T072601Z/downloads/historical/P1__historical__version_3_1__lisflood__consolidated/2021-02-08.zip,"{""area"": [37.2443931, -122.272464, 36.8443931, -121.872464], ""data_format"": ""grib2"", ""download_format"": ""zip"", ""hday"": [""08""], ""hmonth"": [""02""], ""hydrological_model"": [""lisflood""], ""hyear"": [""2021""], ""product_type"": [""consolidated""], ""system_version"": [""version_3_1""], ""variable"": [""river_discharge_in_the_last_24_hours""]}"
2026-02-16T07:29:26Z,P1__historical__version_3_1__lisflood__consolidated,historical,P1,cems-glofas-historical,version_3_1,lisflood,consolidated,2020-10-03,ok,1,,,267,local,repro/glofas_coverage_scan_runs/refine_20260216T072601Z/downloads/historical/P1__historical__version_3_1__lisflood__consolidated/2020-10-03.zip,"{""area"": [37.2443931, -122.272464, 36.8443931, -121.872464], ""data_format"": ""grib2"", ""download_format"": ""zip"", ""hday"": [""03""], ""hmonth"": [""10""], ""hydrological_model"": [""lisflood""], ""hyear"": [""2020""], ""product_type"": [""consolidated""], ""system_version"": [""version_3_1""], ""variable"": [""river_discharge_in_the_last_24_hours""]}"
2026-02-16T07:29:49Z,P1__historical__version_3_1__lisflood__consolidated,historical,P1,cems-glofas-historical,version_3_1,lisflood,consolidated,2020-01-21,ok,1,,,294,local,repro/glofas_coverage_scan_runs/refine_20260216T072601Z/downloads/historical/P1__historical__version_3_1__lisflood__consolidated/2020-01-21.zip,"{""area"": [37.2443931, -122.272464, 36.8443931, -121.872464], ""data_format"": ""grib2"", ""download_format"": ""zip"", ""hday"": [""21""], ""hmonth"": [""01""], ""hydrological_model"": [""lisflood""], ""hyear"": [""2020""], ""product_type"": [""consolidated""], ""system_version"": [""version_3_1""], ""variable"": [""river_discharge_in_the_last_24_hours""]}"
2026-02-16T07:30:11Z,P1__historical__version_3_1__lisflood__consolidated,historical,P1,cems-glofas-historical,version_3_1,lisflood,consolidated,2018-08-27,ok,1,,,290,local,repro/glofas_coverage_scan_runs/refine_20260216T072601Z/downloads/historical/P1__historical__version_3_1__lisflood__consolidated/2018-08-27.zip,"{""area"": [37.2443931, -122.272464, 36.8443931, -121.872464], ""data_format"": ""grib2"", ""download_format"": ""zip"", ""hday"": [""27""], ""hmonth"": [""08""], ""hydrological_model"": [""lisflood""], ""hyear"": [""2018""], ""product_type"": [""consolidated""], ""system_version"": [""version_3_1""], ""variable"": [""river_discharge_in_the_last_24_hours""]}"
2026-02-16T07:30:34Z,P1__historical__version_3_1__lisflood__consolidated,historical,P1,cems-glofas-historical,version_3_1,lisflood,consolidated,2015-11-07,ok,1,,,293,local,repro/glofas_coverage_scan_runs/refine_20260216T072601Z/downloads/historical/P1__historical__version_3_1__lisflood__consolidated/2015-11-07.zip,"{""area"": [37.2443931, -122.272464, 36.8443931, -121.872464], ""data_format"": ""grib2"", ""download_format"": ""zip"", ""hday"": [""07""], ""hmonth"": [""11""], ""hydrological_model"": [""lisflood""], ""hyear"": [""2015""], ""product_type"": [""consolidated""], ""system_version"": [""version_3_1""], ""variable"": [""river_discharge_in_the_last_24_hours""]}"
2026-02-16T07:30:57Z,P1__historical__version_3_1__lisflood__consolidated,historical,P1,cems-glofas-historical,version_3_1,lisflood,consolidated,2010-03-30,ok,1,,,289,local,repro/glofas_coverage_scan_runs/refine_20260216T072601Z/downloads/historical/P1__historical__version_3_1__lisflood__consolidated/2010-03-30.zip,"{""area"": [37.2443931, -122.272464, 36.8443931, -121.872464], ""data_format"": ""grib2"", ""download_format"": ""zip"", ""hday"": [""30""], ""hmonth"": [""03""], ""hydrological_model"": [""lisflood""], ""hyear"": [""2010""], ""product_type"": [""consolidated""], ""system_version"": [""version_3_1""], ""variable"": [""river_discharge_in_the_last_24_hours""]}"
2026-02-16T07:31:20Z,P1__historical__version_3_1__lisflood__consolidated,historical,P1,cems-glofas-historical,version_3_1,lisflood,consolidated,1999-01-11,ok,1,,,290,local,repro/glofas_coverage_scan_runs/refine_20260216T072601Z/downloads/historical/P1__historical__version_3_1__lisflood__consolidated/1999-01-11.zip,"{""area"": [37.2443931, -122.272464, 36.8443931, -121.872464], ""data_format"": ""grib2"", ""download_format"": ""zip"", ""hday"": [""11""], ""hmonth"": [""01""], ""hydrological_model"": [""lisflood""], ""hyear"": [""1999""], ""product_type"": [""consolidated""], ""system_version"": [""version_3_1""], ""variable"": [""river_discharge_in_the_last_24_hours""]}"
2026-02-16T07:31:42Z,P1__historical__version_3_1__lisflood__consolidated,historical,P1,cems-glofas-historical,version_3_1,lisflood,consolidated,1979-01-01,ok,1,,,289,local,repro/glofas_coverage_scan_runs/refine_20260216T072601Z/downloads/historical/P1__historical__version_3_1__lisflood__consolidated/1979-01-01.zip,"{""area"": [37.2443931, -122.272464, 36.8443931, -121.872464], ""data_format"": ""grib2"", ""download_format"": ""zip"", ""hday"": [""01""], ""hmonth"": [""01""], ""hydrological_model"": [""lisflood""], ""hyear"": [""1979""], ""product_type"": [""consolidated""], ""system_version"": [""version_3_1""], ""variable"": [""river_discharge_in_the_last_24_hours""]}"
2026-02-16T07:31:59Z,P1__historical__version_3_1__lisflood__consolidated,historical,P1,cems-glofas-historical,version_3_1,lisflood,consolidated,2021-10-12,ok,1,,,280,local,repro/glofas_coverage_scan_runs/refine_20260216T072601Z/downloads/historical/P1__historical__version_3_1__lisflood__consolidated/2021-10-12.zip,"{""area"": [37.2443931, -122.272464, 36.8443931, -121.872464], ""data_format"": ""grib2"", ""download_format"": ""zip"", ""hday"": [""12""], ""hmonth"": [""10""], ""hydrological_model"": [""lisflood""], ""hyear"": [""2021""], ""product_type"": [""consolidated""], ""system_version"": [""version_3_1""], ""variable"": [""river_discharge_in_the_last_24_hours""]}"
2026-02-16T07:32:21Z,P1__historical__version_3_1__lisflood__consolidated,historical,P1,cems-glofas-historical,version_3_1,lisflood,consolidated,2021-10-14,ok,1,,,282,local,repro/glofas_coverage_scan_runs/refine_20260216T072601Z/downloads/historical/P1__historical__version_3_1__lisflood__consolidated/2021-10-14.zip,"{""area"": [37.2443931, -122.272464, 36.8443931, -121.872464], ""data_format"": ""grib2"", ""download_format"": ""zip"", ""hday"": [""14""], ""hmonth"": [""10""], ""hydrological_model"": [""lisflood""], ""hyear"": [""2021""], ""product_type"": [""consolidated""], ""system_version"": [""version_3_1""], ""variable"": [""river_discharge_in_the_last_24_hours""]}"
2026-02-16T07:33:19Z,P1__historical__version_3_1__lisflood__consolidated,historical,P1,cems-glofas-historical,version_3_1,lisflood,consolidated,2021-10-18,ok,1,,,282,local,repro/glofas_coverage_scan_runs/refine_20260216T072601Z/downloads/historical/P1__historical__version_3_1__lisflood__consolidated/2021-10-18.zip,"{""area"": [37.2443931, -122.272464, 36.8443931, -121.872464], ""data_format"": ""grib2"", ""download_format"": ""zip"", ""hday"": [""18""], ""hmonth"": [""10""], ""hydrological_model"": [""lisflood""], ""hyear"": [""2021""], ""product_type"": [""consolidated""], ""system_version"": [""version_3_1""], ""variable"": [""river_discharge_in_the_last_24_hours""]}"
2026-02-16T07:33:47Z,P1__historical__version_3_1__lisflood__consolidated,historical,P1,cems-glofas-historical,version_3_1,lisflood,consolidated,2021-10-26,ok,1,,,299,local,repro/glofas_coverage_scan_runs/refine_20260216T072601Z/downloads/historical/P1__historical__version_3_1__lisflood__consolidated/2021-10-26.zip,"{""area"": [37.2443931, -122.272464, 36.8443931, -121.872464], ""data_format"": ""grib2"", ""download_format"": ""zip"", ""hday"": [""26""], ""hmonth"": [""10""], ""hydrological_model"": [""lisflood""], ""hyear"": [""2021""], ""product_type"": [""consolidated""], ""system_version"": [""version_3_1""], ""variable"": [""river_discharge_in_the_last_24_hours""]}"
2026-02-16T07:34:04Z,P1__historical__version_3_1__lisflood__consolidated,historical,P1,cems-glofas-historical,version_3_1,lisflood,consolidated,2021-11-11,ok,1,,,299,local,repro/glofas_coverage_scan_runs/refine_20260216T072601Z/downloads/historical/P1__historical__version_3_1__lisflood__consolidated/2021-11-11.zip,"{""area"": [37.2443931, -122.272464, 36.8443931, -121.872464], ""data_format"": ""grib2"", ""download_format"": ""zip"", ""hday"": [""11""], ""hmonth"": [""11""], ""hydrological_model"": [""lisflood""], ""hyear"": [""2021""], ""product_type"": [""consolidated""], ""system_version"": [""version_3_1""], ""variable"": [""river_discharge_in_the_last_24_hours""]}"
2026-02-16T07:34:21Z,P1__historical__version_3_1__lisflood__consolidated,historical,P1,cems-glofas-historical,version_3_1,lisflood,consolidated,2021-12-13,ok,1,,,298,local,repro/glofas_coverage_scan_runs/refine_20260216T072601Z/downloads/historical/P1__historical__version_3_1__lisflood__consolidated/2021-12-13.zip,"{""area"": [37.2443931, -122.272464, 36.8443931, -121.872464], ""data_format"": ""grib2"", ""download_format"": ""zip"", ""hday"": [""13""], ""hmonth"": [""12""], ""hydrological_model"": [""lisflood""], ""hyear"": [""2021""], ""product_type"": [""consolidated""], ""system_version"": [""version_3_1""], ""variable"": [""river_discharge_in_the_last_24_hours""]}"
2026-02-16T07:35:14Z,P1__historical__version_3_1__lisflood__consolidated,historical,P1,cems-glofas-historical,version_3_1,lisflood,consolidated,2022-02-15,ok,1,,,290,local,repro/glofas_coverage_scan_runs/refine_20260216T072601Z/downloads/historical/P1__historical__version_3_1__lisflood__consolidated/2022-02-15.zip,"{""area"": [37.2443931, -122.272464, 36.8443931, -121.872464], ""data_format"": ""grib2"", ""download_format"": ""zip"", ""hday"": [""15""], ""hmonth"": [""02""], ""hydrological_model"": [""lisflood""], ""hyear"": [""2022""], ""product_type"": [""consolidated""], ""system_version"": [""version_3_1""], ""variable"": [""river_discharge_in_the_last_24_hours""]}"
2026-02-16T07:35:37Z,P1__historical__version_3_1__lisflood__consolidated,historical,P1,cems-glofas-historical,version_3_1,lisflood,consolidated,2022-06-23,ok,1,,,292,local,repro/glofas_coverage_scan_runs/refine_20260216T072601Z/downloads/historical/P1__historical__version_3_1__lisflood__consolidated/2022-06-23.zip,"{""area"": [37.2443931, -122.272464, 36.8443931, -121.872464], ""data_format"": ""grib2"", ""download_format"": ""zip"", ""hday"": [""23""], ""hmonth"": [""06""], ""hydrological_model"": [""lisflood""], ""hyear"": [""2022""], ""product_type"": [""consolidated""], ""system_version"": [""version_3_1""], ""variable"": [""river_discharge_in_the_last_24_hours""]}"
2026-02-16T07:36:20Z,P1__historical__version_3_1__lisflood__consolidated,historical,P1,cems-glofas-historical,version_3_1,lisflood,consolidated,2023-03-06,ok,1,,,295,local,repro/glofas_coverage_scan_runs/refine_20260216T072601Z/downloads/historical/P1__historical__version_3_1__lisflood__consolidated/2023-03-06.zip,"{""area"": [37.2443931, -122.272464, 36.8443931, -121.872464], ""data_format"": ""grib2"", ""download_format"": ""zip"", ""hday"": [""06""], ""hmonth"": [""03""], ""hydrological_model"": [""lisflood""], ""hyear"": [""2023""], ""product_type"": [""consolidated""], ""system_version"": [""version_3_1""], ""variable"": [""river_discharge_in_the_last_24_hours""]}"
2026-02-16T07:36:21Z,P1__historical__version_3_1__lisflood__consolidated,historical,P1,cems-glofas-historical,version_3_1,lisflood,consolidated,2024-07-30,error,0,invalid_request,"400 Client Error: Bad Request for url: https://ewds.climate.copernicus.eu/api/retrieve/v1/processes/cems-glofas-historical/execution
invalid request
Request has not produced a valid combination of values, please check your selection.
{'system_version': ['version_3_1'], 'hydrological_model': ['lisflood'], 'product_type': ['consolidated'], 'variable': ['river_discharge_in_the_last_24_hours'], 'data_format': ['grib'], 'area': ['37.2443931', '-122.272464', '36.8443931', '-121.872464'], 'hyear': ['2024'], 'hmonth': ['07'], 'hday': ['30']}",,local,repro/glofas_coverage_scan_runs/refine_20260216T072601Z/downloads/historical/P1__historical__version_3_1__lisflood__consolidated/2024-07-30.zip,"{""area"": [37.2443931, -122.272464, 36.8443931, -121.872464], ""data_format"": ""grib2"", ""download_format"": ""zip"", ""hday"": [""30""], ""hmonth"": [""07""], ""hydrological_model"": [""lisflood""], ""hyear"": [""2024""], ""product_type"": [""consolidated""], ""system_version"": [""version_3_1""], ""variable"": [""river_discharge_in_the_last_24_hours""]}"
2026-02-16T07:36:54Z,P1__historical__version_3_1__lisflood__consolidated,historical,P1,cems-glofas-historical,version_3_1,lisflood,consolidated,2023-11-17,ok,1,,,299,local,repro/glofas_coverage_scan_runs/refine_20260216T072601Z/downloads/historical/P1__historical__version_3_1__lisflood__consolidated/2023-11-17.zip,"{""area"": [37.2443931, -122.272464, 36.8443931, -121.872464], ""data_format"": ""grib2"", ""download_format"": ""zip"", ""hday"": [""17""], ""hmonth"": [""11""], ""hydrological_model"": [""lisflood""], ""hyear"": [""2023""], ""product_type"": [""consolidated""], ""system_version"": [""version_3_1""], ""variable"": [""river_discharge_in_the_last_24_hours""]}"
2026-02-16T07:37:21Z,P1__historical__version_3_1__lisflood__consolidated,historical,P1,cems-glofas-historical,version_3_1,lisflood,consolidated,2024-03-24,ok,1,,,298,local,repro/glofas_coverage_scan_runs/refine_20260216T072601Z/downloads/historical/P1__historical__version_3_1__lisflood__consolidated/2024-03-24.zip,"{""area"": [37.2443931, -122.272464, 36.8443931, -121.872464], ""data_format"": ""grib2"", ""download_format"": ""zip"", ""hday"": [""24""], ""hmonth"": [""03""], ""hydrological_model"": [""lisflood""], ""hyear"": [""2024""], ""product_type"": [""consolidated""], ""system_version"": [""version_3_1""], ""variable"": [""river_discharge_in_the_last_24_hours""]}"
2026-02-16T07:37:38Z,P1__historical__version_3_1__lisflood__consolidated,historical,P1,cems-glofas-historical,version_3_1,lisflood,consolidated,2024-05-27,ok,1,,,289,local,repro/glofas_coverage_scan_runs/refine_20260216T072601Z/downloads/historical/P1__historical__version_3_1__lisflood__consolidated/2024-05-27.zip,"{""area"": [37.2443931, -122.272464, 36.8443931, -121.872464], ""data_format"": ""grib2"", ""download_format"": ""zip"", ""hday"": [""27""], ""hmonth"": [""05""], ""hydrological_model"": [""lisflood""], ""hyear"": [""2024""], ""product_type"": [""consolidated""], ""system_version"": [""version_3_1""], ""variable"": [""river_discharge_in_the_last_24_hours""]}"
2026-02-16T07:38:01Z,P1__historical__version_3_1__lisflood__consolidated,historical,P1,cems-glofas-historical,version_3_1,lisflood,consolidated,2024-06-28,ok,1,,,288,local,repro/glofas_coverage_scan_runs/refine_20260216T072601Z/downloads/historical/P1__historical__version_3_1__lisflood__consolidated/2024-06-28.zip,"{""area"": [37.2443931, -122.272464, 36.8443931, -121.872464], ""data_format"": ""grib2"", ""download_format"": ""zip"", ""hday"": [""28""], ""hmonth"": [""06""], ""hydrological_model"": [""lisflood""], ""hyear"": [""2024""], ""product_type"": [""consolidated""], ""system_version"": [""version_3_1""], ""variable"": [""river_discharge_in_the_last_24_hours""]}"
2026-02-16T07:38:02Z,P1__historical__version_3_1__lisflood__consolidated,historical,P1,cems-glofas-historical,version_3_1,lisflood,consolidated,2024-07-14,error,0,invalid_request,"400 Client Error: Bad Request for url: https://ewds.climate.copernicus.eu/api/retrieve/v1/processes/cems-glofas-historical/execution
invalid request
Request has not produced a valid combination of values, please check your selection.
{'system_version': ['version_3_1'], 'hydrological_model': ['lisflood'], 'product_type': ['consolidated'], 'variable': ['river_discharge_in_the_last_24_hours'], 'data_format': ['grib'], 'area': ['37.2443931', '-122.272464', '36.8443931', '-121.872464'], 'hyear': ['2024'], 'hmonth': ['07'], 'hday': ['14']}",,local,repro/glofas_coverage_scan_runs/refine_20260216T072601Z/downloads/historical/P1__historical__version_3_1__lisflood__consolidated/2024-07-14.zip,"{""area"": [37.2443931, -122.272464, 36.8443931, -121.872464], ""data_format"": ""grib2"", ""download_format"": ""zip"", ""hday"": [""14""], ""hmonth"": [""07""], ""hydrological_model"": [""lisflood""], ""hyear"": [""2024""], ""product_type"": [""consolidated""], ""system_version"": [""version_3_1""], ""variable"": [""river_discharge_in_the_last_24_hours""]}"
2026-02-16T07:38:03Z,P1__historical__version_3_1__lisflood__consolidated,historical,P1,cems-glofas-historical,version_3_1,lisflood,consolidated,2024-07-06,error,0,invalid_request,"400 Client Error: Bad Request for url: https://ewds.climate.copernicus.eu/api/retrieve/v1/processes/cems-glofas-historical/execution
invalid request
Request has not produced a valid combination of values, please check your selection.
{'system_version': ['version_3_1'], 'hydrological_model': ['lisflood'], 'product_type': ['consolidated'], 'variable': ['river_discharge_in_the_last_24_hours'], 'data_format': ['grib'], 'area': ['37.2443931', '-122.272464', '36.8443931', '-121.872464'], 'hyear': ['2024'], 'hmonth': ['07'], 'hday': ['06']}",,local,repro/glofas_coverage_scan_runs/refine_20260216T072601Z/downloads/historical/P1__historical__version_3_1__lisflood__consolidated/2024-07-06.zip,"{""area"": [37.2443931, -122.272464, 36.8443931, -121.872464], ""data_format"": ""grib2"", ""download_format"": ""zip"", ""hday"": [""06""], ""hmonth"": [""07""], ""hydrological_model"": [""lisflood""], ""hyear"": [""2024""], ""product_type"": [""consolidated""], ""system_version"": [""version_3_1""], ""variable"": [""river_discharge_in_the_last_24_hours""]}"
2026-02-16T07:38:05Z,P1__historical__version_3_1__lisflood__consolidated,historical,P1,cems-glofas-historical,version_3_1,lisflood,consolidated,2024-07-02,error,0,invalid_request,"400 Client Error: Bad Request for url: https://ewds.climate.copernicus.eu/api/retrieve/v1/processes/cems-glofas-historical/execution
invalid request
Request has not produced a valid combination of values, please check your selection.
{'system_version': ['version_3_1'], 'hydrological_model': ['lisflood'], 'product_type': ['consolidated'], 'variable': ['river_discharge_in_the_last_24_hours'], 'data_format': ['grib'], 'area': ['37.2443931', '-122.272464', '36.8443931', '-121.872464'], 'hyear': ['2024'], 'hmonth': ['07'], 'hday': ['02']}",,local,repro/glofas_coverage_scan_runs/refine_20260216T072601Z/downloads/historical/P1__historical__version_3_1__lisflood__consolidated/2024-07-02.zip,"{""area"": [37.2443931, -122.272464, 36.8443931, -121.872464], ""data_format"": ""grib2"", ""download_format"": ""zip"", ""hday"": [""02""], ""hmonth"": [""07""], ""hydrological_model"": [""lisflood""], ""hyear"": [""2024""], ""product_type"": [""consolidated""], ""system_version"": [""version_3_1""], ""variable"": [""river_discharge_in_the_last_24_hours""]}"
2026-02-16T07:38:27Z,P1__historical__version_3_1__lisflood__consolidated,historical,P1,cems-glofas-historical,version_3_1,lisflood,consolidated,2024-06-30,ok,1,,,291,local,repro/glofas_coverage_scan_runs/refine_20260216T072601Z/downloads/historical/P1__historical__version_3_1__lisflood__consolidated/2024-06-30.zip,"{""area"": [37.2443931, -122.272464, 36.8443931, -121.872464], ""data_format"": ""grib2"", ""download_format"": ""zip"", ""hday"": [""30""], ""hmonth"": [""06""], ""hydrological_model"": [""lisflood""], ""hyear"": [""2024""], ""product_type"": [""consolidated""], ""system_version"": [""version_3_1""], ""variable"": [""river_discharge_in_the_last_24_hours""]}"
2026-02-16T07:38:28Z,P1__historical__version_3_1__lisflood__consolidated,historical,P1,cems-glofas-historical,version_3_1,lisflood,consolidated,2024-07-01,error,0,invalid_request,"400 Client Error: Bad Request for url: https://ewds.climate.copernicus.eu/api/retrieve/v1/processes/cems-glofas-historical/execution
invalid request
Request has not produced a valid combination of values, please check your selection.
{'system_version': ['version_3_1'], 'hydrological_model': ['lisflood'], 'product_type': ['consolidated'], 'variable': ['river_discharge_in_the_last_24_hours'], 'data_format': ['grib'], 'area': ['37.2443931', '-122.272464', '36.8443931', '-121.872464'], 'hyear': ['2024'], 'hmonth': ['07'], 'hday': ['01']}",,local,repro/glofas_coverage_scan_runs/refine_20260216T072601Z/downloads/historical/P1__historical__version_3_1__lisflood__consolidated/2024-07-01.zip,"{""area"": [37.2443931, -122.272464, 36.8443931, -121.872464], ""data_format"": ""grib2"", ""download_format"": ""zip"", ""hday"": [""01""], ""hmonth"": [""07""], ""hydrological_model"": [""lisflood""], ""hyear"": [""2024""], ""product_type"": [""consolidated""], ""system_version"": [""version_3_1""], ""variable"": [""river_discharge_in_the_last_24_hours""]}"
2026-02-16T07:38:50Z,P1__reforecast__version_3_1__lisflood__ensemble_perturbed_reforecast,reforecast,P1,cems-glofas-reforecast,version_3_1,lisflood,ensemble_perturbed_reforecast,2000-02-28,ok,1,,,404,local,repro/glofas_coverage_scan_runs/refine_20260216T072601Z/downloads/reforecast/P1__reforecast__version_3_1__lisflood__ensemble_perturbed_reforecast/2000-02-28.zip,"{""area"": [37.2443931, -122.272464, 36.8443931, -121.872464], ""data_format"": ""grib2"", ""download_format"": ""zip"", ""hday"": [""28""], ""hmonth"": [""02""], ""hydrological_model"": [""lisflood""], ""hyear"": [""2000""], ""leadtime_hour"": [""24""], ""product_type"": [""ensemble_perturbed_reforecast""], ""system_version"": [""version_3_1""], ""variable"": [""river_discharge_in_the_last_24_hours""]}"
2026-02-16T07:38:52Z,P1__reforecast__version_3_1__lisflood__ensemble_perturbed_reforecast,reforecast,P1,cems-glofas-reforecast,version_3_1,lisflood,ensemble_perturbed_reforecast,2000-02-24,error,0,invalid_request,"400 Client Error: Bad Request for url: https://ewds.climate.copernicus.eu/api/retrieve/v1/processes/cems-glofas-reforecast/execution
invalid request
Request has not produced a valid combination of values, please check your selection.
{'system_version': ['version_3_1'], 'hydrological_model': ['lisflood'], 'product_type': ['ensemble_perturbed_reforecast'], 'variable': ['river_discharge_in_the_last_24_hours'], 'data_format': ['grib'], 'area': ['37.2443931', '-122.272464', '36.8443931', '-121.872464'], 'hyear': ['2000'], 'hmonth': ['02'], 'hday': ['24'], 'leadtime_hour': ['24']}",,local,repro/glofas_coverage_scan_runs/refine_20260216T072601Z/downloads/reforecast/P1__reforecast__version_3_1__lisflood__ensemble_perturbed_reforecast/2000-02-24.zip,"{""area"": [37.2443931, -122.272464, 36.8443931, -121.872464], ""data_format"": ""grib2"", ""download_format"": ""zip"", ""hday"": [""24""], ""hmonth"": [""02""], ""hydrological_model"": [""lisflood""], ""hyear"": [""2000""], ""leadtime_hour"": [""24""], ""product_type"": [""ensemble_perturbed_reforecast""], ""system_version"": [""version_3_1""], ""variable"": [""river_discharge_in_the_last_24_hours""]}"
2026-02-16T07:38:53Z,P1__reforecast__version_3_1__lisflood__ensemble_perturbed_reforecast,reforecast,P1,cems-glofas-reforecast,version_3_1,lisflood,ensemble_perturbed_reforecast,2000-03-02,error,0,invalid_request,"400 Client Error: Bad Request for url: https://ewds.climate.copernicus.eu/api/retrieve/v1/processes/cems-glofas-reforecast/execution
invalid request
Request has not produced a valid combination of values, please check your selection.
{'system_version': ['version_3_1'], 'hydrological_model': ['lisflood'], 'product_type': ['ensemble_perturbed_reforecast'], 'variable': ['river_discharge_in_the_last_24_hours'], 'data_format': ['grib'], 'area': ['37.2443931', '-122.272464', '36.8443931', '-121.872464'], 'hyear': ['2000'], 'hmonth': ['03'], 'hday': ['02'], 'leadtime_hour': ['24']}",,local,repro/glofas_coverage_scan_runs/refine_20260216T072601Z/downloads/reforecast/P1__reforecast__version_3_1__lisflood__ensemble_perturbed_reforecast/2000-03-02.zip,"{""area"": [37.2443931, -122.272464, 36.8443931, -121.872464], ""data_format"": ""grib2"", ""download_format"": ""zip"", ""hday"": [""02""], ""hmonth"": [""03""], ""hydrological_model"": [""lisflood""], ""hyear"": [""2000""], ""leadtime_hour"": [""24""], ""product_type"": [""ensemble_perturbed_reforecast""], ""system_version"": [""version_3_1""], ""variable"": [""river_discharge_in_the_last_24_hours""]}"
2026-02-16T07:38:54Z,P2__historical__version_4_0__htessel_lisflood__consolidated,historical,P2,cems-glofas-historical,version_4_0,htessel_lisflood,consolidated,1979-09-28,error,0,invalid_request,"400 Client Error: Bad Request for url: https://ewds.climate.copernicus.eu/api/retrieve/v1/processes/cems-glofas-historical/execution
invalid request
Request has not produced a valid combination of values, please check your selection.
{'system_version': ['version_4_0'], 'hydrological_model': ['htessel_lisflood'], 'product_type': ['consolidated'], 'variable': ['river_discharge_in_the_last_24_hours'], 'data_format': ['grib'], 'area': ['37.2443931', '-122.272464', '36.8443931', '-121.872464'], 'hyear': ['1979'], 'hmonth': ['09'], 'hday': ['28']}",,local,repro/glofas_coverage_scan_runs/refine_20260216T072601Z/downloads/historical/P2__historical__version_4_0__htessel_lisflood__consolidated/1979-09-28.zip,"{""area"": [37.2443931, -122.272464, 36.8443931, -121.872464], ""data_format"": ""grib2"", ""download_format"": ""zip"", ""hday"": [""28""], ""hmonth"": [""09""], ""hydrological_model"": [""htessel_lisflood""], ""hyear"": [""1979""], ""product_type"": [""consolidated""], ""system_version"": [""version_4_0""], ""variable"": [""river_discharge_in_the_last_24_hours""]}"
2026-02-16T07:38:55Z,P2__historical__version_4_0__htessel_lisflood__consolidated,historical,P2,cems-glofas-historical,version_4_0,htessel_lisflood,consolidated,2021-01-04,error,0,invalid_request,"400 Client Error: Bad Request for url: https://ewds.climate.copernicus.eu/api/retrieve/v1/processes/cems-glofas-historical/execution
invalid request
Request has not produced a valid combination of values, please check your selection.
{'system_version': ['version_4_0'], 'hydrological_model': ['htessel_lisflood'], 'product_type': ['consolidated'], 'variable': ['river_discharge_in_the_last_24_hours'], 'data_format': ['grib'], 'area': ['37.2443931', '-122.272464', '36.8443931', '-121.872464'], 'hyear': ['2021'], 'hmonth': ['01'], 'hday': ['04']}",,local,repro/glofas_coverage_scan_runs/refine_20260216T072601Z/downloads/historical/P2__historical__version_4_0__htessel_lisflood__consolidated/2021-01-04.zip,"{""area"": [37.2443931, -122.272464, 36.8443931, -121.872464], ""data_format"": ""grib2"", ""download_format"": ""zip"", ""hday"": [""04""], ""hmonth"": [""01""], ""hydrological_model"": [""htessel_lisflood""], ""hyear"": [""2021""], ""product_type"": [""consolidated""], ""system_version"": [""version_4_0""], ""variable"": [""river_discharge_in_the_last_24_hours""]}"
2026-02-16T07:38:56Z,P2__historical__version_4_0__htessel_lisflood__consolidated,historical,P2,cems-glofas-historical,version_4_0,htessel_lisflood,consolidated,2022-07-31,error,0,invalid_request,"400 Client Error: Bad Request for url: https://ewds.climate.copernicus.eu/api/retrieve/v1/processes/cems-glofas-historical/execution
invalid request
Request has not produced a valid combination of values, please check your selection.
{'system_version': ['version_4_0'], 'hydrological_model': ['htessel_lisflood'], 'product_type': ['consolidated'], 'variable': ['river_discharge_in_the_last_24_hours'], 'data_format': ['grib'], 'area': ['37.2443931', '-122.272464', '36.8443931', '-121.872464'], 'hyear': ['2022'], 'hmonth': ['07'], 'hday': ['31']}",,local,repro/glofas_coverage_scan_runs/refine_20260216T072601Z/downloads/historical/P2__historical__version_4_0__htessel_lisflood__consolidated/2022-07-31.zip,"{""area"": [37.2443931, -122.272464, 36.8443931, -121.872464], ""data_format"": ""grib2"", ""download_format"": ""zip"", ""hday"": [""31""], ""hmonth"": [""07""], ""hydrological_model"": [""htessel_lisflood""], ""hyear"": [""2022""], ""product_type"": [""consolidated""], ""system_version"": [""version_4_0""], ""variable"": [""river_discharge_in_the_last_24_hours""]}"
2026-02-16T07:38:57Z,P2__historical__version_4_0__htessel_lisflood__intermediate,historical,P2,cems-glofas-historical,version_4_0,htessel_lisflood,intermediate,1979-09-28,error,0,invalid_request,"400 Client Error: Bad Request for url: https://ewds.climate.copernicus.eu/api/retrieve/v1/processes/cems-glofas-historical/execution
invalid request
Request has not produced a valid combination of values, please check your selection.
{'system_version': ['version_4_0'], 'hydrological_model': ['htessel_lisflood'], 'product_type': ['intermediate'], 'variable': ['river_discharge_in_the_last_24_hours'], 'data_format': ['grib'], 'area': ['37.2443931', '-122.272464', '36.8443931', '-121.872464'], 'hyear': ['1979'], 'hmonth': ['09'], 'hday': ['28']}",,local,repro/glofas_coverage_scan_runs/refine_20260216T072601Z/downloads/historical/P2__historical__version_4_0__htessel_lisflood__intermediate/1979-09-28.zip,"{""area"": [37.2443931, -122.272464, 36.8443931, -121.872464], ""data_format"": ""grib2"", ""download_format"": ""zip"", ""hday"": [""28""], ""hmonth"": [""09""], ""hydrological_model"": [""htessel_lisflood""], ""hyear"": [""1979""], ""product_type"": [""intermediate""], ""system_version"": [""version_4_0""], ""variable"": [""river_discharge_in_the_last_24_hours""]}"
2026-02-16T07:38:59Z,P2__historical__version_4_0__htessel_lisflood__intermediate,historical,P2,cems-glofas-historical,version_4_0,htessel_lisflood,intermediate,2021-01-04,error,0,invalid_request,"400 Client Error: Bad Request for url: https://ewds.climate.copernicus.eu/api/retrieve/v1/processes/cems-glofas-historical/execution
invalid request
Request has not produced a valid combination of values, please check your selection.
{'system_version': ['version_4_0'], 'hydrological_model': ['htessel_lisflood'], 'product_type': ['intermediate'], 'variable': ['river_discharge_in_the_last_24_hours'], 'data_format': ['grib'], 'area': ['37.2443931', '-122.272464', '36.8443931', '-121.872464'], 'hyear': ['2021'], 'hmonth': ['01'], 'hday': ['04']}",,local,repro/glofas_coverage_scan_runs/refine_20260216T072601Z/downloads/historical/P2__historical__version_4_0__htessel_lisflood__intermediate/2021-01-04.zip,"{""area"": [37.2443931, -122.272464, 36.8443931, -121.872464], ""data_format"": ""grib2"", ""download_format"": ""zip"", ""hday"": [""04""], ""hmonth"": [""01""], ""hydrological_model"": [""htessel_lisflood""], ""hyear"": [""2021""], ""product_type"": [""intermediate""], ""system_version"": [""version_4_0""], ""variable"": [""river_discharge_in_the_last_24_hours""]}"
2026-02-16T07:39:00Z,P2__historical__version_4_0__htessel_lisflood__intermediate,historical,P2,cems-glofas-historical,version_4_0,htessel_lisflood,intermediate,2022-07-31,error,0,invalid_request,"400 Client Error: Bad Request for url: https://ewds.climate.copernicus.eu/api/retrieve/v1/processes/cems-glofas-historical/execution
invalid request
Request has not produced a valid combination of values, please check your selection.
{'system_version': ['version_4_0'], 'hydrological_model': ['htessel_lisflood'], 'product_type': ['intermediate'], 'variable': ['river_discharge_in_the_last_24_hours'], 'data_format': ['grib'], 'area': ['37.2443931', '-122.272464', '36.8443931', '-121.872464'], 'hyear': ['2022'], 'hmonth': ['07'], 'hday': ['31']}",,local,repro/glofas_coverage_scan_runs/refine_20260216T072601Z/downloads/historical/P2__historical__version_4_0__htessel_lisflood__intermediate/2022-07-31.zip,"{""area"": [37.2443931, -122.272464, 36.8443931, -121.872464], ""data_format"": ""grib2"", ""download_format"": ""zip"", ""hday"": [""31""], ""hmonth"": [""07""], ""hydrological_model"": [""htessel_lisflood""], ""hyear"": [""2022""], ""product_type"": [""intermediate""], ""system_version"": [""version_4_0""], ""variable"": [""river_discharge_in_the_last_24_hours""]}"
2026-02-16T07:36:34Z,P1__reforecast__version_3_1__lisflood__control_reforecast,reforecast,P1,cems-glofas-reforecast,version_3_1,lisflood,control_reforecast,2002-06-17,ok,1,,,294,local,repro/glofas_coverage_scan_runs/refine_20260216T072601Z/downloads/reforecast/P1__reforecast__version_3_1__lisflood__control_reforecast/2002-06-17.zip,"{""area"": [37.2443931, -122.272464, 36.8443931, -121.872464], ""data_format"": ""grib2"", ""download_format"": ""zip"", ""hday"": [""17""], ""hmonth"": [""06""], ""hydrological_model"": [""lisflood""], ""hyear"": [""2002""], ""leadtime_hour"": [""24""], ""product_type"": [""control_reforecast""], ""system_version"": [""version_3_1""], ""variable"": [""river_discharge_in_the_last_24_hours""]}"
2026-02-16T07:37:02Z,P1__reforecast__version_3_1__lisflood__control_reforecast,reforecast,P1,cems-glofas-reforecast,version_3_1,lisflood,control_reforecast,2002-01-14,ok,1,,,302,local,repro/glofas_coverage_scan_runs/refine_20260216T072601Z/downloads/reforecast/P1__reforecast__version_3_1__lisflood__control_reforecast/2002-01-14.zip,"{""area"": [37.2443931, -122.272464, 36.8443931, -121.872464], ""data_format"": ""grib2"", ""download_format"": ""zip"", ""hday"": [""14""], ""hmonth"": [""01""], ""hydrological_model"": [""lisflood""], ""hyear"": [""2002""], ""leadtime_hour"": [""24""], ""product_type"": [""control_reforecast""], ""system_version"": [""version_3_1""], ""variable"": [""river_discharge_in_the_last_24_hours""]}"
2026-02-16T07:37:30Z,P1__reforecast__version_3_1__lisflood__control_reforecast,reforecast,P1,cems-glofas-reforecast,version_3_1,lisflood,control_reforecast,2002-07-11,ok,1,,,296,local,repro/glofas_coverage_scan_runs/refine_20260216T072601Z/downloads/reforecast/P1__reforecast__version_3_1__lisflood__control_reforecast/2002-07-11.zip,"{""area"": [37.2443931, -122.272464, 36.8443931, -121.872464], ""data_format"": ""grib2"", ""download_format"": ""zip"", ""hday"": [""11""], ""hmonth"": [""07""], ""hydrological_model"": [""lisflood""], ""hyear"": [""2002""], ""leadtime_hour"": [""24""], ""product_type"": [""control_reforecast""], ""system_version"": [""version_3_1""], ""variable"": [""river_discharge_in_the_last_24_hours""]}"
2026-02-16T07:37:47Z,P1__reforecast__version_3_1__lisflood__control_reforecast,reforecast,P1,cems-glofas-reforecast,version_3_1,lisflood,control_reforecast,2002-01-10,ok,1,,,303,local,repro/glofas_coverage_scan_runs/refine_20260216T072601Z/downloads/reforecast/P1__reforecast__version_3_1__lisflood__control_reforecast/2002-01-10.zip,"{""area"": [37.2443931, -122.272464, 36.8443931, -121.872464], ""data_format"": ""grib2"", ""download_format"": ""zip"", ""hday"": [""10""], ""hmonth"": [""01""], ""hydrological_model"": [""lisflood""], ""hyear"": [""2002""], ""leadtime_hour"": [""24""], ""product_type"": [""control_reforecast""], ""system_version"": [""version_3_1""], ""variable"": [""river_discharge_in_the_last_24_hours""]}"
2026-02-16T07:38:09Z,P1__reforecast__version_3_1__lisflood__control_reforecast,reforecast,P1,cems-glofas-reforecast,version_3_1,lisflood,control_reforecast,2002-01-03,ok,1,,,303,local,repro/glofas_coverage_scan_runs/refine_20260216T072601Z/downloads/reforecast/P1__reforecast__version_3_1__lisflood__control_reforecast/2002-01-03.zip,"{""area"": [37.2443931, -122.272464, 36.8443931, -121.872464], ""data_format"": ""grib2"", ""download_format"": ""zip"", ""hday"": [""03""], ""hmonth"": [""01""], ""hydrological_model"": [""lisflood""], ""hyear"": [""2002""], ""leadtime_hour"": [""24""], ""product_type"": [""control_reforecast""], ""system_version"": [""version_3_1""], ""variable"": [""river_discharge_in_the_last_24_hours""]}"
2026-02-16T07:38:10Z,P1__reforecast__version_3_1__lisflood__control_reforecast,reforecast,P1,cems-glofas-reforecast,version_3_1,lisflood,control_reforecast,2001-12-20,error,0,invalid_request,"400 Client Error: Bad Request for url: https://ewds.climate.copernicus.eu/api/retrieve/v1/processes/cems-glofas-reforecast/execution
invalid request
Request has not produced a valid combination of values, please check your selection.
{'system_version': ['version_3_1'], 'hydrological_model': ['lisflood'], 'product_type': ['control_reforecast'], 'variable': ['river_discharge_in_the_last_24_hours'], 'data_format': ['grib'], 'area': ['37.2443931', '-122.272464', '36.8443931', '-121.872464'], 'hyear': ['2001'], 'hmonth': ['12'], 'hday': ['20'], 'leadtime_hour': ['24']}",,local,repro/glofas_coverage_scan_runs/refine_20260216T072601Z/downloads/reforecast/P1__reforecast__version_3_1__lisflood__control_reforecast/2001-12-20.zip,"{""area"": [37.2443931, -122.272464, 36.8443931, -121.872464], ""data_format"": ""grib2"", ""download_format"": ""zip"", ""hday"": [""20""], ""hmonth"": [""12""], ""hydrological_model"": [""lisflood""], ""hyear"": [""2001""], ""leadtime_hour"": [""24""], ""product_type"": [""control_reforecast""], ""system_version"": [""version_3_1""], ""variable"": [""river_discharge_in_the_last_24_hours""]}"
2026-02-16T07:39:40Z,P1__reforecast__version_3_1__lisflood__control_reforecast,reforecast,P1,cems-glofas-reforecast,version_3_1,lisflood,control_reforecast,2002-07-15,error,0,timeout,timeout after 90s,,local,repro/glofas_coverage_scan_runs/refine_20260216T072601Z/downloads/reforecast/P1__reforecast__version_3_1__lisflood__control_reforecast/2002-07-15.zip,"{""area"": [37.2443931, -122.272464, 36.8443931, -121.872464], ""data_format"": ""grib2"", ""download_format"": ""zip"", ""hday"": [""15""], ""hmonth"": [""07""], ""hydrological_model"": [""lisflood""], ""hyear"": [""2002""], ""leadtime_hour"": [""24""], ""product_type"": [""control_reforecast""], ""system_version"": [""version_3_1""], ""variable"": [""river_discharge_in_the_last_24_hours""]}"
2026-02-16T07:39:42Z,P1__reforecast__version_3_1__lisflood__control_reforecast,reforecast,P1,cems-glofas-reforecast,version_3_1,lisflood,control_reforecast,2001-12-27,error,0,invalid_request,"400 Client Error: Bad Request for url: https://ewds.climate.copernicus.eu/api/retrieve/v1/processes/cems-glofas-reforecast/execution
invalid request
Request has not produced a valid combination of values, please check your selection.
{'system_version': ['version_3_1'], 'hydrological_model': ['lisflood'], 'product_type': ['control_reforecast'], 'variable': ['river_discharge_in_the_last_24_hours'], 'data_format': ['grib'], 'area': ['37.2443931', '-122.272464', '36.8443931', '-121.872464'], 'hyear': ['2001'], 'hmonth': ['12'], 'hday': ['27'], 'leadtime_hour': ['24']}",,local,repro/glofas_coverage_scan_runs/refine_20260216T072601Z/downloads/reforecast/P1__reforecast__version_3_1__lisflood__control_reforecast/2001-12-27.zip,"{""area"": [37.2443931, -122.272464, 36.8443931, -121.872464], ""data_format"": ""grib2"", ""download_format"": ""zip"", ""hday"": [""27""], ""hmonth"": [""12""], ""hydrological_model"": [""lisflood""], ""hyear"": [""2001""], ""leadtime_hour"": [""24""], ""product_type"": [""control_reforecast""], ""system_version"": [""version_3_1""], ""variable"": [""river_discharge_in_the_last_24_hours""]}"
2026-02-16T07:39:43Z,P1__reforecast__version_3_1__lisflood__control_reforecast,reforecast,P1,cems-glofas-reforecast,version_3_1,lisflood,control_reforecast,2001-12-31,error,0,invalid_request,"400 Client Error: Bad Request for url: https://ewds.climate.copernicus.eu/api/retrieve/v1/processes/cems-glofas-reforecast/execution
invalid request
Request has not produced a valid combination of values, please check your selection.
{'system_version': ['version_3_1'], 'hydrological_model': ['lisflood'], 'product_type': ['control_reforecast'], 'variable': ['river_discharge_in_the_last_24_hours'], 'data_format': ['grib'], 'area': ['37.2443931', '-122.272464', '36.8443931', '-121.872464'], 'hyear': ['2001'], 'hmonth': ['12'], 'hday': ['31'], 'leadtime_hour': ['24']}",,local,repro/glofas_coverage_scan_runs/refine_20260216T072601Z/downloads/reforecast/P1__reforecast__version_3_1__lisflood__control_reforecast/2001-12-31.zip,"{""area"": [37.2443931, -122.272464, 36.8443931, -121.872464], ""data_format"": ""grib2"", ""download_format"": ""zip"", ""hday"": [""31""], ""hmonth"": [""12""], ""hydrological_model"": [""lisflood""], ""hyear"": [""2001""], ""leadtime_hour"": [""24""], ""product_type"": [""control_reforecast""], ""system_version"": [""version_3_1""], ""variable"": [""river_discharge_in_the_last_24_hours""]}"
2026-02-16T07:39:44Z,P2__historical__version_4_0__lisflood__intermediate,historical,P2,cems-glofas-historical,version_4_0,lisflood,intermediate,1979-09-28,error,0,invalid_request,"400 Client Error: Bad Request for url: https://ewds.climate.copernicus.eu/api/retrieve/v1/processes/cems-glofas-historical/execution
invalid request
Request has not produced a valid combination of values, please check your selection.
{'system_version': ['version_4_0'], 'hydrological_model': ['lisflood'], 'product_type': ['intermediate'], 'variable': ['river_discharge_in_the_last_24_hours'], 'data_format': ['grib'], 'area': ['37.2443931', '-122.272464', '36.8443931', '-121.872464'], 'hyear': ['1979'], 'hmonth': ['09'], 'hday': ['28']}",,local,repro/glofas_coverage_scan_runs/refine_20260216T072601Z/downloads/historical/P2__historical__version_4_0__lisflood__intermediate/1979-09-28.zip,"{""area"": [37.2443931, -122.272464, 36.8443931, -121.872464], ""data_format"": ""grib2"", ""download_format"": ""zip"", ""hday"": [""28""], ""hmonth"": [""09""], ""hydrological_model"": [""lisflood""], ""hyear"": [""1979""], ""product_type"": [""intermediate""], ""system_version"": [""version_4_0""], ""variable"": [""river_discharge_in_the_last_24_hours""]}"
2026-02-16T07:39:45Z,P2__historical__version_4_0__lisflood__intermediate,historical,P2,cems-glofas-historical,version_4_0,lisflood,intermediate,2021-01-04,error,0,invalid_request,"400 Client Error: Bad Request for url: https://ewds.climate.copernicus.eu/api/retrieve/v1/processes/cems-glofas-historical/execution
invalid request
Request has not produced a valid combination of values, please check your selection.
{'system_version': ['version_4_0'], 'hydrological_model': ['lisflood'], 'product_type': ['intermediate'], 'variable': ['river_discharge_in_the_last_24_hours'], 'data_format': ['grib'], 'area': ['37.2443931', '-122.272464', '36.8443931', '-121.872464'], 'hyear': ['2021'], 'hmonth': ['01'], 'hday': ['04']}",,local,repro/glofas_coverage_scan_runs/refine_20260216T072601Z/downloads/historical/P2__historical__version_4_0__lisflood__intermediate/2021-01-04.zip,"{""area"": [37.2443931, -122.272464, 36.8443931, -121.872464], ""data_format"": ""grib2"", ""download_format"": ""zip"", ""hday"": [""04""], ""hmonth"": [""01""], ""hydrological_model"": [""lisflood""], ""hyear"": [""2021""], ""product_type"": [""intermediate""], ""system_version"": [""version_4_0""], ""variable"": [""river_discharge_in_the_last_24_hours""]}"
2026-02-16T07:39:47Z,P2__historical__version_4_0__lisflood__intermediate,historical,P2,cems-glofas-historical,version_4_0,lisflood,intermediate,2022-07-31,error,0,invalid_request,"400 Client Error: Bad Request for url: https://ewds.climate.copernicus.eu/api/retrieve/v1/processes/cems-glofas-historical/execution
invalid request
Request has not produced a valid combination of values, please check your selection.
{'system_version': ['version_4_0'], 'hydrological_model': ['lisflood'], 'product_type': ['intermediate'], 'variable': ['river_discharge_in_the_last_24_hours'], 'data_format': ['grib'], 'area': ['37.2443931', '-122.272464', '36.8443931', '-121.872464'], 'hyear': ['2022'], 'hmonth': ['07'], 'hday': ['31']}",,local,repro/glofas_coverage_scan_runs/refine_20260216T072601Z/downloads/historical/P2__historical__version_4_0__lisflood__intermediate/2022-07-31.zip,"{""area"": [37.2443931, -122.272464, 36.8443931, -121.872464], ""data_format"": ""grib2"", ""download_format"": ""zip"", ""hday"": [""31""], ""hmonth"": [""07""], ""hydrological_model"": [""lisflood""], ""hyear"": [""2022""], ""product_type"": [""intermediate""], ""system_version"": [""version_4_0""], ""variable"": [""river_discharge_in_the_last_24_hours""]}"
2026-02-16T07:39:48Z,P2__reforecast__version_4_0__htessel_lisflood__control_reforecast,reforecast,P2,cems-glofas-reforecast,version_4_0,htessel_lisflood,control_reforecast,2021-01-04,error,0,invalid_request,"400 Client Error: Bad Request for url: https://ewds.climate.copernicus.eu/api/retrieve/v1/processes/cems-glofas-reforecast/execution
invalid request
Request has not produced a valid combination of values, please check your selection.
{'system_version': ['version_4_0'], 'hydrological_model': ['htessel_lisflood'], 'product_type': ['control_reforecast'], 'variable': ['river_discharge_in_the_last_24_hours'], 'data_format': ['grib'], 'area': ['37.2443931', '-122.272464', '36.8443931', '-121.872464'], 'hyear': ['2021'], 'hmonth': ['01'], 'hday': ['04'], 'leadtime_hour': ['24']}",,local,repro/glofas_coverage_scan_runs/refine_20260216T072601Z/downloads/reforecast/P2__reforecast__version_4_0__htessel_lisflood__control_reforecast/2021-01-04.zip,"{""area"": [37.2443931, -122.272464, 36.8443931, -121.872464], ""data_format"": ""grib2"", ""download_format"": ""zip"", ""hday"": [""04""], ""hmonth"": [""01""], ""hydrological_model"": [""htessel_lisflood""], ""hyear"": [""2021""], ""leadtime_hour"": [""24""], ""product_type"": [""control_reforecast""], ""system_version"": [""version_4_0""], ""variable"": [""river_discharge_in_the_last_24_hours""]}"
2026-02-16T07:39:49Z,P2__reforecast__version_4_0__htessel_lisflood__control_reforecast,reforecast,P2,cems-glofas-reforecast,version_4_0,htessel_lisflood,control_reforecast,2023-03-27,error,0,invalid_request,"400 Client Error: Bad Request for url: https://ewds.climate.copernicus.eu/api/retrieve/v1/processes/cems-glofas-reforecast/execution
invalid request
Request has not produced a valid combination of values, please check your selection.
{'system_version': ['version_4_0'], 'hydrological_model': ['htessel_lisflood'], 'product_type': ['control_reforecast'], 'variable': ['river_discharge_in_the_last_24_hours'], 'data_format': ['grib'], 'area': ['37.2443931', '-122.272464', '36.8443931', '-121.872464'], 'hyear': ['2023'], 'hmonth': ['03'], 'hday': ['27'], 'leadtime_hour': ['24']}",,local,repro/glofas_coverage_scan_runs/refine_20260216T072601Z/downloads/reforecast/P2__reforecast__version_4_0__htessel_lisflood__control_reforecast/2023-03-27.zip,"{""area"": [37.2443931, -122.272464, 36.8443931, -121.872464], ""data_format"": ""grib2"", ""download_format"": ""zip"", ""hday"": [""27""], ""hmonth"": [""03""], ""hydrological_model"": [""htessel_lisflood""], ""hyear"": [""2023""], ""leadtime_hour"": [""24""], ""product_type"": [""control_reforecast""], ""system_version"": [""version_4_0""], ""variable"": [""river_discharge_in_the_last_24_hours""]}"
2026-02-16T07:39:50Z,P2__reforecast__version_4_0__htessel_lisflood__control_reforecast,reforecast,P2,cems-glofas-reforecast,version_4_0,htessel_lisflood,control_reforecast,1999-01-04,error,0,invalid_request,"400 Client Error: Bad Request for url: https://ewds.climate.copernicus.eu/api/retrieve/v1/processes/cems-glofas-reforecast/execution
invalid request
Request has not produced a valid combination of values, please check your selection.
{'system_version': ['version_4_0'], 'hydrological_model': ['htessel_lisflood'], 'product_type': ['control_reforecast'], 'variable': ['river_discharge_in_the_last_24_hours'], 'data_format': ['grib'], 'area': ['37.2443931', '-122.272464', '36.8443931', '-121.872464'], 'hyear': ['1999'], 'hmonth': ['01'], 'hday': ['04'], 'leadtime_hour': ['24']}",,local,repro/glofas_coverage_scan_runs/refine_20260216T072601Z/downloads/reforecast/P2__reforecast__version_4_0__htessel_lisflood__control_reforecast/1999-01-04.zip,"{""area"": [37.2443931, -122.272464, 36.8443931, -121.872464], ""data_format"": ""grib2"", ""download_format"": ""zip"", ""hday"": [""04""], ""hmonth"": [""01""], ""hydrological_model"": [""htessel_lisflood""], ""hyear"": [""1999""], ""leadtime_hour"": [""24""], ""product_type"": [""control_reforecast""], ""system_version"": [""version_4_0""], ""variable"": [""river_discharge_in_the_last_24_hours""]}"
2026-02-16T07:39:52Z,P2__reforecast__version_4_0__htessel_lisflood__ensemble_perturbed_reforecast,reforecast,P2,cems-glofas-reforecast,version_4_0,htessel_lisflood,ensemble_perturbed_reforecast,2021-01-04,error,0,invalid_request,"400 Client Error: Bad Request for url: https://ewds.climate.copernicus.eu/api/retrieve/v1/processes/cems-glofas-reforecast/execution
invalid request
Request has not produced a valid combination of values, please check your selection.
{'system_version': ['version_4_0'], 'hydrological_model': ['htessel_lisflood'], 'product_type': ['ensemble_perturbed_reforecast'], 'variable': ['river_discharge_in_the_last_24_hours'], 'data_format': ['grib'], 'area': ['37.2443931', '-122.272464', '36.8443931', '-121.872464'], 'hyear': ['2021'], 'hmonth': ['01'], 'hday': ['04'], 'leadtime_hour': ['24']}",,local,repro/glofas_coverage_scan_runs/refine_20260216T072601Z/downloads/reforecast/P2__reforecast__version_4_0__htessel_lisflood__ensemble_perturbed_reforecast/2021-01-04.zip,"{""area"": [37.2443931, -122.272464, 36.8443931, -121.872464], ""data_format"": ""grib2"", ""download_format"": ""zip"", ""hday"": [""04""], ""hmonth"": [""01""], ""hydrological_model"": [""htessel_lisflood""], ""hyear"": [""2021""], ""leadtime_hour"": [""24""], ""product_type"": [""ensemble_perturbed_reforecast""], ""system_version"": [""version_4_0""], ""variable"": [""river_discharge_in_the_last_24_hours""]}"
2026-02-16T07:39:53Z,P2__reforecast__version_4_0__htessel_lisflood__ensemble_perturbed_reforecast,reforecast,P2,cems-glofas-reforecast,version_4_0,htessel_lisflood,ensemble_perturbed_reforecast,2023-03-27,error,0,invalid_request,"400 Client Error: Bad Request for url: https://ewds.climate.copernicus.eu/api/retrieve/v1/processes/cems-glofas-reforecast/execution
invalid request
Request has not produced a valid combination of values, please check your selection.
{'system_version': ['version_4_0'], 'hydrological_model': ['htessel_lisflood'], 'product_type': ['ensemble_perturbed_reforecast'], 'variable': ['river_discharge_in_the_last_24_hours'], 'data_format': ['grib'], 'area': ['37.2443931', '-122.272464', '36.8443931', '-121.872464'], 'hyear': ['2023'], 'hmonth': ['03'], 'hday': ['27'], 'leadtime_hour': ['24']}",,local,repro/glofas_coverage_scan_runs/refine_20260216T072601Z/downloads/reforecast/P2__reforecast__version_4_0__htessel_lisflood__ensemble_perturbed_reforecast/2023-03-27.zip,"{""area"": [37.2443931, -122.272464, 36.8443931, -121.872464], ""data_format"": ""grib2"", ""download_format"": ""zip"", ""hday"": [""27""], ""hmonth"": [""03""], ""hydrological_model"": [""htessel_lisflood""], ""hyear"": [""2023""], ""leadtime_hour"": [""24""], ""product_type"": [""ensemble_perturbed_reforecast""], ""system_version"": [""version_4_0""], ""variable"": [""river_discharge_in_the_last_24_hours""]}"
2026-02-16T07:39:54Z,P2__reforecast__version_4_0__htessel_lisflood__ensemble_perturbed_reforecast,reforecast,P2,cems-glofas-reforecast,version_4_0,htessel_lisflood,ensemble_perturbed_reforecast,1999-01-04,error,0,invalid_request,"400 Client Error: Bad Request for url: https://ewds.climate.copernicus.eu/api/retrieve/v1/processes/cems-glofas-reforecast/execution
invalid request
Request has not produced a valid combination of values, please check your selection.
{'system_version': ['version_4_0'], 'hydrological_model': ['htessel_lisflood'], 'product_type': ['ensemble_perturbed_reforecast'], 'variable': ['river_discharge_in_the_last_24_hours'], 'data_format': ['grib'], 'area': ['37.2443931', '-122.272464', '36.8443931', '-121.872464'], 'hyear': ['1999'], 'hmonth': ['01'], 'hday': ['04'], 'leadtime_hour': ['24']}",,local,repro/glofas_coverage_scan_runs/refine_20260216T072601Z/downloads/reforecast/P2__reforecast__version_4_0__htessel_lisflood__ensemble_perturbed_reforecast/1999-01-04.zip,"{""area"": [37.2443931, -122.272464, 36.8443931, -121.872464], ""data_format"": ""grib2"", ""download_format"": ""zip"", ""hday"": [""04""], ""hmonth"": [""01""], ""hydrological_model"": [""htessel_lisflood""], ""hyear"": [""1999""], ""leadtime_hour"": [""24""], ""product_type"": [""ensemble_perturbed_reforecast""], ""system_version"": [""version_4_0""], ""variable"": [""river_discharge_in_the_last_24_hours""]}"
2026-02-16T07:40:16Z,P2__reforecast__version_4_0__lisflood__control_reforecast,reforecast,P2,cems-glofas-reforecast,version_4_0,lisflood,control_reforecast,2021-01-04,ok,1,,,343,local,repro/glofas_coverage_scan_runs/refine_20260216T072601Z/downloads/reforecast/P2__reforecast__version_4_0__lisflood__control_reforecast/2021-01-04.zip,"{""area"": [37.2443931, -122.272464, 36.8443931, -121.872464], ""data_format"": ""grib2"", ""download_format"": ""zip"", ""hday"": [""04""], ""hmonth"": [""01""], ""hydrological_model"": [""lisflood""], ""hyear"": [""2021""], ""leadtime_hour"": [""24""], ""product_type"": [""control_reforecast""], ""system_version"": [""version_4_0""], ""variable"": [""river_discharge_in_the_last_24_hours""]}"
2026-02-16T07:40:18Z,P2__reforecast__version_4_0__lisflood__control_reforecast,reforecast,P2,cems-glofas-reforecast,version_4_0,lisflood,control_reforecast,2020-12-31,error,0,invalid_request,"400 Client Error: Bad Request for url: https://ewds.climate.copernicus.eu/api/retrieve/v1/processes/cems-glofas-reforecast/execution
invalid request
Request has not produced a valid combination of values, please check your selection.
{'system_version': ['version_4_0'], 'hydrological_model': ['lisflood'], 'product_type': ['control_reforecast'], 'variable': ['river_discharge_in_the_last_24_hours'], 'data_format': ['grib'], 'area': ['37.2443931', '-122.272464', '36.8443931', '-121.872464'], 'hyear': ['2020'], 'hmonth': ['12'], 'hday': ['31'], 'leadtime_hour': ['24']}",,local,repro/glofas_coverage_scan_runs/refine_20260216T072601Z/downloads/reforecast/P2__reforecast__version_4_0__lisflood__control_reforecast/2020-12-31.zip,"{""area"": [37.2443931, -122.272464, 36.8443931, -121.872464], ""data_format"": ""grib2"", ""download_format"": ""zip"", ""hday"": [""31""], ""hmonth"": [""12""], ""hydrological_model"": [""lisflood""], ""hyear"": [""2020""], ""leadtime_hour"": [""24""], ""product_type"": [""control_reforecast""], ""system_version"": [""version_4_0""], ""variable"": [""river_discharge_in_the_last_24_hours""]}"
2026-02-16T07:40:19Z,P2__reforecast__version_4_0__lisflood__control_reforecast,reforecast,P2,cems-glofas-reforecast,version_4_0,lisflood,control_reforecast,2021-01-07,error,0,invalid_request,"400 Client Error: Bad Request for url: https://ewds.climate.copernicus.eu/api/retrieve/v1/processes/cems-glofas-reforecast/execution
invalid request
Request has not produced a valid combination of values, please check your selection.
{'system_version': ['version_4_0'], 'hydrological_model': ['lisflood'], 'product_type': ['control_reforecast'], 'variable': ['river_discharge_in_the_last_24_hours'], 'data_format': ['grib'], 'area': ['37.2443931', '-122.272464', '36.8443931', '-121.872464'], 'hyear': ['2021'], 'hmonth': ['01'], 'hday': ['07'], 'leadtime_hour': ['24']}",,local,repro/glofas_coverage_scan_runs/refine_20260216T072601Z/downloads/reforecast/P2__reforecast__version_4_0__lisflood__control_reforecast/2021-01-07.zip,"{""area"": [37.2443931, -122.272464, 36.8443931, -121.872464], ""data_format"": ""grib2"", ""download_format"": ""zip"", ""hday"": [""07""], ""hmonth"": [""01""], ""hydrological_model"": [""lisflood""], ""hyear"": [""2021""], ""leadtime_hour"": [""24""], ""product_type"": [""control_reforecast""], ""system_version"": [""version_4_0""], ""variable"": [""river_discharge_in_the_last_24_hours""]}"
2026-02-16T07:40:41Z,P2__reforecast__version_4_0__lisflood__ensemble_perturbed_reforecast,reforecast,P2,cems-glofas-reforecast,version_4_0,lisflood,ensemble_perturbed_reforecast,2021-01-04,ok,1,,,802,local,repro/glofas_coverage_scan_runs/refine_20260216T072601Z/downloads/reforecast/P2__reforecast__version_4_0__lisflood__ensemble_perturbed_reforecast/2021-01-04.zip,"{""area"": [37.2443931, -122.272464, 36.8443931, -121.872464], ""data_format"": ""grib2"", ""download_format"": ""zip"", ""hday"": [""04""], ""hmonth"": [""01""], ""hydrological_model"": [""lisflood""], ""hyear"": [""2021""], ""leadtime_hour"": [""24""], ""product_type"": [""ensemble_perturbed_reforecast""], ""system_version"": [""version_4_0""], ""variable"": [""river_discharge_in_the_last_24_hours""]}"
2026-02-16T07:40:42Z,P2__reforecast__version_4_0__lisflood__ensemble_perturbed_reforecast,reforecast,P2,cems-glofas-reforecast,version_4_0,lisflood,ensemble_perturbed_reforecast,2020-12-31,error,0,invalid_request,"400 Client Error: Bad Request for url: https://ewds.climate.copernicus.eu/api/retrieve/v1/processes/cems-glofas-reforecast/execution
invalid request
Request has not produced a valid combination of values, please check your selection.
{'system_version': ['version_4_0'], 'hydrological_model': ['lisflood'], 'product_type': ['ensemble_perturbed_reforecast'], 'variable': ['river_discharge_in_the_last_24_hours'], 'data_format': ['grib'], 'area': ['37.2443931', '-122.272464', '36.8443931', '-121.872464'], 'hyear': ['2020'], 'hmonth': ['12'], 'hday': ['31'], 'leadtime_hour': ['24']}",,local,repro/glofas_coverage_scan_runs/refine_20260216T072601Z/downloads/reforecast/P2__reforecast__version_4_0__lisflood__ensemble_perturbed_reforecast/2020-12-31.zip,"{""area"": [37.2443931, -122.272464, 36.8443931, -121.872464], ""data_format"": ""grib2"", ""download_format"": ""zip"", ""hday"": [""31""], ""hmonth"": [""12""], ""hydrological_model"": [""lisflood""], ""hyear"": [""2020""], ""leadtime_hour"": [""24""], ""product_type"": [""ensemble_perturbed_reforecast""], ""system_version"": [""version_4_0""], ""variable"": [""river_discharge_in_the_last_24_hours""]}"
2026-02-16T07:40:43Z,P2__reforecast__version_4_0__lisflood__ensemble_perturbed_reforecast,reforecast,P2,cems-glofas-reforecast,version_4_0,lisflood,ensemble_perturbed_reforecast,2021-01-07,error,0,invalid_request,"400 Client Error: Bad Request for url: https://ewds.climate.copernicus.eu/api/retrieve/v1/processes/cems-glofas-reforecast/execution
invalid request
Request has not produced a valid combination of values, please check your selection.
{'system_version': ['version_4_0'], 'hydrological_model': ['lisflood'], 'product_type': ['ensemble_perturbed_reforecast'], 'variable': ['river_discharge_in_the_last_24_hours'], 'data_format': ['grib'], 'area': ['37.2443931', '-122.272464', '36.8443931', '-121.872464'], 'hyear': ['2021'], 'hmonth': ['01'], 'hday': ['07'], 'leadtime_hour': ['24']}",,local,repro/glofas_coverage_scan_runs/refine_20260216T072601Z/downloads/reforecast/P2__reforecast__version_4_0__lisflood__ensemble_perturbed_reforecast/2021-01-07.zip,"{""area"": [37.2443931, -122.272464, 36.8443931, -121.872464], ""data_format"": ""grib2"", ""download_format"": ""zip"", ""hday"": [""07""], ""hmonth"": [""01""], ""hydrological_model"": [""lisflood""], ""hyear"": [""2021""], ""leadtime_hour"": [""24""], ""product_type"": [""ensemble_perturbed_reforecast""], ""system_version"": [""version_4_0""], ""variable"": [""river_discharge_in_the_last_24_hours""]}"
2026-02-16T07:39:58Z,P2__historical__version_4_0__lisflood__consolidated,historical,P2,cems-glofas-historical,version_4_0,lisflood,consolidated,2023-03-27,ok,1,,,354,local,repro/glofas_coverage_scan_runs/refine_20260216T072601Z/downloads/historical/P2__historical__version_4_0__lisflood__consolidated/2023-03-27.zip,"{""area"": [37.2443931, -122.272464, 36.8443931, -121.872464], ""data_format"": ""grib2"", ""download_format"": ""zip"", ""hday"": [""27""], ""hmonth"": [""03""], ""hydrological_model"": [""lisflood""], ""hyear"": [""2023""], ""product_type"": [""consolidated""], ""system_version"": [""version_4_0""], ""variable"": [""river_discharge_in_the_last_24_hours""]}"
2026-02-16T07:40:26Z,P2__historical__version_4_0__lisflood__consolidated,historical,P2,cems-glofas-historical,version_4_0,lisflood,consolidated,2024-08-19,ok,1,,,342,local,repro/glofas_coverage_scan_runs/refine_20260216T072601Z/downloads/historical/P2__historical__version_4_0__lisflood__consolidated/2024-08-19.zip,"{""area"": [37.2443931, -122.272464, 36.8443931, -121.872464], ""data_format"": ""grib2"", ""download_format"": ""zip"", ""hday"": [""19""], ""hmonth"": [""08""], ""hydrological_model"": [""lisflood""], ""hyear"": [""2024""], ""product_type"": [""consolidated""], ""system_version"": [""version_4_0""], ""variable"": [""river_discharge_in_the_last_24_hours""]}"
2026-02-16T07:40:50Z,P2__historical__version_4_0__lisflood__consolidated,historical,P2,cems-glofas-historical,version_4_0,lisflood,consolidated,2023-03-26,ok,1,,,364,local,repro/glofas_coverage_scan_runs/refine_20260216T072601Z/downloads/historical/P2__historical__version_4_0__lisflood__consolidated/2023-03-26.zip,"{""area"": [37.2443931, -122.272464, 36.8443931, -121.872464], ""data_format"": ""grib2"", ""download_format"": ""zip"", ""hday"": [""26""], ""hmonth"": [""03""], ""hydrological_model"": [""lisflood""], ""hyear"": [""2023""], ""product_type"": [""consolidated""], ""system_version"": [""version_4_0""], ""variable"": [""river_discharge_in_the_last_24_hours""]}"
2026-02-16T07:41:13Z,P2__historical__version_4_0__lisflood__consolidated,historical,P2,cems-glofas-historical,version_4_0,lisflood,consolidated,2023-03-24,ok,1,,,362,local,repro/glofas_coverage_scan_runs/refine_20260216T072601Z/downloads/historical/P2__historical__version_4_0__lisflood__consolidated/2023-03-24.zip,"{""area"": [37.2443931, -122.272464, 36.8443931, -121.872464], ""data_format"": ""grib2"", ""download_format"": ""zip"", ""hday"": [""24""], ""hmonth"": [""03""], ""hydrological_model"": [""lisflood""], ""hyear"": [""2023""], ""product_type"": [""consolidated""], ""system_version"": [""version_4_0""], ""variable"": [""river_discharge_in_the_last_24_hours""]}"
2026-02-16T07:41:35Z,P2__historical__version_4_0__lisflood__consolidated,historical,P2,cems-glofas-historical,version_4_0,lisflood,consolidated,2023-03-20,ok,1,,,359,local,repro/glofas_coverage_scan_runs/refine_20260216T072601Z/downloads/historical/P2__historical__version_4_0__lisflood__consolidated/2023-03-20.zip,"{""area"": [37.2443931, -122.272464, 36.8443931, -121.872464], ""data_format"": ""grib2"", ""download_format"": ""zip"", ""hday"": [""20""], ""hmonth"": [""03""], ""hydrological_model"": [""lisflood""], ""hyear"": [""2023""], ""product_type"": [""consolidated""], ""system_version"": [""version_4_0""], ""variable"": [""river_discharge_in_the_last_24_hours""]}"
2026-02-16T07:41:52Z,P2__historical__version_4_0__lisflood__consolidated,historical,P2,cems-glofas-historical,version_4_0,lisflood,consolidated,2023-03-12,ok,1,,,363,local,repro/glofas_coverage_scan_runs/refine_20260216T072601Z/downloads/historical/P2__historical__version_4_0__lisflood__consolidated/2023-03-12.zip,"{""area"": [37.2443931, -122.272464, 36.8443931, -121.872464], ""data_format"": ""grib2"", ""download_format"": ""zip"", ""hday"": [""12""], ""hmonth"": [""03""], ""hydrological_model"": [""lisflood""], ""hyear"": [""2023""], ""product_type"": [""consolidated""], ""system_version"": [""version_4_0""], ""variable"": [""river_discharge_in_the_last_24_hours""]}"
2026-02-16T07:42:09Z,P2__historical__version_4_0__lisflood__consolidated,historical,P2,cems-glofas-historical,version_4_0,lisflood,consolidated,2023-02-24,ok,1,,,348,local,repro/glofas_coverage_scan_runs/refine_20260216T072601Z/downloads/historical/P2__historical__version_4_0__lisflood__consolidated/2023-02-24.zip,"{""area"": [37.2443931, -122.272464, 36.8443931, -121.872464], ""data_format"": ""grib2"", ""download_format"": ""zip"", ""hday"": [""24""], ""hmonth"": [""02""], ""hydrological_model"": [""lisflood""], ""hyear"": [""2023""], ""product_type"": [""consolidated""], ""system_version"": [""version_4_0""], ""variable"": [""river_discharge_in_the_last_24_hours""]}"
2026-02-16T07:42:27Z,P2__historical__version_4_0__lisflood__consolidated,historical,P2,cems-glofas-historical,version_4_0,lisflood,consolidated,2023-01-23,ok,1,,,376,local,repro/glofas_coverage_scan_runs/refine_20260216T072601Z/downloads/historical/P2__historical__version_4_0__lisflood__consolidated/2023-01-23.zip,"{""area"": [37.2443931, -122.272464, 36.8443931, -121.872464], ""data_format"": ""grib2"", ""download_format"": ""zip"", ""hday"": [""23""], ""hmonth"": [""01""], ""hydrological_model"": [""lisflood""], ""hyear"": [""2023""], ""product_type"": [""consolidated""], ""system_version"": [""version_4_0""], ""variable"": [""river_discharge_in_the_last_24_hours""]}"
2026-02-16T07:42:45Z,P2__historical__version_4_0__lisflood__consolidated,historical,P2,cems-glofas-historical,version_4_0,lisflood,consolidated,2022-11-20,ok,1,,,340,local,repro/glofas_coverage_scan_runs/refine_20260216T072601Z/downloads/historical/P2__historical__version_4_0__lisflood__consolidated/2022-11-20.zip,"{""area"": [37.2443931, -122.272464, 36.8443931, -121.872464], ""data_format"": ""grib2"", ""download_format"": ""zip"", ""hday"": [""20""], ""hmonth"": [""11""], ""hydrological_model"": [""lisflood""], ""hyear"": [""2022""], ""product_type"": [""consolidated""], ""system_version"": [""version_4_0""], ""variable"": [""river_discharge_in_the_last_24_hours""]}"
2026-02-16T07:43:02Z,P2__historical__version_4_0__lisflood__consolidated,historical,P2,cems-glofas-historical,version_4_0,lisflood,consolidated,2022-07-15,ok,1,,,326,local,repro/glofas_coverage_scan_runs/refine_20260216T072601Z/downloads/historical/P2__historical__version_4_0__lisflood__consolidated/2022-07-15.zip,"{""area"": [37.2443931, -122.272464, 36.8443931, -121.872464], ""data_format"": ""grib2"", ""download_format"": ""zip"", ""hday"": [""15""], ""hmonth"": [""07""], ""hydrological_model"": [""lisflood""], ""hyear"": [""2022""], ""product_type"": [""consolidated""], ""system_version"": [""version_4_0""], ""variable"": [""river_discharge_in_the_last_24_hours""]}"
2026-02-16T07:43:24Z,P2__historical__version_4_0__lisflood__consolidated,historical,P2,cems-glofas-historical,version_4_0,lisflood,consolidated,2021-11-01,ok,1,,,345,local,repro/glofas_coverage_scan_runs/refine_20260216T072601Z/downloads/historical/P2__historical__version_4_0__lisflood__consolidated/2021-11-01.zip,"{""area"": [37.2443931, -122.272464, 36.8443931, -121.872464], ""data_format"": ""grib2"", ""download_format"": ""zip"", ""hday"": [""01""], ""hmonth"": [""11""], ""hydrological_model"": [""lisflood""], ""hyear"": [""2021""], ""product_type"": [""consolidated""], ""system_version"": [""version_4_0""], ""variable"": [""river_discharge_in_the_last_24_hours""]}"
2026-02-16T07:43:47Z,P2__historical__version_4_0__lisflood__consolidated,historical,P2,cems-glofas-historical,version_4_0,lisflood,consolidated,2020-06-07,ok,1,,,328,local,repro/glofas_coverage_scan_runs/refine_20260216T072601Z/downloads/historical/P2__historical__version_4_0__lisflood__consolidated/2020-06-07.zip,"{""area"": [37.2443931, -122.272464, 36.8443931, -121.872464], ""data_format"": ""grib2"", ""download_format"": ""zip"", ""hday"": [""07""], ""hmonth"": [""06""], ""hydrological_model"": [""lisflood""], ""hyear"": [""2020""], ""product_type"": [""consolidated""], ""system_version"": [""version_4_0""], ""variable"": [""river_discharge_in_the_last_24_hours""]}"
2026-02-16T07:44:05Z,P2__historical__version_4_0__lisflood__consolidated,historical,P2,cems-glofas-historical,version_4_0,lisflood,consolidated,2017-08-18,ok,1,,,343,local,repro/glofas_coverage_scan_runs/refine_20260216T072601Z/downloads/historical/P2__historical__version_4_0__lisflood__consolidated/2017-08-18.zip,"{""area"": [37.2443931, -122.272464, 36.8443931, -121.872464], ""data_format"": ""grib2"", ""download_format"": ""zip"", ""hday"": [""18""], ""hmonth"": [""08""], ""hydrological_model"": [""lisflood""], ""hyear"": [""2017""], ""product_type"": [""consolidated""], ""system_version"": [""version_4_0""], ""variable"": [""river_discharge_in_the_last_24_hours""]}"
2026-02-16T07:44:27Z,P2__historical__version_4_0__lisflood__consolidated,historical,P2,cems-glofas-historical,version_4_0,lisflood,consolidated,2012-01-09,ok,1,,,333,local,repro/glofas_coverage_scan_runs/refine_20260216T072601Z/downloads/historical/P2__historical__version_4_0__lisflood__consolidated/2012-01-09.zip,"{""area"": [37.2443931, -122.272464, 36.8443931, -121.872464], ""data_format"": ""grib2"", ""download_format"": ""zip"", ""hday"": [""09""], ""hmonth"": [""01""], ""hydrological_model"": [""lisflood""], ""hyear"": [""2012""], ""product_type"": [""consolidated""], ""system_version"": [""version_4_0""], ""variable"": [""river_discharge_in_the_last_24_hours""]}"
2026-02-16T07:44:51Z,P2__historical__version_4_0__lisflood__consolidated,historical,P2,cems-glofas-historical,version_4_0,lisflood,consolidated,2000-10-22,ok,1,,,337,local,repro/glofas_coverage_scan_runs/refine_20260216T072601Z/downloads/historical/P2__historical__version_4_0__lisflood__consolidated/2000-10-22.zip,"{""area"": [37.2443931, -122.272464, 36.8443931, -121.872464], ""data_format"": ""grib2"", ""download_format"": ""zip"", ""hday"": [""22""], ""hmonth"": [""10""], ""hydrological_model"": [""lisflood""], ""hyear"": [""2000""], ""product_type"": [""consolidated""], ""system_version"": [""version_4_0""], ""variable"": [""river_discharge_in_the_last_24_hours""]}"
2026-02-16T07:45:14Z,P2__historical__version_4_0__lisflood__consolidated,historical,P2,cems-glofas-historical,version_4_0,lisflood,consolidated,1979-01-01,ok,1,,,334,local,repro/glofas_coverage_scan_runs/refine_20260216T072601Z/downloads/historical/P2__historical__version_4_0__lisflood__consolidated/1979-01-01.zip,"{""area"": [37.2443931, -122.272464, 36.8443931, -121.872464], ""data_format"": ""grib2"", ""download_format"": ""zip"", ""hday"": [""01""], ""hmonth"": [""01""], ""hydrological_model"": [""lisflood""], ""hyear"": [""1979""], ""product_type"": [""consolidated""], ""system_version"": [""version_4_0""], ""variable"": [""river_discharge_in_the_last_24_hours""]}"
2026-02-16T07:45:38Z,P2__historical__version_4_0__lisflood__consolidated,historical,P2,cems-glofas-historical,version_4_0,lisflood,consolidated,2024-08-20,ok,1,,,342,local,repro/glofas_coverage_scan_runs/refine_20260216T072601Z/downloads/historical/P2__historical__version_4_0__lisflood__consolidated/2024-08-20.zip,"{""area"": [37.2443931, -122.272464, 36.8443931, -121.872464], ""data_format"": ""grib2"", ""download_format"": ""zip"", ""hday"": [""20""], ""hmonth"": [""08""], ""hydrological_model"": [""lisflood""], ""hyear"": [""2024""], ""product_type"": [""consolidated""], ""system_version"": [""version_4_0""], ""variable"": [""river_discharge_in_the_last_24_hours""]}"
2026-02-16T07:46:00Z,P2__historical__version_4_0__lisflood__consolidated,historical,P2,cems-glofas-historical,version_4_0,lisflood,consolidated,2024-08-22,ok,1,,,344,local,repro/glofas_coverage_scan_runs/refine_20260216T072601Z/downloads/historical/P2__historical__version_4_0__lisflood__consolidated/2024-08-22.zip,"{""area"": [37.2443931, -122.272464, 36.8443931, -121.872464], ""data_format"": ""grib2"", ""download_format"": ""zip"", ""hday"": [""22""], ""hmonth"": [""08""], ""hydrological_model"": [""lisflood""], ""hyear"": [""2024""], ""product_type"": [""consolidated""], ""system_version"": [""version_4_0""], ""variable"": [""river_discharge_in_the_last_24_hours""]}"
2026-02-16T07:46:28Z,P2__historical__version_4_0__lisflood__consolidated,historical,P2,cems-glofas-historical,version_4_0,lisflood,consolidated,2024-08-26,ok,1,,,342,local,repro/glofas_coverage_scan_runs/refine_20260216T072601Z/downloads/historical/P2__historical__version_4_0__lisflood__consolidated/2024-08-26.zip,"{""area"": [37.2443931, -122.272464, 36.8443931, -121.872464], ""data_format"": ""grib2"", ""download_format"": ""zip"", ""hday"": [""26""], ""hmonth"": [""08""], ""hydrological_model"": [""lisflood""], ""hyear"": [""2024""], ""product_type"": [""consolidated""], ""system_version"": [""version_4_0""], ""variable"": [""river_discharge_in_the_last_24_hours""]}"
2026-02-16T07:46:45Z,P2__historical__version_4_0__lisflood__consolidated,historical,P2,cems-glofas-historical,version_4_0,lisflood,consolidated,2024-09-03,ok,1,,,344,local,repro/glofas_coverage_scan_runs/refine_20260216T072601Z/downloads/historical/P2__historical__version_4_0__lisflood__consolidated/2024-09-03.zip,"{""area"": [37.2443931, -122.272464, 36.8443931, -121.872464], ""data_format"": ""grib2"", ""download_format"": ""zip"", ""hday"": [""03""], ""hmonth"": [""09""], ""hydrological_model"": [""lisflood""], ""hyear"": [""2024""], ""product_type"": [""consolidated""], ""system_version"": [""version_4_0""], ""variable"": [""river_discharge_in_the_last_24_hours""]}"
2026-02-16T07:47:02Z,P2__historical__version_4_0__lisflood__consolidated,historical,P2,cems-glofas-historical,version_4_0,lisflood,consolidated,2024-09-19,ok,1,,,346,local,repro/glofas_coverage_scan_runs/refine_20260216T072601Z/downloads/historical/P2__historical__version_4_0__lisflood__consolidated/2024-09-19.zip,"{""area"": [37.2443931, -122.272464, 36.8443931, -121.872464], ""data_format"": ""grib2"", ""download_format"": ""zip"", ""hday"": [""19""], ""hmonth"": [""09""], ""hydrological_model"": [""lisflood""], ""hyear"": [""2024""], ""product_type"": [""consolidated""], ""system_version"": [""version_4_0""], ""variable"": [""river_discharge_in_the_last_24_hours""]}"
2026-02-16T07:47:24Z,P2__historical__version_4_0__lisflood__consolidated,historical,P2,cems-glofas-historical,version_4_0,lisflood,consolidated,2024-10-21,ok,1,,,354,local,repro/glofas_coverage_scan_runs/refine_20260216T072601Z/downloads/historical/P2__historical__version_4_0__lisflood__consolidated/2024-10-21.zip,"{""area"": [37.2443931, -122.272464, 36.8443931, -121.872464], ""data_format"": ""grib2"", ""download_format"": ""zip"", ""hday"": [""21""], ""hmonth"": [""10""], ""hydrological_model"": [""lisflood""], ""hyear"": [""2024""], ""product_type"": [""consolidated""], ""system_version"": [""version_4_0""], ""variable"": [""river_discharge_in_the_last_24_hours""]}"
2026-02-16T07:47:46Z,P2__historical__version_4_0__lisflood__consolidated,historical,P2,cems-glofas-historical,version_4_0,lisflood,consolidated,2024-12-24,ok,1,,,356,local,repro/glofas_coverage_scan_runs/refine_20260216T072601Z/downloads/historical/P2__historical__version_4_0__lisflood__consolidated/2024-12-24.zip,"{""area"": [37.2443931, -122.272464, 36.8443931, -121.872464], ""data_format"": ""grib2"", ""download_format"": ""zip"", ""hday"": [""24""], ""hmonth"": [""12""], ""hydrological_model"": [""lisflood""], ""hyear"": [""2024""], ""product_type"": [""consolidated""], ""system_version"": [""version_4_0""], ""variable"": [""river_discharge_in_the_last_24_hours""]}"
2026-02-16T07:48:04Z,P2__historical__version_4_0__lisflood__consolidated,historical,P2,cems-glofas-historical,version_4_0,lisflood,consolidated,2025-05-01,ok,1,,,326,local,repro/glofas_coverage_scan_runs/refine_20260216T072601Z/downloads/historical/P2__historical__version_4_0__lisflood__consolidated/2025-05-01.zip,"{""area"": [37.2443931, -122.272464, 36.8443931, -121.872464], ""data_format"": ""grib2"", ""download_format"": ""zip"", ""hday"": [""01""], ""hmonth"": [""05""], ""hydrological_model"": [""lisflood""], ""hyear"": [""2025""], ""product_type"": [""consolidated""], ""system_version"": [""version_4_0""], ""variable"": [""river_discharge_in_the_last_24_hours""]}"
2026-02-16T07:48:05Z,P2__historical__version_4_0__lisflood__consolidated,historical,P2,cems-glofas-historical,version_4_0,lisflood,consolidated,2026-01-12,error,0,invalid_request,"400 Client Error: Bad Request for url: https://ewds.climate.copernicus.eu/api/retrieve/v1/processes/cems-glofas-historical/execution
invalid request
Request has not produced a valid combination of values, please check your selection.
{'system_version': ['version_4_0'], 'hydrological_model': ['lisflood'], 'product_type': ['consolidated'], 'variable': ['river_discharge_in_the_last_24_hours'], 'data_format': ['grib'], 'area': ['37.2443931', '-122.272464', '36.8443931', '-121.872464'], 'hyear': ['2026'], 'hmonth': ['01'], 'hday': ['12']}",,local,repro/glofas_coverage_scan_runs/refine_20260216T072601Z/downloads/historical/P2__historical__version_4_0__lisflood__consolidated/2026-01-12.zip,"{""area"": [37.2443931, -122.272464, 36.8443931, -121.872464], ""data_format"": ""grib2"", ""download_format"": ""zip"", ""hday"": [""12""], ""hmonth"": [""01""], ""hydrological_model"": [""lisflood""], ""hyear"": [""2026""], ""product_type"": [""consolidated""], ""system_version"": [""version_4_0""], ""variable"": [""river_discharge_in_the_last_24_hours""]}"
2026-02-16T07:48:27Z,P2__historical__version_4_0__lisflood__consolidated,historical,P2,cems-glofas-historical,version_4_0,lisflood,consolidated,2025-09-06,ok,1,,,336,local,repro/glofas_coverage_scan_runs/refine_20260216T072601Z/downloads/historical/P2__historical__version_4_0__lisflood__consolidated/2025-09-06.zip,"{""area"": [37.2443931, -122.272464, 36.8443931, -121.872464], ""data_format"": ""grib2"", ""download_format"": ""zip"", ""hday"": [""06""], ""hmonth"": [""09""], ""hydrological_model"": [""lisflood""], ""hyear"": [""2025""], ""product_type"": [""consolidated""], ""system_version"": [""version_4_0""], ""variable"": [""river_discharge_in_the_last_24_hours""]}"
2026-02-16T07:48:50Z,P2__historical__version_4_0__lisflood__consolidated,historical,P2,cems-glofas-historical,version_4_0,lisflood,consolidated,2025-11-09,ok,1,,,335,local,repro/glofas_coverage_scan_runs/refine_20260216T072601Z/downloads/historical/P2__historical__version_4_0__lisflood__consolidated/2025-11-09.zip,"{""area"": [37.2443931, -122.272464, 36.8443931, -121.872464], ""data_format"": ""grib2"", ""download_format"": ""zip"", ""hday"": [""09""], ""hmonth"": [""11""], ""hydrological_model"": [""lisflood""], ""hyear"": [""2025""], ""product_type"": [""consolidated""], ""system_version"": [""version_4_0""], ""variable"": [""river_discharge_in_the_last_24_hours""]}"
2026-02-16T07:48:51Z,P2__historical__version_4_0__lisflood__consolidated,historical,P2,cems-glofas-historical,version_4_0,lisflood,consolidated,2025-12-11,error,0,invalid_request,"400 Client Error: Bad Request for url: https://ewds.climate.copernicus.eu/api/retrieve/v1/processes/cems-glofas-historical/execution
invalid request
Request has not produced a valid combination of values, please check your selection.
{'system_version': ['version_4_0'], 'hydrological_model': ['lisflood'], 'product_type': ['consolidated'], 'variable': ['river_discharge_in_the_last_24_hours'], 'data_format': ['grib'], 'area': ['37.2443931', '-122.272464', '36.8443931', '-121.872464'], 'hyear': ['2025'], 'hmonth': ['12'], 'hday': ['11']}",,local,repro/glofas_coverage_scan_runs/refine_20260216T072601Z/downloads/historical/P2__historical__version_4_0__lisflood__consolidated/2025-12-11.zip,"{""area"": [37.2443931, -122.272464, 36.8443931, -121.872464], ""data_format"": ""grib2"", ""download_format"": ""zip"", ""hday"": [""11""], ""hmonth"": [""12""], ""hydrological_model"": [""lisflood""], ""hyear"": [""2025""], ""product_type"": [""consolidated""], ""system_version"": [""version_4_0""], ""variable"": [""river_discharge_in_the_last_24_hours""]}"
2026-02-16T07:49:09Z,P2__historical__version_4_0__lisflood__consolidated,historical,P2,cems-glofas-historical,version_4_0,lisflood,consolidated,2025-11-25,ok,1,,,342,local,repro/glofas_coverage_scan_runs/refine_20260216T072601Z/downloads/historical/P2__historical__version_4_0__lisflood__consolidated/2025-11-25.zip,"{""area"": [37.2443931, -122.272464, 36.8443931, -121.872464], ""data_format"": ""grib2"", ""download_format"": ""zip"", ""hday"": [""25""], ""hmonth"": [""11""], ""hydrological_model"": [""lisflood""], ""hyear"": [""2025""], ""product_type"": [""consolidated""], ""system_version"": [""version_4_0""], ""variable"": [""river_discharge_in_the_last_24_hours""]}"
2026-02-16T07:49:10Z,P2__historical__version_4_0__lisflood__consolidated,historical,P2,cems-glofas-historical,version_4_0,lisflood,consolidated,2025-12-03,error,0,invalid_request,"400 Client Error: Bad Request for url: https://ewds.climate.copernicus.eu/api/retrieve/v1/processes/cems-glofas-historical/execution
invalid request
Request has not produced a valid combination of values, please check your selection.
{'system_version': ['version_4_0'], 'hydrological_model': ['lisflood'], 'product_type': ['consolidated'], 'variable': ['river_discharge_in_the_last_24_hours'], 'data_format': ['grib'], 'area': ['37.2443931', '-122.272464', '36.8443931', '-121.872464'], 'hyear': ['2025'], 'hmonth': ['12'], 'hday': ['03']}",,local,repro/glofas_coverage_scan_runs/refine_20260216T072601Z/downloads/historical/P2__historical__version_4_0__lisflood__consolidated/2025-12-03.zip,"{""area"": [37.2443931, -122.272464, 36.8443931, -121.872464], ""data_format"": ""grib2"", ""download_format"": ""zip"", ""hday"": [""03""], ""hmonth"": [""12""], ""hydrological_model"": [""lisflood""], ""hyear"": [""2025""], ""product_type"": [""consolidated""], ""system_version"": [""version_4_0""], ""variable"": [""river_discharge_in_the_last_24_hours""]}"
2026-02-16T07:49:38Z,P2__historical__version_4_0__lisflood__consolidated,historical,P2,cems-glofas-historical,version_4_0,lisflood,consolidated,2025-11-29,ok,1,,,329,local,repro/glofas_coverage_scan_runs/refine_20260216T072601Z/downloads/historical/P2__historical__version_4_0__lisflood__consolidated/2025-11-29.zip,"{""area"": [37.2443931, -122.272464, 36.8443931, -121.872464], ""data_format"": ""grib2"", ""download_format"": ""zip"", ""hday"": [""29""], ""hmonth"": [""11""], ""hydrological_model"": [""lisflood""], ""hyear"": [""2025""], ""product_type"": [""consolidated""], ""system_version"": [""version_4_0""], ""variable"": [""river_discharge_in_the_last_24_hours""]}"
2026-02-16T07:49:39Z,P2__historical__version_4_0__lisflood__consolidated,historical,P2,cems-glofas-historical,version_4_0,lisflood,consolidated,2025-12-01,error,0,invalid_request,"400 Client Error: Bad Request for url: https://ewds.climate.copernicus.eu/api/retrieve/v1/processes/cems-glofas-historical/execution
invalid request
Request has not produced a valid combination of values, please check your selection.
{'system_version': ['version_4_0'], 'hydrological_model': ['lisflood'], 'product_type': ['consolidated'], 'variable': ['river_discharge_in_the_last_24_hours'], 'data_format': ['grib'], 'area': ['37.2443931', '-122.272464', '36.8443931', '-121.872464'], 'hyear': ['2025'], 'hmonth': ['12'], 'hday': ['01']}",,local,repro/glofas_coverage_scan_runs/refine_20260216T072601Z/downloads/historical/P2__historical__version_4_0__lisflood__consolidated/2025-12-01.zip,"{""area"": [37.2443931, -122.272464, 36.8443931, -121.872464], ""data_format"": ""grib2"", ""download_format"": ""zip"", ""hday"": [""01""], ""hmonth"": [""12""], ""hydrological_model"": [""lisflood""], ""hyear"": [""2025""], ""product_type"": [""consolidated""], ""system_version"": [""version_4_0""], ""variable"": [""river_discharge_in_the_last_24_hours""]}"
2026-02-16T07:50:01Z,P2__historical__version_4_0__lisflood__consolidated,historical,P2,cems-glofas-historical,version_4_0,lisflood,consolidated,2025-11-30,ok,1,,,335,local,repro/glofas_coverage_scan_runs/refine_20260216T072601Z/downloads/historical/P2__historical__version_4_0__lisflood__consolidated/2025-11-30.zip,"{""area"": [37.2443931, -122.272464, 36.8443931, -121.872464], ""data_format"": ""grib2"", ""download_format"": ""zip"", ""hday"": [""30""], ""hmonth"": [""11""], ""hydrological_model"": [""lisflood""], ""hyear"": [""2025""], ""product_type"": [""consolidated""], ""system_version"": [""version_4_0""], ""variable"": [""river_discharge_in_the_last_24_hours""]}"
