timestamp_utc,run_id,lane,priority,combo_id,dataset,system_version,hydrological_model,product_type,probe_date,status,bytes,error_class,error_message,output_path,request_json
2026-02-16T06:58:53Z,scan_20260216T065850Z,reforecast,P1,P1__reforecast__version_3_1__htessel_lisflood__control_reforecast,cems-glofas-reforecast,version_3_1,htessel_lisflood,control_reforecast,2021-06-14,error,,invalid_request,"400 Client Error: Bad Request for url: https://ewds.climate.copernicus.eu/api/retrieve/v1/processes/cems-glofas-reforecast/execution
invalid request
Request has not produced a valid combination of values, please check your selection.
{'system_version': ['version_3_1'], 'hydrological_model': ['htessel_lisflood'], 'product_type': ['control_reforecast'], 'variable': ['river_discharge_in_the_last_24_hours'], 'data_format': ['grib'], 'area': ['37.2443931', '-122.272464', '36.8443931', '-121.872464'], 'hyear': ['2021'], 'hmonth': ['06'], 'hday': ['14'], 'leadtime_hour': ['24']}",repro/glofas_coverage_scan_runs/scan_20260216T065850Z/downloads/reforecast/P1__reforecast__version_3_1__htessel_lisflood__control_reforecast/2021-06-14.zip,"{""area"": [37.2443931, -122.272464, 36.8443931, -121.872464], ""data_format"": ""grib2"", ""download_format"": ""zip"", ""hday"": [""14""], ""hmonth"": [""06""], ""hydrological_model"": [""htessel_lisflood""], ""hyear"": [""2021""], ""leadtime_hour"": [""24""], ""product_type"": [""control_reforecast""], ""system_version"": [""version_3_1""], ""variable"": [""river_discharge_in_the_last_24_hours""]}"
2026-02-16T06:58:54Z,scan_20260216T065850Z,reforecast,P1,P1__reforecast__version_3_1__htessel_lisflood__control_reforecast,cems-glofas-reforecast,version_3_1,htessel_lisflood,control_reforecast,2021-06-17,error,,invalid_request,"400 Client Error: Bad Request for url: https://ewds.climate.copernicus.eu/api/retrieve/v1/processes/cems-glofas-reforecast/execution
invalid request
Request has not produced a valid combination of values, please check your selection.
{'system_version': ['version_3_1'], 'hydrological_model': ['htessel_lisflood'], 'product_type': ['control_reforecast'], 'variable': ['river_discharge_in_the_last_24_hours'], 'data_format': ['grib'], 'area': ['37.2443931', '-122.272464', '36.8443931', '-121.872464'], 'hyear': ['2021'], 'hmonth': ['06'], 'hday': ['17'], 'leadtime_hour': ['24']}",repro/glofas_coverage_scan_runs/scan_20260216T065850Z/downloads/reforecast/P1__reforecast__version_3_1__htessel_lisflood__control_reforecast/2021-06-17.zip,"{""area"": [37.2443931, -122.272464, 36.8443931, -121.872464], ""data_format"": ""grib2"", ""download_format"": ""zip"", ""hday"": [""17""], ""hmonth"": [""06""], ""hydrological_model"": [""htessel_lisflood""], ""hyear"": [""2021""], ""leadtime_hour"": [""24""], ""product_type"": [""control_reforecast""], ""system_version"": [""version_3_1""], ""variable"": [""river_discharge_in_the_last_24_hours""]}"
2026-02-16T06:58:55Z,scan_20260216T065850Z,reforecast,P1,P1__reforecast__version_3_1__htessel_lisflood__control_reforecast,cems-glofas-reforecast,version_3_1,htessel_lisflood,control_reforecast,1999-01-04,error,,invalid_request,"400 Client Error: Bad Request for url: https://ewds.climate.copernicus.eu/api/retrieve/v1/processes/cems-glofas-reforecast/execution
invalid request
Request has not produced a valid combination of values, please check your selection.
{'system_version': ['version_3_1'], 'hydrological_model': ['htessel_lisflood'], 'product_type': ['control_reforecast'], 'variable': ['river_discharge_in_the_last_24_hours'], 'data_format': ['grib'], 'area': ['37.2443931', '-122.272464', '36.8443931', '-121.872464'], 'hyear': ['1999'], 'hmonth': ['01'], 'hday': ['04'], 'leadtime_hour': ['24']}",repro/glofas_coverage_scan_runs/scan_20260216T065850Z/downloads/reforecast/P1__reforecast__version_3_1__htessel_lisflood__control_reforecast/1999-01-04.zip,"{""area"": [37.2443931, -122.272464, 36.8443931, -121.872464], ""data_format"": ""grib2"", ""download_format"": ""zip"", ""hday"": [""04""], ""hmonth"": [""01""], ""hydrological_model"": [""htessel_lisflood""], ""hyear"": [""1999""], ""leadtime_hour"": [""24""], ""product_type"": [""control_reforecast""], ""system_version"": [""version_3_1""], ""variable"": [""river_discharge_in_the_last_24_hours""]}"
2026-02-16T06:58:56Z,scan_20260216T065850Z,reforecast,P1,P1__reforecast__version_3_1__htessel_lisflood__control_reforecast,cems-glofas-reforecast,version_3_1,htessel_lisflood,control_reforecast,2023-11-23,error,,invalid_request,"400 Client Error: Bad Request for url: https://ewds.climate.copernicus.eu/api/retrieve/v1/processes/cems-glofas-reforecast/execution
invalid request
Request has not produced a valid combination of values, please check your selection.
{'system_version': ['version_3_1'], 'hydrological_model': ['htessel_lisflood'], 'product_type': ['control_reforecast'], 'variable': ['river_discharge_in_the_last_24_hours'], 'data_format': ['grib'], 'area': ['37.2443931', '-122.272464', '36.8443931', '-121.872464'], 'hyear': ['2023'], 'hmonth': ['11'], 'hday': ['23'], 'leadtime_hour': ['24']}",repro/glofas_coverage_scan_runs/scan_20260216T065850Z/downloads/reforecast/P1__reforecast__version_3_1__htessel_lisflood__control_reforecast/2023-11-23.zip,"{""area"": [37.2443931, -122.272464, 36.8443931, -121.872464], ""data_format"": ""grib2"", ""download_format"": ""zip"", ""hday"": [""23""], ""hmonth"": [""11""], ""hydrological_model"": [""htessel_lisflood""], ""hyear"": [""2023""], ""leadtime_hour"": [""24""], ""product_type"": [""control_reforecast""], ""system_version"": [""version_3_1""], ""variable"": [""river_discharge_in_the_last_24_hours""]}"
2026-02-16T06:58:58Z,scan_20260216T065850Z,reforecast,P1,P1__reforecast__version_3_1__htessel_lisflood__control_reforecast,cems-glofas-reforecast,version_3_1,htessel_lisflood,control_reforecast,2011-06-16,error,,invalid_request,"400 Client Error: Bad Request for url: https://ewds.climate.copernicus.eu/api/retrieve/v1/processes/cems-glofas-reforecast/execution
invalid request
Request has not produced a valid combination of values, please check your selection.
{'system_version': ['version_3_1'], 'hydrological_model': ['htessel_lisflood'], 'product_type': ['control_reforecast'], 'variable': ['river_discharge_in_the_last_24_hours'], 'data_format': ['grib'], 'area': ['37.2443931', '-122.272464', '36.8443931', '-121.872464'], 'hyear': ['2011'], 'hmonth': ['06'], 'hday': ['16'], 'leadtime_hour': ['24']}",repro/glofas_coverage_scan_runs/scan_20260216T065850Z/downloads/reforecast/P1__reforecast__version_3_1__htessel_lisflood__control_reforecast/2011-06-16.zip,"{""area"": [37.2443931, -122.272464, 36.8443931, -121.872464], ""data_format"": ""grib2"", ""download_format"": ""zip"", ""hday"": [""16""], ""hmonth"": [""06""], ""hydrological_model"": [""htessel_lisflood""], ""hyear"": [""2011""], ""leadtime_hour"": [""24""], ""product_type"": [""control_reforecast""], ""system_version"": [""version_3_1""], ""variable"": [""river_discharge_in_the_last_24_hours""]}"
2026-02-16T06:58:59Z,scan_20260216T065850Z,reforecast,P1,P1__reforecast__version_3_1__htessel_lisflood__control_reforecast,cems-glofas-reforecast,version_3_1,htessel_lisflood,control_reforecast,2000-02-28,error,,invalid_request,"400 Client Error: Bad Request for url: https://ewds.climate.copernicus.eu/api/retrieve/v1/processes/cems-glofas-reforecast/execution
invalid request
Request has not produced a valid combination of values, please check your selection.
{'system_version': ['version_3_1'], 'hydrological_model': ['htessel_lisflood'], 'product_type': ['control_reforecast'], 'variable': ['river_discharge_in_the_last_24_hours'], 'data_format': ['grib'], 'area': ['37.2443931', '-122.272464', '36.8443931', '-121.872464'], 'hyear': ['2000'], 'hmonth': ['02'], 'hday': ['28'], 'leadtime_hour': ['24']}",repro/glofas_coverage_scan_runs/scan_20260216T065850Z/downloads/reforecast/P1__reforecast__version_3_1__htessel_lisflood__control_reforecast/2000-02-28.zip,"{""area"": [37.2443931, -122.272464, 36.8443931, -121.872464], ""data_format"": ""grib2"", ""download_format"": ""zip"", ""hday"": [""28""], ""hmonth"": [""02""], ""hydrological_model"": [""htessel_lisflood""], ""hyear"": [""2000""], ""leadtime_hour"": [""24""], ""product_type"": [""control_reforecast""], ""system_version"": [""version_3_1""], ""variable"": [""river_discharge_in_the_last_24_hours""]}"
2026-02-16T06:59:00Z,scan_20260216T065850Z,reforecast,P1,P1__reforecast__version_3_1__htessel_lisflood__control_reforecast,cems-glofas-reforecast,version_3_1,htessel_lisflood,control_reforecast,2001-04-23,error,,invalid_request,"400 Client Error: Bad Request for url: https://ewds.climate.copernicus.eu/api/retrieve/v1/processes/cems-glofas-reforecast/execution
invalid request
Request has not produced a valid combination of values, please check your selection.
{'system_version': ['version_3_1'], 'hydrological_model': ['htessel_lisflood'], 'product_type': ['control_reforecast'], 'variable': ['river_discharge_in_the_last_24_hours'], 'data_format': ['grib'], 'area': ['37.2443931', '-122.272464', '36.8443931', '-121.872464'], 'hyear': ['2001'], 'hmonth': ['04'], 'hday': ['23'], 'leadtime_hour': ['24']}",repro/glofas_coverage_scan_runs/scan_20260216T065850Z/downloads/reforecast/P1__reforecast__version_3_1__htessel_lisflood__control_reforecast/2001-04-23.zip,"{""area"": [37.2443931, -122.272464, 36.8443931, -121.872464], ""data_format"": ""grib2"", ""download_format"": ""zip"", ""hday"": [""23""], ""hmonth"": [""04""], ""hydrological_model"": [""htessel_lisflood""], ""hyear"": [""2001""], ""leadtime_hour"": [""24""], ""product_type"": [""control_reforecast""], ""system_version"": [""version_3_1""], ""variable"": [""river_discharge_in_the_last_24_hours""]}"
2026-02-16T06:59:01Z,scan_20260216T065850Z,reforecast,P1,P1__reforecast__version_3_1__htessel_lisflood__control_reforecast,cems-glofas-reforecast,version_3_1,htessel_lisflood,control_reforecast,2002-06-17,error,,invalid_request,"400 Client Error: Bad Request for url: https://ewds.climate.copernicus.eu/api/retrieve/v1/processes/cems-glofas-reforecast/execution
invalid request
Request has not produced a valid combination of values, please check your selection.
{'system_version': ['version_3_1'], 'hydrological_model': ['htessel_lisflood'], 'product_type': ['control_reforecast'], 'variable': ['river_discharge_in_the_last_24_hours'], 'data_format': ['grib'], 'area': ['37.2443931', '-122.272464', '36.8443931', '-121.872464'], 'hyear': ['2002'], 'hmonth': ['06'], 'hday': ['17'], 'leadtime_hour': ['24']}",repro/glofas_coverage_scan_runs/scan_20260216T065850Z/downloads/reforecast/P1__reforecast__version_3_1__htessel_lisflood__control_reforecast/2002-06-17.zip,"{""area"": [37.2443931, -122.272464, 36.8443931, -121.872464], ""data_format"": ""grib2"", ""download_format"": ""zip"", ""hday"": [""17""], ""hmonth"": [""06""], ""hydrological_model"": [""htessel_lisflood""], ""hyear"": [""2002""], ""leadtime_hour"": [""24""], ""product_type"": [""control_reforecast""], ""system_version"": [""version_3_1""], ""variable"": [""river_discharge_in_the_last_24_hours""]}"
2026-02-16T06:59:02Z,scan_20260216T065850Z,reforecast,P1,P1__reforecast__version_3_1__htessel_lisflood__control_reforecast,cems-glofas-reforecast,version_3_1,htessel_lisflood,control_reforecast,2003-08-11,error,,invalid_request,"400 Client Error: Bad Request for url: https://ewds.climate.copernicus.eu/api/retrieve/v1/processes/cems-glofas-reforecast/execution
invalid request
Request has not produced a valid combination of values, please check your selection.
{'system_version': ['version_3_1'], 'hydrological_model': ['htessel_lisflood'], 'product_type': ['control_reforecast'], 'variable': ['river_discharge_in_the_last_24_hours'], 'data_format': ['grib'], 'area': ['37.2443931', '-122.272464', '36.8443931', '-121.872464'], 'hyear': ['2003'], 'hmonth': ['08'], 'hday': ['11'], 'leadtime_hour': ['24']}",repro/glofas_coverage_scan_runs/scan_20260216T065850Z/downloads/reforecast/P1__reforecast__version_3_1__htessel_lisflood__control_reforecast/2003-08-11.zip,"{""area"": [37.2443931, -122.272464, 36.8443931, -121.872464], ""data_format"": ""grib2"", ""download_format"": ""zip"", ""hday"": [""11""], ""hmonth"": [""08""], ""hydrological_model"": [""htessel_lisflood""], ""hyear"": [""2003""], ""leadtime_hour"": [""24""], ""product_type"": [""control_reforecast""], ""system_version"": [""version_3_1""], ""variable"": [""river_discharge_in_the_last_24_hours""]}"
2026-02-16T06:59:04Z,scan_20260216T065850Z,reforecast,P1,P1__reforecast__version_3_1__htessel_lisflood__control_reforecast,cems-glofas-reforecast,version_3_1,htessel_lisflood,control_reforecast,2004-10-04,error,,invalid_request,"400 Client Error: Bad Request for url: https://ewds.climate.copernicus.eu/api/retrieve/v1/processes/cems-glofas-reforecast/execution
invalid request
Request has not produced a valid combination of values, please check your selection.
{'system_version': ['version_3_1'], 'hydrological_model': ['htessel_lisflood'], 'product_type': ['control_reforecast'], 'variable': ['river_discharge_in_the_last_24_hours'], 'data_format': ['grib'], 'area': ['37.2443931', '-122.272464', '36.8443931', '-121.872464'], 'hyear': ['2004'], 'hmonth': ['10'], 'hday': ['04'], 'leadtime_hour': ['24']}",repro/glofas_coverage_scan_runs/scan_20260216T065850Z/downloads/reforecast/P1__reforecast__version_3_1__htessel_lisflood__control_reforecast/2004-10-04.zip,"{""area"": [37.2443931, -122.272464, 36.8443931, -121.872464], ""data_format"": ""grib2"", ""download_format"": ""zip"", ""hday"": [""04""], ""hmonth"": [""10""], ""hydrological_model"": [""htessel_lisflood""], ""hyear"": [""2004""], ""leadtime_hour"": [""24""], ""product_type"": [""control_reforecast""], ""system_version"": [""version_3_1""], ""variable"": [""river_discharge_in_the_last_24_hours""]}"
2026-02-16T06:59:05Z,scan_20260216T065850Z,reforecast,P1,P1__reforecast__version_3_1__htessel_lisflood__control_reforecast,cems-glofas-reforecast,version_3_1,htessel_lisflood,control_reforecast,2005-11-28,error,,invalid_request,"400 Client Error: Bad Request for url: https://ewds.climate.copernicus.eu/api/retrieve/v1/processes/cems-glofas-reforecast/execution
invalid request
Request has not produced a valid combination of values, please check your selection.
{'system_version': ['version_3_1'], 'hydrological_model': ['htessel_lisflood'], 'product_type': ['control_reforecast'], 'variable': ['river_discharge_in_the_last_24_hours'], 'data_format': ['grib'], 'area': ['37.2443931', '-122.272464', '36.8443931', '-121.872464'], 'hyear': ['2005'], 'hmonth': ['11'], 'hday': ['28'], 'leadtime_hour': ['24']}",repro/glofas_coverage_scan_runs/scan_20260216T065850Z/downloads/reforecast/P1__reforecast__version_3_1__htessel_lisflood__control_reforecast/2005-11-28.zip,"{""area"": [37.2443931, -122.272464, 36.8443931, -121.872464], ""data_format"": ""grib2"", ""download_format"": ""zip"", ""hday"": [""28""], ""hmonth"": [""11""], ""hydrological_model"": [""htessel_lisflood""], ""hyear"": [""2005""], ""leadtime_hour"": [""24""], ""product_type"": [""control_reforecast""], ""system_version"": [""version_3_1""], ""variable"": [""river_discharge_in_the_last_24_hours""]}"
2026-02-16T06:59:06Z,scan_20260216T065850Z,reforecast,P1,P1__reforecast__version_3_1__htessel_lisflood__control_reforecast,cems-glofas-reforecast,version_3_1,htessel_lisflood,control_reforecast,2007-01-22,error,,invalid_request,"400 Client Error: Bad Request for url: https://ewds.climate.copernicus.eu/api/retrieve/v1/processes/cems-glofas-reforecast/execution
invalid request
Request has not produced a valid combination of values, please check your selection.
{'system_version': ['version_3_1'], 'hydrological_model': ['htessel_lisflood'], 'product_type': ['control_reforecast'], 'variable': ['river_discharge_in_the_last_24_hours'], 'data_format': ['grib'], 'area': ['37.2443931', '-122.272464', '36.8443931', '-121.872464'], 'hyear': ['2007'], 'hmonth': ['01'], 'hday': ['22'], 'leadtime_hour': ['24']}",repro/glofas_coverage_scan_runs/scan_20260216T065850Z/downloads/reforecast/P1__reforecast__version_3_1__htessel_lisflood__control_reforecast/2007-01-22.zip,"{""area"": [37.2443931, -122.272464, 36.8443931, -121.872464], ""data_format"": ""grib2"", ""download_format"": ""zip"", ""hday"": [""22""], ""hmonth"": [""01""], ""hydrological_model"": [""htessel_lisflood""], ""hyear"": [""2007""], ""leadtime_hour"": [""24""], ""product_type"": [""control_reforecast""], ""system_version"": [""version_3_1""], ""variable"": [""river_discharge_in_the_last_24_hours""]}"
2026-02-16T06:59:07Z,scan_20260216T065850Z,reforecast,P1,P1__reforecast__version_3_1__htessel_lisflood__control_reforecast,cems-glofas-reforecast,version_3_1,htessel_lisflood,control_reforecast,2008-03-17,error,,invalid_request,"400 Client Error: Bad Request for url: https://ewds.climate.copernicus.eu/api/retrieve/v1/processes/cems-glofas-reforecast/execution
invalid request
Request has not produced a valid combination of values, please check your selection.
{'system_version': ['version_3_1'], 'hydrological_model': ['htessel_lisflood'], 'product_type': ['control_reforecast'], 'variable': ['river_discharge_in_the_last_24_hours'], 'data_format': ['grib'], 'area': ['37.2443931', '-122.272464', '36.8443931', '-121.872464'], 'hyear': ['2008'], 'hmonth': ['03'], 'hday': ['17'], 'leadtime_hour': ['24']}",repro/glofas_coverage_scan_runs/scan_20260216T065850Z/downloads/reforecast/P1__reforecast__version_3_1__htessel_lisflood__control_reforecast/2008-03-17.zip,"{""area"": [37.2443931, -122.272464, 36.8443931, -121.872464], ""data_format"": ""grib2"", ""download_format"": ""zip"", ""hday"": [""17""], ""hmonth"": [""03""], ""hydrological_model"": [""htessel_lisflood""], ""hyear"": [""2008""], ""leadtime_hour"": [""24""], ""product_type"": [""control_reforecast""], ""system_version"": [""version_3_1""], ""variable"": [""river_discharge_in_the_last_24_hours""]}"
2026-02-16T06:59:09Z,scan_20260216T065850Z,reforecast,P1,P1__reforecast__version_3_1__htessel_lisflood__control_reforecast,cems-glofas-reforecast,version_3_1,htessel_lisflood,control_reforecast,2009-05-11,error,,invalid_request,"400 Client Error: Bad Request for url: https://ewds.climate.copernicus.eu/api/retrieve/v1/processes/cems-glofas-reforecast/execution
invalid request
Request has not produced a valid combination of values, please check your selection.
{'system_version': ['version_3_1'], 'hydrological_model': ['htessel_lisflood'], 'product_type': ['control_reforecast'], 'variable': ['river_discharge_in_the_last_24_hours'], 'data_format': ['grib'], 'area': ['37.2443931', '-122.272464', '36.8443931', '-121.872464'], 'hyear': ['2009'], 'hmonth': ['05'], 'hday': ['11'], 'leadtime_hour': ['24']}",repro/glofas_coverage_scan_runs/scan_20260216T065850Z/downloads/reforecast/P1__reforecast__version_3_1__htessel_lisflood__control_reforecast/2009-05-11.zip,"{""area"": [37.2443931, -122.272464, 36.8443931, -121.872464], ""data_format"": ""grib2"", ""download_format"": ""zip"", ""hday"": [""11""], ""hmonth"": [""05""], ""hydrological_model"": [""htessel_lisflood""], ""hyear"": [""2009""], ""leadtime_hour"": [""24""], ""product_type"": [""control_reforecast""], ""system_version"": [""version_3_1""], ""variable"": [""river_discharge_in_the_last_24_hours""]}"
2026-02-16T06:59:10Z,scan_20260216T065850Z,reforecast,P1,P1__reforecast__version_3_1__htessel_lisflood__control_reforecast,cems-glofas-reforecast,version_3_1,htessel_lisflood,control_reforecast,2010-07-05,error,,invalid_request,"400 Client Error: Bad Request for url: https://ewds.climate.copernicus.eu/api/retrieve/v1/processes/cems-glofas-reforecast/execution
invalid request
Request has not produced a valid combination of values, please check your selection.
{'system_version': ['version_3_1'], 'hydrological_model': ['htessel_lisflood'], 'product_type': ['control_reforecast'], 'variable': ['river_discharge_in_the_last_24_hours'], 'data_format': ['grib'], 'area': ['37.2443931', '-122.272464', '36.8443931', '-121.872464'], 'hyear': ['2010'], 'hmonth': ['07'], 'hday': ['05'], 'leadtime_hour': ['24']}",repro/glofas_coverage_scan_runs/scan_20260216T065850Z/downloads/reforecast/P1__reforecast__version_3_1__htessel_lisflood__control_reforecast/2010-07-05.zip,"{""area"": [37.2443931, -122.272464, 36.8443931, -121.872464], ""data_format"": ""grib2"", ""download_format"": ""zip"", ""hday"": [""05""], ""hmonth"": [""07""], ""hydrological_model"": [""htessel_lisflood""], ""hyear"": [""2010""], ""leadtime_hour"": [""24""], ""product_type"": [""control_reforecast""], ""system_version"": [""version_3_1""], ""variable"": [""river_discharge_in_the_last_24_hours""]}"
2026-02-16T06:59:11Z,scan_20260216T065850Z,reforecast,P1,P1__reforecast__version_3_1__htessel_lisflood__control_reforecast,cems-glofas-reforecast,version_3_1,htessel_lisflood,control_reforecast,2011-08-29,error,,invalid_request,"400 Client Error: Bad Request for url: https://ewds.climate.copernicus.eu/api/retrieve/v1/processes/cems-glofas-reforecast/execution
invalid request
Request has not produced a valid combination of values, please check your selection.
{'system_version': ['version_3_1'], 'hydrological_model': ['htessel_lisflood'], 'product_type': ['control_reforecast'], 'variable': ['river_discharge_in_the_last_24_hours'], 'data_format': ['grib'], 'area': ['37.2443931', '-122.272464', '36.8443931', '-121.872464'], 'hyear': ['2011'], 'hmonth': ['08'], 'hday': ['29'], 'leadtime_hour': ['24']}",repro/glofas_coverage_scan_runs/scan_20260216T065850Z/downloads/reforecast/P1__reforecast__version_3_1__htessel_lisflood__control_reforecast/2011-08-29.zip,"{""area"": [37.2443931, -122.272464, 36.8443931, -121.872464], ""data_format"": ""grib2"", ""download_format"": ""zip"", ""hday"": [""29""], ""hmonth"": [""08""], ""hydrological_model"": [""htessel_lisflood""], ""hyear"": [""2011""], ""leadtime_hour"": [""24""], ""product_type"": [""control_reforecast""], ""system_version"": [""version_3_1""], ""variable"": [""river_discharge_in_the_last_24_hours""]}"
2026-02-16T06:59:12Z,scan_20260216T065850Z,reforecast,P1,P1__reforecast__version_3_1__htessel_lisflood__control_reforecast,cems-glofas-reforecast,version_3_1,htessel_lisflood,control_reforecast,2012-10-22,error,,invalid_request,"400 Client Error: Bad Request for url: https://ewds.climate.copernicus.eu/api/retrieve/v1/processes/cems-glofas-reforecast/execution
invalid request
Request has not produced a valid combination of values, please check your selection.
{'system_version': ['version_3_1'], 'hydrological_model': ['htessel_lisflood'], 'product_type': ['control_reforecast'], 'variable': ['river_discharge_in_the_last_24_hours'], 'data_format': ['grib'], 'area': ['37.2443931', '-122.272464', '36.8443931', '-121.872464'], 'hyear': ['2012'], 'hmonth': ['10'], 'hday': ['22'], 'leadtime_hour': ['24']}",repro/glofas_coverage_scan_runs/scan_20260216T065850Z/downloads/reforecast/P1__reforecast__version_3_1__htessel_lisflood__control_reforecast/2012-10-22.zip,"{""area"": [37.2443931, -122.272464, 36.8443931, -121.872464], ""data_format"": ""grib2"", ""download_format"": ""zip"", ""hday"": [""22""], ""hmonth"": [""10""], ""hydrological_model"": [""htessel_lisflood""], ""hyear"": [""2012""], ""leadtime_hour"": [""24""], ""product_type"": [""control_reforecast""], ""system_version"": [""version_3_1""], ""variable"": [""river_discharge_in_the_last_24_hours""]}"
2026-02-16T06:59:13Z,scan_20260216T065850Z,reforecast,P1,P1__reforecast__version_3_1__htessel_lisflood__control_reforecast,cems-glofas-reforecast,version_3_1,htessel_lisflood,control_reforecast,2013-12-16,error,,invalid_request,"400 Client Error: Bad Request for url: https://ewds.climate.copernicus.eu/api/retrieve/v1/processes/cems-glofas-reforecast/execution
invalid request
Request has not produced a valid combination of values, please check your selection.
{'system_version': ['version_3_1'], 'hydrological_model': ['htessel_lisflood'], 'product_type': ['control_reforecast'], 'variable': ['river_discharge_in_the_last_24_hours'], 'data_format': ['grib'], 'area': ['37.2443931', '-122.272464', '36.8443931', '-121.872464'], 'hyear': ['2013'], 'hmonth': ['12'], 'hday': ['16'], 'leadtime_hour': ['24']}",repro/glofas_coverage_scan_runs/scan_20260216T065850Z/downloads/reforecast/P1__reforecast__version_3_1__htessel_lisflood__control_reforecast/2013-12-16.zip,"{""area"": [37.2443931, -122.272464, 36.8443931, -121.872464], ""data_format"": ""grib2"", ""download_format"": ""zip"", ""hday"": [""16""], ""hmonth"": [""12""], ""hydrological_model"": [""htessel_lisflood""], ""hyear"": [""2013""], ""leadtime_hour"": [""24""], ""product_type"": [""control_reforecast""], ""system_version"": [""version_3_1""], ""variable"": [""river_discharge_in_the_last_24_hours""]}"
2026-02-16T06:59:14Z,scan_20260216T065850Z,reforecast,P1,P1__reforecast__version_3_1__htessel_lisflood__control_reforecast,cems-glofas-reforecast,version_3_1,htessel_lisflood,control_reforecast,2015-02-09,error,,invalid_request,"400 Client Error: Bad Request for url: https://ewds.climate.copernicus.eu/api/retrieve/v1/processes/cems-glofas-reforecast/execution
invalid request
Request has not produced a valid combination of values, please check your selection.
{'system_version': ['version_3_1'], 'hydrological_model': ['htessel_lisflood'], 'product_type': ['control_reforecast'], 'variable': ['river_discharge_in_the_last_24_hours'], 'data_format': ['grib'], 'area': ['37.2443931', '-122.272464', '36.8443931', '-121.872464'], 'hyear': ['2015'], 'hmonth': ['02'], 'hday': ['09'], 'leadtime_hour': ['24']}",repro/glofas_coverage_scan_runs/scan_20260216T065850Z/downloads/reforecast/P1__reforecast__version_3_1__htessel_lisflood__control_reforecast/2015-02-09.zip,"{""area"": [37.2443931, -122.272464, 36.8443931, -121.872464], ""data_format"": ""grib2"", ""download_format"": ""zip"", ""hday"": [""09""], ""hmonth"": [""02""], ""hydrological_model"": [""htessel_lisflood""], ""hyear"": [""2015""], ""leadtime_hour"": [""24""], ""product_type"": [""control_reforecast""], ""system_version"": [""version_3_1""], ""variable"": [""river_discharge_in_the_last_24_hours""]}"
2026-02-16T06:59:15Z,scan_20260216T065850Z,reforecast,P1,P1__reforecast__version_3_1__htessel_lisflood__control_reforecast,cems-glofas-reforecast,version_3_1,htessel_lisflood,control_reforecast,2016-04-04,error,,invalid_request,"400 Client Error: Bad Request for url: https://ewds.climate.copernicus.eu/api/retrieve/v1/processes/cems-glofas-reforecast/execution
invalid request
Request has not produced a valid combination of values, please check your selection.
{'system_version': ['version_3_1'], 'hydrological_model': ['htessel_lisflood'], 'product_type': ['control_reforecast'], 'variable': ['river_discharge_in_the_last_24_hours'], 'data_format': ['grib'], 'area': ['37.2443931', '-122.272464', '36.8443931', '-121.872464'], 'hyear': ['2016'], 'hmonth': ['04'], 'hday': ['04'], 'leadtime_hour': ['24']}",repro/glofas_coverage_scan_runs/scan_20260216T065850Z/downloads/reforecast/P1__reforecast__version_3_1__htessel_lisflood__control_reforecast/2016-04-04.zip,"{""area"": [37.2443931, -122.272464, 36.8443931, -121.872464], ""data_format"": ""grib2"", ""download_format"": ""zip"", ""hday"": [""04""], ""hmonth"": [""04""], ""hydrological_model"": [""htessel_lisflood""], ""hyear"": [""2016""], ""leadtime_hour"": [""24""], ""product_type"": [""control_reforecast""], ""system_version"": [""version_3_1""], ""variable"": [""river_discharge_in_the_last_24_hours""]}"
2026-02-16T06:59:17Z,scan_20260216T065850Z,reforecast,P1,P1__reforecast__version_3_1__htessel_lisflood__control_reforecast,cems-glofas-reforecast,version_3_1,htessel_lisflood,control_reforecast,2017-05-29,error,,invalid_request,"400 Client Error: Bad Request for url: https://ewds.climate.copernicus.eu/api/retrieve/v1/processes/cems-glofas-reforecast/execution
invalid request
Request has not produced a valid combination of values, please check your selection.
{'system_version': ['version_3_1'], 'hydrological_model': ['htessel_lisflood'], 'product_type': ['control_reforecast'], 'variable': ['river_discharge_in_the_last_24_hours'], 'data_format': ['grib'], 'area': ['37.2443931', '-122.272464', '36.8443931', '-121.872464'], 'hyear': ['2017'], 'hmonth': ['05'], 'hday': ['29'], 'leadtime_hour': ['24']}",repro/glofas_coverage_scan_runs/scan_20260216T065850Z/downloads/reforecast/P1__reforecast__version_3_1__htessel_lisflood__control_reforecast/2017-05-29.zip,"{""area"": [37.2443931, -122.272464, 36.8443931, -121.872464], ""data_format"": ""grib2"", ""download_format"": ""zip"", ""hday"": [""29""], ""hmonth"": [""05""], ""hydrological_model"": [""htessel_lisflood""], ""hyear"": [""2017""], ""leadtime_hour"": [""24""], ""product_type"": [""control_reforecast""], ""system_version"": [""version_3_1""], ""variable"": [""river_discharge_in_the_last_24_hours""]}"
2026-02-16T06:59:18Z,scan_20260216T065850Z,reforecast,P1,P1__reforecast__version_3_1__htessel_lisflood__control_reforecast,cems-glofas-reforecast,version_3_1,htessel_lisflood,control_reforecast,2018-07-23,error,,invalid_request,"400 Client Error: Bad Request for url: https://ewds.climate.copernicus.eu/api/retrieve/v1/processes/cems-glofas-reforecast/execution
invalid request
Request has not produced a valid combination of values, please check your selection.
{'system_version': ['version_3_1'], 'hydrological_model': ['htessel_lisflood'], 'product_type': ['control_reforecast'], 'variable': ['river_discharge_in_the_last_24_hours'], 'data_format': ['grib'], 'area': ['37.2443931', '-122.272464', '36.8443931', '-121.872464'], 'hyear': ['2018'], 'hmonth': ['07'], 'hday': ['23'], 'leadtime_hour': ['24']}",repro/glofas_coverage_scan_runs/scan_20260216T065850Z/downloads/reforecast/P1__reforecast__version_3_1__htessel_lisflood__control_reforecast/2018-07-23.zip,"{""area"": [37.2443931, -122.272464, 36.8443931, -121.872464], ""data_format"": ""grib2"", ""download_format"": ""zip"", ""hday"": [""23""], ""hmonth"": [""07""], ""hydrological_model"": [""htessel_lisflood""], ""hyear"": [""2018""], ""leadtime_hour"": [""24""], ""product_type"": [""control_reforecast""], ""system_version"": [""version_3_1""], ""variable"": [""river_discharge_in_the_last_24_hours""]}"
2026-02-16T06:59:19Z,scan_20260216T065850Z,reforecast,P1,P1__reforecast__version_3_1__htessel_lisflood__control_reforecast,cems-glofas-reforecast,version_3_1,htessel_lisflood,control_reforecast,2019-09-16,error,,invalid_request,"400 Client Error: Bad Request for url: https://ewds.climate.copernicus.eu/api/retrieve/v1/processes/cems-glofas-reforecast/execution
invalid request
Request has not produced a valid combination of values, please check your selection.
{'system_version': ['version_3_1'], 'hydrological_model': ['htessel_lisflood'], 'product_type': ['control_reforecast'], 'variable': ['river_discharge_in_the_last_24_hours'], 'data_format': ['grib'], 'area': ['37.2443931', '-122.272464', '36.8443931', '-121.872464'], 'hyear': ['2019'], 'hmonth': ['09'], 'hday': ['16'], 'leadtime_hour': ['24']}",repro/glofas_coverage_scan_runs/scan_20260216T065850Z/downloads/reforecast/P1__reforecast__version_3_1__htessel_lisflood__control_reforecast/2019-09-16.zip,"{""area"": [37.2443931, -122.272464, 36.8443931, -121.872464], ""data_format"": ""grib2"", ""download_format"": ""zip"", ""hday"": [""16""], ""hmonth"": [""09""], ""hydrological_model"": [""htessel_lisflood""], ""hyear"": [""2019""], ""leadtime_hour"": [""24""], ""product_type"": [""control_reforecast""], ""system_version"": [""version_3_1""], ""variable"": [""river_discharge_in_the_last_24_hours""]}"
2026-02-16T06:59:20Z,scan_20260216T065850Z,reforecast,P1,P1__reforecast__version_3_1__htessel_lisflood__control_reforecast,cems-glofas-reforecast,version_3_1,htessel_lisflood,control_reforecast,2020-11-09,error,,invalid_request,"400 Client Error: Bad Request for url: https://ewds.climate.copernicus.eu/api/retrieve/v1/processes/cems-glofas-reforecast/execution
invalid request
Request has not produced a valid combination of values, please check your selection.
{'system_version': ['version_3_1'], 'hydrological_model': ['htessel_lisflood'], 'product_type': ['control_reforecast'], 'variable': ['river_discharge_in_the_last_24_hours'], 'data_format': ['grib'], 'area': ['37.2443931', '-122.272464', '36.8443931', '-121.872464'], 'hyear': ['2020'], 'hmonth': ['11'], 'hday': ['09'], 'leadtime_hour': ['24']}",repro/glofas_coverage_scan_runs/scan_20260216T065850Z/downloads/reforecast/P1__reforecast__version_3_1__htessel_lisflood__control_reforecast/2020-11-09.zip,"{""area"": [37.2443931, -122.272464, 36.8443931, -121.872464], ""data_format"": ""grib2"", ""download_format"": ""zip"", ""hday"": [""09""], ""hmonth"": [""11""], ""hydrological_model"": [""htessel_lisflood""], ""hyear"": [""2020""], ""leadtime_hour"": [""24""], ""product_type"": [""control_reforecast""], ""system_version"": [""version_3_1""], ""variable"": [""river_discharge_in_the_last_24_hours""]}"
2026-02-16T06:59:21Z,scan_20260216T065850Z,reforecast,P1,P1__reforecast__version_3_1__htessel_lisflood__ensemble_perturbed_reforecast,cems-glofas-reforecast,version_3_1,htessel_lisflood,ensemble_perturbed_reforecast,2021-06-14,error,,invalid_request,"400 Client Error: Bad Request for url: https://ewds.climate.copernicus.eu/api/retrieve/v1/processes/cems-glofas-reforecast/execution
invalid request
Request has not produced a valid combination of values, please check your selection.
{'system_version': ['version_3_1'], 'hydrological_model': ['htessel_lisflood'], 'product_type': ['ensemble_perturbed_reforecast'], 'variable': ['river_discharge_in_the_last_24_hours'], 'data_format': ['grib'], 'area': ['37.2443931', '-122.272464', '36.8443931', '-121.872464'], 'hyear': ['2021'], 'hmonth': ['06'], 'hday': ['14'], 'leadtime_hour': ['24']}",repro/glofas_coverage_scan_runs/scan_20260216T065850Z/downloads/reforecast/P1__reforecast__version_3_1__htessel_lisflood__ensemble_perturbed_reforecast/2021-06-14.zip,"{""area"": [37.2443931, -122.272464, 36.8443931, -121.872464], ""data_format"": ""grib2"", ""download_format"": ""zip"", ""hday"": [""14""], ""hmonth"": [""06""], ""hydrological_model"": [""htessel_lisflood""], ""hyear"": [""2021""], ""leadtime_hour"": [""24""], ""product_type"": [""ensemble_perturbed_reforecast""], ""system_version"": [""version_3_1""], ""variable"": [""river_discharge_in_the_last_24_hours""]}"
2026-02-16T06:59:22Z,scan_20260216T065850Z,reforecast,P1,P1__reforecast__version_3_1__htessel_lisflood__ensemble_perturbed_reforecast,cems-glofas-reforecast,version_3_1,htessel_lisflood,ensemble_perturbed_reforecast,2021-06-17,error,,invalid_request,"400 Client Error: Bad Request for url: https://ewds.climate.copernicus.eu/api/retrieve/v1/processes/cems-glofas-reforecast/execution
invalid request
Request has not produced a valid combination of values, please check your selection.
{'system_version': ['version_3_1'], 'hydrological_model': ['htessel_lisflood'], 'product_type': ['ensemble_perturbed_reforecast'], 'variable': ['river_discharge_in_the_last_24_hours'], 'data_format': ['grib'], 'area': ['37.2443931', '-122.272464', '36.8443931', '-121.872464'], 'hyear': ['2021'], 'hmonth': ['06'], 'hday': ['17'], 'leadtime_hour': ['24']}",repro/glofas_coverage_scan_runs/scan_20260216T065850Z/downloads/reforecast/P1__reforecast__version_3_1__htessel_lisflood__ensemble_perturbed_reforecast/2021-06-17.zip,"{""area"": [37.2443931, -122.272464, 36.8443931, -121.872464], ""data_format"": ""grib2"", ""download_format"": ""zip"", ""hday"": [""17""], ""hmonth"": [""06""], ""hydrological_model"": [""htessel_lisflood""], ""hyear"": [""2021""], ""leadtime_hour"": [""24""], ""product_type"": [""ensemble_perturbed_reforecast""], ""system_version"": [""version_3_1""], ""variable"": [""river_discharge_in_the_last_24_hours""]}"
2026-02-16T06:59:24Z,scan_20260216T065850Z,reforecast,P1,P1__reforecast__version_3_1__htessel_lisflood__ensemble_perturbed_reforecast,cems-glofas-reforecast,version_3_1,htessel_lisflood,ensemble_perturbed_reforecast,1999-01-04,error,,invalid_request,"400 Client Error: Bad Request for url: https://ewds.climate.copernicus.eu/api/retrieve/v1/processes/cems-glofas-reforecast/execution
invalid request
Request has not produced a valid combination of values, please check your selection.
{'system_version': ['version_3_1'], 'hydrological_model': ['htessel_lisflood'], 'product_type': ['ensemble_perturbed_reforecast'], 'variable': ['river_discharge_in_the_last_24_hours'], 'data_format': ['grib'], 'area': ['37.2443931', '-122.272464', '36.8443931', '-121.872464'], 'hyear': ['1999'], 'hmonth': ['01'], 'hday': ['04'], 'leadtime_hour': ['24']}",repro/glofas_coverage_scan_runs/scan_20260216T065850Z/downloads/reforecast/P1__reforecast__version_3_1__htessel_lisflood__ensemble_perturbed_reforecast/1999-01-04.zip,"{""area"": [37.2443931, -122.272464, 36.8443931, -121.872464], ""data_format"": ""grib2"", ""download_format"": ""zip"", ""hday"": [""04""], ""hmonth"": [""01""], ""hydrological_model"": [""htessel_lisflood""], ""hyear"": [""1999""], ""leadtime_hour"": [""24""], ""product_type"": [""ensemble_perturbed_reforecast""], ""system_version"": [""version_3_1""], ""variable"": [""river_discharge_in_the_last_24_hours""]}"
2026-02-16T06:59:25Z,scan_20260216T065850Z,reforecast,P1,P1__reforecast__version_3_1__htessel_lisflood__ensemble_perturbed_reforecast,cems-glofas-reforecast,version_3_1,htessel_lisflood,ensemble_perturbed_reforecast,2023-11-23,error,,invalid_request,"400 Client Error: Bad Request for url: https://ewds.climate.copernicus.eu/api/retrieve/v1/processes/cems-glofas-reforecast/execution
invalid request
Request has not produced a valid combination of values, please check your selection.
{'system_version': ['version_3_1'], 'hydrological_model': ['htessel_lisflood'], 'product_type': ['ensemble_perturbed_reforecast'], 'variable': ['river_discharge_in_the_last_24_hours'], 'data_format': ['grib'], 'area': ['37.2443931', '-122.272464', '36.8443931', '-121.872464'], 'hyear': ['2023'], 'hmonth': ['11'], 'hday': ['23'], 'leadtime_hour': ['24']}",repro/glofas_coverage_scan_runs/scan_20260216T065850Z/downloads/reforecast/P1__reforecast__version_3_1__htessel_lisflood__ensemble_perturbed_reforecast/2023-11-23.zip,"{""area"": [37.2443931, -122.272464, 36.8443931, -121.872464], ""data_format"": ""grib2"", ""download_format"": ""zip"", ""hday"": [""23""], ""hmonth"": [""11""], ""hydrological_model"": [""htessel_lisflood""], ""hyear"": [""2023""], ""leadtime_hour"": [""24""], ""product_type"": [""ensemble_perturbed_reforecast""], ""system_version"": [""version_3_1""], ""variable"": [""river_discharge_in_the_last_24_hours""]}"
2026-02-16T06:59:26Z,scan_20260216T065850Z,reforecast,P1,P1__reforecast__version_3_1__htessel_lisflood__ensemble_perturbed_reforecast,cems-glofas-reforecast,version_3_1,htessel_lisflood,ensemble_perturbed_reforecast,2011-06-16,error,,invalid_request,"400 Client Error: Bad Request for url: https://ewds.climate.copernicus.eu/api/retrieve/v1/processes/cems-glofas-reforecast/execution
invalid request
Request has not produced a valid combination of values, please check your selection.
{'system_version': ['version_3_1'], 'hydrological_model': ['htessel_lisflood'], 'product_type': ['ensemble_perturbed_reforecast'], 'variable': ['river_discharge_in_the_last_24_hours'], 'data_format': ['grib'], 'area': ['37.2443931', '-122.272464', '36.8443931', '-121.872464'], 'hyear': ['2011'], 'hmonth': ['06'], 'hday': ['16'], 'leadtime_hour': ['24']}",repro/glofas_coverage_scan_runs/scan_20260216T065850Z/downloads/reforecast/P1__reforecast__version_3_1__htessel_lisflood__ensemble_perturbed_reforecast/2011-06-16.zip,"{""area"": [37.2443931, -122.272464, 36.8443931, -121.872464], ""data_format"": ""grib2"", ""download_format"": ""zip"", ""hday"": [""16""], ""hmonth"": [""06""], ""hydrological_model"": [""htessel_lisflood""], ""hyear"": [""2011""], ""leadtime_hour"": [""24""], ""product_type"": [""ensemble_perturbed_reforecast""], ""system_version"": [""version_3_1""], ""variable"": [""river_discharge_in_the_last_24_hours""]}"
2026-02-16T06:59:27Z,scan_20260216T065850Z,reforecast,P1,P1__reforecast__version_3_1__htessel_lisflood__ensemble_perturbed_reforecast,cems-glofas-reforecast,version_3_1,htessel_lisflood,ensemble_perturbed_reforecast,2000-02-28,error,,invalid_request,"400 Client Error: Bad Request for url: https://ewds.climate.copernicus.eu/api/retrieve/v1/processes/cems-glofas-reforecast/execution
invalid request
Request has not produced a valid combination of values, please check your selection.
{'system_version': ['version_3_1'], 'hydrological_model': ['htessel_lisflood'], 'product_type': ['ensemble_perturbed_reforecast'], 'variable': ['river_discharge_in_the_last_24_hours'], 'data_format': ['grib'], 'area': ['37.2443931', '-122.272464', '36.8443931', '-121.872464'], 'hyear': ['2000'], 'hmonth': ['02'], 'hday': ['28'], 'leadtime_hour': ['24']}",repro/glofas_coverage_scan_runs/scan_20260216T065850Z/downloads/reforecast/P1__reforecast__version_3_1__htessel_lisflood__ensemble_perturbed_reforecast/2000-02-28.zip,"{""area"": [37.2443931, -122.272464, 36.8443931, -121.872464], ""data_format"": ""grib2"", ""download_format"": ""zip"", ""hday"": [""28""], ""hmonth"": [""02""], ""hydrological_model"": [""htessel_lisflood""], ""hyear"": [""2000""], ""leadtime_hour"": [""24""], ""product_type"": [""ensemble_perturbed_reforecast""], ""system_version"": [""version_3_1""], ""variable"": [""river_discharge_in_the_last_24_hours""]}"
2026-02-16T06:59:28Z,scan_20260216T065850Z,reforecast,P1,P1__reforecast__version_3_1__htessel_lisflood__ensemble_perturbed_reforecast,cems-glofas-reforecast,version_3_1,htessel_lisflood,ensemble_perturbed_reforecast,2001-04-23,error,,invalid_request,"400 Client Error: Bad Request for url: https://ewds.climate.copernicus.eu/api/retrieve/v1/processes/cems-glofas-reforecast/execution
invalid request
Request has not produced a valid combination of values, please check your selection.
{'system_version': ['version_3_1'], 'hydrological_model': ['htessel_lisflood'], 'product_type': ['ensemble_perturbed_reforecast'], 'variable': ['river_discharge_in_the_last_24_hours'], 'data_format': ['grib'], 'area': ['37.2443931', '-122.272464', '36.8443931', '-121.872464'], 'hyear': ['2001'], 'hmonth': ['04'], 'hday': ['23'], 'leadtime_hour': ['24']}",repro/glofas_coverage_scan_runs/scan_20260216T065850Z/downloads/reforecast/P1__reforecast__version_3_1__htessel_lisflood__ensemble_perturbed_reforecast/2001-04-23.zip,"{""area"": [37.2443931, -122.272464, 36.8443931, -121.872464], ""data_format"": ""grib2"", ""download_format"": ""zip"", ""hday"": [""23""], ""hmonth"": [""04""], ""hydrological_model"": [""htessel_lisflood""], ""hyear"": [""2001""], ""leadtime_hour"": [""24""], ""product_type"": [""ensemble_perturbed_reforecast""], ""system_version"": [""version_3_1""], ""variable"": [""river_discharge_in_the_last_24_hours""]}"
2026-02-16T06:59:29Z,scan_20260216T065850Z,reforecast,P1,P1__reforecast__version_3_1__htessel_lisflood__ensemble_perturbed_reforecast,cems-glofas-reforecast,version_3_1,htessel_lisflood,ensemble_perturbed_reforecast,2002-06-17,error,,invalid_request,"400 Client Error: Bad Request for url: https://ewds.climate.copernicus.eu/api/retrieve/v1/processes/cems-glofas-reforecast/execution
invalid request
Request has not produced a valid combination of values, please check your selection.
{'system_version': ['version_3_1'], 'hydrological_model': ['htessel_lisflood'], 'product_type': ['ensemble_perturbed_reforecast'], 'variable': ['river_discharge_in_the_last_24_hours'], 'data_format': ['grib'], 'area': ['37.2443931', '-122.272464', '36.8443931', '-121.872464'], 'hyear': ['2002'], 'hmonth': ['06'], 'hday': ['17'], 'leadtime_hour': ['24']}",repro/glofas_coverage_scan_runs/scan_20260216T065850Z/downloads/reforecast/P1__reforecast__version_3_1__htessel_lisflood__ensemble_perturbed_reforecast/2002-06-17.zip,"{""area"": [37.2443931, -122.272464, 36.8443931, -121.872464], ""data_format"": ""grib2"", ""download_format"": ""zip"", ""hday"": [""17""], ""hmonth"": [""06""], ""hydrological_model"": [""htessel_lisflood""], ""hyear"": [""2002""], ""leadtime_hour"": [""24""], ""product_type"": [""ensemble_perturbed_reforecast""], ""system_version"": [""version_3_1""], ""variable"": [""river_discharge_in_the_last_24_hours""]}"
2026-02-16T06:59:30Z,scan_20260216T065850Z,reforecast,P1,P1__reforecast__version_3_1__htessel_lisflood__ensemble_perturbed_reforecast,cems-glofas-reforecast,version_3_1,htessel_lisflood,ensemble_perturbed_reforecast,2003-08-11,error,,invalid_request,"400 Client Error: Bad Request for url: https://ewds.climate.copernicus.eu/api/retrieve/v1/processes/cems-glofas-reforecast/execution
invalid request
Request has not produced a valid combination of values, please check your selection.
{'system_version': ['version_3_1'], 'hydrological_model': ['htessel_lisflood'], 'product_type': ['ensemble_perturbed_reforecast'], 'variable': ['river_discharge_in_the_last_24_hours'], 'data_format': ['grib'], 'area': ['37.2443931', '-122.272464', '36.8443931', '-121.872464'], 'hyear': ['2003'], 'hmonth': ['08'], 'hday': ['11'], 'leadtime_hour': ['24']}",repro/glofas_coverage_scan_runs/scan_20260216T065850Z/downloads/reforecast/P1__reforecast__version_3_1__htessel_lisflood__ensemble_perturbed_reforecast/2003-08-11.zip,"{""area"": [37.2443931, -122.272464, 36.8443931, -121.872464], ""data_format"": ""grib2"", ""download_format"": ""zip"", ""hday"": [""11""], ""hmonth"": [""08""], ""hydrological_model"": [""htessel_lisflood""], ""hyear"": [""2003""], ""leadtime_hour"": [""24""], ""product_type"": [""ensemble_perturbed_reforecast""], ""system_version"": [""version_3_1""], ""variable"": [""river_discharge_in_the_last_24_hours""]}"
2026-02-16T06:59:32Z,scan_20260216T065850Z,reforecast,P1,P1__reforecast__version_3_1__htessel_lisflood__ensemble_perturbed_reforecast,cems-glofas-reforecast,version_3_1,htessel_lisflood,ensemble_perturbed_reforecast,2004-10-04,error,,invalid_request,"400 Client Error: Bad Request for url: https://ewds.climate.copernicus.eu/api/retrieve/v1/processes/cems-glofas-reforecast/execution
invalid request
Request has not produced a valid combination of values, please check your selection.
{'system_version': ['version_3_1'], 'hydrological_model': ['htessel_lisflood'], 'product_type': ['ensemble_perturbed_reforecast'], 'variable': ['river_discharge_in_the_last_24_hours'], 'data_format': ['grib'], 'area': ['37.2443931', '-122.272464', '36.8443931', '-121.872464'], 'hyear': ['2004'], 'hmonth': ['10'], 'hday': ['04'], 'leadtime_hour': ['24']}",repro/glofas_coverage_scan_runs/scan_20260216T065850Z/downloads/reforecast/P1__reforecast__version_3_1__htessel_lisflood__ensemble_perturbed_reforecast/2004-10-04.zip,"{""area"": [37.2443931, -122.272464, 36.8443931, -121.872464], ""data_format"": ""grib2"", ""download_format"": ""zip"", ""hday"": [""04""], ""hmonth"": [""10""], ""hydrological_model"": [""htessel_lisflood""], ""hyear"": [""2004""], ""leadtime_hour"": [""24""], ""product_type"": [""ensemble_perturbed_reforecast""], ""system_version"": [""version_3_1""], ""variable"": [""river_discharge_in_the_last_24_hours""]}"
2026-02-16T06:59:33Z,scan_20260216T065850Z,reforecast,P1,P1__reforecast__version_3_1__htessel_lisflood__ensemble_perturbed_reforecast,cems-glofas-reforecast,version_3_1,htessel_lisflood,ensemble_perturbed_reforecast,2005-11-28,error,,invalid_request,"400 Client Error: Bad Request for url: https://ewds.climate.copernicus.eu/api/retrieve/v1/processes/cems-glofas-reforecast/execution
invalid request
Request has not produced a valid combination of values, please check your selection.
{'system_version': ['version_3_1'], 'hydrological_model': ['htessel_lisflood'], 'product_type': ['ensemble_perturbed_reforecast'], 'variable': ['river_discharge_in_the_last_24_hours'], 'data_format': ['grib'], 'area': ['37.2443931', '-122.272464', '36.8443931', '-121.872464'], 'hyear': ['2005'], 'hmonth': ['11'], 'hday': ['28'], 'leadtime_hour': ['24']}",repro/glofas_coverage_scan_runs/scan_20260216T065850Z/downloads/reforecast/P1__reforecast__version_3_1__htessel_lisflood__ensemble_perturbed_reforecast/2005-11-28.zip,"{""area"": [37.2443931, -122.272464, 36.8443931, -121.872464], ""data_format"": ""grib2"", ""download_format"": ""zip"", ""hday"": [""28""], ""hmonth"": [""11""], ""hydrological_model"": [""htessel_lisflood""], ""hyear"": [""2005""], ""leadtime_hour"": [""24""], ""product_type"": [""ensemble_perturbed_reforecast""], ""system_version"": [""version_3_1""], ""variable"": [""river_discharge_in_the_last_24_hours""]}"
2026-02-16T06:59:34Z,scan_20260216T065850Z,reforecast,P1,P1__reforecast__version_3_1__htessel_lisflood__ensemble_perturbed_reforecast,cems-glofas-reforecast,version_3_1,htessel_lisflood,ensemble_perturbed_reforecast,2007-01-22,error,,invalid_request,"400 Client Error: Bad Request for url: https://ewds.climate.copernicus.eu/api/retrieve/v1/processes/cems-glofas-reforecast/execution
invalid request
Request has not produced a valid combination of values, please check your selection.
{'system_version': ['version_3_1'], 'hydrological_model': ['htessel_lisflood'], 'product_type': ['ensemble_perturbed_reforecast'], 'variable': ['river_discharge_in_the_last_24_hours'], 'data_format': ['grib'], 'area': ['37.2443931', '-122.272464', '36.8443931', '-121.872464'], 'hyear': ['2007'], 'hmonth': ['01'], 'hday': ['22'], 'leadtime_hour': ['24']}",repro/glofas_coverage_scan_runs/scan_20260216T065850Z/downloads/reforecast/P1__reforecast__version_3_1__htessel_lisflood__ensemble_perturbed_reforecast/2007-01-22.zip,"{""area"": [37.2443931, -122.272464, 36.8443931, -121.872464], ""data_format"": ""grib2"", ""download_format"": ""zip"", ""hday"": [""22""], ""hmonth"": [""01""], ""hydrological_model"": [""htessel_lisflood""], ""hyear"": [""2007""], ""leadtime_hour"": [""24""], ""product_type"": [""ensemble_perturbed_reforecast""], ""system_version"": [""version_3_1""], ""variable"": [""river_discharge_in_the_last_24_hours""]}"
2026-02-16T06:59:35Z,scan_20260216T065850Z,reforecast,P1,P1__reforecast__version_3_1__htessel_lisflood__ensemble_perturbed_reforecast,cems-glofas-reforecast,version_3_1,htessel_lisflood,ensemble_perturbed_reforecast,2008-03-17,error,,invalid_request,"400 Client Error: Bad Request for url: https://ewds.climate.copernicus.eu/api/retrieve/v1/processes/cems-glofas-reforecast/execution
invalid request
Request has not produced a valid combination of values, please check your selection.
{'system_version': ['version_3_1'], 'hydrological_model': ['htessel_lisflood'], 'product_type': ['ensemble_perturbed_reforecast'], 'variable': ['river_discharge_in_the_last_24_hours'], 'data_format': ['grib'], 'area': ['37.2443931', '-122.272464', '36.8443931', '-121.872464'], 'hyear': ['2008'], 'hmonth': ['03'], 'hday': ['17'], 'leadtime_hour': ['24']}",repro/glofas_coverage_scan_runs/scan_20260216T065850Z/downloads/reforecast/P1__reforecast__version_3_1__htessel_lisflood__ensemble_perturbed_reforecast/2008-03-17.zip,"{""area"": [37.2443931, -122.272464, 36.8443931, -121.872464], ""data_format"": ""grib2"", ""download_format"": ""zip"", ""hday"": [""17""], ""hmonth"": [""03""], ""hydrological_model"": [""htessel_lisflood""], ""hyear"": [""2008""], ""leadtime_hour"": [""24""], ""product_type"": [""ensemble_perturbed_reforecast""], ""system_version"": [""version_3_1""], ""variable"": [""river_discharge_in_the_last_24_hours""]}"
2026-02-16T06:59:36Z,scan_20260216T065850Z,reforecast,P1,P1__reforecast__version_3_1__htessel_lisflood__ensemble_perturbed_reforecast,cems-glofas-reforecast,version_3_1,htessel_lisflood,ensemble_perturbed_reforecast,2009-05-11,error,,invalid_request,"400 Client Error: Bad Request for url: https://ewds.climate.copernicus.eu/api/retrieve/v1/processes/cems-glofas-reforecast/execution
invalid request
Request has not produced a valid combination of values, please check your selection.
{'system_version': ['version_3_1'], 'hydrological_model': ['htessel_lisflood'], 'product_type': ['ensemble_perturbed_reforecast'], 'variable': ['river_discharge_in_the_last_24_hours'], 'data_format': ['grib'], 'area': ['37.2443931', '-122.272464', '36.8443931', '-121.872464'], 'hyear': ['2009'], 'hmonth': ['05'], 'hday': ['11'], 'leadtime_hour': ['24']}",repro/glofas_coverage_scan_runs/scan_20260216T065850Z/downloads/reforecast/P1__reforecast__version_3_1__htessel_lisflood__ensemble_perturbed_reforecast/2009-05-11.zip,"{""area"": [37.2443931, -122.272464, 36.8443931, -121.872464], ""data_format"": ""grib2"", ""download_format"": ""zip"", ""hday"": [""11""], ""hmonth"": [""05""], ""hydrological_model"": [""htessel_lisflood""], ""hyear"": [""2009""], ""leadtime_hour"": [""24""], ""product_type"": [""ensemble_perturbed_reforecast""], ""system_version"": [""version_3_1""], ""variable"": [""river_discharge_in_the_last_24_hours""]}"
2026-02-16T06:59:37Z,scan_20260216T065850Z,reforecast,P1,P1__reforecast__version_3_1__htessel_lisflood__ensemble_perturbed_reforecast,cems-glofas-reforecast,version_3_1,htessel_lisflood,ensemble_perturbed_reforecast,2010-07-05,error,,invalid_request,"400 Client Error: Bad Request for url: https://ewds.climate.copernicus.eu/api/retrieve/v1/processes/cems-glofas-reforecast/execution
invalid request
Request has not produced a valid combination of values, please check your selection.
{'system_version': ['version_3_1'], 'hydrological_model': ['htessel_lisflood'], 'product_type': ['ensemble_perturbed_reforecast'], 'variable': ['river_discharge_in_the_last_24_hours'], 'data_format': ['grib'], 'area': ['37.2443931', '-122.272464', '36.8443931', '-121.872464'], 'hyear': ['2010'], 'hmonth': ['07'], 'hday': ['05'], 'leadtime_hour': ['24']}",repro/glofas_coverage_scan_runs/scan_20260216T065850Z/downloads/reforecast/P1__reforecast__version_3_1__htessel_lisflood__ensemble_perturbed_reforecast/2010-07-05.zip,"{""area"": [37.2443931, -122.272464, 36.8443931, -121.872464], ""data_format"": ""grib2"", ""download_format"": ""zip"", ""hday"": [""05""], ""hmonth"": [""07""], ""hydrological_model"": [""htessel_lisflood""], ""hyear"": [""2010""], ""leadtime_hour"": [""24""], ""product_type"": [""ensemble_perturbed_reforecast""], ""system_version"": [""version_3_1""], ""variable"": [""river_discharge_in_the_last_24_hours""]}"
2026-02-16T06:59:39Z,scan_20260216T065850Z,reforecast,P1,P1__reforecast__version_3_1__htessel_lisflood__ensemble_perturbed_reforecast,cems-glofas-reforecast,version_3_1,htessel_lisflood,ensemble_perturbed_reforecast,2011-08-29,error,,invalid_request,"400 Client Error: Bad Request for url: https://ewds.climate.copernicus.eu/api/retrieve/v1/processes/cems-glofas-reforecast/execution
invalid request
Request has not produced a valid combination of values, please check your selection.
{'system_version': ['version_3_1'], 'hydrological_model': ['htessel_lisflood'], 'product_type': ['ensemble_perturbed_reforecast'], 'variable': ['river_discharge_in_the_last_24_hours'], 'data_format': ['grib'], 'area': ['37.2443931', '-122.272464', '36.8443931', '-121.872464'], 'hyear': ['2011'], 'hmonth': ['08'], 'hday': ['29'], 'leadtime_hour': ['24']}",repro/glofas_coverage_scan_runs/scan_20260216T065850Z/downloads/reforecast/P1__reforecast__version_3_1__htessel_lisflood__ensemble_perturbed_reforecast/2011-08-29.zip,"{""area"": [37.2443931, -122.272464, 36.8443931, -121.872464], ""data_format"": ""grib2"", ""download_format"": ""zip"", ""hday"": [""29""], ""hmonth"": [""08""], ""hydrological_model"": [""htessel_lisflood""], ""hyear"": [""2011""], ""leadtime_hour"": [""24""], ""product_type"": [""ensemble_perturbed_reforecast""], ""system_version"": [""version_3_1""], ""variable"": [""river_discharge_in_the_last_24_hours""]}"
2026-02-16T06:59:40Z,scan_20260216T065850Z,reforecast,P1,P1__reforecast__version_3_1__htessel_lisflood__ensemble_perturbed_reforecast,cems-glofas-reforecast,version_3_1,htessel_lisflood,ensemble_perturbed_reforecast,2012-10-22,error,,invalid_request,"400 Client Error: Bad Request for url: https://ewds.climate.copernicus.eu/api/retrieve/v1/processes/cems-glofas-reforecast/execution
invalid request
Request has not produced a valid combination of values, please check your selection.
{'system_version': ['version_3_1'], 'hydrological_model': ['htessel_lisflood'], 'product_type': ['ensemble_perturbed_reforecast'], 'variable': ['river_discharge_in_the_last_24_hours'], 'data_format': ['grib'], 'area': ['37.2443931', '-122.272464', '36.8443931', '-121.872464'], 'hyear': ['2012'], 'hmonth': ['10'], 'hday': ['22'], 'leadtime_hour': ['24']}",repro/glofas_coverage_scan_runs/scan_20260216T065850Z/downloads/reforecast/P1__reforecast__version_3_1__htessel_lisflood__ensemble_perturbed_reforecast/2012-10-22.zip,"{""area"": [37.2443931, -122.272464, 36.8443931, -121.872464], ""data_format"": ""grib2"", ""download_format"": ""zip"", ""hday"": [""22""], ""hmonth"": [""10""], ""hydrological_model"": [""htessel_lisflood""], ""hyear"": [""2012""], ""leadtime_hour"": [""24""], ""product_type"": [""ensemble_perturbed_reforecast""], ""system_version"": [""version_3_1""], ""variable"": [""river_discharge_in_the_last_24_hours""]}"
2026-02-16T06:59:41Z,scan_20260216T065850Z,reforecast,P1,P1__reforecast__version_3_1__htessel_lisflood__ensemble_perturbed_reforecast,cems-glofas-reforecast,version_3_1,htessel_lisflood,ensemble_perturbed_reforecast,2013-12-16,error,,invalid_request,"400 Client Error: Bad Request for url: https://ewds.climate.copernicus.eu/api/retrieve/v1/processes/cems-glofas-reforecast/execution
invalid request
Request has not produced a valid combination of values, please check your selection.
{'system_version': ['version_3_1'], 'hydrological_model': ['htessel_lisflood'], 'product_type': ['ensemble_perturbed_reforecast'], 'variable': ['river_discharge_in_the_last_24_hours'], 'data_format': ['grib'], 'area': ['37.2443931', '-122.272464', '36.8443931', '-121.872464'], 'hyear': ['2013'], 'hmonth': ['12'], 'hday': ['16'], 'leadtime_hour': ['24']}",repro/glofas_coverage_scan_runs/scan_20260216T065850Z/downloads/reforecast/P1__reforecast__version_3_1__htessel_lisflood__ensemble_perturbed_reforecast/2013-12-16.zip,"{""area"": [37.2443931, -122.272464, 36.8443931, -121.872464], ""data_format"": ""grib2"", ""download_format"": ""zip"", ""hday"": [""16""], ""hmonth"": [""12""], ""hydrological_model"": [""htessel_lisflood""], ""hyear"": [""2013""], ""leadtime_hour"": [""24""], ""product_type"": [""ensemble_perturbed_reforecast""], ""system_version"": [""version_3_1""], ""variable"": [""river_discharge_in_the_last_24_hours""]}"
2026-02-16T06:59:42Z,scan_20260216T065850Z,reforecast,P1,P1__reforecast__version_3_1__htessel_lisflood__ensemble_perturbed_reforecast,cems-glofas-reforecast,version_3_1,htessel_lisflood,ensemble_perturbed_reforecast,2015-02-09,error,,invalid_request,"400 Client Error: Bad Request for url: https://ewds.climate.copernicus.eu/api/retrieve/v1/processes/cems-glofas-reforecast/execution
invalid request
Request has not produced a valid combination of values, please check your selection.
{'system_version': ['version_3_1'], 'hydrological_model': ['htessel_lisflood'], 'product_type': ['ensemble_perturbed_reforecast'], 'variable': ['river_discharge_in_the_last_24_hours'], 'data_format': ['grib'], 'area': ['37.2443931', '-122.272464', '36.8443931', '-121.872464'], 'hyear': ['2015'], 'hmonth': ['02'], 'hday': ['09'], 'leadtime_hour': ['24']}",repro/glofas_coverage_scan_runs/scan_20260216T065850Z/downloads/reforecast/P1__reforecast__version_3_1__htessel_lisflood__ensemble_perturbed_reforecast/2015-02-09.zip,"{""area"": [37.2443931, -122.272464, 36.8443931, -121.872464], ""data_format"": ""grib2"", ""download_format"": ""zip"", ""hday"": [""09""], ""hmonth"": [""02""], ""hydrological_model"": [""htessel_lisflood""], ""hyear"": [""2015""], ""leadtime_hour"": [""24""], ""product_type"": [""ensemble_perturbed_reforecast""], ""system_version"": [""version_3_1""], ""variable"": [""river_discharge_in_the_last_24_hours""]}"
2026-02-16T06:59:43Z,scan_20260216T065850Z,reforecast,P1,P1__reforecast__version_3_1__htessel_lisflood__ensemble_perturbed_reforecast,cems-glofas-reforecast,version_3_1,htessel_lisflood,ensemble_perturbed_reforecast,2016-04-04,error,,invalid_request,"400 Client Error: Bad Request for url: https://ewds.climate.copernicus.eu/api/retrieve/v1/processes/cems-glofas-reforecast/execution
invalid request
Request has not produced a valid combination of values, please check your selection.
{'system_version': ['version_3_1'], 'hydrological_model': ['htessel_lisflood'], 'product_type': ['ensemble_perturbed_reforecast'], 'variable': ['river_discharge_in_the_last_24_hours'], 'data_format': ['grib'], 'area': ['37.2443931', '-122.272464', '36.8443931', '-121.872464'], 'hyear': ['2016'], 'hmonth': ['04'], 'hday': ['04'], 'leadtime_hour': ['24']}",repro/glofas_coverage_scan_runs/scan_20260216T065850Z/downloads/reforecast/P1__reforecast__version_3_1__htessel_lisflood__ensemble_perturbed_reforecast/2016-04-04.zip,"{""area"": [37.2443931, -122.272464, 36.8443931, -121.872464], ""data_format"": ""grib2"", ""download_format"": ""zip"", ""hday"": [""04""], ""hmonth"": [""04""], ""hydrological_model"": [""htessel_lisflood""], ""hyear"": [""2016""], ""leadtime_hour"": [""24""], ""product_type"": [""ensemble_perturbed_reforecast""], ""system_version"": [""version_3_1""], ""variable"": [""river_discharge_in_the_last_24_hours""]}"
2026-02-16T06:59:44Z,scan_20260216T065850Z,reforecast,P1,P1__reforecast__version_3_1__htessel_lisflood__ensemble_perturbed_reforecast,cems-glofas-reforecast,version_3_1,htessel_lisflood,ensemble_perturbed_reforecast,2017-05-29,error,,invalid_request,"400 Client Error: Bad Request for url: https://ewds.climate.copernicus.eu/api/retrieve/v1/processes/cems-glofas-reforecast/execution
invalid request
Request has not produced a valid combination of values, please check your selection.
{'system_version': ['version_3_1'], 'hydrological_model': ['htessel_lisflood'], 'product_type': ['ensemble_perturbed_reforecast'], 'variable': ['river_discharge_in_the_last_24_hours'], 'data_format': ['grib'], 'area': ['37.2443931', '-122.272464', '36.8443931', '-121.872464'], 'hyear': ['2017'], 'hmonth': ['05'], 'hday': ['29'], 'leadtime_hour': ['24']}",repro/glofas_coverage_scan_runs/scan_20260216T065850Z/downloads/reforecast/P1__reforecast__version_3_1__htessel_lisflood__ensemble_perturbed_reforecast/2017-05-29.zip,"{""area"": [37.2443931, -122.272464, 36.8443931, -121.872464], ""data_format"": ""grib2"", ""download_format"": ""zip"", ""hday"": [""29""], ""hmonth"": [""05""], ""hydrological_model"": [""htessel_lisflood""], ""hyear"": [""2017""], ""leadtime_hour"": [""24""], ""product_type"": [""ensemble_perturbed_reforecast""], ""system_version"": [""version_3_1""], ""variable"": [""river_discharge_in_the_last_24_hours""]}"
2026-02-16T06:59:46Z,scan_20260216T065850Z,reforecast,P1,P1__reforecast__version_3_1__htessel_lisflood__ensemble_perturbed_reforecast,cems-glofas-reforecast,version_3_1,htessel_lisflood,ensemble_perturbed_reforecast,2018-07-23,error,,invalid_request,"400 Client Error: Bad Request for url: https://ewds.climate.copernicus.eu/api/retrieve/v1/processes/cems-glofas-reforecast/execution
invalid request
Request has not produced a valid combination of values, please check your selection.
{'system_version': ['version_3_1'], 'hydrological_model': ['htessel_lisflood'], 'product_type': ['ensemble_perturbed_reforecast'], 'variable': ['river_discharge_in_the_last_24_hours'], 'data_format': ['grib'], 'area': ['37.2443931', '-122.272464', '36.8443931', '-121.872464'], 'hyear': ['2018'], 'hmonth': ['07'], 'hday': ['23'], 'leadtime_hour': ['24']}",repro/glofas_coverage_scan_runs/scan_20260216T065850Z/downloads/reforecast/P1__reforecast__version_3_1__htessel_lisflood__ensemble_perturbed_reforecast/2018-07-23.zip,"{""area"": [37.2443931, -122.272464, 36.8443931, -121.872464], ""data_format"": ""grib2"", ""download_format"": ""zip"", ""hday"": [""23""], ""hmonth"": [""07""], ""hydrological_model"": [""htessel_lisflood""], ""hyear"": [""2018""], ""leadtime_hour"": [""24""], ""product_type"": [""ensemble_perturbed_reforecast""], ""system_version"": [""version_3_1""], ""variable"": [""river_discharge_in_the_last_24_hours""]}"
2026-02-16T06:59:47Z,scan_20260216T065850Z,reforecast,P1,P1__reforecast__version_3_1__htessel_lisflood__ensemble_perturbed_reforecast,cems-glofas-reforecast,version_3_1,htessel_lisflood,ensemble_perturbed_reforecast,2019-09-16,error,,invalid_request,"400 Client Error: Bad Request for url: https://ewds.climate.copernicus.eu/api/retrieve/v1/processes/cems-glofas-reforecast/execution
invalid request
Request has not produced a valid combination of values, please check your selection.
{'system_version': ['version_3_1'], 'hydrological_model': ['htessel_lisflood'], 'product_type': ['ensemble_perturbed_reforecast'], 'variable': ['river_discharge_in_the_last_24_hours'], 'data_format': ['grib'], 'area': ['37.2443931', '-122.272464', '36.8443931', '-121.872464'], 'hyear': ['2019'], 'hmonth': ['09'], 'hday': ['16'], 'leadtime_hour': ['24']}",repro/glofas_coverage_scan_runs/scan_20260216T065850Z/downloads/reforecast/P1__reforecast__version_3_1__htessel_lisflood__ensemble_perturbed_reforecast/2019-09-16.zip,"{""area"": [37.2443931, -122.272464, 36.8443931, -121.872464], ""data_format"": ""grib2"", ""download_format"": ""zip"", ""hday"": [""16""], ""hmonth"": [""09""], ""hydrological_model"": [""htessel_lisflood""], ""hyear"": [""2019""], ""leadtime_hour"": [""24""], ""product_type"": [""ensemble_perturbed_reforecast""], ""system_version"": [""version_3_1""], ""variable"": [""river_discharge_in_the_last_24_hours""]}"
2026-02-16T06:59:48Z,scan_20260216T065850Z,reforecast,P1,P1__reforecast__version_3_1__htessel_lisflood__ensemble_perturbed_reforecast,cems-glofas-reforecast,version_3_1,htessel_lisflood,ensemble_perturbed_reforecast,2020-11-09,error,,invalid_request,"400 Client Error: Bad Request for url: https://ewds.climate.copernicus.eu/api/retrieve/v1/processes/cems-glofas-reforecast/execution
invalid request
Request has not produced a valid combination of values, please check your selection.
{'system_version': ['version_3_1'], 'hydrological_model': ['htessel_lisflood'], 'product_type': ['ensemble_perturbed_reforecast'], 'variable': ['river_discharge_in_the_last_24_hours'], 'data_format': ['grib'], 'area': ['37.2443931', '-122.272464', '36.8443931', '-121.872464'], 'hyear': ['2020'], 'hmonth': ['11'], 'hday': ['09'], 'leadtime_hour': ['24']}",repro/glofas_coverage_scan_runs/scan_20260216T065850Z/downloads/reforecast/P1__reforecast__version_3_1__htessel_lisflood__ensemble_perturbed_reforecast/2020-11-09.zip,"{""area"": [37.2443931, -122.272464, 36.8443931, -121.872464], ""data_format"": ""grib2"", ""download_format"": ""zip"", ""hday"": [""09""], ""hmonth"": [""11""], ""hydrological_model"": [""htessel_lisflood""], ""hyear"": [""2020""], ""leadtime_hour"": [""24""], ""product_type"": [""ensemble_perturbed_reforecast""], ""system_version"": [""version_3_1""], ""variable"": [""river_discharge_in_the_last_24_hours""]}"
2026-02-16T06:59:49Z,scan_20260216T065850Z,reforecast,P1,P1__reforecast__version_3_1__lisflood__control_reforecast,cems-glofas-reforecast,version_3_1,lisflood,control_reforecast,2021-06-14,error,,invalid_request,"400 Client Error: Bad Request for url: https://ewds.climate.copernicus.eu/api/retrieve/v1/processes/cems-glofas-reforecast/execution
invalid request
Request has not produced a valid combination of values, please check your selection.
{'system_version': ['version_3_1'], 'hydrological_model': ['lisflood'], 'product_type': ['control_reforecast'], 'variable': ['river_discharge_in_the_last_24_hours'], 'data_format': ['grib'], 'area': ['37.2443931', '-122.272464', '36.8443931', '-121.872464'], 'hyear': ['2021'], 'hmonth': ['06'], 'hday': ['14'], 'leadtime_hour': ['24']}",repro/glofas_coverage_scan_runs/scan_20260216T065850Z/downloads/reforecast/P1__reforecast__version_3_1__lisflood__control_reforecast/2021-06-14.zip,"{""area"": [37.2443931, -122.272464, 36.8443931, -121.872464], ""data_format"": ""grib2"", ""download_format"": ""zip"", ""hday"": [""14""], ""hmonth"": [""06""], ""hydrological_model"": [""lisflood""], ""hyear"": [""2021""], ""leadtime_hour"": [""24""], ""product_type"": [""control_reforecast""], ""system_version"": [""version_3_1""], ""variable"": [""river_discharge_in_the_last_24_hours""]}"
2026-02-16T06:59:50Z,scan_20260216T065850Z,reforecast,P1,P1__reforecast__version_3_1__lisflood__control_reforecast,cems-glofas-reforecast,version_3_1,lisflood,control_reforecast,2021-06-17,error,,invalid_request,"400 Client Error: Bad Request for url: https://ewds.climate.copernicus.eu/api/retrieve/v1/processes/cems-glofas-reforecast/execution
invalid request
Request has not produced a valid combination of values, please check your selection.
{'system_version': ['version_3_1'], 'hydrological_model': ['lisflood'], 'product_type': ['control_reforecast'], 'variable': ['river_discharge_in_the_last_24_hours'], 'data_format': ['grib'], 'area': ['37.2443931', '-122.272464', '36.8443931', '-121.872464'], 'hyear': ['2021'], 'hmonth': ['06'], 'hday': ['17'], 'leadtime_hour': ['24']}",repro/glofas_coverage_scan_runs/scan_20260216T065850Z/downloads/reforecast/P1__reforecast__version_3_1__lisflood__control_reforecast/2021-06-17.zip,"{""area"": [37.2443931, -122.272464, 36.8443931, -121.872464], ""data_format"": ""grib2"", ""download_format"": ""zip"", ""hday"": [""17""], ""hmonth"": [""06""], ""hydrological_model"": [""lisflood""], ""hyear"": [""2021""], ""leadtime_hour"": [""24""], ""product_type"": [""control_reforecast""], ""system_version"": [""version_3_1""], ""variable"": [""river_discharge_in_the_last_24_hours""]}"
2026-02-16T06:59:52Z,scan_20260216T065850Z,reforecast,P1,P1__reforecast__version_3_1__lisflood__control_reforecast,cems-glofas-reforecast,version_3_1,lisflood,control_reforecast,1999-01-04,error,,invalid_request,"400 Client Error: Bad Request for url: https://ewds.climate.copernicus.eu/api/retrieve/v1/processes/cems-glofas-reforecast/execution
invalid request
Request has not produced a valid combination of values, please check your selection.
{'system_version': ['version_3_1'], 'hydrological_model': ['lisflood'], 'product_type': ['control_reforecast'], 'variable': ['river_discharge_in_the_last_24_hours'], 'data_format': ['grib'], 'area': ['37.2443931', '-122.272464', '36.8443931', '-121.872464'], 'hyear': ['1999'], 'hmonth': ['01'], 'hday': ['04'], 'leadtime_hour': ['24']}",repro/glofas_coverage_scan_runs/scan_20260216T065850Z/downloads/reforecast/P1__reforecast__version_3_1__lisflood__control_reforecast/1999-01-04.zip,"{""area"": [37.2443931, -122.272464, 36.8443931, -121.872464], ""data_format"": ""grib2"", ""download_format"": ""zip"", ""hday"": [""04""], ""hmonth"": [""01""], ""hydrological_model"": [""lisflood""], ""hyear"": [""1999""], ""leadtime_hour"": [""24""], ""product_type"": [""control_reforecast""], ""system_version"": [""version_3_1""], ""variable"": [""river_discharge_in_the_last_24_hours""]}"
2026-02-16T06:59:53Z,scan_20260216T065850Z,reforecast,P1,P1__reforecast__version_3_1__lisflood__control_reforecast,cems-glofas-reforecast,version_3_1,lisflood,control_reforecast,2023-11-23,error,,invalid_request,"400 Client Error: Bad Request for url: https://ewds.climate.copernicus.eu/api/retrieve/v1/processes/cems-glofas-reforecast/execution
invalid request
Request has not produced a valid combination of values, please check your selection.
{'system_version': ['version_3_1'], 'hydrological_model': ['lisflood'], 'product_type': ['control_reforecast'], 'variable': ['river_discharge_in_the_last_24_hours'], 'data_format': ['grib'], 'area': ['37.2443931', '-122.272464', '36.8443931', '-121.872464'], 'hyear': ['2023'], 'hmonth': ['11'], 'hday': ['23'], 'leadtime_hour': ['24']}",repro/glofas_coverage_scan_runs/scan_20260216T065850Z/downloads/reforecast/P1__reforecast__version_3_1__lisflood__control_reforecast/2023-11-23.zip,"{""area"": [37.2443931, -122.272464, 36.8443931, -121.872464], ""data_format"": ""grib2"", ""download_format"": ""zip"", ""hday"": [""23""], ""hmonth"": [""11""], ""hydrological_model"": [""lisflood""], ""hyear"": [""2023""], ""leadtime_hour"": [""24""], ""product_type"": [""control_reforecast""], ""system_version"": [""version_3_1""], ""variable"": [""river_discharge_in_the_last_24_hours""]}"
2026-02-16T06:59:54Z,scan_20260216T065850Z,reforecast,P1,P1__reforecast__version_3_1__lisflood__control_reforecast,cems-glofas-reforecast,version_3_1,lisflood,control_reforecast,2011-06-16,error,,invalid_request,"400 Client Error: Bad Request for url: https://ewds.climate.copernicus.eu/api/retrieve/v1/processes/cems-glofas-reforecast/execution
invalid request
Request has not produced a valid combination of values, please check your selection.
{'system_version': ['version_3_1'], 'hydrological_model': ['lisflood'], 'product_type': ['control_reforecast'], 'variable': ['river_discharge_in_the_last_24_hours'], 'data_format': ['grib'], 'area': ['37.2443931', '-122.272464', '36.8443931', '-121.872464'], 'hyear': ['2011'], 'hmonth': ['06'], 'hday': ['16'], 'leadtime_hour': ['24']}",repro/glofas_coverage_scan_runs/scan_20260216T065850Z/downloads/reforecast/P1__reforecast__version_3_1__lisflood__control_reforecast/2011-06-16.zip,"{""area"": [37.2443931, -122.272464, 36.8443931, -121.872464], ""data_format"": ""grib2"", ""download_format"": ""zip"", ""hday"": [""16""], ""hmonth"": [""06""], ""hydrological_model"": [""lisflood""], ""hyear"": [""2011""], ""leadtime_hour"": [""24""], ""product_type"": [""control_reforecast""], ""system_version"": [""version_3_1""], ""variable"": [""river_discharge_in_the_last_24_hours""]}"
2026-02-16T07:01:24Z,scan_20260216T065850Z,reforecast,P1,P1__reforecast__version_3_1__lisflood__control_reforecast,cems-glofas-reforecast,version_3_1,lisflood,control_reforecast,2000-02-28,error,,timeout,timeout after 90s,repro/glofas_coverage_scan_runs/scan_20260216T065850Z/downloads/reforecast/P1__reforecast__version_3_1__lisflood__control_reforecast/2000-02-28.zip,"{""area"": [37.2443931, -122.272464, 36.8443931, -121.872464], ""data_format"": ""grib2"", ""download_format"": ""zip"", ""hday"": [""28""], ""hmonth"": [""02""], ""hydrological_model"": [""lisflood""], ""hyear"": [""2000""], ""leadtime_hour"": [""24""], ""product_type"": [""control_reforecast""], ""system_version"": [""version_3_1""], ""variable"": [""river_discharge_in_the_last_24_hours""]}"
2026-02-16T07:01:25Z,scan_20260216T065850Z,reforecast,P1,P1__reforecast__version_3_1__lisflood__control_reforecast,cems-glofas-reforecast,version_3_1,lisflood,control_reforecast,2001-04-23,error,,invalid_request,"400 Client Error: Bad Request for url: https://ewds.climate.copernicus.eu/api/retrieve/v1/processes/cems-glofas-reforecast/execution
invalid request
Request has not produced a valid combination of values, please check your selection.
{'system_version': ['version_3_1'], 'hydrological_model': ['lisflood'], 'product_type': ['control_reforecast'], 'variable': ['river_discharge_in_the_last_24_hours'], 'data_format': ['grib'], 'area': ['37.2443931', '-122.272464', '36.8443931', '-121.872464'], 'hyear': ['2001'], 'hmonth': ['04'], 'hday': ['23'], 'leadtime_hour': ['24']}",repro/glofas_coverage_scan_runs/scan_20260216T065850Z/downloads/reforecast/P1__reforecast__version_3_1__lisflood__control_reforecast/2001-04-23.zip,"{""area"": [37.2443931, -122.272464, 36.8443931, -121.872464], ""data_format"": ""grib2"", ""download_format"": ""zip"", ""hday"": [""23""], ""hmonth"": [""04""], ""hydrological_model"": [""lisflood""], ""hyear"": [""2001""], ""leadtime_hour"": [""24""], ""product_type"": [""control_reforecast""], ""system_version"": [""version_3_1""], ""variable"": [""river_discharge_in_the_last_24_hours""]}"
2026-02-16T07:02:19Z,scan_20260216T065850Z,reforecast,P1,P1__reforecast__version_3_1__lisflood__control_reforecast,cems-glofas-reforecast,version_3_1,lisflood,control_reforecast,2002-06-17,ok,294,,,repro/glofas_coverage_scan_runs/scan_20260216T065850Z/downloads/reforecast/P1__reforecast__version_3_1__lisflood__control_reforecast/2002-06-17.zip,"{""area"": [37.2443931, -122.272464, 36.8443931, -121.872464], ""data_format"": ""grib2"", ""download_format"": ""zip"", ""hday"": [""17""], ""hmonth"": [""06""], ""hydrological_model"": [""lisflood""], ""hyear"": [""2002""], ""leadtime_hour"": [""24""], ""product_type"": [""control_reforecast""], ""system_version"": [""version_3_1""], ""variable"": [""river_discharge_in_the_last_24_hours""]}"
2026-02-16T07:02:41Z,scan_20260216T065850Z,reforecast,P1,P1__reforecast__version_3_1__lisflood__control_reforecast,cems-glofas-reforecast,version_3_1,lisflood,control_reforecast,2002-06-13,ok,293,,,repro/glofas_coverage_scan_runs/scan_20260216T065850Z/downloads/reforecast/P1__reforecast__version_3_1__lisflood__control_reforecast/2002-06-13.zip,"{""area"": [37.2443931, -122.272464, 36.8443931, -121.872464], ""data_format"": ""grib2"", ""download_format"": ""zip"", ""hday"": [""13""], ""hmonth"": [""06""], ""hydrological_model"": [""lisflood""], ""hyear"": [""2002""], ""leadtime_hour"": [""24""], ""product_type"": [""control_reforecast""], ""system_version"": [""version_3_1""], ""variable"": [""river_discharge_in_the_last_24_hours""]}"
2026-02-16T07:03:03Z,scan_20260216T065850Z,reforecast,P1,P1__reforecast__version_3_1__lisflood__control_reforecast,cems-glofas-reforecast,version_3_1,lisflood,control_reforecast,2002-06-06,ok,293,,,repro/glofas_coverage_scan_runs/scan_20260216T065850Z/downloads/reforecast/P1__reforecast__version_3_1__lisflood__control_reforecast/2002-06-06.zip,"{""area"": [37.2443931, -122.272464, 36.8443931, -121.872464], ""data_format"": ""grib2"", ""download_format"": ""zip"", ""hday"": [""06""], ""hmonth"": [""06""], ""hydrological_model"": [""lisflood""], ""hyear"": [""2002""], ""leadtime_hour"": [""24""], ""product_type"": [""control_reforecast""], ""system_version"": [""version_3_1""], ""variable"": [""river_discharge_in_the_last_24_hours""]}"
2026-02-16T07:03:20Z,scan_20260216T065850Z,reforecast,P1,P1__reforecast__version_3_1__lisflood__control_reforecast,cems-glofas-reforecast,version_3_1,lisflood,control_reforecast,2002-05-23,ok,302,,,repro/glofas_coverage_scan_runs/scan_20260216T065850Z/downloads/reforecast/P1__reforecast__version_3_1__lisflood__control_reforecast/2002-05-23.zip,"{""area"": [37.2443931, -122.272464, 36.8443931, -121.872464], ""data_format"": ""grib2"", ""download_format"": ""zip"", ""hday"": [""23""], ""hmonth"": [""05""], ""hydrological_model"": [""lisflood""], ""hyear"": [""2002""], ""leadtime_hour"": [""24""], ""product_type"": [""control_reforecast""], ""system_version"": [""version_3_1""], ""variable"": [""river_discharge_in_the_last_24_hours""]}"
2026-02-16T07:04:13Z,scan_20260216T065850Z,reforecast,P1,P1__reforecast__version_3_1__lisflood__control_reforecast,cems-glofas-reforecast,version_3_1,lisflood,control_reforecast,2002-04-25,ok,298,,,repro/glofas_coverage_scan_runs/scan_20260216T065850Z/downloads/reforecast/P1__reforecast__version_3_1__lisflood__control_reforecast/2002-04-25.zip,"{""area"": [37.2443931, -122.272464, 36.8443931, -121.872464], ""data_format"": ""grib2"", ""download_format"": ""zip"", ""hday"": [""25""], ""hmonth"": [""04""], ""hydrological_model"": [""lisflood""], ""hyear"": [""2002""], ""leadtime_hour"": [""24""], ""product_type"": [""control_reforecast""], ""system_version"": [""version_3_1""], ""variable"": [""river_discharge_in_the_last_24_hours""]}"
2026-02-16T07:04:53Z,scan_20260216T065850Z,reforecast,P1,P1__reforecast__version_3_1__lisflood__control_reforecast,cems-glofas-reforecast,version_3_1,lisflood,control_reforecast,2002-02-28,ok,302,,,repro/glofas_coverage_scan_runs/scan_20260216T065850Z/downloads/reforecast/P1__reforecast__version_3_1__lisflood__control_reforecast/2002-02-28.zip,"{""area"": [37.2443931, -122.272464, 36.8443931, -121.872464], ""data_format"": ""grib2"", ""download_format"": ""zip"", ""hday"": [""28""], ""hmonth"": [""02""], ""hydrological_model"": [""lisflood""], ""hyear"": [""2002""], ""leadtime_hour"": [""24""], ""product_type"": [""control_reforecast""], ""system_version"": [""version_3_1""], ""variable"": [""river_discharge_in_the_last_24_hours""]}"
2026-02-16T07:04:54Z,scan_20260216T065850Z,reforecast,P1,P1__reforecast__version_3_1__lisflood__control_reforecast,cems-glofas-reforecast,version_3_1,lisflood,control_reforecast,2001-11-08,error,,invalid_request,"400 Client Error: Bad Request for url: https://ewds.climate.copernicus.eu/api/retrieve/v1/processes/cems-glofas-reforecast/execution
invalid request
Request has not produced a valid combination of values, please check your selection.
{'system_version': ['version_3_1'], 'hydrological_model': ['lisflood'], 'product_type': ['control_reforecast'], 'variable': ['river_discharge_in_the_last_24_hours'], 'data_format': ['grib'], 'area': ['37.2443931', '-122.272464', '36.8443931', '-121.872464'], 'hyear': ['2001'], 'hmonth': ['11'], 'hday': ['08'], 'leadtime_hour': ['24']}",repro/glofas_coverage_scan_runs/scan_20260216T065850Z/downloads/reforecast/P1__reforecast__version_3_1__lisflood__control_reforecast/2001-11-08.zip,"{""area"": [37.2443931, -122.272464, 36.8443931, -121.872464], ""data_format"": ""grib2"", ""download_format"": ""zip"", ""hday"": [""08""], ""hmonth"": [""11""], ""hydrological_model"": [""lisflood""], ""hyear"": [""2001""], ""leadtime_hour"": [""24""], ""product_type"": [""control_reforecast""], ""system_version"": [""version_3_1""], ""variable"": [""river_discharge_in_the_last_24_hours""]}"
2026-02-16T07:06:24Z,scan_20260216T065850Z,reforecast,P1,P1__reforecast__version_3_1__lisflood__control_reforecast,cems-glofas-reforecast,version_3_1,lisflood,control_reforecast,2002-01-03,error,,timeout,timeout after 90s,repro/glofas_coverage_scan_runs/scan_20260216T065850Z/downloads/reforecast/P1__reforecast__version_3_1__lisflood__control_reforecast/2002-01-03.zip,"{""area"": [37.2443931, -122.272464, 36.8443931, -121.872464], ""data_format"": ""grib2"", ""download_format"": ""zip"", ""hday"": [""03""], ""hmonth"": [""01""], ""hydrological_model"": [""lisflood""], ""hyear"": [""2002""], ""leadtime_hour"": [""24""], ""product_type"": [""control_reforecast""], ""system_version"": [""version_3_1""], ""variable"": [""river_discharge_in_the_last_24_hours""]}"
2026-02-16T07:07:07Z,scan_20260216T065850Z,reforecast,P1,P1__reforecast__version_3_1__lisflood__control_reforecast,cems-glofas-reforecast,version_3_1,lisflood,control_reforecast,2002-01-31,ok,304,,,repro/glofas_coverage_scan_runs/scan_20260216T065850Z/downloads/reforecast/P1__reforecast__version_3_1__lisflood__control_reforecast/2002-01-31.zip,"{""area"": [37.2443931, -122.272464, 36.8443931, -121.872464], ""data_format"": ""grib2"", ""download_format"": ""zip"", ""hday"": [""31""], ""hmonth"": [""01""], ""hydrological_model"": [""lisflood""], ""hyear"": [""2002""], ""leadtime_hour"": [""24""], ""product_type"": [""control_reforecast""], ""system_version"": [""version_3_1""], ""variable"": [""river_discharge_in_the_last_24_hours""]}"
2026-02-16T07:07:40Z,scan_20260216T065850Z,reforecast,P1,P1__reforecast__version_3_1__lisflood__control_reforecast,cems-glofas-reforecast,version_3_1,lisflood,control_reforecast,2002-01-17,ok,302,,,repro/glofas_coverage_scan_runs/scan_20260216T065850Z/downloads/reforecast/P1__reforecast__version_3_1__lisflood__control_reforecast/2002-01-17.zip,"{""area"": [37.2443931, -122.272464, 36.8443931, -121.872464], ""data_format"": ""grib2"", ""download_format"": ""zip"", ""hday"": [""17""], ""hmonth"": [""01""], ""hydrological_model"": [""lisflood""], ""hyear"": [""2002""], ""leadtime_hour"": [""24""], ""product_type"": [""control_reforecast""], ""system_version"": [""version_3_1""], ""variable"": [""river_discharge_in_the_last_24_hours""]}"
2026-02-16T07:09:10Z,scan_20260216T065850Z,reforecast,P1,P1__reforecast__version_3_1__lisflood__control_reforecast,cems-glofas-reforecast,version_3_1,lisflood,control_reforecast,2002-01-10,error,,timeout,timeout after 90s,repro/glofas_coverage_scan_runs/scan_20260216T065850Z/downloads/reforecast/P1__reforecast__version_3_1__lisflood__control_reforecast/2002-01-10.zip,"{""area"": [37.2443931, -122.272464, 36.8443931, -121.872464], ""data_format"": ""grib2"", ""download_format"": ""zip"", ""hday"": [""10""], ""hmonth"": [""01""], ""hydrological_model"": [""lisflood""], ""hyear"": [""2002""], ""leadtime_hour"": [""24""], ""product_type"": [""control_reforecast""], ""system_version"": [""version_3_1""], ""variable"": [""river_discharge_in_the_last_24_hours""]}"
2026-02-16T07:09:32Z,scan_20260216T065850Z,reforecast,P1,P1__reforecast__version_3_1__lisflood__control_reforecast,cems-glofas-reforecast,version_3_1,lisflood,control_reforecast,2002-01-14,ok,302,,,repro/glofas_coverage_scan_runs/scan_20260216T065850Z/downloads/reforecast/P1__reforecast__version_3_1__lisflood__control_reforecast/2002-01-14.zip,"{""area"": [37.2443931, -122.272464, 36.8443931, -121.872464], ""data_format"": ""grib2"", ""download_format"": ""zip"", ""hday"": [""14""], ""hmonth"": [""01""], ""hydrological_model"": [""lisflood""], ""hyear"": [""2002""], ""leadtime_hour"": [""24""], ""product_type"": [""control_reforecast""], ""system_version"": [""version_3_1""], ""variable"": [""river_discharge_in_the_last_24_hours""]}"
2026-02-16T07:09:59Z,scan_20260216T065850Z,reforecast,P1,P1__reforecast__version_3_1__lisflood__control_reforecast,cems-glofas-reforecast,version_3_1,lisflood,control_reforecast,2002-06-20,ok,293,,,repro/glofas_coverage_scan_runs/scan_20260216T065850Z/downloads/reforecast/P1__reforecast__version_3_1__lisflood__control_reforecast/2002-06-20.zip,"{""area"": [37.2443931, -122.272464, 36.8443931, -121.872464], ""data_format"": ""grib2"", ""download_format"": ""zip"", ""hday"": [""20""], ""hmonth"": [""06""], ""hydrological_model"": [""lisflood""], ""hyear"": [""2002""], ""leadtime_hour"": [""24""], ""product_type"": [""control_reforecast""], ""system_version"": [""version_3_1""], ""variable"": [""river_discharge_in_the_last_24_hours""]}"
2026-02-16T07:11:09Z,scan_20260216T065850Z,reforecast,P1,P1__reforecast__version_3_1__lisflood__control_reforecast,cems-glofas-reforecast,version_3_1,lisflood,control_reforecast,2002-06-27,ok,294,,,repro/glofas_coverage_scan_runs/scan_20260216T065850Z/downloads/reforecast/P1__reforecast__version_3_1__lisflood__control_reforecast/2002-06-27.zip,"{""area"": [37.2443931, -122.272464, 36.8443931, -121.872464], ""data_format"": ""grib2"", ""download_format"": ""zip"", ""hday"": [""27""], ""hmonth"": [""06""], ""hydrological_model"": [""lisflood""], ""hyear"": [""2002""], ""leadtime_hour"": [""24""], ""product_type"": [""control_reforecast""], ""system_version"": [""version_3_1""], ""variable"": [""river_discharge_in_the_last_24_hours""]}"
2026-02-16T07:12:13Z,scan_20260216T065850Z,reforecast,P1,P1__reforecast__version_3_1__lisflood__control_reforecast,cems-glofas-reforecast,version_3_1,lisflood,control_reforecast,2002-07-11,ok,296,,,repro/glofas_coverage_scan_runs/scan_20260216T065850Z/downloads/reforecast/P1__reforecast__version_3_1__lisflood__control_reforecast/2002-07-11.zip,"{""area"": [37.2443931, -122.272464, 36.8443931, -121.872464], ""data_format"": ""grib2"", ""download_format"": ""zip"", ""hday"": [""11""], ""hmonth"": [""07""], ""hydrological_model"": [""lisflood""], ""hyear"": [""2002""], ""leadtime_hour"": [""24""], ""product_type"": [""control_reforecast""], ""system_version"": [""version_3_1""], ""variable"": [""river_discharge_in_the_last_24_hours""]}"
2026-02-16T07:13:43Z,scan_20260216T065850Z,reforecast,P1,P1__reforecast__version_3_1__lisflood__control_reforecast,cems-glofas-reforecast,version_3_1,lisflood,control_reforecast,2002-08-08,error,,timeout,timeout after 90s,repro/glofas_coverage_scan_runs/scan_20260216T065850Z/downloads/reforecast/P1__reforecast__version_3_1__lisflood__control_reforecast/2002-08-08.zip,"{""area"": [37.2443931, -122.272464, 36.8443931, -121.872464], ""data_format"": ""grib2"", ""download_format"": ""zip"", ""hday"": [""08""], ""hmonth"": [""08""], ""hydrological_model"": [""lisflood""], ""hyear"": [""2002""], ""leadtime_hour"": [""24""], ""product_type"": [""control_reforecast""], ""system_version"": [""version_3_1""], ""variable"": [""river_discharge_in_the_last_24_hours""]}"
2026-02-16T07:15:13Z,scan_20260216T065850Z,reforecast,P1,P1__reforecast__version_3_1__lisflood__control_reforecast,cems-glofas-reforecast,version_3_1,lisflood,control_reforecast,2002-07-25,error,,timeout,timeout after 90s,repro/glofas_coverage_scan_runs/scan_20260216T065850Z/downloads/reforecast/P1__reforecast__version_3_1__lisflood__control_reforecast/2002-07-25.zip,"{""area"": [37.2443931, -122.272464, 36.8443931, -121.872464], ""data_format"": ""grib2"", ""download_format"": ""zip"", ""hday"": [""25""], ""hmonth"": [""07""], ""hydrological_model"": [""lisflood""], ""hyear"": [""2002""], ""leadtime_hour"": [""24""], ""product_type"": [""control_reforecast""], ""system_version"": [""version_3_1""], ""variable"": [""river_discharge_in_the_last_24_hours""]}"
2026-02-16T07:15:14Z,scan_20260216T065850Z,reforecast,P1,P1__reforecast__version_3_1__lisflood__ensemble_perturbed_reforecast,cems-glofas-reforecast,version_3_1,lisflood,ensemble_perturbed_reforecast,2021-06-14,error,,invalid_request,"400 Client Error: Bad Request for url: https://ewds.climate.copernicus.eu/api/retrieve/v1/processes/cems-glofas-reforecast/execution
invalid request
Request has not produced a valid combination of values, please check your selection.
{'system_version': ['version_3_1'], 'hydrological_model': ['lisflood'], 'product_type': ['ensemble_perturbed_reforecast'], 'variable': ['river_discharge_in_the_last_24_hours'], 'data_format': ['grib'], 'area': ['37.2443931', '-122.272464', '36.8443931', '-121.872464'], 'hyear': ['2021'], 'hmonth': ['06'], 'hday': ['14'], 'leadtime_hour': ['24']}",repro/glofas_coverage_scan_runs/scan_20260216T065850Z/downloads/reforecast/P1__reforecast__version_3_1__lisflood__ensemble_perturbed_reforecast/2021-06-14.zip,"{""area"": [37.2443931, -122.272464, 36.8443931, -121.872464], ""data_format"": ""grib2"", ""download_format"": ""zip"", ""hday"": [""14""], ""hmonth"": [""06""], ""hydrological_model"": [""lisflood""], ""hyear"": [""2021""], ""leadtime_hour"": [""24""], ""product_type"": [""ensemble_perturbed_reforecast""], ""system_version"": [""version_3_1""], ""variable"": [""river_discharge_in_the_last_24_hours""]}"
2026-02-16T07:15:15Z,scan_20260216T065850Z,reforecast,P1,P1__reforecast__version_3_1__lisflood__ensemble_perturbed_reforecast,cems-glofas-reforecast,version_3_1,lisflood,ensemble_perturbed_reforecast,2021-06-17,error,,invalid_request,"400 Client Error: Bad Request for url: https://ewds.climate.copernicus.eu/api/retrieve/v1/processes/cems-glofas-reforecast/execution
invalid request
Request has not produced a valid combination of values, please check your selection.
{'system_version': ['version_3_1'], 'hydrological_model': ['lisflood'], 'product_type': ['ensemble_perturbed_reforecast'], 'variable': ['river_discharge_in_the_last_24_hours'], 'data_format': ['grib'], 'area': ['37.2443931', '-122.272464', '36.8443931', '-121.872464'], 'hyear': ['2021'], 'hmonth': ['06'], 'hday': ['17'], 'leadtime_hour': ['24']}",repro/glofas_coverage_scan_runs/scan_20260216T065850Z/downloads/reforecast/P1__reforecast__version_3_1__lisflood__ensemble_perturbed_reforecast/2021-06-17.zip,"{""area"": [37.2443931, -122.272464, 36.8443931, -121.872464], ""data_format"": ""grib2"", ""download_format"": ""zip"", ""hday"": [""17""], ""hmonth"": [""06""], ""hydrological_model"": [""lisflood""], ""hyear"": [""2021""], ""leadtime_hour"": [""24""], ""product_type"": [""ensemble_perturbed_reforecast""], ""system_version"": [""version_3_1""], ""variable"": [""river_discharge_in_the_last_24_hours""]}"
2026-02-16T07:15:16Z,scan_20260216T065850Z,reforecast,P1,P1__reforecast__version_3_1__lisflood__ensemble_perturbed_reforecast,cems-glofas-reforecast,version_3_1,lisflood,ensemble_perturbed_reforecast,1999-01-04,error,,invalid_request,"400 Client Error: Bad Request for url: https://ewds.climate.copernicus.eu/api/retrieve/v1/processes/cems-glofas-reforecast/execution
invalid request
Request has not produced a valid combination of values, please check your selection.
{'system_version': ['version_3_1'], 'hydrological_model': ['lisflood'], 'product_type': ['ensemble_perturbed_reforecast'], 'variable': ['river_discharge_in_the_last_24_hours'], 'data_format': ['grib'], 'area': ['37.2443931', '-122.272464', '36.8443931', '-121.872464'], 'hyear': ['1999'], 'hmonth': ['01'], 'hday': ['04'], 'leadtime_hour': ['24']}",repro/glofas_coverage_scan_runs/scan_20260216T065850Z/downloads/reforecast/P1__reforecast__version_3_1__lisflood__ensemble_perturbed_reforecast/1999-01-04.zip,"{""area"": [37.2443931, -122.272464, 36.8443931, -121.872464], ""data_format"": ""grib2"", ""download_format"": ""zip"", ""hday"": [""04""], ""hmonth"": [""01""], ""hydrological_model"": [""lisflood""], ""hyear"": [""1999""], ""leadtime_hour"": [""24""], ""product_type"": [""ensemble_perturbed_reforecast""], ""system_version"": [""version_3_1""], ""variable"": [""river_discharge_in_the_last_24_hours""]}"
2026-02-16T07:15:18Z,scan_20260216T065850Z,reforecast,P1,P1__reforecast__version_3_1__lisflood__ensemble_perturbed_reforecast,cems-glofas-reforecast,version_3_1,lisflood,ensemble_perturbed_reforecast,2023-11-23,error,,invalid_request,"400 Client Error: Bad Request for url: https://ewds.climate.copernicus.eu/api/retrieve/v1/processes/cems-glofas-reforecast/execution
invalid request
Request has not produced a valid combination of values, please check your selection.
{'system_version': ['version_3_1'], 'hydrological_model': ['lisflood'], 'product_type': ['ensemble_perturbed_reforecast'], 'variable': ['river_discharge_in_the_last_24_hours'], 'data_format': ['grib'], 'area': ['37.2443931', '-122.272464', '36.8443931', '-121.872464'], 'hyear': ['2023'], 'hmonth': ['11'], 'hday': ['23'], 'leadtime_hour': ['24']}",repro/glofas_coverage_scan_runs/scan_20260216T065850Z/downloads/reforecast/P1__reforecast__version_3_1__lisflood__ensemble_perturbed_reforecast/2023-11-23.zip,"{""area"": [37.2443931, -122.272464, 36.8443931, -121.872464], ""data_format"": ""grib2"", ""download_format"": ""zip"", ""hday"": [""23""], ""hmonth"": [""11""], ""hydrological_model"": [""lisflood""], ""hyear"": [""2023""], ""leadtime_hour"": [""24""], ""product_type"": [""ensemble_perturbed_reforecast""], ""system_version"": [""version_3_1""], ""variable"": [""river_discharge_in_the_last_24_hours""]}"
2026-02-16T07:15:19Z,scan_20260216T065850Z,reforecast,P1,P1__reforecast__version_3_1__lisflood__ensemble_perturbed_reforecast,cems-glofas-reforecast,version_3_1,lisflood,ensemble_perturbed_reforecast,2011-06-16,error,,invalid_request,"400 Client Error: Bad Request for url: https://ewds.climate.copernicus.eu/api/retrieve/v1/processes/cems-glofas-reforecast/execution
invalid request
Request has not produced a valid combination of values, please check your selection.
{'system_version': ['version_3_1'], 'hydrological_model': ['lisflood'], 'product_type': ['ensemble_perturbed_reforecast'], 'variable': ['river_discharge_in_the_last_24_hours'], 'data_format': ['grib'], 'area': ['37.2443931', '-122.272464', '36.8443931', '-121.872464'], 'hyear': ['2011'], 'hmonth': ['06'], 'hday': ['16'], 'leadtime_hour': ['24']}",repro/glofas_coverage_scan_runs/scan_20260216T065850Z/downloads/reforecast/P1__reforecast__version_3_1__lisflood__ensemble_perturbed_reforecast/2011-06-16.zip,"{""area"": [37.2443931, -122.272464, 36.8443931, -121.872464], ""data_format"": ""grib2"", ""download_format"": ""zip"", ""hday"": [""16""], ""hmonth"": [""06""], ""hydrological_model"": [""lisflood""], ""hyear"": [""2011""], ""leadtime_hour"": [""24""], ""product_type"": [""ensemble_perturbed_reforecast""], ""system_version"": [""version_3_1""], ""variable"": [""river_discharge_in_the_last_24_hours""]}"
2026-02-16T07:16:49Z,scan_20260216T065850Z,reforecast,P1,P1__reforecast__version_3_1__lisflood__ensemble_perturbed_reforecast,cems-glofas-reforecast,version_3_1,lisflood,ensemble_perturbed_reforecast,2000-02-28,ok,404,,,repro/glofas_coverage_scan_runs/scan_20260216T065850Z/downloads/reforecast/P1__reforecast__version_3_1__lisflood__ensemble_perturbed_reforecast/2000-02-28.zip,"{""area"": [37.2443931, -122.272464, 36.8443931, -121.872464], ""data_format"": ""grib2"", ""download_format"": ""zip"", ""hday"": [""28""], ""hmonth"": [""02""], ""hydrological_model"": [""lisflood""], ""hyear"": [""2000""], ""leadtime_hour"": [""24""], ""product_type"": [""ensemble_perturbed_reforecast""], ""system_version"": [""version_3_1""], ""variable"": [""river_discharge_in_the_last_24_hours""]}"
2026-02-16T07:16:50Z,scan_20260216T065850Z,reforecast,P1,P1__reforecast__version_3_1__lisflood__ensemble_perturbed_reforecast,cems-glofas-reforecast,version_3_1,lisflood,ensemble_perturbed_reforecast,2000-02-24,error,,invalid_request,"400 Client Error: Bad Request for url: https://ewds.climate.copernicus.eu/api/retrieve/v1/processes/cems-glofas-reforecast/execution
invalid request
Request has not produced a valid combination of values, please check your selection.
{'system_version': ['version_3_1'], 'hydrological_model': ['lisflood'], 'product_type': ['ensemble_perturbed_reforecast'], 'variable': ['river_discharge_in_the_last_24_hours'], 'data_format': ['grib'], 'area': ['37.2443931', '-122.272464', '36.8443931', '-121.872464'], 'hyear': ['2000'], 'hmonth': ['02'], 'hday': ['24'], 'leadtime_hour': ['24']}",repro/glofas_coverage_scan_runs/scan_20260216T065850Z/downloads/reforecast/P1__reforecast__version_3_1__lisflood__ensemble_perturbed_reforecast/2000-02-24.zip,"{""area"": [37.2443931, -122.272464, 36.8443931, -121.872464], ""data_format"": ""grib2"", ""download_format"": ""zip"", ""hday"": [""24""], ""hmonth"": [""02""], ""hydrological_model"": [""lisflood""], ""hyear"": [""2000""], ""leadtime_hour"": [""24""], ""product_type"": [""ensemble_perturbed_reforecast""], ""system_version"": [""version_3_1""], ""variable"": [""river_discharge_in_the_last_24_hours""]}"
2026-02-16T07:16:51Z,scan_20260216T065850Z,reforecast,P1,P1__reforecast__version_3_1__lisflood__ensemble_perturbed_reforecast,cems-glofas-reforecast,version_3_1,lisflood,ensemble_perturbed_reforecast,2000-03-02,error,,invalid_request,"400 Client Error: Bad Request for url: https://ewds.climate.copernicus.eu/api/retrieve/v1/processes/cems-glofas-reforecast/execution
invalid request
Request has not produced a valid combination of values, please check your selection.
{'system_version': ['version_3_1'], 'hydrological_model': ['lisflood'], 'product_type': ['ensemble_perturbed_reforecast'], 'variable': ['river_discharge_in_the_last_24_hours'], 'data_format': ['grib'], 'area': ['37.2443931', '-122.272464', '36.8443931', '-121.872464'], 'hyear': ['2000'], 'hmonth': ['03'], 'hday': ['02'], 'leadtime_hour': ['24']}",repro/glofas_coverage_scan_runs/scan_20260216T065850Z/downloads/reforecast/P1__reforecast__version_3_1__lisflood__ensemble_perturbed_reforecast/2000-03-02.zip,"{""area"": [37.2443931, -122.272464, 36.8443931, -121.872464], ""data_format"": ""grib2"", ""download_format"": ""zip"", ""hday"": [""02""], ""hmonth"": [""03""], ""hydrological_model"": [""lisflood""], ""hyear"": [""2000""], ""leadtime_hour"": [""24""], ""product_type"": [""ensemble_perturbed_reforecast""], ""system_version"": [""version_3_1""], ""variable"": [""river_discharge_in_the_last_24_hours""]}"
2026-02-16T07:16:52Z,scan_20260216T065850Z,reforecast,P2,P2__reforecast__version_4_0__htessel_lisflood__control_reforecast,cems-glofas-reforecast,version_4_0,htessel_lisflood,control_reforecast,2021-01-04,error,,invalid_request,"400 Client Error: Bad Request for url: https://ewds.climate.copernicus.eu/api/retrieve/v1/processes/cems-glofas-reforecast/execution
invalid request
Request has not produced a valid combination of values, please check your selection.
{'system_version': ['version_4_0'], 'hydrological_model': ['htessel_lisflood'], 'product_type': ['control_reforecast'], 'variable': ['river_discharge_in_the_last_24_hours'], 'data_format': ['grib'], 'area': ['37.2443931', '-122.272464', '36.8443931', '-121.872464'], 'hyear': ['2021'], 'hmonth': ['01'], 'hday': ['04'], 'leadtime_hour': ['24']}",repro/glofas_coverage_scan_runs/scan_20260216T065850Z/downloads/reforecast/P2__reforecast__version_4_0__htessel_lisflood__control_reforecast/2021-01-04.zip,"{""area"": [37.2443931, -122.272464, 36.8443931, -121.872464], ""data_format"": ""grib2"", ""download_format"": ""zip"", ""hday"": [""04""], ""hmonth"": [""01""], ""hydrological_model"": [""htessel_lisflood""], ""hyear"": [""2021""], ""leadtime_hour"": [""24""], ""product_type"": [""control_reforecast""], ""system_version"": [""version_4_0""], ""variable"": [""river_discharge_in_the_last_24_hours""]}"
2026-02-16T07:16:54Z,scan_20260216T065850Z,reforecast,P2,P2__reforecast__version_4_0__htessel_lisflood__control_reforecast,cems-glofas-reforecast,version_4_0,htessel_lisflood,control_reforecast,2020-12-31,error,,invalid_request,"400 Client Error: Bad Request for url: https://ewds.climate.copernicus.eu/api/retrieve/v1/processes/cems-glofas-reforecast/execution
invalid request
Request has not produced a valid combination of values, please check your selection.
{'system_version': ['version_4_0'], 'hydrological_model': ['htessel_lisflood'], 'product_type': ['control_reforecast'], 'variable': ['river_discharge_in_the_last_24_hours'], 'data_format': ['grib'], 'area': ['37.2443931', '-122.272464', '36.8443931', '-121.872464'], 'hyear': ['2020'], 'hmonth': ['12'], 'hday': ['31'], 'leadtime_hour': ['24']}",repro/glofas_coverage_scan_runs/scan_20260216T065850Z/downloads/reforecast/P2__reforecast__version_4_0__htessel_lisflood__control_reforecast/2020-12-31.zip,"{""area"": [37.2443931, -122.272464, 36.8443931, -121.872464], ""data_format"": ""grib2"", ""download_format"": ""zip"", ""hday"": [""31""], ""hmonth"": [""12""], ""hydrological_model"": [""htessel_lisflood""], ""hyear"": [""2020""], ""leadtime_hour"": [""24""], ""product_type"": [""control_reforecast""], ""system_version"": [""version_4_0""], ""variable"": [""river_discharge_in_the_last_24_hours""]}"
2026-02-16T07:16:55Z,scan_20260216T065850Z,reforecast,P2,P2__reforecast__version_4_0__htessel_lisflood__control_reforecast,cems-glofas-reforecast,version_4_0,htessel_lisflood,control_reforecast,1999-01-04,error,,invalid_request,"400 Client Error: Bad Request for url: https://ewds.climate.copernicus.eu/api/retrieve/v1/processes/cems-glofas-reforecast/execution
invalid request
Request has not produced a valid combination of values, please check your selection.
{'system_version': ['version_4_0'], 'hydrological_model': ['htessel_lisflood'], 'product_type': ['control_reforecast'], 'variable': ['river_discharge_in_the_last_24_hours'], 'data_format': ['grib'], 'area': ['37.2443931', '-122.272464', '36.8443931', '-121.872464'], 'hyear': ['1999'], 'hmonth': ['01'], 'hday': ['04'], 'leadtime_hour': ['24']}",repro/glofas_coverage_scan_runs/scan_20260216T065850Z/downloads/reforecast/P2__reforecast__version_4_0__htessel_lisflood__control_reforecast/1999-01-04.zip,"{""area"": [37.2443931, -122.272464, 36.8443931, -121.872464], ""data_format"": ""grib2"", ""download_format"": ""zip"", ""hday"": [""04""], ""hmonth"": [""01""], ""hydrological_model"": [""htessel_lisflood""], ""hyear"": [""1999""], ""leadtime_hour"": [""24""], ""product_type"": [""control_reforecast""], ""system_version"": [""version_4_0""], ""variable"": [""river_discharge_in_the_last_24_hours""]}"
2026-02-16T07:16:56Z,scan_20260216T065850Z,reforecast,P2,P2__reforecast__version_4_0__htessel_lisflood__control_reforecast,cems-glofas-reforecast,version_4_0,htessel_lisflood,control_reforecast,2023-11-23,error,,invalid_request,"400 Client Error: Bad Request for url: https://ewds.climate.copernicus.eu/api/retrieve/v1/processes/cems-glofas-reforecast/execution
invalid request
Request has not produced a valid combination of values, please check your selection.
{'system_version': ['version_4_0'], 'hydrological_model': ['htessel_lisflood'], 'product_type': ['control_reforecast'], 'variable': ['river_discharge_in_the_last_24_hours'], 'data_format': ['grib'], 'area': ['37.2443931', '-122.272464', '36.8443931', '-121.872464'], 'hyear': ['2023'], 'hmonth': ['11'], 'hday': ['23'], 'leadtime_hour': ['24']}",repro/glofas_coverage_scan_runs/scan_20260216T065850Z/downloads/reforecast/P2__reforecast__version_4_0__htessel_lisflood__control_reforecast/2023-11-23.zip,"{""area"": [37.2443931, -122.272464, 36.8443931, -121.872464], ""data_format"": ""grib2"", ""download_format"": ""zip"", ""hday"": [""23""], ""hmonth"": [""11""], ""hydrological_model"": [""htessel_lisflood""], ""hyear"": [""2023""], ""leadtime_hour"": [""24""], ""product_type"": [""control_reforecast""], ""system_version"": [""version_4_0""], ""variable"": [""river_discharge_in_the_last_24_hours""]}"
2026-02-16T07:16:57Z,scan_20260216T065850Z,reforecast,P2,P2__reforecast__version_4_0__htessel_lisflood__control_reforecast,cems-glofas-reforecast,version_4_0,htessel_lisflood,control_reforecast,2011-06-16,error,,invalid_request,"400 Client Error: Bad Request for url: https://ewds.climate.copernicus.eu/api/retrieve/v1/processes/cems-glofas-reforecast/execution
invalid request
Request has not produced a valid combination of values, please check your selection.
{'system_version': ['version_4_0'], 'hydrological_model': ['htessel_lisflood'], 'product_type': ['control_reforecast'], 'variable': ['river_discharge_in_the_last_24_hours'], 'data_format': ['grib'], 'area': ['37.2443931', '-122.272464', '36.8443931', '-121.872464'], 'hyear': ['2011'], 'hmonth': ['06'], 'hday': ['16'], 'leadtime_hour': ['24']}",repro/glofas_coverage_scan_runs/scan_20260216T065850Z/downloads/reforecast/P2__reforecast__version_4_0__htessel_lisflood__control_reforecast/2011-06-16.zip,"{""area"": [37.2443931, -122.272464, 36.8443931, -121.872464], ""data_format"": ""grib2"", ""download_format"": ""zip"", ""hday"": [""16""], ""hmonth"": [""06""], ""hydrological_model"": [""htessel_lisflood""], ""hyear"": [""2011""], ""leadtime_hour"": [""24""], ""product_type"": [""control_reforecast""], ""system_version"": [""version_4_0""], ""variable"": [""river_discharge_in_the_last_24_hours""]}"
2026-02-16T07:16:58Z,scan_20260216T065850Z,reforecast,P2,P2__reforecast__version_4_0__htessel_lisflood__control_reforecast,cems-glofas-reforecast,version_4_0,htessel_lisflood,control_reforecast,2000-02-28,error,,invalid_request,"400 Client Error: Bad Request for url: https://ewds.climate.copernicus.eu/api/retrieve/v1/processes/cems-glofas-reforecast/execution
invalid request
Request has not produced a valid combination of values, please check your selection.
{'system_version': ['version_4_0'], 'hydrological_model': ['htessel_lisflood'], 'product_type': ['control_reforecast'], 'variable': ['river_discharge_in_the_last_24_hours'], 'data_format': ['grib'], 'area': ['37.2443931', '-122.272464', '36.8443931', '-121.872464'], 'hyear': ['2000'], 'hmonth': ['02'], 'hday': ['28'], 'leadtime_hour': ['24']}",repro/glofas_coverage_scan_runs/scan_20260216T065850Z/downloads/reforecast/P2__reforecast__version_4_0__htessel_lisflood__control_reforecast/2000-02-28.zip,"{""area"": [37.2443931, -122.272464, 36.8443931, -121.872464], ""data_format"": ""grib2"", ""download_format"": ""zip"", ""hday"": [""28""], ""hmonth"": [""02""], ""hydrological_model"": [""htessel_lisflood""], ""hyear"": [""2000""], ""leadtime_hour"": [""24""], ""product_type"": [""control_reforecast""], ""system_version"": [""version_4_0""], ""variable"": [""river_discharge_in_the_last_24_hours""]}"
2026-02-16T07:17:00Z,scan_20260216T065850Z,reforecast,P2,P2__reforecast__version_4_0__htessel_lisflood__control_reforecast,cems-glofas-reforecast,version_4_0,htessel_lisflood,control_reforecast,2001-04-23,error,,invalid_request,"400 Client Error: Bad Request for url: https://ewds.climate.copernicus.eu/api/retrieve/v1/processes/cems-glofas-reforecast/execution
invalid request
Request has not produced a valid combination of values, please check your selection.
{'system_version': ['version_4_0'], 'hydrological_model': ['htessel_lisflood'], 'product_type': ['control_reforecast'], 'variable': ['river_discharge_in_the_last_24_hours'], 'data_format': ['grib'], 'area': ['37.2443931', '-122.272464', '36.8443931', '-121.872464'], 'hyear': ['2001'], 'hmonth': ['04'], 'hday': ['23'], 'leadtime_hour': ['24']}",repro/glofas_coverage_scan_runs/scan_20260216T065850Z/downloads/reforecast/P2__reforecast__version_4_0__htessel_lisflood__control_reforecast/2001-04-23.zip,"{""area"": [37.2443931, -122.272464, 36.8443931, -121.872464], ""data_format"": ""grib2"", ""download_format"": ""zip"", ""hday"": [""23""], ""hmonth"": [""04""], ""hydrological_model"": [""htessel_lisflood""], ""hyear"": [""2001""], ""leadtime_hour"": [""24""], ""product_type"": [""control_reforecast""], ""system_version"": [""version_4_0""], ""variable"": [""river_discharge_in_the_last_24_hours""]}"
2026-02-16T07:17:01Z,scan_20260216T065850Z,reforecast,P2,P2__reforecast__version_4_0__htessel_lisflood__control_reforecast,cems-glofas-reforecast,version_4_0,htessel_lisflood,control_reforecast,2002-06-17,error,,invalid_request,"400 Client Error: Bad Request for url: https://ewds.climate.copernicus.eu/api/retrieve/v1/processes/cems-glofas-reforecast/execution
invalid request
Request has not produced a valid combination of values, please check your selection.
{'system_version': ['version_4_0'], 'hydrological_model': ['htessel_lisflood'], 'product_type': ['control_reforecast'], 'variable': ['river_discharge_in_the_last_24_hours'], 'data_format': ['grib'], 'area': ['37.2443931', '-122.272464', '36.8443931', '-121.872464'], 'hyear': ['2002'], 'hmonth': ['06'], 'hday': ['17'], 'leadtime_hour': ['24']}",repro/glofas_coverage_scan_runs/scan_20260216T065850Z/downloads/reforecast/P2__reforecast__version_4_0__htessel_lisflood__control_reforecast/2002-06-17.zip,"{""area"": [37.2443931, -122.272464, 36.8443931, -121.872464], ""data_format"": ""grib2"", ""download_format"": ""zip"", ""hday"": [""17""], ""hmonth"": [""06""], ""hydrological_model"": [""htessel_lisflood""], ""hyear"": [""2002""], ""leadtime_hour"": [""24""], ""product_type"": [""control_reforecast""], ""system_version"": [""version_4_0""], ""variable"": [""river_discharge_in_the_last_24_hours""]}"
2026-02-16T07:17:02Z,scan_20260216T065850Z,reforecast,P2,P2__reforecast__version_4_0__htessel_lisflood__control_reforecast,cems-glofas-reforecast,version_4_0,htessel_lisflood,control_reforecast,2003-08-11,error,,invalid_request,"400 Client Error: Bad Request for url: https://ewds.climate.copernicus.eu/api/retrieve/v1/processes/cems-glofas-reforecast/execution
invalid request
Request has not produced a valid combination of values, please check your selection.
{'system_version': ['version_4_0'], 'hydrological_model': ['htessel_lisflood'], 'product_type': ['control_reforecast'], 'variable': ['river_discharge_in_the_last_24_hours'], 'data_format': ['grib'], 'area': ['37.2443931', '-122.272464', '36.8443931', '-121.872464'], 'hyear': ['2003'], 'hmonth': ['08'], 'hday': ['11'], 'leadtime_hour': ['24']}",repro/glofas_coverage_scan_runs/scan_20260216T065850Z/downloads/reforecast/P2__reforecast__version_4_0__htessel_lisflood__control_reforecast/2003-08-11.zip,"{""area"": [37.2443931, -122.272464, 36.8443931, -121.872464], ""data_format"": ""grib2"", ""download_format"": ""zip"", ""hday"": [""11""], ""hmonth"": [""08""], ""hydrological_model"": [""htessel_lisflood""], ""hyear"": [""2003""], ""leadtime_hour"": [""24""], ""product_type"": [""control_reforecast""], ""system_version"": [""version_4_0""], ""variable"": [""river_discharge_in_the_last_24_hours""]}"
2026-02-16T07:17:03Z,scan_20260216T065850Z,reforecast,P2,P2__reforecast__version_4_0__htessel_lisflood__control_reforecast,cems-glofas-reforecast,version_4_0,htessel_lisflood,control_reforecast,2004-10-04,error,,invalid_request,"400 Client Error: Bad Request for url: https://ewds.climate.copernicus.eu/api/retrieve/v1/processes/cems-glofas-reforecast/execution
invalid request
Request has not produced a valid combination of values, please check your selection.
{'system_version': ['version_4_0'], 'hydrological_model': ['htessel_lisflood'], 'product_type': ['control_reforecast'], 'variable': ['river_discharge_in_the_last_24_hours'], 'data_format': ['grib'], 'area': ['37.2443931', '-122.272464', '36.8443931', '-121.872464'], 'hyear': ['2004'], 'hmonth': ['10'], 'hday': ['04'], 'leadtime_hour': ['24']}",repro/glofas_coverage_scan_runs/scan_20260216T065850Z/downloads/reforecast/P2__reforecast__version_4_0__htessel_lisflood__control_reforecast/2004-10-04.zip,"{""area"": [37.2443931, -122.272464, 36.8443931, -121.872464], ""data_format"": ""grib2"", ""download_format"": ""zip"", ""hday"": [""04""], ""hmonth"": [""10""], ""hydrological_model"": [""htessel_lisflood""], ""hyear"": [""2004""], ""leadtime_hour"": [""24""], ""product_type"": [""control_reforecast""], ""system_version"": [""version_4_0""], ""variable"": [""river_discharge_in_the_last_24_hours""]}"
2026-02-16T07:17:04Z,scan_20260216T065850Z,reforecast,P2,P2__reforecast__version_4_0__htessel_lisflood__control_reforecast,cems-glofas-reforecast,version_4_0,htessel_lisflood,control_reforecast,2005-11-28,error,,invalid_request,"400 Client Error: Bad Request for url: https://ewds.climate.copernicus.eu/api/retrieve/v1/processes/cems-glofas-reforecast/execution
invalid request
Request has not produced a valid combination of values, please check your selection.
{'system_version': ['version_4_0'], 'hydrological_model': ['htessel_lisflood'], 'product_type': ['control_reforecast'], 'variable': ['river_discharge_in_the_last_24_hours'], 'data_format': ['grib'], 'area': ['37.2443931', '-122.272464', '36.8443931', '-121.872464'], 'hyear': ['2005'], 'hmonth': ['11'], 'hday': ['28'], 'leadtime_hour': ['24']}",repro/glofas_coverage_scan_runs/scan_20260216T065850Z/downloads/reforecast/P2__reforecast__version_4_0__htessel_lisflood__control_reforecast/2005-11-28.zip,"{""area"": [37.2443931, -122.272464, 36.8443931, -121.872464], ""data_format"": ""grib2"", ""download_format"": ""zip"", ""hday"": [""28""], ""hmonth"": [""11""], ""hydrological_model"": [""htessel_lisflood""], ""hyear"": [""2005""], ""leadtime_hour"": [""24""], ""product_type"": [""control_reforecast""], ""system_version"": [""version_4_0""], ""variable"": [""river_discharge_in_the_last_24_hours""]}"
2026-02-16T07:17:05Z,scan_20260216T065850Z,reforecast,P2,P2__reforecast__version_4_0__htessel_lisflood__control_reforecast,cems-glofas-reforecast,version_4_0,htessel_lisflood,control_reforecast,2007-01-22,error,,invalid_request,"400 Client Error: Bad Request for url: https://ewds.climate.copernicus.eu/api/retrieve/v1/processes/cems-glofas-reforecast/execution
invalid request
Request has not produced a valid combination of values, please check your selection.
{'system_version': ['version_4_0'], 'hydrological_model': ['htessel_lisflood'], 'product_type': ['control_reforecast'], 'variable': ['river_discharge_in_the_last_24_hours'], 'data_format': ['grib'], 'area': ['37.2443931', '-122.272464', '36.8443931', '-121.872464'], 'hyear': ['2007'], 'hmonth': ['01'], 'hday': ['22'], 'leadtime_hour': ['24']}",repro/glofas_coverage_scan_runs/scan_20260216T065850Z/downloads/reforecast/P2__reforecast__version_4_0__htessel_lisflood__control_reforecast/2007-01-22.zip,"{""area"": [37.2443931, -122.272464, 36.8443931, -121.872464], ""data_format"": ""grib2"", ""download_format"": ""zip"", ""hday"": [""22""], ""hmonth"": [""01""], ""hydrological_model"": [""htessel_lisflood""], ""hyear"": [""2007""], ""leadtime_hour"": [""24""], ""product_type"": [""control_reforecast""], ""system_version"": [""version_4_0""], ""variable"": [""river_discharge_in_the_last_24_hours""]}"
2026-02-16T07:17:07Z,scan_20260216T065850Z,reforecast,P2,P2__reforecast__version_4_0__htessel_lisflood__control_reforecast,cems-glofas-reforecast,version_4_0,htessel_lisflood,control_reforecast,2008-03-17,error,,invalid_request,"400 Client Error: Bad Request for url: https://ewds.climate.copernicus.eu/api/retrieve/v1/processes/cems-glofas-reforecast/execution
invalid request
Request has not produced a valid combination of values, please check your selection.
{'system_version': ['version_4_0'], 'hydrological_model': ['htessel_lisflood'], 'product_type': ['control_reforecast'], 'variable': ['river_discharge_in_the_last_24_hours'], 'data_format': ['grib'], 'area': ['37.2443931', '-122.272464', '36.8443931', '-121.872464'], 'hyear': ['2008'], 'hmonth': ['03'], 'hday': ['17'], 'leadtime_hour': ['24']}",repro/glofas_coverage_scan_runs/scan_20260216T065850Z/downloads/reforecast/P2__reforecast__version_4_0__htessel_lisflood__control_reforecast/2008-03-17.zip,"{""area"": [37.2443931, -122.272464, 36.8443931, -121.872464], ""data_format"": ""grib2"", ""download_format"": ""zip"", ""hday"": [""17""], ""hmonth"": [""03""], ""hydrological_model"": [""htessel_lisflood""], ""hyear"": [""2008""], ""leadtime_hour"": [""24""], ""product_type"": [""control_reforecast""], ""system_version"": [""version_4_0""], ""variable"": [""river_discharge_in_the_last_24_hours""]}"
2026-02-16T07:17:08Z,scan_20260216T065850Z,reforecast,P2,P2__reforecast__version_4_0__htessel_lisflood__control_reforecast,cems-glofas-reforecast,version_4_0,htessel_lisflood,control_reforecast,2009-05-11,error,,invalid_request,"400 Client Error: Bad Request for url: https://ewds.climate.copernicus.eu/api/retrieve/v1/processes/cems-glofas-reforecast/execution
invalid request
Request has not produced a valid combination of values, please check your selection.
{'system_version': ['version_4_0'], 'hydrological_model': ['htessel_lisflood'], 'product_type': ['control_reforecast'], 'variable': ['river_discharge_in_the_last_24_hours'], 'data_format': ['grib'], 'area': ['37.2443931', '-122.272464', '36.8443931', '-121.872464'], 'hyear': ['2009'], 'hmonth': ['05'], 'hday': ['11'], 'leadtime_hour': ['24']}",repro/glofas_coverage_scan_runs/scan_20260216T065850Z/downloads/reforecast/P2__reforecast__version_4_0__htessel_lisflood__control_reforecast/2009-05-11.zip,"{""area"": [37.2443931, -122.272464, 36.8443931, -121.872464], ""data_format"": ""grib2"", ""download_format"": ""zip"", ""hday"": [""11""], ""hmonth"": [""05""], ""hydrological_model"": [""htessel_lisflood""], ""hyear"": [""2009""], ""leadtime_hour"": [""24""], ""product_type"": [""control_reforecast""], ""system_version"": [""version_4_0""], ""variable"": [""river_discharge_in_the_last_24_hours""]}"
2026-02-16T07:17:09Z,scan_20260216T065850Z,reforecast,P2,P2__reforecast__version_4_0__htessel_lisflood__control_reforecast,cems-glofas-reforecast,version_4_0,htessel_lisflood,control_reforecast,2010-07-05,error,,invalid_request,"400 Client Error: Bad Request for url: https://ewds.climate.copernicus.eu/api/retrieve/v1/processes/cems-glofas-reforecast/execution
invalid request
Request has not produced a valid combination of values, please check your selection.
{'system_version': ['version_4_0'], 'hydrological_model': ['htessel_lisflood'], 'product_type': ['control_reforecast'], 'variable': ['river_discharge_in_the_last_24_hours'], 'data_format': ['grib'], 'area': ['37.2443931', '-122.272464', '36.8443931', '-121.872464'], 'hyear': ['2010'], 'hmonth': ['07'], 'hday': ['05'], 'leadtime_hour': ['24']}",repro/glofas_coverage_scan_runs/scan_20260216T065850Z/downloads/reforecast/P2__reforecast__version_4_0__htessel_lisflood__control_reforecast/2010-07-05.zip,"{""area"": [37.2443931, -122.272464, 36.8443931, -121.872464], ""data_format"": ""grib2"", ""download_format"": ""zip"", ""hday"": [""05""], ""hmonth"": [""07""], ""hydrological_model"": [""htessel_lisflood""], ""hyear"": [""2010""], ""leadtime_hour"": [""24""], ""product_type"": [""control_reforecast""], ""system_version"": [""version_4_0""], ""variable"": [""river_discharge_in_the_last_24_hours""]}"
2026-02-16T07:17:10Z,scan_20260216T065850Z,reforecast,P2,P2__reforecast__version_4_0__htessel_lisflood__control_reforecast,cems-glofas-reforecast,version_4_0,htessel_lisflood,control_reforecast,2011-08-29,error,,invalid_request,"400 Client Error: Bad Request for url: https://ewds.climate.copernicus.eu/api/retrieve/v1/processes/cems-glofas-reforecast/execution
invalid request
Request has not produced a valid combination of values, please check your selection.
{'system_version': ['version_4_0'], 'hydrological_model': ['htessel_lisflood'], 'product_type': ['control_reforecast'], 'variable': ['river_discharge_in_the_last_24_hours'], 'data_format': ['grib'], 'area': ['37.2443931', '-122.272464', '36.8443931', '-121.872464'], 'hyear': ['2011'], 'hmonth': ['08'], 'hday': ['29'], 'leadtime_hour': ['24']}",repro/glofas_coverage_scan_runs/scan_20260216T065850Z/downloads/reforecast/P2__reforecast__version_4_0__htessel_lisflood__control_reforecast/2011-08-29.zip,"{""area"": [37.2443931, -122.272464, 36.8443931, -121.872464], ""data_format"": ""grib2"", ""download_format"": ""zip"", ""hday"": [""29""], ""hmonth"": [""08""], ""hydrological_model"": [""htessel_lisflood""], ""hyear"": [""2011""], ""leadtime_hour"": [""24""], ""product_type"": [""control_reforecast""], ""system_version"": [""version_4_0""], ""variable"": [""river_discharge_in_the_last_24_hours""]}"
2026-02-16T07:17:11Z,scan_20260216T065850Z,reforecast,P2,P2__reforecast__version_4_0__htessel_lisflood__control_reforecast,cems-glofas-reforecast,version_4_0,htessel_lisflood,control_reforecast,2012-10-22,error,,invalid_request,"400 Client Error: Bad Request for url: https://ewds.climate.copernicus.eu/api/retrieve/v1/processes/cems-glofas-reforecast/execution
invalid request
Request has not produced a valid combination of values, please check your selection.
{'system_version': ['version_4_0'], 'hydrological_model': ['htessel_lisflood'], 'product_type': ['control_reforecast'], 'variable': ['river_discharge_in_the_last_24_hours'], 'data_format': ['grib'], 'area': ['37.2443931', '-122.272464', '36.8443931', '-121.872464'], 'hyear': ['2012'], 'hmonth': ['10'], 'hday': ['22'], 'leadtime_hour': ['24']}",repro/glofas_coverage_scan_runs/scan_20260216T065850Z/downloads/reforecast/P2__reforecast__version_4_0__htessel_lisflood__control_reforecast/2012-10-22.zip,"{""area"": [37.2443931, -122.272464, 36.8443931, -121.872464], ""data_format"": ""grib2"", ""download_format"": ""zip"", ""hday"": [""22""], ""hmonth"": [""10""], ""hydrological_model"": [""htessel_lisflood""], ""hyear"": [""2012""], ""leadtime_hour"": [""24""], ""product_type"": [""control_reforecast""], ""system_version"": [""version_4_0""], ""variable"": [""river_discharge_in_the_last_24_hours""]}"
2026-02-16T07:17:12Z,scan_20260216T065850Z,reforecast,P2,P2__reforecast__version_4_0__htessel_lisflood__control_reforecast,cems-glofas-reforecast,version_4_0,htessel_lisflood,control_reforecast,2013-12-16,error,,invalid_request,"400 Client Error: Bad Request for url: https://ewds.climate.copernicus.eu/api/retrieve/v1/processes/cems-glofas-reforecast/execution
invalid request
Request has not produced a valid combination of values, please check your selection.
{'system_version': ['version_4_0'], 'hydrological_model': ['htessel_lisflood'], 'product_type': ['control_reforecast'], 'variable': ['river_discharge_in_the_last_24_hours'], 'data_format': ['grib'], 'area': ['37.2443931', '-122.272464', '36.8443931', '-121.872464'], 'hyear': ['2013'], 'hmonth': ['12'], 'hday': ['16'], 'leadtime_hour': ['24']}",repro/glofas_coverage_scan_runs/scan_20260216T065850Z/downloads/reforecast/P2__reforecast__version_4_0__htessel_lisflood__control_reforecast/2013-12-16.zip,"{""area"": [37.2443931, -122.272464, 36.8443931, -121.872464], ""data_format"": ""grib2"", ""download_format"": ""zip"", ""hday"": [""16""], ""hmonth"": [""12""], ""hydrological_model"": [""htessel_lisflood""], ""hyear"": [""2013""], ""leadtime_hour"": [""24""], ""product_type"": [""control_reforecast""], ""system_version"": [""version_4_0""], ""variable"": [""river_discharge_in_the_last_24_hours""]}"
2026-02-16T07:17:13Z,scan_20260216T065850Z,reforecast,P2,P2__reforecast__version_4_0__htessel_lisflood__control_reforecast,cems-glofas-reforecast,version_4_0,htessel_lisflood,control_reforecast,2015-02-09,error,,invalid_request,"400 Client Error: Bad Request for url: https://ewds.climate.copernicus.eu/api/retrieve/v1/processes/cems-glofas-reforecast/execution
invalid request
Request has not produced a valid combination of values, please check your selection.
{'system_version': ['version_4_0'], 'hydrological_model': ['htessel_lisflood'], 'product_type': ['control_reforecast'], 'variable': ['river_discharge_in_the_last_24_hours'], 'data_format': ['grib'], 'area': ['37.2443931', '-122.272464', '36.8443931', '-121.872464'], 'hyear': ['2015'], 'hmonth': ['02'], 'hday': ['09'], 'leadtime_hour': ['24']}",repro/glofas_coverage_scan_runs/scan_20260216T065850Z/downloads/reforecast/P2__reforecast__version_4_0__htessel_lisflood__control_reforecast/2015-02-09.zip,"{""area"": [37.2443931, -122.272464, 36.8443931, -121.872464], ""data_format"": ""grib2"", ""download_format"": ""zip"", ""hday"": [""09""], ""hmonth"": [""02""], ""hydrological_model"": [""htessel_lisflood""], ""hyear"": [""2015""], ""leadtime_hour"": [""24""], ""product_type"": [""control_reforecast""], ""system_version"": [""version_4_0""], ""variable"": [""river_discharge_in_the_last_24_hours""]}"
2026-02-16T07:17:15Z,scan_20260216T065850Z,reforecast,P2,P2__reforecast__version_4_0__htessel_lisflood__control_reforecast,cems-glofas-reforecast,version_4_0,htessel_lisflood,control_reforecast,2016-04-04,error,,invalid_request,"400 Client Error: Bad Request for url: https://ewds.climate.copernicus.eu/api/retrieve/v1/processes/cems-glofas-reforecast/execution
invalid request
Request has not produced a valid combination of values, please check your selection.
{'system_version': ['version_4_0'], 'hydrological_model': ['htessel_lisflood'], 'product_type': ['control_reforecast'], 'variable': ['river_discharge_in_the_last_24_hours'], 'data_format': ['grib'], 'area': ['37.2443931', '-122.272464', '36.8443931', '-121.872464'], 'hyear': ['2016'], 'hmonth': ['04'], 'hday': ['04'], 'leadtime_hour': ['24']}",repro/glofas_coverage_scan_runs/scan_20260216T065850Z/downloads/reforecast/P2__reforecast__version_4_0__htessel_lisflood__control_reforecast/2016-04-04.zip,"{""area"": [37.2443931, -122.272464, 36.8443931, -121.872464], ""data_format"": ""grib2"", ""download_format"": ""zip"", ""hday"": [""04""], ""hmonth"": [""04""], ""hydrological_model"": [""htessel_lisflood""], ""hyear"": [""2016""], ""leadtime_hour"": [""24""], ""product_type"": [""control_reforecast""], ""system_version"": [""version_4_0""], ""variable"": [""river_discharge_in_the_last_24_hours""]}"
2026-02-16T07:17:16Z,scan_20260216T065850Z,reforecast,P2,P2__reforecast__version_4_0__htessel_lisflood__control_reforecast,cems-glofas-reforecast,version_4_0,htessel_lisflood,control_reforecast,2017-05-29,error,,invalid_request,"400 Client Error: Bad Request for url: https://ewds.climate.copernicus.eu/api/retrieve/v1/processes/cems-glofas-reforecast/execution
invalid request
Request has not produced a valid combination of values, please check your selection.
{'system_version': ['version_4_0'], 'hydrological_model': ['htessel_lisflood'], 'product_type': ['control_reforecast'], 'variable': ['river_discharge_in_the_last_24_hours'], 'data_format': ['grib'], 'area': ['37.2443931', '-122.272464', '36.8443931', '-121.872464'], 'hyear': ['2017'], 'hmonth': ['05'], 'hday': ['29'], 'leadtime_hour': ['24']}",repro/glofas_coverage_scan_runs/scan_20260216T065850Z/downloads/reforecast/P2__reforecast__version_4_0__htessel_lisflood__control_reforecast/2017-05-29.zip,"{""area"": [37.2443931, -122.272464, 36.8443931, -121.872464], ""data_format"": ""grib2"", ""download_format"": ""zip"", ""hday"": [""29""], ""hmonth"": [""05""], ""hydrological_model"": [""htessel_lisflood""], ""hyear"": [""2017""], ""leadtime_hour"": [""24""], ""product_type"": [""control_reforecast""], ""system_version"": [""version_4_0""], ""variable"": [""river_discharge_in_the_last_24_hours""]}"
2026-02-16T07:17:17Z,scan_20260216T065850Z,reforecast,P2,P2__reforecast__version_4_0__htessel_lisflood__control_reforecast,cems-glofas-reforecast,version_4_0,htessel_lisflood,control_reforecast,2018-07-23,error,,invalid_request,"400 Client Error: Bad Request for url: https://ewds.climate.copernicus.eu/api/retrieve/v1/processes/cems-glofas-reforecast/execution
invalid request
Request has not produced a valid combination of values, please check your selection.
{'system_version': ['version_4_0'], 'hydrological_model': ['htessel_lisflood'], 'product_type': ['control_reforecast'], 'variable': ['river_discharge_in_the_last_24_hours'], 'data_format': ['grib'], 'area': ['37.2443931', '-122.272464', '36.8443931', '-121.872464'], 'hyear': ['2018'], 'hmonth': ['07'], 'hday': ['23'], 'leadtime_hour': ['24']}",repro/glofas_coverage_scan_runs/scan_20260216T065850Z/downloads/reforecast/P2__reforecast__version_4_0__htessel_lisflood__control_reforecast/2018-07-23.zip,"{""area"": [37.2443931, -122.272464, 36.8443931, -121.872464], ""data_format"": ""grib2"", ""download_format"": ""zip"", ""hday"": [""23""], ""hmonth"": [""07""], ""hydrological_model"": [""htessel_lisflood""], ""hyear"": [""2018""], ""leadtime_hour"": [""24""], ""product_type"": [""control_reforecast""], ""system_version"": [""version_4_0""], ""variable"": [""river_discharge_in_the_last_24_hours""]}"
2026-02-16T07:17:18Z,scan_20260216T065850Z,reforecast,P2,P2__reforecast__version_4_0__htessel_lisflood__control_reforecast,cems-glofas-reforecast,version_4_0,htessel_lisflood,control_reforecast,2019-09-16,error,,invalid_request,"400 Client Error: Bad Request for url: https://ewds.climate.copernicus.eu/api/retrieve/v1/processes/cems-glofas-reforecast/execution
invalid request
Request has not produced a valid combination of values, please check your selection.
{'system_version': ['version_4_0'], 'hydrological_model': ['htessel_lisflood'], 'product_type': ['control_reforecast'], 'variable': ['river_discharge_in_the_last_24_hours'], 'data_format': ['grib'], 'area': ['37.2443931', '-122.272464', '36.8443931', '-121.872464'], 'hyear': ['2019'], 'hmonth': ['09'], 'hday': ['16'], 'leadtime_hour': ['24']}",repro/glofas_coverage_scan_runs/scan_20260216T065850Z/downloads/reforecast/P2__reforecast__version_4_0__htessel_lisflood__control_reforecast/2019-09-16.zip,"{""area"": [37.2443931, -122.272464, 36.8443931, -121.872464], ""data_format"": ""grib2"", ""download_format"": ""zip"", ""hday"": [""16""], ""hmonth"": [""09""], ""hydrological_model"": [""htessel_lisflood""], ""hyear"": [""2019""], ""leadtime_hour"": [""24""], ""product_type"": [""control_reforecast""], ""system_version"": [""version_4_0""], ""variable"": [""river_discharge_in_the_last_24_hours""]}"
2026-02-16T07:17:20Z,scan_20260216T065850Z,reforecast,P2,P2__reforecast__version_4_0__htessel_lisflood__control_reforecast,cems-glofas-reforecast,version_4_0,htessel_lisflood,control_reforecast,2020-11-09,error,,invalid_request,"400 Client Error: Bad Request for url: https://ewds.climate.copernicus.eu/api/retrieve/v1/processes/cems-glofas-reforecast/execution
invalid request
Request has not produced a valid combination of values, please check your selection.
{'system_version': ['version_4_0'], 'hydrological_model': ['htessel_lisflood'], 'product_type': ['control_reforecast'], 'variable': ['river_discharge_in_the_last_24_hours'], 'data_format': ['grib'], 'area': ['37.2443931', '-122.272464', '36.8443931', '-121.872464'], 'hyear': ['2020'], 'hmonth': ['11'], 'hday': ['09'], 'leadtime_hour': ['24']}",repro/glofas_coverage_scan_runs/scan_20260216T065850Z/downloads/reforecast/P2__reforecast__version_4_0__htessel_lisflood__control_reforecast/2020-11-09.zip,"{""area"": [37.2443931, -122.272464, 36.8443931, -121.872464], ""data_format"": ""grib2"", ""download_format"": ""zip"", ""hday"": [""09""], ""hmonth"": [""11""], ""hydrological_model"": [""htessel_lisflood""], ""hyear"": [""2020""], ""leadtime_hour"": [""24""], ""product_type"": [""control_reforecast""], ""system_version"": [""version_4_0""], ""variable"": [""river_discharge_in_the_last_24_hours""]}"
2026-02-16T07:17:21Z,scan_20260216T065850Z,reforecast,P2,P2__reforecast__version_4_0__htessel_lisflood__ensemble_perturbed_reforecast,cems-glofas-reforecast,version_4_0,htessel_lisflood,ensemble_perturbed_reforecast,2021-01-04,error,,invalid_request,"400 Client Error: Bad Request for url: https://ewds.climate.copernicus.eu/api/retrieve/v1/processes/cems-glofas-reforecast/execution
invalid request
Request has not produced a valid combination of values, please check your selection.
{'system_version': ['version_4_0'], 'hydrological_model': ['htessel_lisflood'], 'product_type': ['ensemble_perturbed_reforecast'], 'variable': ['river_discharge_in_the_last_24_hours'], 'data_format': ['grib'], 'area': ['37.2443931', '-122.272464', '36.8443931', '-121.872464'], 'hyear': ['2021'], 'hmonth': ['01'], 'hday': ['04'], 'leadtime_hour': ['24']}",repro/glofas_coverage_scan_runs/scan_20260216T065850Z/downloads/reforecast/P2__reforecast__version_4_0__htessel_lisflood__ensemble_perturbed_reforecast/2021-01-04.zip,"{""area"": [37.2443931, -122.272464, 36.8443931, -121.872464], ""data_format"": ""grib2"", ""download_format"": ""zip"", ""hday"": [""04""], ""hmonth"": [""01""], ""hydrological_model"": [""htessel_lisflood""], ""hyear"": [""2021""], ""leadtime_hour"": [""24""], ""product_type"": [""ensemble_perturbed_reforecast""], ""system_version"": [""version_4_0""], ""variable"": [""river_discharge_in_the_last_24_hours""]}"
2026-02-16T07:17:22Z,scan_20260216T065850Z,reforecast,P2,P2__reforecast__version_4_0__htessel_lisflood__ensemble_perturbed_reforecast,cems-glofas-reforecast,version_4_0,htessel_lisflood,ensemble_perturbed_reforecast,2020-12-31,error,,invalid_request,"400 Client Error: Bad Request for url: https://ewds.climate.copernicus.eu/api/retrieve/v1/processes/cems-glofas-reforecast/execution
invalid request
Request has not produced a valid combination of values, please check your selection.
{'system_version': ['version_4_0'], 'hydrological_model': ['htessel_lisflood'], 'product_type': ['ensemble_perturbed_reforecast'], 'variable': ['river_discharge_in_the_last_24_hours'], 'data_format': ['grib'], 'area': ['37.2443931', '-122.272464', '36.8443931', '-121.872464'], 'hyear': ['2020'], 'hmonth': ['12'], 'hday': ['31'], 'leadtime_hour': ['24']}",repro/glofas_coverage_scan_runs/scan_20260216T065850Z/downloads/reforecast/P2__reforecast__version_4_0__htessel_lisflood__ensemble_perturbed_reforecast/2020-12-31.zip,"{""area"": [37.2443931, -122.272464, 36.8443931, -121.872464], ""data_format"": ""grib2"", ""download_format"": ""zip"", ""hday"": [""31""], ""hmonth"": [""12""], ""hydrological_model"": [""htessel_lisflood""], ""hyear"": [""2020""], ""leadtime_hour"": [""24""], ""product_type"": [""ensemble_perturbed_reforecast""], ""system_version"": [""version_4_0""], ""variable"": [""river_discharge_in_the_last_24_hours""]}"
2026-02-16T07:17:23Z,scan_20260216T065850Z,reforecast,P2,P2__reforecast__version_4_0__htessel_lisflood__ensemble_perturbed_reforecast,cems-glofas-reforecast,version_4_0,htessel_lisflood,ensemble_perturbed_reforecast,1999-01-04,error,,invalid_request,"400 Client Error: Bad Request for url: https://ewds.climate.copernicus.eu/api/retrieve/v1/processes/cems-glofas-reforecast/execution
invalid request
Request has not produced a valid combination of values, please check your selection.
{'system_version': ['version_4_0'], 'hydrological_model': ['htessel_lisflood'], 'product_type': ['ensemble_perturbed_reforecast'], 'variable': ['river_discharge_in_the_last_24_hours'], 'data_format': ['grib'], 'area': ['37.2443931', '-122.272464', '36.8443931', '-121.872464'], 'hyear': ['1999'], 'hmonth': ['01'], 'hday': ['04'], 'leadtime_hour': ['24']}",repro/glofas_coverage_scan_runs/scan_20260216T065850Z/downloads/reforecast/P2__reforecast__version_4_0__htessel_lisflood__ensemble_perturbed_reforecast/1999-01-04.zip,"{""area"": [37.2443931, -122.272464, 36.8443931, -121.872464], ""data_format"": ""grib2"", ""download_format"": ""zip"", ""hday"": [""04""], ""hmonth"": [""01""], ""hydrological_model"": [""htessel_lisflood""], ""hyear"": [""1999""], ""leadtime_hour"": [""24""], ""product_type"": [""ensemble_perturbed_reforecast""], ""system_version"": [""version_4_0""], ""variable"": [""river_discharge_in_the_last_24_hours""]}"
2026-02-16T07:17:24Z,scan_20260216T065850Z,reforecast,P2,P2__reforecast__version_4_0__htessel_lisflood__ensemble_perturbed_reforecast,cems-glofas-reforecast,version_4_0,htessel_lisflood,ensemble_perturbed_reforecast,2023-11-23,error,,invalid_request,"400 Client Error: Bad Request for url: https://ewds.climate.copernicus.eu/api/retrieve/v1/processes/cems-glofas-reforecast/execution
invalid request
Request has not produced a valid combination of values, please check your selection.
{'system_version': ['version_4_0'], 'hydrological_model': ['htessel_lisflood'], 'product_type': ['ensemble_perturbed_reforecast'], 'variable': ['river_discharge_in_the_last_24_hours'], 'data_format': ['grib'], 'area': ['37.2443931', '-122.272464', '36.8443931', '-121.872464'], 'hyear': ['2023'], 'hmonth': ['11'], 'hday': ['23'], 'leadtime_hour': ['24']}",repro/glofas_coverage_scan_runs/scan_20260216T065850Z/downloads/reforecast/P2__reforecast__version_4_0__htessel_lisflood__ensemble_perturbed_reforecast/2023-11-23.zip,"{""area"": [37.2443931, -122.272464, 36.8443931, -121.872464], ""data_format"": ""grib2"", ""download_format"": ""zip"", ""hday"": [""23""], ""hmonth"": [""11""], ""hydrological_model"": [""htessel_lisflood""], ""hyear"": [""2023""], ""leadtime_hour"": [""24""], ""product_type"": [""ensemble_perturbed_reforecast""], ""system_version"": [""version_4_0""], ""variable"": [""river_discharge_in_the_last_24_hours""]}"
2026-02-16T07:17:25Z,scan_20260216T065850Z,reforecast,P2,P2__reforecast__version_4_0__htessel_lisflood__ensemble_perturbed_reforecast,cems-glofas-reforecast,version_4_0,htessel_lisflood,ensemble_perturbed_reforecast,2011-06-16,error,,invalid_request,"400 Client Error: Bad Request for url: https://ewds.climate.copernicus.eu/api/retrieve/v1/processes/cems-glofas-reforecast/execution
invalid request
Request has not produced a valid combination of values, please check your selection.
{'system_version': ['version_4_0'], 'hydrological_model': ['htessel_lisflood'], 'product_type': ['ensemble_perturbed_reforecast'], 'variable': ['river_discharge_in_the_last_24_hours'], 'data_format': ['grib'], 'area': ['37.2443931', '-122.272464', '36.8443931', '-121.872464'], 'hyear': ['2011'], 'hmonth': ['06'], 'hday': ['16'], 'leadtime_hour': ['24']}",repro/glofas_coverage_scan_runs/scan_20260216T065850Z/downloads/reforecast/P2__reforecast__version_4_0__htessel_lisflood__ensemble_perturbed_reforecast/2011-06-16.zip,"{""area"": [37.2443931, -122.272464, 36.8443931, -121.872464], ""data_format"": ""grib2"", ""download_format"": ""zip"", ""hday"": [""16""], ""hmonth"": [""06""], ""hydrological_model"": [""htessel_lisflood""], ""hyear"": [""2011""], ""leadtime_hour"": [""24""], ""product_type"": [""ensemble_perturbed_reforecast""], ""system_version"": [""version_4_0""], ""variable"": [""river_discharge_in_the_last_24_hours""]}"
2026-02-16T07:17:27Z,scan_20260216T065850Z,reforecast,P2,P2__reforecast__version_4_0__htessel_lisflood__ensemble_perturbed_reforecast,cems-glofas-reforecast,version_4_0,htessel_lisflood,ensemble_perturbed_reforecast,2000-02-28,error,,invalid_request,"400 Client Error: Bad Request for url: https://ewds.climate.copernicus.eu/api/retrieve/v1/processes/cems-glofas-reforecast/execution
invalid request
Request has not produced a valid combination of values, please check your selection.
{'system_version': ['version_4_0'], 'hydrological_model': ['htessel_lisflood'], 'product_type': ['ensemble_perturbed_reforecast'], 'variable': ['river_discharge_in_the_last_24_hours'], 'data_format': ['grib'], 'area': ['37.2443931', '-122.272464', '36.8443931', '-121.872464'], 'hyear': ['2000'], 'hmonth': ['02'], 'hday': ['28'], 'leadtime_hour': ['24']}",repro/glofas_coverage_scan_runs/scan_20260216T065850Z/downloads/reforecast/P2__reforecast__version_4_0__htessel_lisflood__ensemble_perturbed_reforecast/2000-02-28.zip,"{""area"": [37.2443931, -122.272464, 36.8443931, -121.872464], ""data_format"": ""grib2"", ""download_format"": ""zip"", ""hday"": [""28""], ""hmonth"": [""02""], ""hydrological_model"": [""htessel_lisflood""], ""hyear"": [""2000""], ""leadtime_hour"": [""24""], ""product_type"": [""ensemble_perturbed_reforecast""], ""system_version"": [""version_4_0""], ""variable"": [""river_discharge_in_the_last_24_hours""]}"
2026-02-16T07:17:28Z,scan_20260216T065850Z,reforecast,P2,P2__reforecast__version_4_0__htessel_lisflood__ensemble_perturbed_reforecast,cems-glofas-reforecast,version_4_0,htessel_lisflood,ensemble_perturbed_reforecast,2001-04-23,error,,invalid_request,"400 Client Error: Bad Request for url: https://ewds.climate.copernicus.eu/api/retrieve/v1/processes/cems-glofas-reforecast/execution
invalid request
Request has not produced a valid combination of values, please check your selection.
{'system_version': ['version_4_0'], 'hydrological_model': ['htessel_lisflood'], 'product_type': ['ensemble_perturbed_reforecast'], 'variable': ['river_discharge_in_the_last_24_hours'], 'data_format': ['grib'], 'area': ['37.2443931', '-122.272464', '36.8443931', '-121.872464'], 'hyear': ['2001'], 'hmonth': ['04'], 'hday': ['23'], 'leadtime_hour': ['24']}",repro/glofas_coverage_scan_runs/scan_20260216T065850Z/downloads/reforecast/P2__reforecast__version_4_0__htessel_lisflood__ensemble_perturbed_reforecast/2001-04-23.zip,"{""area"": [37.2443931, -122.272464, 36.8443931, -121.872464], ""data_format"": ""grib2"", ""download_format"": ""zip"", ""hday"": [""23""], ""hmonth"": [""04""], ""hydrological_model"": [""htessel_lisflood""], ""hyear"": [""2001""], ""leadtime_hour"": [""24""], ""product_type"": [""ensemble_perturbed_reforecast""], ""system_version"": [""version_4_0""], ""variable"": [""river_discharge_in_the_last_24_hours""]}"
2026-02-16T07:17:29Z,scan_20260216T065850Z,reforecast,P2,P2__reforecast__version_4_0__htessel_lisflood__ensemble_perturbed_reforecast,cems-glofas-reforecast,version_4_0,htessel_lisflood,ensemble_perturbed_reforecast,2002-06-17,error,,invalid_request,"400 Client Error: Bad Request for url: https://ewds.climate.copernicus.eu/api/retrieve/v1/processes/cems-glofas-reforecast/execution
invalid request
Request has not produced a valid combination of values, please check your selection.
{'system_version': ['version_4_0'], 'hydrological_model': ['htessel_lisflood'], 'product_type': ['ensemble_perturbed_reforecast'], 'variable': ['river_discharge_in_the_last_24_hours'], 'data_format': ['grib'], 'area': ['37.2443931', '-122.272464', '36.8443931', '-121.872464'], 'hyear': ['2002'], 'hmonth': ['06'], 'hday': ['17'], 'leadtime_hour': ['24']}",repro/glofas_coverage_scan_runs/scan_20260216T065850Z/downloads/reforecast/P2__reforecast__version_4_0__htessel_lisflood__ensemble_perturbed_reforecast/2002-06-17.zip,"{""area"": [37.2443931, -122.272464, 36.8443931, -121.872464], ""data_format"": ""grib2"", ""download_format"": ""zip"", ""hday"": [""17""], ""hmonth"": [""06""], ""hydrological_model"": [""htessel_lisflood""], ""hyear"": [""2002""], ""leadtime_hour"": [""24""], ""product_type"": [""ensemble_perturbed_reforecast""], ""system_version"": [""version_4_0""], ""variable"": [""river_discharge_in_the_last_24_hours""]}"
2026-02-16T07:17:30Z,scan_20260216T065850Z,reforecast,P2,P2__reforecast__version_4_0__htessel_lisflood__ensemble_perturbed_reforecast,cems-glofas-reforecast,version_4_0,htessel_lisflood,ensemble_perturbed_reforecast,2003-08-11,error,,invalid_request,"400 Client Error: Bad Request for url: https://ewds.climate.copernicus.eu/api/retrieve/v1/processes/cems-glofas-reforecast/execution
invalid request
Request has not produced a valid combination of values, please check your selection.
{'system_version': ['version_4_0'], 'hydrological_model': ['htessel_lisflood'], 'product_type': ['ensemble_perturbed_reforecast'], 'variable': ['river_discharge_in_the_last_24_hours'], 'data_format': ['grib'], 'area': ['37.2443931', '-122.272464', '36.8443931', '-121.872464'], 'hyear': ['2003'], 'hmonth': ['08'], 'hday': ['11'], 'leadtime_hour': ['24']}",repro/glofas_coverage_scan_runs/scan_20260216T065850Z/downloads/reforecast/P2__reforecast__version_4_0__htessel_lisflood__ensemble_perturbed_reforecast/2003-08-11.zip,"{""area"": [37.2443931, -122.272464, 36.8443931, -121.872464], ""data_format"": ""grib2"", ""download_format"": ""zip"", ""hday"": [""11""], ""hmonth"": [""08""], ""hydrological_model"": [""htessel_lisflood""], ""hyear"": [""2003""], ""leadtime_hour"": [""24""], ""product_type"": [""ensemble_perturbed_reforecast""], ""system_version"": [""version_4_0""], ""variable"": [""river_discharge_in_the_last_24_hours""]}"
2026-02-16T07:17:31Z,scan_20260216T065850Z,reforecast,P2,P2__reforecast__version_4_0__htessel_lisflood__ensemble_perturbed_reforecast,cems-glofas-reforecast,version_4_0,htessel_lisflood,ensemble_perturbed_reforecast,2004-10-04,error,,invalid_request,"400 Client Error: Bad Request for url: https://ewds.climate.copernicus.eu/api/retrieve/v1/processes/cems-glofas-reforecast/execution
invalid request
Request has not produced a valid combination of values, please check your selection.
{'system_version': ['version_4_0'], 'hydrological_model': ['htessel_lisflood'], 'product_type': ['ensemble_perturbed_reforecast'], 'variable': ['river_discharge_in_the_last_24_hours'], 'data_format': ['grib'], 'area': ['37.2443931', '-122.272464', '36.8443931', '-121.872464'], 'hyear': ['2004'], 'hmonth': ['10'], 'hday': ['04'], 'leadtime_hour': ['24']}",repro/glofas_coverage_scan_runs/scan_20260216T065850Z/downloads/reforecast/P2__reforecast__version_4_0__htessel_lisflood__ensemble_perturbed_reforecast/2004-10-04.zip,"{""area"": [37.2443931, -122.272464, 36.8443931, -121.872464], ""data_format"": ""grib2"", ""download_format"": ""zip"", ""hday"": [""04""], ""hmonth"": [""10""], ""hydrological_model"": [""htessel_lisflood""], ""hyear"": [""2004""], ""leadtime_hour"": [""24""], ""product_type"": [""ensemble_perturbed_reforecast""], ""system_version"": [""version_4_0""], ""variable"": [""river_discharge_in_the_last_24_hours""]}"
2026-02-16T07:17:32Z,scan_20260216T065850Z,reforecast,P2,P2__reforecast__version_4_0__htessel_lisflood__ensemble_perturbed_reforecast,cems-glofas-reforecast,version_4_0,htessel_lisflood,ensemble_perturbed_reforecast,2005-11-28,error,,invalid_request,"400 Client Error: Bad Request for url: https://ewds.climate.copernicus.eu/api/retrieve/v1/processes/cems-glofas-reforecast/execution
invalid request
Request has not produced a valid combination of values, please check your selection.
{'system_version': ['version_4_0'], 'hydrological_model': ['htessel_lisflood'], 'product_type': ['ensemble_perturbed_reforecast'], 'variable': ['river_discharge_in_the_last_24_hours'], 'data_format': ['grib'], 'area': ['37.2443931', '-122.272464', '36.8443931', '-121.872464'], 'hyear': ['2005'], 'hmonth': ['11'], 'hday': ['28'], 'leadtime_hour': ['24']}",repro/glofas_coverage_scan_runs/scan_20260216T065850Z/downloads/reforecast/P2__reforecast__version_4_0__htessel_lisflood__ensemble_perturbed_reforecast/2005-11-28.zip,"{""area"": [37.2443931, -122.272464, 36.8443931, -121.872464], ""data_format"": ""grib2"", ""download_format"": ""zip"", ""hday"": [""28""], ""hmonth"": [""11""], ""hydrological_model"": [""htessel_lisflood""], ""hyear"": [""2005""], ""leadtime_hour"": [""24""], ""product_type"": [""ensemble_perturbed_reforecast""], ""system_version"": [""version_4_0""], ""variable"": [""river_discharge_in_the_last_24_hours""]}"
2026-02-16T07:17:33Z,scan_20260216T065850Z,reforecast,P2,P2__reforecast__version_4_0__htessel_lisflood__ensemble_perturbed_reforecast,cems-glofas-reforecast,version_4_0,htessel_lisflood,ensemble_perturbed_reforecast,2007-01-22,error,,invalid_request,"400 Client Error: Bad Request for url: https://ewds.climate.copernicus.eu/api/retrieve/v1/processes/cems-glofas-reforecast/execution
invalid request
Request has not produced a valid combination of values, please check your selection.
{'system_version': ['version_4_0'], 'hydrological_model': ['htessel_lisflood'], 'product_type': ['ensemble_perturbed_reforecast'], 'variable': ['river_discharge_in_the_last_24_hours'], 'data_format': ['grib'], 'area': ['37.2443931', '-122.272464', '36.8443931', '-121.872464'], 'hyear': ['2007'], 'hmonth': ['01'], 'hday': ['22'], 'leadtime_hour': ['24']}",repro/glofas_coverage_scan_runs/scan_20260216T065850Z/downloads/reforecast/P2__reforecast__version_4_0__htessel_lisflood__ensemble_perturbed_reforecast/2007-01-22.zip,"{""area"": [37.2443931, -122.272464, 36.8443931, -121.872464], ""data_format"": ""grib2"", ""download_format"": ""zip"", ""hday"": [""22""], ""hmonth"": [""01""], ""hydrological_model"": [""htessel_lisflood""], ""hyear"": [""2007""], ""leadtime_hour"": [""24""], ""product_type"": [""ensemble_perturbed_reforecast""], ""system_version"": [""version_4_0""], ""variable"": [""river_discharge_in_the_last_24_hours""]}"
2026-02-16T07:17:35Z,scan_20260216T065850Z,reforecast,P2,P2__reforecast__version_4_0__htessel_lisflood__ensemble_perturbed_reforecast,cems-glofas-reforecast,version_4_0,htessel_lisflood,ensemble_perturbed_reforecast,2008-03-17,error,,invalid_request,"400 Client Error: Bad Request for url: https://ewds.climate.copernicus.eu/api/retrieve/v1/processes/cems-glofas-reforecast/execution
invalid request
Request has not produced a valid combination of values, please check your selection.
{'system_version': ['version_4_0'], 'hydrological_model': ['htessel_lisflood'], 'product_type': ['ensemble_perturbed_reforecast'], 'variable': ['river_discharge_in_the_last_24_hours'], 'data_format': ['grib'], 'area': ['37.2443931', '-122.272464', '36.8443931', '-121.872464'], 'hyear': ['2008'], 'hmonth': ['03'], 'hday': ['17'], 'leadtime_hour': ['24']}",repro/glofas_coverage_scan_runs/scan_20260216T065850Z/downloads/reforecast/P2__reforecast__version_4_0__htessel_lisflood__ensemble_perturbed_reforecast/2008-03-17.zip,"{""area"": [37.2443931, -122.272464, 36.8443931, -121.872464], ""data_format"": ""grib2"", ""download_format"": ""zip"", ""hday"": [""17""], ""hmonth"": [""03""], ""hydrological_model"": [""htessel_lisflood""], ""hyear"": [""2008""], ""leadtime_hour"": [""24""], ""product_type"": [""ensemble_perturbed_reforecast""], ""system_version"": [""version_4_0""], ""variable"": [""river_discharge_in_the_last_24_hours""]}"
2026-02-16T07:17:36Z,scan_20260216T065850Z,reforecast,P2,P2__reforecast__version_4_0__htessel_lisflood__ensemble_perturbed_reforecast,cems-glofas-reforecast,version_4_0,htessel_lisflood,ensemble_perturbed_reforecast,2009-05-11,error,,invalid_request,"400 Client Error: Bad Request for url: https://ewds.climate.copernicus.eu/api/retrieve/v1/processes/cems-glofas-reforecast/execution
invalid request
Request has not produced a valid combination of values, please check your selection.
{'system_version': ['version_4_0'], 'hydrological_model': ['htessel_lisflood'], 'product_type': ['ensemble_perturbed_reforecast'], 'variable': ['river_discharge_in_the_last_24_hours'], 'data_format': ['grib'], 'area': ['37.2443931', '-122.272464', '36.8443931', '-121.872464'], 'hyear': ['2009'], 'hmonth': ['05'], 'hday': ['11'], 'leadtime_hour': ['24']}",repro/glofas_coverage_scan_runs/scan_20260216T065850Z/downloads/reforecast/P2__reforecast__version_4_0__htessel_lisflood__ensemble_perturbed_reforecast/2009-05-11.zip,"{""area"": [37.2443931, -122.272464, 36.8443931, -121.872464], ""data_format"": ""grib2"", ""download_format"": ""zip"", ""hday"": [""11""], ""hmonth"": [""05""], ""hydrological_model"": [""htessel_lisflood""], ""hyear"": [""2009""], ""leadtime_hour"": [""24""], ""product_type"": [""ensemble_perturbed_reforecast""], ""system_version"": [""version_4_0""], ""variable"": [""river_discharge_in_the_last_24_hours""]}"
2026-02-16T07:17:37Z,scan_20260216T065850Z,reforecast,P2,P2__reforecast__version_4_0__htessel_lisflood__ensemble_perturbed_reforecast,cems-glofas-reforecast,version_4_0,htessel_lisflood,ensemble_perturbed_reforecast,2010-07-05,error,,invalid_request,"400 Client Error: Bad Request for url: https://ewds.climate.copernicus.eu/api/retrieve/v1/processes/cems-glofas-reforecast/execution
invalid request
Request has not produced a valid combination of values, please check your selection.
{'system_version': ['version_4_0'], 'hydrological_model': ['htessel_lisflood'], 'product_type': ['ensemble_perturbed_reforecast'], 'variable': ['river_discharge_in_the_last_24_hours'], 'data_format': ['grib'], 'area': ['37.2443931', '-122.272464', '36.8443931', '-121.872464'], 'hyear': ['2010'], 'hmonth': ['07'], 'hday': ['05'], 'leadtime_hour': ['24']}",repro/glofas_coverage_scan_runs/scan_20260216T065850Z/downloads/reforecast/P2__reforecast__version_4_0__htessel_lisflood__ensemble_perturbed_reforecast/2010-07-05.zip,"{""area"": [37.2443931, -122.272464, 36.8443931, -121.872464], ""data_format"": ""grib2"", ""download_format"": ""zip"", ""hday"": [""05""], ""hmonth"": [""07""], ""hydrological_model"": [""htessel_lisflood""], ""hyear"": [""2010""], ""leadtime_hour"": [""24""], ""product_type"": [""ensemble_perturbed_reforecast""], ""system_version"": [""version_4_0""], ""variable"": [""river_discharge_in_the_last_24_hours""]}"
2026-02-16T07:17:38Z,scan_20260216T065850Z,reforecast,P2,P2__reforecast__version_4_0__htessel_lisflood__ensemble_perturbed_reforecast,cems-glofas-reforecast,version_4_0,htessel_lisflood,ensemble_perturbed_reforecast,2011-08-29,error,,invalid_request,"400 Client Error: Bad Request for url: https://ewds.climate.copernicus.eu/api/retrieve/v1/processes/cems-glofas-reforecast/execution
invalid request
Request has not produced a valid combination of values, please check your selection.
{'system_version': ['version_4_0'], 'hydrological_model': ['htessel_lisflood'], 'product_type': ['ensemble_perturbed_reforecast'], 'variable': ['river_discharge_in_the_last_24_hours'], 'data_format': ['grib'], 'area': ['37.2443931', '-122.272464', '36.8443931', '-121.872464'], 'hyear': ['2011'], 'hmonth': ['08'], 'hday': ['29'], 'leadtime_hour': ['24']}",repro/glofas_coverage_scan_runs/scan_20260216T065850Z/downloads/reforecast/P2__reforecast__version_4_0__htessel_lisflood__ensemble_perturbed_reforecast/2011-08-29.zip,"{""area"": [37.2443931, -122.272464, 36.8443931, -121.872464], ""data_format"": ""grib2"", ""download_format"": ""zip"", ""hday"": [""29""], ""hmonth"": [""08""], ""hydrological_model"": [""htessel_lisflood""], ""hyear"": [""2011""], ""leadtime_hour"": [""24""], ""product_type"": [""ensemble_perturbed_reforecast""], ""system_version"": [""version_4_0""], ""variable"": [""river_discharge_in_the_last_24_hours""]}"
2026-02-16T07:17:40Z,scan_20260216T065850Z,reforecast,P2,P2__reforecast__version_4_0__htessel_lisflood__ensemble_perturbed_reforecast,cems-glofas-reforecast,version_4_0,htessel_lisflood,ensemble_perturbed_reforecast,2012-10-22,error,,invalid_request,"400 Client Error: Bad Request for url: https://ewds.climate.copernicus.eu/api/retrieve/v1/processes/cems-glofas-reforecast/execution
invalid request
Request has not produced a valid combination of values, please check your selection.
{'system_version': ['version_4_0'], 'hydrological_model': ['htessel_lisflood'], 'product_type': ['ensemble_perturbed_reforecast'], 'variable': ['river_discharge_in_the_last_24_hours'], 'data_format': ['grib'], 'area': ['37.2443931', '-122.272464', '36.8443931', '-121.872464'], 'hyear': ['2012'], 'hmonth': ['10'], 'hday': ['22'], 'leadtime_hour': ['24']}",repro/glofas_coverage_scan_runs/scan_20260216T065850Z/downloads/reforecast/P2__reforecast__version_4_0__htessel_lisflood__ensemble_perturbed_reforecast/2012-10-22.zip,"{""area"": [37.2443931, -122.272464, 36.8443931, -121.872464], ""data_format"": ""grib2"", ""download_format"": ""zip"", ""hday"": [""22""], ""hmonth"": [""10""], ""hydrological_model"": [""htessel_lisflood""], ""hyear"": [""2012""], ""leadtime_hour"": [""24""], ""product_type"": [""ensemble_perturbed_reforecast""], ""system_version"": [""version_4_0""], ""variable"": [""river_discharge_in_the_last_24_hours""]}"
2026-02-16T07:17:41Z,scan_20260216T065850Z,reforecast,P2,P2__reforecast__version_4_0__htessel_lisflood__ensemble_perturbed_reforecast,cems-glofas-reforecast,version_4_0,htessel_lisflood,ensemble_perturbed_reforecast,2013-12-16,error,,invalid_request,"400 Client Error: Bad Request for url: https://ewds.climate.copernicus.eu/api/retrieve/v1/processes/cems-glofas-reforecast/execution
invalid request
Request has not produced a valid combination of values, please check your selection.
{'system_version': ['version_4_0'], 'hydrological_model': ['htessel_lisflood'], 'product_type': ['ensemble_perturbed_reforecast'], 'variable': ['river_discharge_in_the_last_24_hours'], 'data_format': ['grib'], 'area': ['37.2443931', '-122.272464', '36.8443931', '-121.872464'], 'hyear': ['2013'], 'hmonth': ['12'], 'hday': ['16'], 'leadtime_hour': ['24']}",repro/glofas_coverage_scan_runs/scan_20260216T065850Z/downloads/reforecast/P2__reforecast__version_4_0__htessel_lisflood__ensemble_perturbed_reforecast/2013-12-16.zip,"{""area"": [37.2443931, -122.272464, 36.8443931, -121.872464], ""data_format"": ""grib2"", ""download_format"": ""zip"", ""hday"": [""16""], ""hmonth"": [""12""], ""hydrological_model"": [""htessel_lisflood""], ""hyear"": [""2013""], ""leadtime_hour"": [""24""], ""product_type"": [""ensemble_perturbed_reforecast""], ""system_version"": [""version_4_0""], ""variable"": [""river_discharge_in_the_last_24_hours""]}"
2026-02-16T07:17:42Z,scan_20260216T065850Z,reforecast,P2,P2__reforecast__version_4_0__htessel_lisflood__ensemble_perturbed_reforecast,cems-glofas-reforecast,version_4_0,htessel_lisflood,ensemble_perturbed_reforecast,2015-02-09,error,,invalid_request,"400 Client Error: Bad Request for url: https://ewds.climate.copernicus.eu/api/retrieve/v1/processes/cems-glofas-reforecast/execution
invalid request
Request has not produced a valid combination of values, please check your selection.
{'system_version': ['version_4_0'], 'hydrological_model': ['htessel_lisflood'], 'product_type': ['ensemble_perturbed_reforecast'], 'variable': ['river_discharge_in_the_last_24_hours'], 'data_format': ['grib'], 'area': ['37.2443931', '-122.272464', '36.8443931', '-121.872464'], 'hyear': ['2015'], 'hmonth': ['02'], 'hday': ['09'], 'leadtime_hour': ['24']}",repro/glofas_coverage_scan_runs/scan_20260216T065850Z/downloads/reforecast/P2__reforecast__version_4_0__htessel_lisflood__ensemble_perturbed_reforecast/2015-02-09.zip,"{""area"": [37.2443931, -122.272464, 36.8443931, -121.872464], ""data_format"": ""grib2"", ""download_format"": ""zip"", ""hday"": [""09""], ""hmonth"": [""02""], ""hydrological_model"": [""htessel_lisflood""], ""hyear"": [""2015""], ""leadtime_hour"": [""24""], ""product_type"": [""ensemble_perturbed_reforecast""], ""system_version"": [""version_4_0""], ""variable"": [""river_discharge_in_the_last_24_hours""]}"
2026-02-16T07:17:43Z,scan_20260216T065850Z,reforecast,P2,P2__reforecast__version_4_0__htessel_lisflood__ensemble_perturbed_reforecast,cems-glofas-reforecast,version_4_0,htessel_lisflood,ensemble_perturbed_reforecast,2016-04-04,error,,invalid_request,"400 Client Error: Bad Request for url: https://ewds.climate.copernicus.eu/api/retrieve/v1/processes/cems-glofas-reforecast/execution
invalid request
Request has not produced a valid combination of values, please check your selection.
{'system_version': ['version_4_0'], 'hydrological_model': ['htessel_lisflood'], 'product_type': ['ensemble_perturbed_reforecast'], 'variable': ['river_discharge_in_the_last_24_hours'], 'data_format': ['grib'], 'area': ['37.2443931', '-122.272464', '36.8443931', '-121.872464'], 'hyear': ['2016'], 'hmonth': ['04'], 'hday': ['04'], 'leadtime_hour': ['24']}",repro/glofas_coverage_scan_runs/scan_20260216T065850Z/downloads/reforecast/P2__reforecast__version_4_0__htessel_lisflood__ensemble_perturbed_reforecast/2016-04-04.zip,"{""area"": [37.2443931, -122.272464, 36.8443931, -121.872464], ""data_format"": ""grib2"", ""download_format"": ""zip"", ""hday"": [""04""], ""hmonth"": [""04""], ""hydrological_model"": [""htessel_lisflood""], ""hyear"": [""2016""], ""leadtime_hour"": [""24""], ""product_type"": [""ensemble_perturbed_reforecast""], ""system_version"": [""version_4_0""], ""variable"": [""river_discharge_in_the_last_24_hours""]}"
2026-02-16T07:17:44Z,scan_20260216T065850Z,reforecast,P2,P2__reforecast__version_4_0__htessel_lisflood__ensemble_perturbed_reforecast,cems-glofas-reforecast,version_4_0,htessel_lisflood,ensemble_perturbed_reforecast,2017-05-29,error,,invalid_request,"400 Client Error: Bad Request for url: https://ewds.climate.copernicus.eu/api/retrieve/v1/processes/cems-glofas-reforecast/execution
invalid request
Request has not produced a valid combination of values, please check your selection.
{'system_version': ['version_4_0'], 'hydrological_model': ['htessel_lisflood'], 'product_type': ['ensemble_perturbed_reforecast'], 'variable': ['river_discharge_in_the_last_24_hours'], 'data_format': ['grib'], 'area': ['37.2443931', '-122.272464', '36.8443931', '-121.872464'], 'hyear': ['2017'], 'hmonth': ['05'], 'hday': ['29'], 'leadtime_hour': ['24']}",repro/glofas_coverage_scan_runs/scan_20260216T065850Z/downloads/reforecast/P2__reforecast__version_4_0__htessel_lisflood__ensemble_perturbed_reforecast/2017-05-29.zip,"{""area"": [37.2443931, -122.272464, 36.8443931, -121.872464], ""data_format"": ""grib2"", ""download_format"": ""zip"", ""hday"": [""29""], ""hmonth"": [""05""], ""hydrological_model"": [""htessel_lisflood""], ""hyear"": [""2017""], ""leadtime_hour"": [""24""], ""product_type"": [""ensemble_perturbed_reforecast""], ""system_version"": [""version_4_0""], ""variable"": [""river_discharge_in_the_last_24_hours""]}"
2026-02-16T07:17:46Z,scan_20260216T065850Z,reforecast,P2,P2__reforecast__version_4_0__htessel_lisflood__ensemble_perturbed_reforecast,cems-glofas-reforecast,version_4_0,htessel_lisflood,ensemble_perturbed_reforecast,2018-07-23,error,,invalid_request,"400 Client Error: Bad Request for url: https://ewds.climate.copernicus.eu/api/retrieve/v1/processes/cems-glofas-reforecast/execution
invalid request
Request has not produced a valid combination of values, please check your selection.
{'system_version': ['version_4_0'], 'hydrological_model': ['htessel_lisflood'], 'product_type': ['ensemble_perturbed_reforecast'], 'variable': ['river_discharge_in_the_last_24_hours'], 'data_format': ['grib'], 'area': ['37.2443931', '-122.272464', '36.8443931', '-121.872464'], 'hyear': ['2018'], 'hmonth': ['07'], 'hday': ['23'], 'leadtime_hour': ['24']}",repro/glofas_coverage_scan_runs/scan_20260216T065850Z/downloads/reforecast/P2__reforecast__version_4_0__htessel_lisflood__ensemble_perturbed_reforecast/2018-07-23.zip,"{""area"": [37.2443931, -122.272464, 36.8443931, -121.872464], ""data_format"": ""grib2"", ""download_format"": ""zip"", ""hday"": [""23""], ""hmonth"": [""07""], ""hydrological_model"": [""htessel_lisflood""], ""hyear"": [""2018""], ""leadtime_hour"": [""24""], ""product_type"": [""ensemble_perturbed_reforecast""], ""system_version"": [""version_4_0""], ""variable"": [""river_discharge_in_the_last_24_hours""]}"
2026-02-16T07:17:47Z,scan_20260216T065850Z,reforecast,P2,P2__reforecast__version_4_0__htessel_lisflood__ensemble_perturbed_reforecast,cems-glofas-reforecast,version_4_0,htessel_lisflood,ensemble_perturbed_reforecast,2019-09-16,error,,invalid_request,"400 Client Error: Bad Request for url: https://ewds.climate.copernicus.eu/api/retrieve/v1/processes/cems-glofas-reforecast/execution
invalid request
Request has not produced a valid combination of values, please check your selection.
{'system_version': ['version_4_0'], 'hydrological_model': ['htessel_lisflood'], 'product_type': ['ensemble_perturbed_reforecast'], 'variable': ['river_discharge_in_the_last_24_hours'], 'data_format': ['grib'], 'area': ['37.2443931', '-122.272464', '36.8443931', '-121.872464'], 'hyear': ['2019'], 'hmonth': ['09'], 'hday': ['16'], 'leadtime_hour': ['24']}",repro/glofas_coverage_scan_runs/scan_20260216T065850Z/downloads/reforecast/P2__reforecast__version_4_0__htessel_lisflood__ensemble_perturbed_reforecast/2019-09-16.zip,"{""area"": [37.2443931, -122.272464, 36.8443931, -121.872464], ""data_format"": ""grib2"", ""download_format"": ""zip"", ""hday"": [""16""], ""hmonth"": [""09""], ""hydrological_model"": [""htessel_lisflood""], ""hyear"": [""2019""], ""leadtime_hour"": [""24""], ""product_type"": [""ensemble_perturbed_reforecast""], ""system_version"": [""version_4_0""], ""variable"": [""river_discharge_in_the_last_24_hours""]}"
2026-02-16T07:17:48Z,scan_20260216T065850Z,reforecast,P2,P2__reforecast__version_4_0__htessel_lisflood__ensemble_perturbed_reforecast,cems-glofas-reforecast,version_4_0,htessel_lisflood,ensemble_perturbed_reforecast,2020-11-09,error,,invalid_request,"400 Client Error: Bad Request for url: https://ewds.climate.copernicus.eu/api/retrieve/v1/processes/cems-glofas-reforecast/execution
invalid request
Request has not produced a valid combination of values, please check your selection.
{'system_version': ['version_4_0'], 'hydrological_model': ['htessel_lisflood'], 'product_type': ['ensemble_perturbed_reforecast'], 'variable': ['river_discharge_in_the_last_24_hours'], 'data_format': ['grib'], 'area': ['37.2443931', '-122.272464', '36.8443931', '-121.872464'], 'hyear': ['2020'], 'hmonth': ['11'], 'hday': ['09'], 'leadtime_hour': ['24']}",repro/glofas_coverage_scan_runs/scan_20260216T065850Z/downloads/reforecast/P2__reforecast__version_4_0__htessel_lisflood__ensemble_perturbed_reforecast/2020-11-09.zip,"{""area"": [37.2443931, -122.272464, 36.8443931, -121.872464], ""data_format"": ""grib2"", ""download_format"": ""zip"", ""hday"": [""09""], ""hmonth"": [""11""], ""hydrological_model"": [""htessel_lisflood""], ""hyear"": [""2020""], ""leadtime_hour"": [""24""], ""product_type"": [""ensemble_perturbed_reforecast""], ""system_version"": [""version_4_0""], ""variable"": [""river_discharge_in_the_last_24_hours""]}"
2026-02-16T07:18:15Z,scan_20260216T065850Z,reforecast,P2,P2__reforecast__version_4_0__lisflood__control_reforecast,cems-glofas-reforecast,version_4_0,lisflood,control_reforecast,2021-01-04,ok,343,,,repro/glofas_coverage_scan_runs/scan_20260216T065850Z/downloads/reforecast/P2__reforecast__version_4_0__lisflood__control_reforecast/2021-01-04.zip,"{""area"": [37.2443931, -122.272464, 36.8443931, -121.872464], ""data_format"": ""grib2"", ""download_format"": ""zip"", ""hday"": [""04""], ""hmonth"": [""01""], ""hydrological_model"": [""lisflood""], ""hyear"": [""2021""], ""leadtime_hour"": [""24""], ""product_type"": [""control_reforecast""], ""system_version"": [""version_4_0""], ""variable"": [""river_discharge_in_the_last_24_hours""]}"
2026-02-16T07:18:17Z,scan_20260216T065850Z,reforecast,P2,P2__reforecast__version_4_0__lisflood__control_reforecast,cems-glofas-reforecast,version_4_0,lisflood,control_reforecast,2020-12-31,error,,invalid_request,"400 Client Error: Bad Request for url: https://ewds.climate.copernicus.eu/api/retrieve/v1/processes/cems-glofas-reforecast/execution
invalid request
Request has not produced a valid combination of values, please check your selection.
{'system_version': ['version_4_0'], 'hydrological_model': ['lisflood'], 'product_type': ['control_reforecast'], 'variable': ['river_discharge_in_the_last_24_hours'], 'data_format': ['grib'], 'area': ['37.2443931', '-122.272464', '36.8443931', '-121.872464'], 'hyear': ['2020'], 'hmonth': ['12'], 'hday': ['31'], 'leadtime_hour': ['24']}",repro/glofas_coverage_scan_runs/scan_20260216T065850Z/downloads/reforecast/P2__reforecast__version_4_0__lisflood__control_reforecast/2020-12-31.zip,"{""area"": [37.2443931, -122.272464, 36.8443931, -121.872464], ""data_format"": ""grib2"", ""download_format"": ""zip"", ""hday"": [""31""], ""hmonth"": [""12""], ""hydrological_model"": [""lisflood""], ""hyear"": [""2020""], ""leadtime_hour"": [""24""], ""product_type"": [""control_reforecast""], ""system_version"": [""version_4_0""], ""variable"": [""river_discharge_in_the_last_24_hours""]}"
2026-02-16T07:18:18Z,scan_20260216T065850Z,reforecast,P2,P2__reforecast__version_4_0__lisflood__control_reforecast,cems-glofas-reforecast,version_4_0,lisflood,control_reforecast,2021-01-07,error,,invalid_request,"400 Client Error: Bad Request for url: https://ewds.climate.copernicus.eu/api/retrieve/v1/processes/cems-glofas-reforecast/execution
invalid request
Request has not produced a valid combination of values, please check your selection.
{'system_version': ['version_4_0'], 'hydrological_model': ['lisflood'], 'product_type': ['control_reforecast'], 'variable': ['river_discharge_in_the_last_24_hours'], 'data_format': ['grib'], 'area': ['37.2443931', '-122.272464', '36.8443931', '-121.872464'], 'hyear': ['2021'], 'hmonth': ['01'], 'hday': ['07'], 'leadtime_hour': ['24']}",repro/glofas_coverage_scan_runs/scan_20260216T065850Z/downloads/reforecast/P2__reforecast__version_4_0__lisflood__control_reforecast/2021-01-07.zip,"{""area"": [37.2443931, -122.272464, 36.8443931, -121.872464], ""data_format"": ""grib2"", ""download_format"": ""zip"", ""hday"": [""07""], ""hmonth"": [""01""], ""hydrological_model"": [""lisflood""], ""hyear"": [""2021""], ""leadtime_hour"": [""24""], ""product_type"": [""control_reforecast""], ""system_version"": [""version_4_0""], ""variable"": [""river_discharge_in_the_last_24_hours""]}"
2026-02-16T07:18:35Z,scan_20260216T065850Z,reforecast,P2,P2__reforecast__version_4_0__lisflood__ensemble_perturbed_reforecast,cems-glofas-reforecast,version_4_0,lisflood,ensemble_perturbed_reforecast,2021-01-04,ok,802,,,repro/glofas_coverage_scan_runs/scan_20260216T065850Z/downloads/reforecast/P2__reforecast__version_4_0__lisflood__ensemble_perturbed_reforecast/2021-01-04.zip,"{""area"": [37.2443931, -122.272464, 36.8443931, -121.872464], ""data_format"": ""grib2"", ""download_format"": ""zip"", ""hday"": [""04""], ""hmonth"": [""01""], ""hydrological_model"": [""lisflood""], ""hyear"": [""2021""], ""leadtime_hour"": [""24""], ""product_type"": [""ensemble_perturbed_reforecast""], ""system_version"": [""version_4_0""], ""variable"": [""river_discharge_in_the_last_24_hours""]}"
2026-02-16T07:18:36Z,scan_20260216T065850Z,reforecast,P2,P2__reforecast__version_4_0__lisflood__ensemble_perturbed_reforecast,cems-glofas-reforecast,version_4_0,lisflood,ensemble_perturbed_reforecast,2020-12-31,error,,invalid_request,"400 Client Error: Bad Request for url: https://ewds.climate.copernicus.eu/api/retrieve/v1/processes/cems-glofas-reforecast/execution
invalid request
Request has not produced a valid combination of values, please check your selection.
{'system_version': ['version_4_0'], 'hydrological_model': ['lisflood'], 'product_type': ['ensemble_perturbed_reforecast'], 'variable': ['river_discharge_in_the_last_24_hours'], 'data_format': ['grib'], 'area': ['37.2443931', '-122.272464', '36.8443931', '-121.872464'], 'hyear': ['2020'], 'hmonth': ['12'], 'hday': ['31'], 'leadtime_hour': ['24']}",repro/glofas_coverage_scan_runs/scan_20260216T065850Z/downloads/reforecast/P2__reforecast__version_4_0__lisflood__ensemble_perturbed_reforecast/2020-12-31.zip,"{""area"": [37.2443931, -122.272464, 36.8443931, -121.872464], ""data_format"": ""grib2"", ""download_format"": ""zip"", ""hday"": [""31""], ""hmonth"": [""12""], ""hydrological_model"": [""lisflood""], ""hyear"": [""2020""], ""leadtime_hour"": [""24""], ""product_type"": [""ensemble_perturbed_reforecast""], ""system_version"": [""version_4_0""], ""variable"": [""river_discharge_in_the_last_24_hours""]}"
2026-02-16T07:18:37Z,scan_20260216T065850Z,reforecast,P2,P2__reforecast__version_4_0__lisflood__ensemble_perturbed_reforecast,cems-glofas-reforecast,version_4_0,lisflood,ensemble_perturbed_reforecast,2021-01-07,error,,invalid_request,"400 Client Error: Bad Request for url: https://ewds.climate.copernicus.eu/api/retrieve/v1/processes/cems-glofas-reforecast/execution
invalid request
Request has not produced a valid combination of values, please check your selection.
{'system_version': ['version_4_0'], 'hydrological_model': ['lisflood'], 'product_type': ['ensemble_perturbed_reforecast'], 'variable': ['river_discharge_in_the_last_24_hours'], 'data_format': ['grib'], 'area': ['37.2443931', '-122.272464', '36.8443931', '-121.872464'], 'hyear': ['2021'], 'hmonth': ['01'], 'hday': ['07'], 'leadtime_hour': ['24']}",repro/glofas_coverage_scan_runs/scan_20260216T065850Z/downloads/reforecast/P2__reforecast__version_4_0__lisflood__ensemble_perturbed_reforecast/2021-01-07.zip,"{""area"": [37.2443931, -122.272464, 36.8443931, -121.872464], ""data_format"": ""grib2"", ""download_format"": ""zip"", ""hday"": [""07""], ""hmonth"": [""01""], ""hydrological_model"": [""lisflood""], ""hyear"": [""2021""], ""leadtime_hour"": [""24""], ""product_type"": [""ensemble_perturbed_reforecast""], ""system_version"": [""version_4_0""], ""variable"": [""river_discharge_in_the_last_24_hours""]}"
2026-02-16T06:58:53Z,scan_20260216T065850Z,historical,P1,P1__historical__version_3_1__htessel_lisflood__consolidated,cems-glofas-historical,version_3_1,htessel_lisflood,consolidated,2021-06-15,error,,invalid_request,"400 Client Error: Bad Request for url: https://ewds.climate.copernicus.eu/api/retrieve/v1/processes/cems-glofas-historical/execution
invalid request
Request has not produced a valid combination of values, please check your selection.
{'system_version': ['version_3_1'], 'hydrological_model': ['htessel_lisflood'], 'product_type': ['consolidated'], 'variable': ['river_discharge_in_the_last_24_hours'], 'data_format': ['grib'], 'area': ['37.2443931', '-122.272464', '36.8443931', '-121.872464'], 'hyear': ['2021'], 'hmonth': ['06'], 'hday': ['15']}",repro/glofas_coverage_scan_runs/scan_20260216T065850Z/downloads/historical/P1__historical__version_3_1__htessel_lisflood__consolidated/2021-06-15.zip,"{""area"": [37.2443931, -122.272464, 36.8443931, -121.872464], ""data_format"": ""grib2"", ""download_format"": ""zip"", ""hday"": [""15""], ""hmonth"": [""06""], ""hydrological_model"": [""htessel_lisflood""], ""hyear"": [""2021""], ""product_type"": [""consolidated""], ""system_version"": [""version_3_1""], ""variable"": [""river_discharge_in_the_last_24_hours""]}"
2026-02-16T06:58:54Z,scan_20260216T065850Z,historical,P1,P1__historical__version_3_1__htessel_lisflood__consolidated,cems-glofas-historical,version_3_1,htessel_lisflood,consolidated,2021-05-26,error,,invalid_request,"400 Client Error: Bad Request for url: https://ewds.climate.copernicus.eu/api/retrieve/v1/processes/cems-glofas-historical/execution
invalid request
Request has not produced a valid combination of values, please check your selection.
{'system_version': ['version_3_1'], 'hydrological_model': ['htessel_lisflood'], 'product_type': ['consolidated'], 'variable': ['river_discharge_in_the_last_24_hours'], 'data_format': ['grib'], 'area': ['37.2443931', '-122.272464', '36.8443931', '-121.872464'], 'hyear': ['2021'], 'hmonth': ['05'], 'hday': ['26']}",repro/glofas_coverage_scan_runs/scan_20260216T065850Z/downloads/historical/P1__historical__version_3_1__htessel_lisflood__consolidated/2021-05-26.zip,"{""area"": [37.2443931, -122.272464, 36.8443931, -121.872464], ""data_format"": ""grib2"", ""download_format"": ""zip"", ""hday"": [""26""], ""hmonth"": [""05""], ""hydrological_model"": [""htessel_lisflood""], ""hyear"": [""2021""], ""product_type"": [""consolidated""], ""system_version"": [""version_3_1""], ""variable"": [""river_discharge_in_the_last_24_hours""]}"
2026-02-16T06:58:55Z,scan_20260216T065850Z,historical,P1,P1__historical__version_3_1__htessel_lisflood__consolidated,cems-glofas-historical,version_3_1,htessel_lisflood,consolidated,1979-01-01,error,,invalid_request,"400 Client Error: Bad Request for url: https://ewds.climate.copernicus.eu/api/retrieve/v1/processes/cems-glofas-historical/execution
invalid request
Request has not produced a valid combination of values, please check your selection.
{'system_version': ['version_3_1'], 'hydrological_model': ['htessel_lisflood'], 'product_type': ['consolidated'], 'variable': ['river_discharge_in_the_last_24_hours'], 'data_format': ['grib'], 'area': ['37.2443931', '-122.272464', '36.8443931', '-121.872464'], 'hyear': ['1979'], 'hmonth': ['01'], 'hday': ['01']}",repro/glofas_coverage_scan_runs/scan_20260216T065850Z/downloads/historical/P1__historical__version_3_1__htessel_lisflood__consolidated/1979-01-01.zip,"{""area"": [37.2443931, -122.272464, 36.8443931, -121.872464], ""data_format"": ""grib2"", ""download_format"": ""zip"", ""hday"": [""01""], ""hmonth"": [""01""], ""hydrological_model"": [""htessel_lisflood""], ""hyear"": [""1979""], ""product_type"": [""consolidated""], ""system_version"": [""version_3_1""], ""variable"": [""river_discharge_in_the_last_24_hours""]}"
2026-02-16T06:58:56Z,scan_20260216T065850Z,historical,P1,P1__historical__version_3_1__htessel_lisflood__consolidated,cems-glofas-historical,version_3_1,htessel_lisflood,consolidated,2026-02-15,error,,invalid_request,"400 Client Error: Bad Request for url: https://ewds.climate.copernicus.eu/api/retrieve/v1/processes/cems-glofas-historical/execution
invalid request
Request has not produced a valid combination of values, please check your selection.
{'system_version': ['version_3_1'], 'hydrological_model': ['htessel_lisflood'], 'product_type': ['consolidated'], 'variable': ['river_discharge_in_the_last_24_hours'], 'data_format': ['grib'], 'area': ['37.2443931', '-122.272464', '36.8443931', '-121.872464'], 'hyear': ['2026'], 'hmonth': ['02'], 'hday': ['15']}",repro/glofas_coverage_scan_runs/scan_20260216T065850Z/downloads/historical/P1__historical__version_3_1__htessel_lisflood__consolidated/2026-02-15.zip,"{""area"": [37.2443931, -122.272464, 36.8443931, -121.872464], ""data_format"": ""grib2"", ""download_format"": ""zip"", ""hday"": [""15""], ""hmonth"": [""02""], ""hydrological_model"": [""htessel_lisflood""], ""hyear"": [""2026""], ""product_type"": [""consolidated""], ""system_version"": [""version_3_1""], ""variable"": [""river_discharge_in_the_last_24_hours""]}"
2026-02-16T06:58:58Z,scan_20260216T065850Z,historical,P1,P1__historical__version_3_1__htessel_lisflood__consolidated,cems-glofas-historical,version_3_1,htessel_lisflood,consolidated,2002-07-25,error,,invalid_request,"400 Client Error: Bad Request for url: https://ewds.climate.copernicus.eu/api/retrieve/v1/processes/cems-glofas-historical/execution
invalid request
Request has not produced a valid combination of values, please check your selection.
{'system_version': ['version_3_1'], 'hydrological_model': ['htessel_lisflood'], 'product_type': ['consolidated'], 'variable': ['river_discharge_in_the_last_24_hours'], 'data_format': ['grib'], 'area': ['37.2443931', '-122.272464', '36.8443931', '-121.872464'], 'hyear': ['2002'], 'hmonth': ['07'], 'hday': ['25']}",repro/glofas_coverage_scan_runs/scan_20260216T065850Z/downloads/historical/P1__historical__version_3_1__htessel_lisflood__consolidated/2002-07-25.zip,"{""area"": [37.2443931, -122.272464, 36.8443931, -121.872464], ""data_format"": ""grib2"", ""download_format"": ""zip"", ""hday"": [""25""], ""hmonth"": [""07""], ""hydrological_model"": [""htessel_lisflood""], ""hyear"": [""2002""], ""product_type"": [""consolidated""], ""system_version"": [""version_3_1""], ""variable"": [""river_discharge_in_the_last_24_hours""]}"
2026-02-16T06:58:59Z,scan_20260216T065850Z,historical,P1,P1__historical__version_3_1__htessel_lisflood__consolidated,cems-glofas-historical,version_3_1,htessel_lisflood,consolidated,1979-05-01,error,,invalid_request,"400 Client Error: Bad Request for url: https://ewds.climate.copernicus.eu/api/retrieve/v1/processes/cems-glofas-historical/execution
invalid request
Request has not produced a valid combination of values, please check your selection.
{'system_version': ['version_3_1'], 'hydrological_model': ['htessel_lisflood'], 'product_type': ['consolidated'], 'variable': ['river_discharge_in_the_last_24_hours'], 'data_format': ['grib'], 'area': ['37.2443931', '-122.272464', '36.8443931', '-121.872464'], 'hyear': ['1979'], 'hmonth': ['05'], 'hday': ['01']}",repro/glofas_coverage_scan_runs/scan_20260216T065850Z/downloads/historical/P1__historical__version_3_1__htessel_lisflood__consolidated/1979-05-01.zip,"{""area"": [37.2443931, -122.272464, 36.8443931, -121.872464], ""data_format"": ""grib2"", ""download_format"": ""zip"", ""hday"": [""01""], ""hmonth"": [""05""], ""hydrological_model"": [""htessel_lisflood""], ""hyear"": [""1979""], ""product_type"": [""consolidated""], ""system_version"": [""version_3_1""], ""variable"": [""river_discharge_in_the_last_24_hours""]}"
2026-02-16T06:59:00Z,scan_20260216T065850Z,historical,P1,P1__historical__version_3_1__htessel_lisflood__consolidated,cems-glofas-historical,version_3_1,htessel_lisflood,consolidated,1979-08-29,error,,invalid_request,"400 Client Error: Bad Request for url: https://ewds.climate.copernicus.eu/api/retrieve/v1/processes/cems-glofas-historical/execution
invalid request
Request has not produced a valid combination of values, please check your selection.
{'system_version': ['version_3_1'], 'hydrological_model': ['htessel_lisflood'], 'product_type': ['consolidated'], 'variable': ['river_discharge_in_the_last_24_hours'], 'data_format': ['grib'], 'area': ['37.2443931', '-122.272464', '36.8443931', '-121.872464'], 'hyear': ['1979'], 'hmonth': ['08'], 'hday': ['29']}",repro/glofas_coverage_scan_runs/scan_20260216T065850Z/downloads/historical/P1__historical__version_3_1__htessel_lisflood__consolidated/1979-08-29.zip,"{""area"": [37.2443931, -122.272464, 36.8443931, -121.872464], ""data_format"": ""grib2"", ""download_format"": ""zip"", ""hday"": [""29""], ""hmonth"": [""08""], ""hydrological_model"": [""htessel_lisflood""], ""hyear"": [""1979""], ""product_type"": [""consolidated""], ""system_version"": [""version_3_1""], ""variable"": [""river_discharge_in_the_last_24_hours""]}"
2026-02-16T06:59:01Z,scan_20260216T065850Z,historical,P1,P1__historical__version_3_1__htessel_lisflood__consolidated,cems-glofas-historical,version_3_1,htessel_lisflood,consolidated,1979-12-27,error,,invalid_request,"400 Client Error: Bad Request for url: https://ewds.climate.copernicus.eu/api/retrieve/v1/processes/cems-glofas-historical/execution
invalid request
Request has not produced a valid combination of values, please check your selection.
{'system_version': ['version_3_1'], 'hydrological_model': ['htessel_lisflood'], 'product_type': ['consolidated'], 'variable': ['river_discharge_in_the_last_24_hours'], 'data_format': ['grib'], 'area': ['37.2443931', '-122.272464', '36.8443931', '-121.872464'], 'hyear': ['1979'], 'hmonth': ['12'], 'hday': ['27']}",repro/glofas_coverage_scan_runs/scan_20260216T065850Z/downloads/historical/P1__historical__version_3_1__htessel_lisflood__consolidated/1979-12-27.zip,"{""area"": [37.2443931, -122.272464, 36.8443931, -121.872464], ""data_format"": ""grib2"", ""download_format"": ""zip"", ""hday"": [""27""], ""hmonth"": [""12""], ""hydrological_model"": [""htessel_lisflood""], ""hyear"": [""1979""], ""product_type"": [""consolidated""], ""system_version"": [""version_3_1""], ""variable"": [""river_discharge_in_the_last_24_hours""]}"
2026-02-16T06:59:02Z,scan_20260216T065850Z,historical,P1,P1__historical__version_3_1__htessel_lisflood__consolidated,cems-glofas-historical,version_3_1,htessel_lisflood,consolidated,1980-04-25,error,,invalid_request,"400 Client Error: Bad Request for url: https://ewds.climate.copernicus.eu/api/retrieve/v1/processes/cems-glofas-historical/execution
invalid request
Request has not produced a valid combination of values, please check your selection.
{'system_version': ['version_3_1'], 'hydrological_model': ['htessel_lisflood'], 'product_type': ['consolidated'], 'variable': ['river_discharge_in_the_last_24_hours'], 'data_format': ['grib'], 'area': ['37.2443931', '-122.272464', '36.8443931', '-121.872464'], 'hyear': ['1980'], 'hmonth': ['04'], 'hday': ['25']}",repro/glofas_coverage_scan_runs/scan_20260216T065850Z/downloads/historical/P1__historical__version_3_1__htessel_lisflood__consolidated/1980-04-25.zip,"{""area"": [37.2443931, -122.272464, 36.8443931, -121.872464], ""data_format"": ""grib2"", ""download_format"": ""zip"", ""hday"": [""25""], ""hmonth"": [""04""], ""hydrological_model"": [""htessel_lisflood""], ""hyear"": [""1980""], ""product_type"": [""consolidated""], ""system_version"": [""version_3_1""], ""variable"": [""river_discharge_in_the_last_24_hours""]}"
2026-02-16T06:59:04Z,scan_20260216T065850Z,historical,P1,P1__historical__version_3_1__htessel_lisflood__consolidated,cems-glofas-historical,version_3_1,htessel_lisflood,consolidated,1980-08-23,error,,invalid_request,"400 Client Error: Bad Request for url: https://ewds.climate.copernicus.eu/api/retrieve/v1/processes/cems-glofas-historical/execution
invalid request
Request has not produced a valid combination of values, please check your selection.
{'system_version': ['version_3_1'], 'hydrological_model': ['htessel_lisflood'], 'product_type': ['consolidated'], 'variable': ['river_discharge_in_the_last_24_hours'], 'data_format': ['grib'], 'area': ['37.2443931', '-122.272464', '36.8443931', '-121.872464'], 'hyear': ['1980'], 'hmonth': ['08'], 'hday': ['23']}",repro/glofas_coverage_scan_runs/scan_20260216T065850Z/downloads/historical/P1__historical__version_3_1__htessel_lisflood__consolidated/1980-08-23.zip,"{""area"": [37.2443931, -122.272464, 36.8443931, -121.872464], ""data_format"": ""grib2"", ""download_format"": ""zip"", ""hday"": [""23""], ""hmonth"": [""08""], ""hydrological_model"": [""htessel_lisflood""], ""hyear"": [""1980""], ""product_type"": [""consolidated""], ""system_version"": [""version_3_1""], ""variable"": [""river_discharge_in_the_last_24_hours""]}"
2026-02-16T06:59:05Z,scan_20260216T065850Z,historical,P1,P1__historical__version_3_1__htessel_lisflood__consolidated,cems-glofas-historical,version_3_1,htessel_lisflood,consolidated,1980-12-21,error,,invalid_request,"400 Client Error: Bad Request for url: https://ewds.climate.copernicus.eu/api/retrieve/v1/processes/cems-glofas-historical/execution
invalid request
Request has not produced a valid combination of values, please check your selection.
{'system_version': ['version_3_1'], 'hydrological_model': ['htessel_lisflood'], 'product_type': ['consolidated'], 'variable': ['river_discharge_in_the_last_24_hours'], 'data_format': ['grib'], 'area': ['37.2443931', '-122.272464', '36.8443931', '-121.872464'], 'hyear': ['1980'], 'hmonth': ['12'], 'hday': ['21']}",repro/glofas_coverage_scan_runs/scan_20260216T065850Z/downloads/historical/P1__historical__version_3_1__htessel_lisflood__consolidated/1980-12-21.zip,"{""area"": [37.2443931, -122.272464, 36.8443931, -121.872464], ""data_format"": ""grib2"", ""download_format"": ""zip"", ""hday"": [""21""], ""hmonth"": [""12""], ""hydrological_model"": [""htessel_lisflood""], ""hyear"": [""1980""], ""product_type"": [""consolidated""], ""system_version"": [""version_3_1""], ""variable"": [""river_discharge_in_the_last_24_hours""]}"
2026-02-16T06:59:06Z,scan_20260216T065850Z,historical,P1,P1__historical__version_3_1__htessel_lisflood__consolidated,cems-glofas-historical,version_3_1,htessel_lisflood,consolidated,1981-04-20,error,,invalid_request,"400 Client Error: Bad Request for url: https://ewds.climate.copernicus.eu/api/retrieve/v1/processes/cems-glofas-historical/execution
invalid request
Request has not produced a valid combination of values, please check your selection.
{'system_version': ['version_3_1'], 'hydrological_model': ['htessel_lisflood'], 'product_type': ['consolidated'], 'variable': ['river_discharge_in_the_last_24_hours'], 'data_format': ['grib'], 'area': ['37.2443931', '-122.272464', '36.8443931', '-121.872464'], 'hyear': ['1981'], 'hmonth': ['04'], 'hday': ['20']}",repro/glofas_coverage_scan_runs/scan_20260216T065850Z/downloads/historical/P1__historical__version_3_1__htessel_lisflood__consolidated/1981-04-20.zip,"{""area"": [37.2443931, -122.272464, 36.8443931, -121.872464], ""data_format"": ""grib2"", ""download_format"": ""zip"", ""hday"": [""20""], ""hmonth"": [""04""], ""hydrological_model"": [""htessel_lisflood""], ""hyear"": [""1981""], ""product_type"": [""consolidated""], ""system_version"": [""version_3_1""], ""variable"": [""river_discharge_in_the_last_24_hours""]}"
2026-02-16T06:59:07Z,scan_20260216T065850Z,historical,P1,P1__historical__version_3_1__htessel_lisflood__consolidated,cems-glofas-historical,version_3_1,htessel_lisflood,consolidated,1981-08-18,error,,invalid_request,"400 Client Error: Bad Request for url: https://ewds.climate.copernicus.eu/api/retrieve/v1/processes/cems-glofas-historical/execution
invalid request
Request has not produced a valid combination of values, please check your selection.
{'system_version': ['version_3_1'], 'hydrological_model': ['htessel_lisflood'], 'product_type': ['consolidated'], 'variable': ['river_discharge_in_the_last_24_hours'], 'data_format': ['grib'], 'area': ['37.2443931', '-122.272464', '36.8443931', '-121.872464'], 'hyear': ['1981'], 'hmonth': ['08'], 'hday': ['18']}",repro/glofas_coverage_scan_runs/scan_20260216T065850Z/downloads/historical/P1__historical__version_3_1__htessel_lisflood__consolidated/1981-08-18.zip,"{""area"": [37.2443931, -122.272464, 36.8443931, -121.872464], ""data_format"": ""grib2"", ""download_format"": ""zip"", ""hday"": [""18""], ""hmonth"": [""08""], ""hydrological_model"": [""htessel_lisflood""], ""hyear"": [""1981""], ""product_type"": [""consolidated""], ""system_version"": [""version_3_1""], ""variable"": [""river_discharge_in_the_last_24_hours""]}"
2026-02-16T06:59:08Z,scan_20260216T065850Z,historical,P1,P1__historical__version_3_1__htessel_lisflood__consolidated,cems-glofas-historical,version_3_1,htessel_lisflood,consolidated,1981-12-16,error,,invalid_request,"400 Client Error: Bad Request for url: https://ewds.climate.copernicus.eu/api/retrieve/v1/processes/cems-glofas-historical/execution
invalid request
Request has not produced a valid combination of values, please check your selection.
{'system_version': ['version_3_1'], 'hydrological_model': ['htessel_lisflood'], 'product_type': ['consolidated'], 'variable': ['river_discharge_in_the_last_24_hours'], 'data_format': ['grib'], 'area': ['37.2443931', '-122.272464', '36.8443931', '-121.872464'], 'hyear': ['1981'], 'hmonth': ['12'], 'hday': ['16']}",repro/glofas_coverage_scan_runs/scan_20260216T065850Z/downloads/historical/P1__historical__version_3_1__htessel_lisflood__consolidated/1981-12-16.zip,"{""area"": [37.2443931, -122.272464, 36.8443931, -121.872464], ""data_format"": ""grib2"", ""download_format"": ""zip"", ""hday"": [""16""], ""hmonth"": [""12""], ""hydrological_model"": [""htessel_lisflood""], ""hyear"": [""1981""], ""product_type"": [""consolidated""], ""system_version"": [""version_3_1""], ""variable"": [""river_discharge_in_the_last_24_hours""]}"
2026-02-16T06:59:09Z,scan_20260216T065850Z,historical,P1,P1__historical__version_3_1__htessel_lisflood__consolidated,cems-glofas-historical,version_3_1,htessel_lisflood,consolidated,1982-04-15,error,,invalid_request,"400 Client Error: Bad Request for url: https://ewds.climate.copernicus.eu/api/retrieve/v1/processes/cems-glofas-historical/execution
invalid request
Request has not produced a valid combination of values, please check your selection.
{'system_version': ['version_3_1'], 'hydrological_model': ['htessel_lisflood'], 'product_type': ['consolidated'], 'variable': ['river_discharge_in_the_last_24_hours'], 'data_format': ['grib'], 'area': ['37.2443931', '-122.272464', '36.8443931', '-121.872464'], 'hyear': ['1982'], 'hmonth': ['04'], 'hday': ['15']}",repro/glofas_coverage_scan_runs/scan_20260216T065850Z/downloads/historical/P1__historical__version_3_1__htessel_lisflood__consolidated/1982-04-15.zip,"{""area"": [37.2443931, -122.272464, 36.8443931, -121.872464], ""data_format"": ""grib2"", ""download_format"": ""zip"", ""hday"": [""15""], ""hmonth"": [""04""], ""hydrological_model"": [""htessel_lisflood""], ""hyear"": [""1982""], ""product_type"": [""consolidated""], ""system_version"": [""version_3_1""], ""variable"": [""river_discharge_in_the_last_24_hours""]}"
2026-02-16T06:59:10Z,scan_20260216T065850Z,historical,P1,P1__historical__version_3_1__htessel_lisflood__consolidated,cems-glofas-historical,version_3_1,htessel_lisflood,consolidated,1982-08-13,error,,invalid_request,"400 Client Error: Bad Request for url: https://ewds.climate.copernicus.eu/api/retrieve/v1/processes/cems-glofas-historical/execution
invalid request
Request has not produced a valid combination of values, please check your selection.
{'system_version': ['version_3_1'], 'hydrological_model': ['htessel_lisflood'], 'product_type': ['consolidated'], 'variable': ['river_discharge_in_the_last_24_hours'], 'data_format': ['grib'], 'area': ['37.2443931', '-122.272464', '36.8443931', '-121.872464'], 'hyear': ['1982'], 'hmonth': ['08'], 'hday': ['13']}",repro/glofas_coverage_scan_runs/scan_20260216T065850Z/downloads/historical/P1__historical__version_3_1__htessel_lisflood__consolidated/1982-08-13.zip,"{""area"": [37.2443931, -122.272464, 36.8443931, -121.872464], ""data_format"": ""grib2"", ""download_format"": ""zip"", ""hday"": [""13""], ""hmonth"": [""08""], ""hydrological_model"": [""htessel_lisflood""], ""hyear"": [""1982""], ""product_type"": [""consolidated""], ""system_version"": [""version_3_1""], ""variable"": [""river_discharge_in_the_last_24_hours""]}"
2026-02-16T06:59:12Z,scan_20260216T065850Z,historical,P1,P1__historical__version_3_1__htessel_lisflood__consolidated,cems-glofas-historical,version_3_1,htessel_lisflood,consolidated,1982-12-11,error,,invalid_request,"400 Client Error: Bad Request for url: https://ewds.climate.copernicus.eu/api/retrieve/v1/processes/cems-glofas-historical/execution
invalid request
Request has not produced a valid combination of values, please check your selection.
{'system_version': ['version_3_1'], 'hydrological_model': ['htessel_lisflood'], 'product_type': ['consolidated'], 'variable': ['river_discharge_in_the_last_24_hours'], 'data_format': ['grib'], 'area': ['37.2443931', '-122.272464', '36.8443931', '-121.872464'], 'hyear': ['1982'], 'hmonth': ['12'], 'hday': ['11']}",repro/glofas_coverage_scan_runs/scan_20260216T065850Z/downloads/historical/P1__historical__version_3_1__htessel_lisflood__consolidated/1982-12-11.zip,"{""area"": [37.2443931, -122.272464, 36.8443931, -121.872464], ""data_format"": ""grib2"", ""download_format"": ""zip"", ""hday"": [""11""], ""hmonth"": [""12""], ""hydrological_model"": [""htessel_lisflood""], ""hyear"": [""1982""], ""product_type"": [""consolidated""], ""system_version"": [""version_3_1""], ""variable"": [""river_discharge_in_the_last_24_hours""]}"
2026-02-16T06:59:13Z,scan_20260216T065850Z,historical,P1,P1__historical__version_3_1__htessel_lisflood__consolidated,cems-glofas-historical,version_3_1,htessel_lisflood,consolidated,1983-04-10,error,,invalid_request,"400 Client Error: Bad Request for url: https://ewds.climate.copernicus.eu/api/retrieve/v1/processes/cems-glofas-historical/execution
invalid request
Request has not produced a valid combination of values, please check your selection.
{'system_version': ['version_3_1'], 'hydrological_model': ['htessel_lisflood'], 'product_type': ['consolidated'], 'variable': ['river_discharge_in_the_last_24_hours'], 'data_format': ['grib'], 'area': ['37.2443931', '-122.272464', '36.8443931', '-121.872464'], 'hyear': ['1983'], 'hmonth': ['04'], 'hday': ['10']}",repro/glofas_coverage_scan_runs/scan_20260216T065850Z/downloads/historical/P1__historical__version_3_1__htessel_lisflood__consolidated/1983-04-10.zip,"{""area"": [37.2443931, -122.272464, 36.8443931, -121.872464], ""data_format"": ""grib2"", ""download_format"": ""zip"", ""hday"": [""10""], ""hmonth"": [""04""], ""hydrological_model"": [""htessel_lisflood""], ""hyear"": [""1983""], ""product_type"": [""consolidated""], ""system_version"": [""version_3_1""], ""variable"": [""river_discharge_in_the_last_24_hours""]}"
2026-02-16T06:59:14Z,scan_20260216T065850Z,historical,P1,P1__historical__version_3_1__htessel_lisflood__consolidated,cems-glofas-historical,version_3_1,htessel_lisflood,consolidated,1983-08-08,error,,invalid_request,"400 Client Error: Bad Request for url: https://ewds.climate.copernicus.eu/api/retrieve/v1/processes/cems-glofas-historical/execution
invalid request
Request has not produced a valid combination of values, please check your selection.
{'system_version': ['version_3_1'], 'hydrological_model': ['htessel_lisflood'], 'product_type': ['consolidated'], 'variable': ['river_discharge_in_the_last_24_hours'], 'data_format': ['grib'], 'area': ['37.2443931', '-122.272464', '36.8443931', '-121.872464'], 'hyear': ['1983'], 'hmonth': ['08'], 'hday': ['08']}",repro/glofas_coverage_scan_runs/scan_20260216T065850Z/downloads/historical/P1__historical__version_3_1__htessel_lisflood__consolidated/1983-08-08.zip,"{""area"": [37.2443931, -122.272464, 36.8443931, -121.872464], ""data_format"": ""grib2"", ""download_format"": ""zip"", ""hday"": [""08""], ""hmonth"": [""08""], ""hydrological_model"": [""htessel_lisflood""], ""hyear"": [""1983""], ""product_type"": [""consolidated""], ""system_version"": [""version_3_1""], ""variable"": [""river_discharge_in_the_last_24_hours""]}"
2026-02-16T06:59:15Z,scan_20260216T065850Z,historical,P1,P1__historical__version_3_1__htessel_lisflood__consolidated,cems-glofas-historical,version_3_1,htessel_lisflood,consolidated,1983-12-06,error,,invalid_request,"400 Client Error: Bad Request for url: https://ewds.climate.copernicus.eu/api/retrieve/v1/processes/cems-glofas-historical/execution
invalid request
Request has not produced a valid combination of values, please check your selection.
{'system_version': ['version_3_1'], 'hydrological_model': ['htessel_lisflood'], 'product_type': ['consolidated'], 'variable': ['river_discharge_in_the_last_24_hours'], 'data_format': ['grib'], 'area': ['37.2443931', '-122.272464', '36.8443931', '-121.872464'], 'hyear': ['1983'], 'hmonth': ['12'], 'hday': ['06']}",repro/glofas_coverage_scan_runs/scan_20260216T065850Z/downloads/historical/P1__historical__version_3_1__htessel_lisflood__consolidated/1983-12-06.zip,"{""area"": [37.2443931, -122.272464, 36.8443931, -121.872464], ""data_format"": ""grib2"", ""download_format"": ""zip"", ""hday"": [""06""], ""hmonth"": [""12""], ""hydrological_model"": [""htessel_lisflood""], ""hyear"": [""1983""], ""product_type"": [""consolidated""], ""system_version"": [""version_3_1""], ""variable"": [""river_discharge_in_the_last_24_hours""]}"
2026-02-16T06:59:17Z,scan_20260216T065850Z,historical,P1,P1__historical__version_3_1__htessel_lisflood__consolidated,cems-glofas-historical,version_3_1,htessel_lisflood,consolidated,1984-04-04,error,,invalid_request,"400 Client Error: Bad Request for url: https://ewds.climate.copernicus.eu/api/retrieve/v1/processes/cems-glofas-historical/execution
invalid request
Request has not produced a valid combination of values, please check your selection.
{'system_version': ['version_3_1'], 'hydrological_model': ['htessel_lisflood'], 'product_type': ['consolidated'], 'variable': ['river_discharge_in_the_last_24_hours'], 'data_format': ['grib'], 'area': ['37.2443931', '-122.272464', '36.8443931', '-121.872464'], 'hyear': ['1984'], 'hmonth': ['04'], 'hday': ['04']}",repro/glofas_coverage_scan_runs/scan_20260216T065850Z/downloads/historical/P1__historical__version_3_1__htessel_lisflood__consolidated/1984-04-04.zip,"{""area"": [37.2443931, -122.272464, 36.8443931, -121.872464], ""data_format"": ""grib2"", ""download_format"": ""zip"", ""hday"": [""04""], ""hmonth"": [""04""], ""hydrological_model"": [""htessel_lisflood""], ""hyear"": [""1984""], ""product_type"": [""consolidated""], ""system_version"": [""version_3_1""], ""variable"": [""river_discharge_in_the_last_24_hours""]}"
2026-02-16T06:59:18Z,scan_20260216T065850Z,historical,P1,P1__historical__version_3_1__htessel_lisflood__consolidated,cems-glofas-historical,version_3_1,htessel_lisflood,consolidated,1984-08-02,error,,invalid_request,"400 Client Error: Bad Request for url: https://ewds.climate.copernicus.eu/api/retrieve/v1/processes/cems-glofas-historical/execution
invalid request
Request has not produced a valid combination of values, please check your selection.
{'system_version': ['version_3_1'], 'hydrological_model': ['htessel_lisflood'], 'product_type': ['consolidated'], 'variable': ['river_discharge_in_the_last_24_hours'], 'data_format': ['grib'], 'area': ['37.2443931', '-122.272464', '36.8443931', '-121.872464'], 'hyear': ['1984'], 'hmonth': ['08'], 'hday': ['02']}",repro/glofas_coverage_scan_runs/scan_20260216T065850Z/downloads/historical/P1__historical__version_3_1__htessel_lisflood__consolidated/1984-08-02.zip,"{""area"": [37.2443931, -122.272464, 36.8443931, -121.872464], ""data_format"": ""grib2"", ""download_format"": ""zip"", ""hday"": [""02""], ""hmonth"": [""08""], ""hydrological_model"": [""htessel_lisflood""], ""hyear"": [""1984""], ""product_type"": [""consolidated""], ""system_version"": [""version_3_1""], ""variable"": [""river_discharge_in_the_last_24_hours""]}"
2026-02-16T06:59:19Z,scan_20260216T065850Z,historical,P1,P1__historical__version_3_1__htessel_lisflood__consolidated,cems-glofas-historical,version_3_1,htessel_lisflood,consolidated,1984-11-30,error,,invalid_request,"400 Client Error: Bad Request for url: https://ewds.climate.copernicus.eu/api/retrieve/v1/processes/cems-glofas-historical/execution
invalid request
Request has not produced a valid combination of values, please check your selection.
{'system_version': ['version_3_1'], 'hydrological_model': ['htessel_lisflood'], 'product_type': ['consolidated'], 'variable': ['river_discharge_in_the_last_24_hours'], 'data_format': ['grib'], 'area': ['37.2443931', '-122.272464', '36.8443931', '-121.872464'], 'hyear': ['1984'], 'hmonth': ['11'], 'hday': ['30']}",repro/glofas_coverage_scan_runs/scan_20260216T065850Z/downloads/historical/P1__historical__version_3_1__htessel_lisflood__consolidated/1984-11-30.zip,"{""area"": [37.2443931, -122.272464, 36.8443931, -121.872464], ""data_format"": ""grib2"", ""download_format"": ""zip"", ""hday"": [""30""], ""hmonth"": [""11""], ""hydrological_model"": [""htessel_lisflood""], ""hyear"": [""1984""], ""product_type"": [""consolidated""], ""system_version"": [""version_3_1""], ""variable"": [""river_discharge_in_the_last_24_hours""]}"
2026-02-16T06:59:20Z,scan_20260216T065850Z,historical,P1,P1__historical__version_3_1__htessel_lisflood__consolidated,cems-glofas-historical,version_3_1,htessel_lisflood,consolidated,1985-03-30,error,,invalid_request,"400 Client Error: Bad Request for url: https://ewds.climate.copernicus.eu/api/retrieve/v1/processes/cems-glofas-historical/execution
invalid request
Request has not produced a valid combination of values, please check your selection.
{'system_version': ['version_3_1'], 'hydrological_model': ['htessel_lisflood'], 'product_type': ['consolidated'], 'variable': ['river_discharge_in_the_last_24_hours'], 'data_format': ['grib'], 'area': ['37.2443931', '-122.272464', '36.8443931', '-121.872464'], 'hyear': ['1985'], 'hmonth': ['03'], 'hday': ['30']}",repro/glofas_coverage_scan_runs/scan_20260216T065850Z/downloads/historical/P1__historical__version_3_1__htessel_lisflood__consolidated/1985-03-30.zip,"{""area"": [37.2443931, -122.272464, 36.8443931, -121.872464], ""data_format"": ""grib2"", ""download_format"": ""zip"", ""hday"": [""30""], ""hmonth"": [""03""], ""hydrological_model"": [""htessel_lisflood""], ""hyear"": [""1985""], ""product_type"": [""consolidated""], ""system_version"": [""version_3_1""], ""variable"": [""river_discharge_in_the_last_24_hours""]}"
2026-02-16T06:59:21Z,scan_20260216T065850Z,historical,P1,P1__historical__version_3_1__htessel_lisflood__intermediate,cems-glofas-historical,version_3_1,htessel_lisflood,intermediate,2021-06-15,error,,invalid_request,"400 Client Error: Bad Request for url: https://ewds.climate.copernicus.eu/api/retrieve/v1/processes/cems-glofas-historical/execution
invalid request
Request has not produced a valid combination of values, please check your selection.
{'system_version': ['version_3_1'], 'hydrological_model': ['htessel_lisflood'], 'product_type': ['intermediate'], 'variable': ['river_discharge_in_the_last_24_hours'], 'data_format': ['grib'], 'area': ['37.2443931', '-122.272464', '36.8443931', '-121.872464'], 'hyear': ['2021'], 'hmonth': ['06'], 'hday': ['15']}",repro/glofas_coverage_scan_runs/scan_20260216T065850Z/downloads/historical/P1__historical__version_3_1__htessel_lisflood__intermediate/2021-06-15.zip,"{""area"": [37.2443931, -122.272464, 36.8443931, -121.872464], ""data_format"": ""grib2"", ""download_format"": ""zip"", ""hday"": [""15""], ""hmonth"": [""06""], ""hydrological_model"": [""htessel_lisflood""], ""hyear"": [""2021""], ""product_type"": [""intermediate""], ""system_version"": [""version_3_1""], ""variable"": [""river_discharge_in_the_last_24_hours""]}"
2026-02-16T06:59:22Z,scan_20260216T065850Z,historical,P1,P1__historical__version_3_1__htessel_lisflood__intermediate,cems-glofas-historical,version_3_1,htessel_lisflood,intermediate,2021-05-26,error,,invalid_request,"400 Client Error: Bad Request for url: https://ewds.climate.copernicus.eu/api/retrieve/v1/processes/cems-glofas-historical/execution
invalid request
Request has not produced a valid combination of values, please check your selection.
{'system_version': ['version_3_1'], 'hydrological_model': ['htessel_lisflood'], 'product_type': ['intermediate'], 'variable': ['river_discharge_in_the_last_24_hours'], 'data_format': ['grib'], 'area': ['37.2443931', '-122.272464', '36.8443931', '-121.872464'], 'hyear': ['2021'], 'hmonth': ['05'], 'hday': ['26']}",repro/glofas_coverage_scan_runs/scan_20260216T065850Z/downloads/historical/P1__historical__version_3_1__htessel_lisflood__intermediate/2021-05-26.zip,"{""area"": [37.2443931, -122.272464, 36.8443931, -121.872464], ""data_format"": ""grib2"", ""download_format"": ""zip"", ""hday"": [""26""], ""hmonth"": [""05""], ""hydrological_model"": [""htessel_lisflood""], ""hyear"": [""2021""], ""product_type"": [""intermediate""], ""system_version"": [""version_3_1""], ""variable"": [""river_discharge_in_the_last_24_hours""]}"
2026-02-16T06:59:24Z,scan_20260216T065850Z,historical,P1,P1__historical__version_3_1__htessel_lisflood__intermediate,cems-glofas-historical,version_3_1,htessel_lisflood,intermediate,1979-01-01,error,,invalid_request,"400 Client Error: Bad Request for url: https://ewds.climate.copernicus.eu/api/retrieve/v1/processes/cems-glofas-historical/execution
invalid request
Request has not produced a valid combination of values, please check your selection.
{'system_version': ['version_3_1'], 'hydrological_model': ['htessel_lisflood'], 'product_type': ['intermediate'], 'variable': ['river_discharge_in_the_last_24_hours'], 'data_format': ['grib'], 'area': ['37.2443931', '-122.272464', '36.8443931', '-121.872464'], 'hyear': ['1979'], 'hmonth': ['01'], 'hday': ['01']}",repro/glofas_coverage_scan_runs/scan_20260216T065850Z/downloads/historical/P1__historical__version_3_1__htessel_lisflood__intermediate/1979-01-01.zip,"{""area"": [37.2443931, -122.272464, 36.8443931, -121.872464], ""data_format"": ""grib2"", ""download_format"": ""zip"", ""hday"": [""01""], ""hmonth"": [""01""], ""hydrological_model"": [""htessel_lisflood""], ""hyear"": [""1979""], ""product_type"": [""intermediate""], ""system_version"": [""version_3_1""], ""variable"": [""river_discharge_in_the_last_24_hours""]}"
2026-02-16T06:59:25Z,scan_20260216T065850Z,historical,P1,P1__historical__version_3_1__htessel_lisflood__intermediate,cems-glofas-historical,version_3_1,htessel_lisflood,intermediate,2026-02-15,error,,invalid_request,"400 Client Error: Bad Request for url: https://ewds.climate.copernicus.eu/api/retrieve/v1/processes/cems-glofas-historical/execution
invalid request
Request has not produced a valid combination of values, please check your selection.
{'system_version': ['version_3_1'], 'hydrological_model': ['htessel_lisflood'], 'product_type': ['intermediate'], 'variable': ['river_discharge_in_the_last_24_hours'], 'data_format': ['grib'], 'area': ['37.2443931', '-122.272464', '36.8443931', '-121.872464'], 'hyear': ['2026'], 'hmonth': ['02'], 'hday': ['15']}",repro/glofas_coverage_scan_runs/scan_20260216T065850Z/downloads/historical/P1__historical__version_3_1__htessel_lisflood__intermediate/2026-02-15.zip,"{""area"": [37.2443931, -122.272464, 36.8443931, -121.872464], ""data_format"": ""grib2"", ""download_format"": ""zip"", ""hday"": [""15""], ""hmonth"": [""02""], ""hydrological_model"": [""htessel_lisflood""], ""hyear"": [""2026""], ""product_type"": [""intermediate""], ""system_version"": [""version_3_1""], ""variable"": [""river_discharge_in_the_last_24_hours""]}"
2026-02-16T06:59:26Z,scan_20260216T065850Z,historical,P1,P1__historical__version_3_1__htessel_lisflood__intermediate,cems-glofas-historical,version_3_1,htessel_lisflood,intermediate,2002-07-25,error,,invalid_request,"400 Client Error: Bad Request for url: https://ewds.climate.copernicus.eu/api/retrieve/v1/processes/cems-glofas-historical/execution
invalid request
Request has not produced a valid combination of values, please check your selection.
{'system_version': ['version_3_1'], 'hydrological_model': ['htessel_lisflood'], 'product_type': ['intermediate'], 'variable': ['river_discharge_in_the_last_24_hours'], 'data_format': ['grib'], 'area': ['37.2443931', '-122.272464', '36.8443931', '-121.872464'], 'hyear': ['2002'], 'hmonth': ['07'], 'hday': ['25']}",repro/glofas_coverage_scan_runs/scan_20260216T065850Z/downloads/historical/P1__historical__version_3_1__htessel_lisflood__intermediate/2002-07-25.zip,"{""area"": [37.2443931, -122.272464, 36.8443931, -121.872464], ""data_format"": ""grib2"", ""download_format"": ""zip"", ""hday"": [""25""], ""hmonth"": [""07""], ""hydrological_model"": [""htessel_lisflood""], ""hyear"": [""2002""], ""product_type"": [""intermediate""], ""system_version"": [""version_3_1""], ""variable"": [""river_discharge_in_the_last_24_hours""]}"
2026-02-16T06:59:27Z,scan_20260216T065850Z,historical,P1,P1__historical__version_3_1__htessel_lisflood__intermediate,cems-glofas-historical,version_3_1,htessel_lisflood,intermediate,1979-05-01,error,,invalid_request,"400 Client Error: Bad Request for url: https://ewds.climate.copernicus.eu/api/retrieve/v1/processes/cems-glofas-historical/execution
invalid request
Request has not produced a valid combination of values, please check your selection.
{'system_version': ['version_3_1'], 'hydrological_model': ['htessel_lisflood'], 'product_type': ['intermediate'], 'variable': ['river_discharge_in_the_last_24_hours'], 'data_format': ['grib'], 'area': ['37.2443931', '-122.272464', '36.8443931', '-121.872464'], 'hyear': ['1979'], 'hmonth': ['05'], 'hday': ['01']}",repro/glofas_coverage_scan_runs/scan_20260216T065850Z/downloads/historical/P1__historical__version_3_1__htessel_lisflood__intermediate/1979-05-01.zip,"{""area"": [37.2443931, -122.272464, 36.8443931, -121.872464], ""data_format"": ""grib2"", ""download_format"": ""zip"", ""hday"": [""01""], ""hmonth"": [""05""], ""hydrological_model"": [""htessel_lisflood""], ""hyear"": [""1979""], ""product_type"": [""intermediate""], ""system_version"": [""version_3_1""], ""variable"": [""river_discharge_in_the_last_24_hours""]}"
2026-02-16T06:59:29Z,scan_20260216T065850Z,historical,P1,P1__historical__version_3_1__htessel_lisflood__intermediate,cems-glofas-historical,version_3_1,htessel_lisflood,intermediate,1979-08-29,error,,invalid_request,"400 Client Error: Bad Request for url: https://ewds.climate.copernicus.eu/api/retrieve/v1/processes/cems-glofas-historical/execution
invalid request
Request has not produced a valid combination of values, please check your selection.
{'system_version': ['version_3_1'], 'hydrological_model': ['htessel_lisflood'], 'product_type': ['intermediate'], 'variable': ['river_discharge_in_the_last_24_hours'], 'data_format': ['grib'], 'area': ['37.2443931', '-122.272464', '36.8443931', '-121.872464'], 'hyear': ['1979'], 'hmonth': ['08'], 'hday': ['29']}",repro/glofas_coverage_scan_runs/scan_20260216T065850Z/downloads/historical/P1__historical__version_3_1__htessel_lisflood__intermediate/1979-08-29.zip,"{""area"": [37.2443931, -122.272464, 36.8443931, -121.872464], ""data_format"": ""grib2"", ""download_format"": ""zip"", ""hday"": [""29""], ""hmonth"": [""08""], ""hydrological_model"": [""htessel_lisflood""], ""hyear"": [""1979""], ""product_type"": [""intermediate""], ""system_version"": [""version_3_1""], ""variable"": [""river_discharge_in_the_last_24_hours""]}"
2026-02-16T06:59:30Z,scan_20260216T065850Z,historical,P1,P1__historical__version_3_1__htessel_lisflood__intermediate,cems-glofas-historical,version_3_1,htessel_lisflood,intermediate,1979-12-27,error,,invalid_request,"400 Client Error: Bad Request for url: https://ewds.climate.copernicus.eu/api/retrieve/v1/processes/cems-glofas-historical/execution
invalid request
Request has not produced a valid combination of values, please check your selection.
{'system_version': ['version_3_1'], 'hydrological_model': ['htessel_lisflood'], 'product_type': ['intermediate'], 'variable': ['river_discharge_in_the_last_24_hours'], 'data_format': ['grib'], 'area': ['37.2443931', '-122.272464', '36.8443931', '-121.872464'], 'hyear': ['1979'], 'hmonth': ['12'], 'hday': ['27']}",repro/glofas_coverage_scan_runs/scan_20260216T065850Z/downloads/historical/P1__historical__version_3_1__htessel_lisflood__intermediate/1979-12-27.zip,"{""area"": [37.2443931, -122.272464, 36.8443931, -121.872464], ""data_format"": ""grib2"", ""download_format"": ""zip"", ""hday"": [""27""], ""hmonth"": [""12""], ""hydrological_model"": [""htessel_lisflood""], ""hyear"": [""1979""], ""product_type"": [""intermediate""], ""system_version"": [""version_3_1""], ""variable"": [""river_discharge_in_the_last_24_hours""]}"
2026-02-16T06:59:31Z,scan_20260216T065850Z,historical,P1,P1__historical__version_3_1__htessel_lisflood__intermediate,cems-glofas-historical,version_3_1,htessel_lisflood,intermediate,1980-04-25,error,,invalid_request,"400 Client Error: Bad Request for url: https://ewds.climate.copernicus.eu/api/retrieve/v1/processes/cems-glofas-historical/execution
invalid request
Request has not produced a valid combination of values, please check your selection.
{'system_version': ['version_3_1'], 'hydrological_model': ['htessel_lisflood'], 'product_type': ['intermediate'], 'variable': ['river_discharge_in_the_last_24_hours'], 'data_format': ['grib'], 'area': ['37.2443931', '-122.272464', '36.8443931', '-121.872464'], 'hyear': ['1980'], 'hmonth': ['04'], 'hday': ['25']}",repro/glofas_coverage_scan_runs/scan_20260216T065850Z/downloads/historical/P1__historical__version_3_1__htessel_lisflood__intermediate/1980-04-25.zip,"{""area"": [37.2443931, -122.272464, 36.8443931, -121.872464], ""data_format"": ""grib2"", ""download_format"": ""zip"", ""hday"": [""25""], ""hmonth"": [""04""], ""hydrological_model"": [""htessel_lisflood""], ""hyear"": [""1980""], ""product_type"": [""intermediate""], ""system_version"": [""version_3_1""], ""variable"": [""river_discharge_in_the_last_24_hours""]}"
2026-02-16T06:59:32Z,scan_20260216T065850Z,historical,P1,P1__historical__version_3_1__htessel_lisflood__intermediate,cems-glofas-historical,version_3_1,htessel_lisflood,intermediate,1980-08-23,error,,invalid_request,"400 Client Error: Bad Request for url: https://ewds.climate.copernicus.eu/api/retrieve/v1/processes/cems-glofas-historical/execution
invalid request
Request has not produced a valid combination of values, please check your selection.
{'system_version': ['version_3_1'], 'hydrological_model': ['htessel_lisflood'], 'product_type': ['intermediate'], 'variable': ['river_discharge_in_the_last_24_hours'], 'data_format': ['grib'], 'area': ['37.2443931', '-122.272464', '36.8443931', '-121.872464'], 'hyear': ['1980'], 'hmonth': ['08'], 'hday': ['23']}",repro/glofas_coverage_scan_runs/scan_20260216T065850Z/downloads/historical/P1__historical__version_3_1__htessel_lisflood__intermediate/1980-08-23.zip,"{""area"": [37.2443931, -122.272464, 36.8443931, -121.872464], ""data_format"": ""grib2"", ""download_format"": ""zip"", ""hday"": [""23""], ""hmonth"": [""08""], ""hydrological_model"": [""htessel_lisflood""], ""hyear"": [""1980""], ""product_type"": [""intermediate""], ""system_version"": [""version_3_1""], ""variable"": [""river_discharge_in_the_last_24_hours""]}"
2026-02-16T06:59:33Z,scan_20260216T065850Z,historical,P1,P1__historical__version_3_1__htessel_lisflood__intermediate,cems-glofas-historical,version_3_1,htessel_lisflood,intermediate,1980-12-21,error,,invalid_request,"400 Client Error: Bad Request for url: https://ewds.climate.copernicus.eu/api/retrieve/v1/processes/cems-glofas-historical/execution
invalid request
Request has not produced a valid combination of values, please check your selection.
{'system_version': ['version_3_1'], 'hydrological_model': ['htessel_lisflood'], 'product_type': ['intermediate'], 'variable': ['river_discharge_in_the_last_24_hours'], 'data_format': ['grib'], 'area': ['37.2443931', '-122.272464', '36.8443931', '-121.872464'], 'hyear': ['1980'], 'hmonth': ['12'], 'hday': ['21']}",repro/glofas_coverage_scan_runs/scan_20260216T065850Z/downloads/historical/P1__historical__version_3_1__htessel_lisflood__intermediate/1980-12-21.zip,"{""area"": [37.2443931, -122.272464, 36.8443931, -121.872464], ""data_format"": ""grib2"", ""download_format"": ""zip"", ""hday"": [""21""], ""hmonth"": [""12""], ""hydrological_model"": [""htessel_lisflood""], ""hyear"": [""1980""], ""product_type"": [""intermediate""], ""system_version"": [""version_3_1""], ""variable"": [""river_discharge_in_the_last_24_hours""]}"
2026-02-16T06:59:34Z,scan_20260216T065850Z,historical,P1,P1__historical__version_3_1__htessel_lisflood__intermediate,cems-glofas-historical,version_3_1,htessel_lisflood,intermediate,1981-04-20,error,,invalid_request,"400 Client Error: Bad Request for url: https://ewds.climate.copernicus.eu/api/retrieve/v1/processes/cems-glofas-historical/execution
invalid request
Request has not produced a valid combination of values, please check your selection.
{'system_version': ['version_3_1'], 'hydrological_model': ['htessel_lisflood'], 'product_type': ['intermediate'], 'variable': ['river_discharge_in_the_last_24_hours'], 'data_format': ['grib'], 'area': ['37.2443931', '-122.272464', '36.8443931', '-121.872464'], 'hyear': ['1981'], 'hmonth': ['04'], 'hday': ['20']}",repro/glofas_coverage_scan_runs/scan_20260216T065850Z/downloads/historical/P1__historical__version_3_1__htessel_lisflood__intermediate/1981-04-20.zip,"{""area"": [37.2443931, -122.272464, 36.8443931, -121.872464], ""data_format"": ""grib2"", ""download_format"": ""zip"", ""hday"": [""20""], ""hmonth"": [""04""], ""hydrological_model"": [""htessel_lisflood""], ""hyear"": [""1981""], ""product_type"": [""intermediate""], ""system_version"": [""version_3_1""], ""variable"": [""river_discharge_in_the_last_24_hours""]}"
2026-02-16T06:59:35Z,scan_20260216T065850Z,historical,P1,P1__historical__version_3_1__htessel_lisflood__intermediate,cems-glofas-historical,version_3_1,htessel_lisflood,intermediate,1981-08-18,error,,invalid_request,"400 Client Error: Bad Request for url: https://ewds.climate.copernicus.eu/api/retrieve/v1/processes/cems-glofas-historical/execution
invalid request
Request has not produced a valid combination of values, please check your selection.
{'system_version': ['version_3_1'], 'hydrological_model': ['htessel_lisflood'], 'product_type': ['intermediate'], 'variable': ['river_discharge_in_the_last_24_hours'], 'data_format': ['grib'], 'area': ['37.2443931', '-122.272464', '36.8443931', '-121.872464'], 'hyear': ['1981'], 'hmonth': ['08'], 'hday': ['18']}",repro/glofas_coverage_scan_runs/scan_20260216T065850Z/downloads/historical/P1__historical__version_3_1__htessel_lisflood__intermediate/1981-08-18.zip,"{""area"": [37.2443931, -122.272464, 36.8443931, -121.872464], ""data_format"": ""grib2"", ""download_format"": ""zip"", ""hday"": [""18""], ""hmonth"": [""08""], ""hydrological_model"": [""htessel_lisflood""], ""hyear"": [""1981""], ""product_type"": [""intermediate""], ""system_version"": [""version_3_1""], ""variable"": [""river_discharge_in_the_last_24_hours""]}"
2026-02-16T06:59:36Z,scan_20260216T065850Z,historical,P1,P1__historical__version_3_1__htessel_lisflood__intermediate,cems-glofas-historical,version_3_1,htessel_lisflood,intermediate,1981-12-16,error,,invalid_request,"400 Client Error: Bad Request for url: https://ewds.climate.copernicus.eu/api/retrieve/v1/processes/cems-glofas-historical/execution
invalid request
Request has not produced a valid combination of values, please check your selection.
{'system_version': ['version_3_1'], 'hydrological_model': ['htessel_lisflood'], 'product_type': ['intermediate'], 'variable': ['river_discharge_in_the_last_24_hours'], 'data_format': ['grib'], 'area': ['37.2443931', '-122.272464', '36.8443931', '-121.872464'], 'hyear': ['1981'], 'hmonth': ['12'], 'hday': ['16']}",repro/glofas_coverage_scan_runs/scan_20260216T065850Z/downloads/historical/P1__historical__version_3_1__htessel_lisflood__intermediate/1981-12-16.zip,"{""area"": [37.2443931, -122.272464, 36.8443931, -121.872464], ""data_format"": ""grib2"", ""download_format"": ""zip"", ""hday"": [""16""], ""hmonth"": [""12""], ""hydrological_model"": [""htessel_lisflood""], ""hyear"": [""1981""], ""product_type"": [""intermediate""], ""system_version"": [""version_3_1""], ""variable"": [""river_discharge_in_the_last_24_hours""]}"
2026-02-16T06:59:38Z,scan_20260216T065850Z,historical,P1,P1__historical__version_3_1__htessel_lisflood__intermediate,cems-glofas-historical,version_3_1,htessel_lisflood,intermediate,1982-04-15,error,,invalid_request,"400 Client Error: Bad Request for url: https://ewds.climate.copernicus.eu/api/retrieve/v1/processes/cems-glofas-historical/execution
invalid request
Request has not produced a valid combination of values, please check your selection.
{'system_version': ['version_3_1'], 'hydrological_model': ['htessel_lisflood'], 'product_type': ['intermediate'], 'variable': ['river_discharge_in_the_last_24_hours'], 'data_format': ['grib'], 'area': ['37.2443931', '-122.272464', '36.8443931', '-121.872464'], 'hyear': ['1982'], 'hmonth': ['04'], 'hday': ['15']}",repro/glofas_coverage_scan_runs/scan_20260216T065850Z/downloads/historical/P1__historical__version_3_1__htessel_lisflood__intermediate/1982-04-15.zip,"{""area"": [37.2443931, -122.272464, 36.8443931, -121.872464], ""data_format"": ""grib2"", ""download_format"": ""zip"", ""hday"": [""15""], ""hmonth"": [""04""], ""hydrological_model"": [""htessel_lisflood""], ""hyear"": [""1982""], ""product_type"": [""intermediate""], ""system_version"": [""version_3_1""], ""variable"": [""river_discharge_in_the_last_24_hours""]}"
2026-02-16T06:59:39Z,scan_20260216T065850Z,historical,P1,P1__historical__version_3_1__htessel_lisflood__intermediate,cems-glofas-historical,version_3_1,htessel_lisflood,intermediate,1982-08-13,error,,invalid_request,"400 Client Error: Bad Request for url: https://ewds.climate.copernicus.eu/api/retrieve/v1/processes/cems-glofas-historical/execution
invalid request
Request has not produced a valid combination of values, please check your selection.
{'system_version': ['version_3_1'], 'hydrological_model': ['htessel_lisflood'], 'product_type': ['intermediate'], 'variable': ['river_discharge_in_the_last_24_hours'], 'data_format': ['grib'], 'area': ['37.2443931', '-122.272464', '36.8443931', '-121.872464'], 'hyear': ['1982'], 'hmonth': ['08'], 'hday': ['13']}",repro/glofas_coverage_scan_runs/scan_20260216T065850Z/downloads/historical/P1__historical__version_3_1__htessel_lisflood__intermediate/1982-08-13.zip,"{""area"": [37.2443931, -122.272464, 36.8443931, -121.872464], ""data_format"": ""grib2"", ""download_format"": ""zip"", ""hday"": [""13""], ""hmonth"": [""08""], ""hydrological_model"": [""htessel_lisflood""], ""hyear"": [""1982""], ""product_type"": [""intermediate""], ""system_version"": [""version_3_1""], ""variable"": [""river_discharge_in_the_last_24_hours""]}"
2026-02-16T06:59:40Z,scan_20260216T065850Z,historical,P1,P1__historical__version_3_1__htessel_lisflood__intermediate,cems-glofas-historical,version_3_1,htessel_lisflood,intermediate,1982-12-11,error,,invalid_request,"400 Client Error: Bad Request for url: https://ewds.climate.copernicus.eu/api/retrieve/v1/processes/cems-glofas-historical/execution
invalid request
Request has not produced a valid combination of values, please check your selection.
{'system_version': ['version_3_1'], 'hydrological_model': ['htessel_lisflood'], 'product_type': ['intermediate'], 'variable': ['river_discharge_in_the_last_24_hours'], 'data_format': ['grib'], 'area': ['37.2443931', '-122.272464', '36.8443931', '-121.872464'], 'hyear': ['1982'], 'hmonth': ['12'], 'hday': ['11']}",repro/glofas_coverage_scan_runs/scan_20260216T065850Z/downloads/historical/P1__historical__version_3_1__htessel_lisflood__intermediate/1982-12-11.zip,"{""area"": [37.2443931, -122.272464, 36.8443931, -121.872464], ""data_format"": ""grib2"", ""download_format"": ""zip"", ""hday"": [""11""], ""hmonth"": [""12""], ""hydrological_model"": [""htessel_lisflood""], ""hyear"": [""1982""], ""product_type"": [""intermediate""], ""system_version"": [""version_3_1""], ""variable"": [""river_discharge_in_the_last_24_hours""]}"
2026-02-16T06:59:41Z,scan_20260216T065850Z,historical,P1,P1__historical__version_3_1__htessel_lisflood__intermediate,cems-glofas-historical,version_3_1,htessel_lisflood,intermediate,1983-04-10,error,,invalid_request,"400 Client Error: Bad Request for url: https://ewds.climate.copernicus.eu/api/retrieve/v1/processes/cems-glofas-historical/execution
invalid request
Request has not produced a valid combination of values, please check your selection.
{'system_version': ['version_3_1'], 'hydrological_model': ['htessel_lisflood'], 'product_type': ['intermediate'], 'variable': ['river_discharge_in_the_last_24_hours'], 'data_format': ['grib'], 'area': ['37.2443931', '-122.272464', '36.8443931', '-121.872464'], 'hyear': ['1983'], 'hmonth': ['04'], 'hday': ['10']}",repro/glofas_coverage_scan_runs/scan_20260216T065850Z/downloads/historical/P1__historical__version_3_1__htessel_lisflood__intermediate/1983-04-10.zip,"{""area"": [37.2443931, -122.272464, 36.8443931, -121.872464], ""data_format"": ""grib2"", ""download_format"": ""zip"", ""hday"": [""10""], ""hmonth"": [""04""], ""hydrological_model"": [""htessel_lisflood""], ""hyear"": [""1983""], ""product_type"": [""intermediate""], ""system_version"": [""version_3_1""], ""variable"": [""river_discharge_in_the_last_24_hours""]}"
2026-02-16T06:59:42Z,scan_20260216T065850Z,historical,P1,P1__historical__version_3_1__htessel_lisflood__intermediate,cems-glofas-historical,version_3_1,htessel_lisflood,intermediate,1983-08-08,error,,invalid_request,"400 Client Error: Bad Request for url: https://ewds.climate.copernicus.eu/api/retrieve/v1/processes/cems-glofas-historical/execution
invalid request
Request has not produced a valid combination of values, please check your selection.
{'system_version': ['version_3_1'], 'hydrological_model': ['htessel_lisflood'], 'product_type': ['intermediate'], 'variable': ['river_discharge_in_the_last_24_hours'], 'data_format': ['grib'], 'area': ['37.2443931', '-122.272464', '36.8443931', '-121.872464'], 'hyear': ['1983'], 'hmonth': ['08'], 'hday': ['08']}",repro/glofas_coverage_scan_runs/scan_20260216T065850Z/downloads/historical/P1__historical__version_3_1__htessel_lisflood__intermediate/1983-08-08.zip,"{""area"": [37.2443931, -122.272464, 36.8443931, -121.872464], ""data_format"": ""grib2"", ""download_format"": ""zip"", ""hday"": [""08""], ""hmonth"": [""08""], ""hydrological_model"": [""htessel_lisflood""], ""hyear"": [""1983""], ""product_type"": [""intermediate""], ""system_version"": [""version_3_1""], ""variable"": [""river_discharge_in_the_last_24_hours""]}"
2026-02-16T06:59:43Z,scan_20260216T065850Z,historical,P1,P1__historical__version_3_1__htessel_lisflood__intermediate,cems-glofas-historical,version_3_1,htessel_lisflood,intermediate,1983-12-06,error,,invalid_request,"400 Client Error: Bad Request for url: https://ewds.climate.copernicus.eu/api/retrieve/v1/processes/cems-glofas-historical/execution
invalid request
Request has not produced a valid combination of values, please check your selection.
{'system_version': ['version_3_1'], 'hydrological_model': ['htessel_lisflood'], 'product_type': ['intermediate'], 'variable': ['river_discharge_in_the_last_24_hours'], 'data_format': ['grib'], 'area': ['37.2443931', '-122.272464', '36.8443931', '-121.872464'], 'hyear': ['1983'], 'hmonth': ['12'], 'hday': ['06']}",repro/glofas_coverage_scan_runs/scan_20260216T065850Z/downloads/historical/P1__historical__version_3_1__htessel_lisflood__intermediate/1983-12-06.zip,"{""area"": [37.2443931, -122.272464, 36.8443931, -121.872464], ""data_format"": ""grib2"", ""download_format"": ""zip"", ""hday"": [""06""], ""hmonth"": [""12""], ""hydrological_model"": [""htessel_lisflood""], ""hyear"": [""1983""], ""product_type"": [""intermediate""], ""system_version"": [""version_3_1""], ""variable"": [""river_discharge_in_the_last_24_hours""]}"
2026-02-16T06:59:44Z,scan_20260216T065850Z,historical,P1,P1__historical__version_3_1__htessel_lisflood__intermediate,cems-glofas-historical,version_3_1,htessel_lisflood,intermediate,1984-04-04,error,,invalid_request,"400 Client Error: Bad Request for url: https://ewds.climate.copernicus.eu/api/retrieve/v1/processes/cems-glofas-historical/execution
invalid request
Request has not produced a valid combination of values, please check your selection.
{'system_version': ['version_3_1'], 'hydrological_model': ['htessel_lisflood'], 'product_type': ['intermediate'], 'variable': ['river_discharge_in_the_last_24_hours'], 'data_format': ['grib'], 'area': ['37.2443931', '-122.272464', '36.8443931', '-121.872464'], 'hyear': ['1984'], 'hmonth': ['04'], 'hday': ['04']}",repro/glofas_coverage_scan_runs/scan_20260216T065850Z/downloads/historical/P1__historical__version_3_1__htessel_lisflood__intermediate/1984-04-04.zip,"{""area"": [37.2443931, -122.272464, 36.8443931, -121.872464], ""data_format"": ""grib2"", ""download_format"": ""zip"", ""hday"": [""04""], ""hmonth"": [""04""], ""hydrological_model"": [""htessel_lisflood""], ""hyear"": [""1984""], ""product_type"": [""intermediate""], ""system_version"": [""version_3_1""], ""variable"": [""river_discharge_in_the_last_24_hours""]}"
2026-02-16T06:59:45Z,scan_20260216T065850Z,historical,P1,P1__historical__version_3_1__htessel_lisflood__intermediate,cems-glofas-historical,version_3_1,htessel_lisflood,intermediate,1984-08-02,error,,invalid_request,"400 Client Error: Bad Request for url: https://ewds.climate.copernicus.eu/api/retrieve/v1/processes/cems-glofas-historical/execution
invalid request
Request has not produced a valid combination of values, please check your selection.
{'system_version': ['version_3_1'], 'hydrological_model': ['htessel_lisflood'], 'product_type': ['intermediate'], 'variable': ['river_discharge_in_the_last_24_hours'], 'data_format': ['grib'], 'area': ['37.2443931', '-122.272464', '36.8443931', '-121.872464'], 'hyear': ['1984'], 'hmonth': ['08'], 'hday': ['02']}",repro/glofas_coverage_scan_runs/scan_20260216T065850Z/downloads/historical/P1__historical__version_3_1__htessel_lisflood__intermediate/1984-08-02.zip,"{""area"": [37.2443931, -122.272464, 36.8443931, -121.872464], ""data_format"": ""grib2"", ""download_format"": ""zip"", ""hday"": [""02""], ""hmonth"": [""08""], ""hydrological_model"": [""htessel_lisflood""], ""hyear"": [""1984""], ""product_type"": [""intermediate""], ""system_version"": [""version_3_1""], ""variable"": [""river_discharge_in_the_last_24_hours""]}"
2026-02-16T06:59:47Z,scan_20260216T065850Z,historical,P1,P1__historical__version_3_1__htessel_lisflood__intermediate,cems-glofas-historical,version_3_1,htessel_lisflood,intermediate,1984-11-30,error,,invalid_request,"400 Client Error: Bad Request for url: https://ewds.climate.copernicus.eu/api/retrieve/v1/processes/cems-glofas-historical/execution
invalid request
Request has not produced a valid combination of values, please check your selection.
{'system_version': ['version_3_1'], 'hydrological_model': ['htessel_lisflood'], 'product_type': ['intermediate'], 'variable': ['river_discharge_in_the_last_24_hours'], 'data_format': ['grib'], 'area': ['37.2443931', '-122.272464', '36.8443931', '-121.872464'], 'hyear': ['1984'], 'hmonth': ['11'], 'hday': ['30']}",repro/glofas_coverage_scan_runs/scan_20260216T065850Z/downloads/historical/P1__historical__version_3_1__htessel_lisflood__intermediate/1984-11-30.zip,"{""area"": [37.2443931, -122.272464, 36.8443931, -121.872464], ""data_format"": ""grib2"", ""download_format"": ""zip"", ""hday"": [""30""], ""hmonth"": [""11""], ""hydrological_model"": [""htessel_lisflood""], ""hyear"": [""1984""], ""product_type"": [""intermediate""], ""system_version"": [""version_3_1""], ""variable"": [""river_discharge_in_the_last_24_hours""]}"
2026-02-16T06:59:48Z,scan_20260216T065850Z,historical,P1,P1__historical__version_3_1__htessel_lisflood__intermediate,cems-glofas-historical,version_3_1,htessel_lisflood,intermediate,1985-03-30,error,,invalid_request,"400 Client Error: Bad Request for url: https://ewds.climate.copernicus.eu/api/retrieve/v1/processes/cems-glofas-historical/execution
invalid request
Request has not produced a valid combination of values, please check your selection.
{'system_version': ['version_3_1'], 'hydrological_model': ['htessel_lisflood'], 'product_type': ['intermediate'], 'variable': ['river_discharge_in_the_last_24_hours'], 'data_format': ['grib'], 'area': ['37.2443931', '-122.272464', '36.8443931', '-121.872464'], 'hyear': ['1985'], 'hmonth': ['03'], 'hday': ['30']}",repro/glofas_coverage_scan_runs/scan_20260216T065850Z/downloads/historical/P1__historical__version_3_1__htessel_lisflood__intermediate/1985-03-30.zip,"{""area"": [37.2443931, -122.272464, 36.8443931, -121.872464], ""data_format"": ""grib2"", ""download_format"": ""zip"", ""hday"": [""30""], ""hmonth"": [""03""], ""hydrological_model"": [""htessel_lisflood""], ""hyear"": [""1985""], ""product_type"": [""intermediate""], ""system_version"": [""version_3_1""], ""variable"": [""river_discharge_in_the_last_24_hours""]}"
2026-02-16T07:00:07Z,scan_20260216T065850Z,historical,P1,P1__historical__version_3_1__lisflood__consolidated,cems-glofas-historical,version_3_1,lisflood,consolidated,2021-06-15,ok,291,,,repro/glofas_coverage_scan_runs/scan_20260216T065850Z/downloads/historical/P1__historical__version_3_1__lisflood__consolidated/2021-06-15.zip,"{""area"": [37.2443931, -122.272464, 36.8443931, -121.872464], ""data_format"": ""grib2"", ""download_format"": ""zip"", ""hday"": [""15""], ""hmonth"": [""06""], ""hydrological_model"": [""lisflood""], ""hyear"": [""2021""], ""product_type"": [""consolidated""], ""system_version"": [""version_3_1""], ""variable"": [""river_discharge_in_the_last_24_hours""]}"
2026-02-16T07:01:37Z,scan_20260216T065850Z,historical,P1,P1__historical__version_3_1__lisflood__consolidated,cems-glofas-historical,version_3_1,lisflood,consolidated,2021-06-14,error,,timeout,timeout after 90s,repro/glofas_coverage_scan_runs/scan_20260216T065850Z/downloads/historical/P1__historical__version_3_1__lisflood__consolidated/2021-06-14.zip,"{""area"": [37.2443931, -122.272464, 36.8443931, -121.872464], ""data_format"": ""grib2"", ""download_format"": ""zip"", ""hday"": [""14""], ""hmonth"": [""06""], ""hydrological_model"": [""lisflood""], ""hyear"": [""2021""], ""product_type"": [""consolidated""], ""system_version"": [""version_3_1""], ""variable"": [""river_discharge_in_the_last_24_hours""]}"
2026-02-16T07:02:25Z,scan_20260216T065850Z,historical,P1,P1__historical__version_3_1__lisflood__consolidated,cems-glofas-historical,version_3_1,lisflood,consolidated,2021-06-16,ok,287,,,repro/glofas_coverage_scan_runs/scan_20260216T065850Z/downloads/historical/P1__historical__version_3_1__lisflood__consolidated/2021-06-16.zip,"{""area"": [37.2443931, -122.272464, 36.8443931, -121.872464], ""data_format"": ""grib2"", ""download_format"": ""zip"", ""hday"": [""16""], ""hmonth"": [""06""], ""hydrological_model"": [""lisflood""], ""hyear"": [""2021""], ""product_type"": [""consolidated""], ""system_version"": [""version_3_1""], ""variable"": [""river_discharge_in_the_last_24_hours""]}"
2026-02-16T07:02:48Z,scan_20260216T065850Z,historical,P1,P1__historical__version_3_1__lisflood__consolidated,cems-glofas-historical,version_3_1,lisflood,consolidated,2021-06-18,ok,288,,,repro/glofas_coverage_scan_runs/scan_20260216T065850Z/downloads/historical/P1__historical__version_3_1__lisflood__consolidated/2021-06-18.zip,"{""area"": [37.2443931, -122.272464, 36.8443931, -121.872464], ""data_format"": ""grib2"", ""download_format"": ""zip"", ""hday"": [""18""], ""hmonth"": [""06""], ""hydrological_model"": [""lisflood""], ""hyear"": [""2021""], ""product_type"": [""consolidated""], ""system_version"": [""version_3_1""], ""variable"": [""river_discharge_in_the_last_24_hours""]}"
2026-02-16T07:03:15Z,scan_20260216T065850Z,historical,P1,P1__historical__version_3_1__lisflood__consolidated,cems-glofas-historical,version_3_1,lisflood,consolidated,2021-06-22,ok,288,,,repro/glofas_coverage_scan_runs/scan_20260216T065850Z/downloads/historical/P1__historical__version_3_1__lisflood__consolidated/2021-06-22.zip,"{""area"": [37.2443931, -122.272464, 36.8443931, -121.872464], ""data_format"": ""grib2"", ""download_format"": ""zip"", ""hday"": [""22""], ""hmonth"": [""06""], ""hydrological_model"": [""lisflood""], ""hyear"": [""2021""], ""product_type"": [""consolidated""], ""system_version"": [""version_3_1""], ""variable"": [""river_discharge_in_the_last_24_hours""]}"
2026-02-16T07:03:37Z,scan_20260216T065850Z,historical,P1,P1__historical__version_3_1__lisflood__consolidated,cems-glofas-historical,version_3_1,lisflood,consolidated,2021-06-30,ok,289,,,repro/glofas_coverage_scan_runs/scan_20260216T065850Z/downloads/historical/P1__historical__version_3_1__lisflood__consolidated/2021-06-30.zip,"{""area"": [37.2443931, -122.272464, 36.8443931, -121.872464], ""data_format"": ""grib2"", ""download_format"": ""zip"", ""hday"": [""30""], ""hmonth"": [""06""], ""hydrological_model"": [""lisflood""], ""hyear"": [""2021""], ""product_type"": [""consolidated""], ""system_version"": [""version_3_1""], ""variable"": [""river_discharge_in_the_last_24_hours""]}"
2026-02-16T07:04:26Z,scan_20260216T065850Z,historical,P1,P1__historical__version_3_1__lisflood__consolidated,cems-glofas-historical,version_3_1,lisflood,consolidated,2021-07-16,ok,282,,,repro/glofas_coverage_scan_runs/scan_20260216T065850Z/downloads/historical/P1__historical__version_3_1__lisflood__consolidated/2021-07-16.zip,"{""area"": [37.2443931, -122.272464, 36.8443931, -121.872464], ""data_format"": ""grib2"", ""download_format"": ""zip"", ""hday"": [""16""], ""hmonth"": [""07""], ""hydrological_model"": [""lisflood""], ""hyear"": [""2021""], ""product_type"": [""consolidated""], ""system_version"": [""version_3_1""], ""variable"": [""river_discharge_in_the_last_24_hours""]}"
2026-02-16T07:05:04Z,scan_20260216T065850Z,historical,P1,P1__historical__version_3_1__lisflood__consolidated,cems-glofas-historical,version_3_1,lisflood,consolidated,2021-08-17,ok,267,,,repro/glofas_coverage_scan_runs/scan_20260216T065850Z/downloads/historical/P1__historical__version_3_1__lisflood__consolidated/2021-08-17.zip,"{""area"": [37.2443931, -122.272464, 36.8443931, -121.872464], ""data_format"": ""grib2"", ""download_format"": ""zip"", ""hday"": [""17""], ""hmonth"": [""08""], ""hydrological_model"": [""lisflood""], ""hyear"": [""2021""], ""product_type"": [""consolidated""], ""system_version"": [""version_3_1""], ""variable"": [""river_discharge_in_the_last_24_hours""]}"
2026-02-16T07:06:34Z,scan_20260216T065850Z,historical,P1,P1__historical__version_3_1__lisflood__consolidated,cems-glofas-historical,version_3_1,lisflood,consolidated,2021-10-20,error,,timeout,timeout after 90s,repro/glofas_coverage_scan_runs/scan_20260216T065850Z/downloads/historical/P1__historical__version_3_1__lisflood__consolidated/2021-10-20.zip,"{""area"": [37.2443931, -122.272464, 36.8443931, -121.872464], ""data_format"": ""grib2"", ""download_format"": ""zip"", ""hday"": [""20""], ""hmonth"": [""10""], ""hydrological_model"": [""lisflood""], ""hyear"": [""2021""], ""product_type"": [""consolidated""], ""system_version"": [""version_3_1""], ""variable"": [""river_discharge_in_the_last_24_hours""]}"
2026-02-16T07:07:12Z,scan_20260216T065850Z,historical,P1,P1__historical__version_3_1__lisflood__consolidated,cems-glofas-historical,version_3_1,lisflood,consolidated,2021-09-18,ok,280,,,repro/glofas_coverage_scan_runs/scan_20260216T065850Z/downloads/historical/P1__historical__version_3_1__lisflood__consolidated/2021-09-18.zip,"{""area"": [37.2443931, -122.272464, 36.8443931, -121.872464], ""data_format"": ""grib2"", ""download_format"": ""zip"", ""hday"": [""18""], ""hmonth"": [""09""], ""hydrological_model"": [""lisflood""], ""hyear"": [""2021""], ""product_type"": [""consolidated""], ""system_version"": [""version_3_1""], ""variable"": [""river_discharge_in_the_last_24_hours""]}"
2026-02-16T07:07:55Z,scan_20260216T065850Z,historical,P1,P1__historical__version_3_1__lisflood__consolidated,cems-glofas-historical,version_3_1,lisflood,consolidated,2021-10-04,ok,268,,,repro/glofas_coverage_scan_runs/scan_20260216T065850Z/downloads/historical/P1__historical__version_3_1__lisflood__consolidated/2021-10-04.zip,"{""area"": [37.2443931, -122.272464, 36.8443931, -121.872464], ""data_format"": ""grib2"", ""download_format"": ""zip"", ""hday"": [""04""], ""hmonth"": [""10""], ""hydrological_model"": [""lisflood""], ""hyear"": [""2021""], ""product_type"": [""consolidated""], ""system_version"": [""version_3_1""], ""variable"": [""river_discharge_in_the_last_24_hours""]}"
2026-02-16T07:09:25Z,scan_20260216T065850Z,historical,P1,P1__historical__version_3_1__lisflood__consolidated,cems-glofas-historical,version_3_1,lisflood,consolidated,2021-10-12,error,,timeout,timeout after 90s,repro/glofas_coverage_scan_runs/scan_20260216T065850Z/downloads/historical/P1__historical__version_3_1__lisflood__consolidated/2021-10-12.zip,"{""area"": [37.2443931, -122.272464, 36.8443931, -121.872464], ""data_format"": ""grib2"", ""download_format"": ""zip"", ""hday"": [""12""], ""hmonth"": [""10""], ""hydrological_model"": [""lisflood""], ""hyear"": [""2021""], ""product_type"": [""consolidated""], ""system_version"": [""version_3_1""], ""variable"": [""river_discharge_in_the_last_24_hours""]}"
2026-02-16T07:09:42Z,scan_20260216T065850Z,historical,P1,P1__historical__version_3_1__lisflood__consolidated,cems-glofas-historical,version_3_1,lisflood,consolidated,2021-10-08,ok,282,,,repro/glofas_coverage_scan_runs/scan_20260216T065850Z/downloads/historical/P1__historical__version_3_1__lisflood__consolidated/2021-10-08.zip,"{""area"": [37.2443931, -122.272464, 36.8443931, -121.872464], ""data_format"": ""grib2"", ""download_format"": ""zip"", ""hday"": [""08""], ""hmonth"": [""10""], ""hydrological_model"": [""lisflood""], ""hyear"": [""2021""], ""product_type"": [""consolidated""], ""system_version"": [""version_3_1""], ""variable"": [""river_discharge_in_the_last_24_hours""]}"
2026-02-16T07:10:05Z,scan_20260216T065850Z,historical,P1,P1__historical__version_3_1__lisflood__consolidated,cems-glofas-historical,version_3_1,lisflood,consolidated,2021-10-10,ok,289,,,repro/glofas_coverage_scan_runs/scan_20260216T065850Z/downloads/historical/P1__historical__version_3_1__lisflood__consolidated/2021-10-10.zip,"{""area"": [37.2443931, -122.272464, 36.8443931, -121.872464], ""data_format"": ""grib2"", ""download_format"": ""zip"", ""hday"": [""10""], ""hmonth"": [""10""], ""hydrological_model"": [""lisflood""], ""hyear"": [""2021""], ""product_type"": [""consolidated""], ""system_version"": [""version_3_1""], ""variable"": [""river_discharge_in_the_last_24_hours""]}"
2026-02-16T07:11:19Z,scan_20260216T065850Z,historical,P1,P1__historical__version_3_1__lisflood__consolidated,cems-glofas-historical,version_3_1,lisflood,consolidated,2021-10-11,ok,289,,,repro/glofas_coverage_scan_runs/scan_20260216T065850Z/downloads/historical/P1__historical__version_3_1__lisflood__consolidated/2021-10-11.zip,"{""area"": [37.2443931, -122.272464, 36.8443931, -121.872464], ""data_format"": ""grib2"", ""download_format"": ""zip"", ""hday"": [""11""], ""hmonth"": [""10""], ""hydrological_model"": [""lisflood""], ""hyear"": [""2021""], ""product_type"": [""consolidated""], ""system_version"": [""version_3_1""], ""variable"": [""river_discharge_in_the_last_24_hours""]}"
2026-02-16T07:12:23Z,scan_20260216T065850Z,historical,P1,P1__historical__version_3_1__lisflood__intermediate,cems-glofas-historical,version_3_1,lisflood,intermediate,2021-06-15,ok,291,,,repro/glofas_coverage_scan_runs/scan_20260216T065850Z/downloads/historical/P1__historical__version_3_1__lisflood__intermediate/2021-06-15.zip,"{""area"": [37.2443931, -122.272464, 36.8443931, -121.872464], ""data_format"": ""grib2"", ""download_format"": ""zip"", ""hday"": [""15""], ""hmonth"": [""06""], ""hydrological_model"": [""lisflood""], ""hyear"": [""2021""], ""product_type"": [""intermediate""], ""system_version"": [""version_3_1""], ""variable"": [""river_discharge_in_the_last_24_hours""]}"
2026-02-16T07:13:53Z,scan_20260216T065850Z,historical,P1,P1__historical__version_3_1__lisflood__intermediate,cems-glofas-historical,version_3_1,lisflood,intermediate,2021-06-14,error,,timeout,timeout after 90s,repro/glofas_coverage_scan_runs/scan_20260216T065850Z/downloads/historical/P1__historical__version_3_1__lisflood__intermediate/2021-06-14.zip,"{""area"": [37.2443931, -122.272464, 36.8443931, -121.872464], ""data_format"": ""grib2"", ""download_format"": ""zip"", ""hday"": [""14""], ""hmonth"": [""06""], ""hydrological_model"": [""lisflood""], ""hyear"": [""2021""], ""product_type"": [""intermediate""], ""system_version"": [""version_3_1""], ""variable"": [""river_discharge_in_the_last_24_hours""]}"
2026-02-16T07:15:23Z,scan_20260216T065850Z,historical,P1,P1__historical__version_3_1__lisflood__intermediate,cems-glofas-historical,version_3_1,lisflood,intermediate,2021-06-16,error,,timeout,timeout after 90s,repro/glofas_coverage_scan_runs/scan_20260216T065850Z/downloads/historical/P1__historical__version_3_1__lisflood__intermediate/2021-06-16.zip,"{""area"": [37.2443931, -122.272464, 36.8443931, -121.872464], ""data_format"": ""grib2"", ""download_format"": ""zip"", ""hday"": [""16""], ""hmonth"": [""06""], ""hydrological_model"": [""lisflood""], ""hyear"": [""2021""], ""product_type"": [""intermediate""], ""system_version"": [""version_3_1""], ""variable"": [""river_discharge_in_the_last_24_hours""]}"
2026-02-16T07:15:25Z,scan_20260216T065850Z,historical,P2,P2__historical__version_4_0__htessel_lisflood__consolidated,cems-glofas-historical,version_4_0,htessel_lisflood,consolidated,2023-03-27,error,,invalid_request,"400 Client Error: Bad Request for url: https://ewds.climate.copernicus.eu/api/retrieve/v1/processes/cems-glofas-historical/execution
invalid request
Request has not produced a valid combination of values, please check your selection.
{'system_version': ['version_4_0'], 'hydrological_model': ['htessel_lisflood'], 'product_type': ['consolidated'], 'variable': ['river_discharge_in_the_last_24_hours'], 'data_format': ['grib'], 'area': ['37.2443931', '-122.272464', '36.8443931', '-121.872464'], 'hyear': ['2023'], 'hmonth': ['03'], 'hday': ['27']}",repro/glofas_coverage_scan_runs/scan_20260216T065850Z/downloads/historical/P2__historical__version_4_0__htessel_lisflood__consolidated/2023-03-27.zip,"{""area"": [37.2443931, -122.272464, 36.8443931, -121.872464], ""data_format"": ""grib2"", ""download_format"": ""zip"", ""hday"": [""27""], ""hmonth"": [""03""], ""hydrological_model"": [""htessel_lisflood""], ""hyear"": [""2023""], ""product_type"": [""consolidated""], ""system_version"": [""version_4_0""], ""variable"": [""river_discharge_in_the_last_24_hours""]}"
2026-02-16T07:15:26Z,scan_20260216T065850Z,historical,P2,P2__historical__version_4_0__htessel_lisflood__consolidated,cems-glofas-historical,version_4_0,htessel_lisflood,consolidated,2021-01-04,error,,invalid_request,"400 Client Error: Bad Request for url: https://ewds.climate.copernicus.eu/api/retrieve/v1/processes/cems-glofas-historical/execution
invalid request
Request has not produced a valid combination of values, please check your selection.
{'system_version': ['version_4_0'], 'hydrological_model': ['htessel_lisflood'], 'product_type': ['consolidated'], 'variable': ['river_discharge_in_the_last_24_hours'], 'data_format': ['grib'], 'area': ['37.2443931', '-122.272464', '36.8443931', '-121.872464'], 'hyear': ['2021'], 'hmonth': ['01'], 'hday': ['04']}",repro/glofas_coverage_scan_runs/scan_20260216T065850Z/downloads/historical/P2__historical__version_4_0__htessel_lisflood__consolidated/2021-01-04.zip,"{""area"": [37.2443931, -122.272464, 36.8443931, -121.872464], ""data_format"": ""grib2"", ""download_format"": ""zip"", ""hday"": [""04""], ""hmonth"": [""01""], ""hydrological_model"": [""htessel_lisflood""], ""hyear"": [""2021""], ""product_type"": [""consolidated""], ""system_version"": [""version_4_0""], ""variable"": [""river_discharge_in_the_last_24_hours""]}"
2026-02-16T07:15:27Z,scan_20260216T065850Z,historical,P2,P2__historical__version_4_0__htessel_lisflood__consolidated,cems-glofas-historical,version_4_0,htessel_lisflood,consolidated,1979-01-01,error,,invalid_request,"400 Client Error: Bad Request for url: https://ewds.climate.copernicus.eu/api/retrieve/v1/processes/cems-glofas-historical/execution
invalid request
Request has not produced a valid combination of values, please check your selection.
{'system_version': ['version_4_0'], 'hydrological_model': ['htessel_lisflood'], 'product_type': ['consolidated'], 'variable': ['river_discharge_in_the_last_24_hours'], 'data_format': ['grib'], 'area': ['37.2443931', '-122.272464', '36.8443931', '-121.872464'], 'hyear': ['1979'], 'hmonth': ['01'], 'hday': ['01']}",repro/glofas_coverage_scan_runs/scan_20260216T065850Z/downloads/historical/P2__historical__version_4_0__htessel_lisflood__consolidated/1979-01-01.zip,"{""area"": [37.2443931, -122.272464, 36.8443931, -121.872464], ""data_format"": ""grib2"", ""download_format"": ""zip"", ""hday"": [""01""], ""hmonth"": [""01""], ""hydrological_model"": [""htessel_lisflood""], ""hyear"": [""1979""], ""product_type"": [""consolidated""], ""system_version"": [""version_4_0""], ""variable"": [""river_discharge_in_the_last_24_hours""]}"
2026-02-16T07:15:28Z,scan_20260216T065850Z,historical,P2,P2__historical__version_4_0__htessel_lisflood__consolidated,cems-glofas-historical,version_4_0,htessel_lisflood,consolidated,2026-02-15,error,,invalid_request,"400 Client Error: Bad Request for url: https://ewds.climate.copernicus.eu/api/retrieve/v1/processes/cems-glofas-historical/execution
invalid request
Request has not produced a valid combination of values, please check your selection.
{'system_version': ['version_4_0'], 'hydrological_model': ['htessel_lisflood'], 'product_type': ['consolidated'], 'variable': ['river_discharge_in_the_last_24_hours'], 'data_format': ['grib'], 'area': ['37.2443931', '-122.272464', '36.8443931', '-121.872464'], 'hyear': ['2026'], 'hmonth': ['02'], 'hday': ['15']}",repro/glofas_coverage_scan_runs/scan_20260216T065850Z/downloads/historical/P2__historical__version_4_0__htessel_lisflood__consolidated/2026-02-15.zip,"{""area"": [37.2443931, -122.272464, 36.8443931, -121.872464], ""data_format"": ""grib2"", ""download_format"": ""zip"", ""hday"": [""15""], ""hmonth"": [""02""], ""hydrological_model"": [""htessel_lisflood""], ""hyear"": [""2026""], ""product_type"": [""consolidated""], ""system_version"": [""version_4_0""], ""variable"": [""river_discharge_in_the_last_24_hours""]}"
2026-02-16T07:15:29Z,scan_20260216T065850Z,historical,P2,P2__historical__version_4_0__htessel_lisflood__consolidated,cems-glofas-historical,version_4_0,htessel_lisflood,consolidated,2002-07-25,error,,invalid_request,"400 Client Error: Bad Request for url: https://ewds.climate.copernicus.eu/api/retrieve/v1/processes/cems-glofas-historical/execution
invalid request
Request has not produced a valid combination of values, please check your selection.
{'system_version': ['version_4_0'], 'hydrological_model': ['htessel_lisflood'], 'product_type': ['consolidated'], 'variable': ['river_discharge_in_the_last_24_hours'], 'data_format': ['grib'], 'area': ['37.2443931', '-122.272464', '36.8443931', '-121.872464'], 'hyear': ['2002'], 'hmonth': ['07'], 'hday': ['25']}",repro/glofas_coverage_scan_runs/scan_20260216T065850Z/downloads/historical/P2__historical__version_4_0__htessel_lisflood__consolidated/2002-07-25.zip,"{""area"": [37.2443931, -122.272464, 36.8443931, -121.872464], ""data_format"": ""grib2"", ""download_format"": ""zip"", ""hday"": [""25""], ""hmonth"": [""07""], ""hydrological_model"": [""htessel_lisflood""], ""hyear"": [""2002""], ""product_type"": [""consolidated""], ""system_version"": [""version_4_0""], ""variable"": [""river_discharge_in_the_last_24_hours""]}"
2026-02-16T07:15:30Z,scan_20260216T065850Z,historical,P2,P2__historical__version_4_0__htessel_lisflood__consolidated,cems-glofas-historical,version_4_0,htessel_lisflood,consolidated,1979-05-01,error,,invalid_request,"400 Client Error: Bad Request for url: https://ewds.climate.copernicus.eu/api/retrieve/v1/processes/cems-glofas-historical/execution
invalid request
Request has not produced a valid combination of values, please check your selection.
{'system_version': ['version_4_0'], 'hydrological_model': ['htessel_lisflood'], 'product_type': ['consolidated'], 'variable': ['river_discharge_in_the_last_24_hours'], 'data_format': ['grib'], 'area': ['37.2443931', '-122.272464', '36.8443931', '-121.872464'], 'hyear': ['1979'], 'hmonth': ['05'], 'hday': ['01']}",repro/glofas_coverage_scan_runs/scan_20260216T065850Z/downloads/historical/P2__historical__version_4_0__htessel_lisflood__consolidated/1979-05-01.zip,"{""area"": [37.2443931, -122.272464, 36.8443931, -121.872464], ""data_format"": ""grib2"", ""download_format"": ""zip"", ""hday"": [""01""], ""hmonth"": [""05""], ""hydrological_model"": [""htessel_lisflood""], ""hyear"": [""1979""], ""product_type"": [""consolidated""], ""system_version"": [""version_4_0""], ""variable"": [""river_discharge_in_the_last_24_hours""]}"
2026-02-16T07:15:32Z,scan_20260216T065850Z,historical,P2,P2__historical__version_4_0__htessel_lisflood__consolidated,cems-glofas-historical,version_4_0,htessel_lisflood,consolidated,1979-08-29,error,,invalid_request,"400 Client Error: Bad Request for url: https://ewds.climate.copernicus.eu/api/retrieve/v1/processes/cems-glofas-historical/execution
invalid request
Request has not produced a valid combination of values, please check your selection.
{'system_version': ['version_4_0'], 'hydrological_model': ['htessel_lisflood'], 'product_type': ['consolidated'], 'variable': ['river_discharge_in_the_last_24_hours'], 'data_format': ['grib'], 'area': ['37.2443931', '-122.272464', '36.8443931', '-121.872464'], 'hyear': ['1979'], 'hmonth': ['08'], 'hday': ['29']}",repro/glofas_coverage_scan_runs/scan_20260216T065850Z/downloads/historical/P2__historical__version_4_0__htessel_lisflood__consolidated/1979-08-29.zip,"{""area"": [37.2443931, -122.272464, 36.8443931, -121.872464], ""data_format"": ""grib2"", ""download_format"": ""zip"", ""hday"": [""29""], ""hmonth"": [""08""], ""hydrological_model"": [""htessel_lisflood""], ""hyear"": [""1979""], ""product_type"": [""consolidated""], ""system_version"": [""version_4_0""], ""variable"": [""river_discharge_in_the_last_24_hours""]}"
2026-02-16T07:15:33Z,scan_20260216T065850Z,historical,P2,P2__historical__version_4_0__htessel_lisflood__consolidated,cems-glofas-historical,version_4_0,htessel_lisflood,consolidated,1979-12-27,error,,invalid_request,"400 Client Error: Bad Request for url: https://ewds.climate.copernicus.eu/api/retrieve/v1/processes/cems-glofas-historical/execution
invalid request
Request has not produced a valid combination of values, please check your selection.
{'system_version': ['version_4_0'], 'hydrological_model': ['htessel_lisflood'], 'product_type': ['consolidated'], 'variable': ['river_discharge_in_the_last_24_hours'], 'data_format': ['grib'], 'area': ['37.2443931', '-122.272464', '36.8443931', '-121.872464'], 'hyear': ['1979'], 'hmonth': ['12'], 'hday': ['27']}",repro/glofas_coverage_scan_runs/scan_20260216T065850Z/downloads/historical/P2__historical__version_4_0__htessel_lisflood__consolidated/1979-12-27.zip,"{""area"": [37.2443931, -122.272464, 36.8443931, -121.872464], ""data_format"": ""grib2"", ""download_format"": ""zip"", ""hday"": [""27""], ""hmonth"": [""12""], ""hydrological_model"": [""htessel_lisflood""], ""hyear"": [""1979""], ""product_type"": [""consolidated""], ""system_version"": [""version_4_0""], ""variable"": [""river_discharge_in_the_last_24_hours""]}"
2026-02-16T07:15:34Z,scan_20260216T065850Z,historical,P2,P2__historical__version_4_0__htessel_lisflood__consolidated,cems-glofas-historical,version_4_0,htessel_lisflood,consolidated,1980-04-25,error,,invalid_request,"400 Client Error: Bad Request for url: https://ewds.climate.copernicus.eu/api/retrieve/v1/processes/cems-glofas-historical/execution
invalid request
Request has not produced a valid combination of values, please check your selection.
{'system_version': ['version_4_0'], 'hydrological_model': ['htessel_lisflood'], 'product_type': ['consolidated'], 'variable': ['river_discharge_in_the_last_24_hours'], 'data_format': ['grib'], 'area': ['37.2443931', '-122.272464', '36.8443931', '-121.872464'], 'hyear': ['1980'], 'hmonth': ['04'], 'hday': ['25']}",repro/glofas_coverage_scan_runs/scan_20260216T065850Z/downloads/historical/P2__historical__version_4_0__htessel_lisflood__consolidated/1980-04-25.zip,"{""area"": [37.2443931, -122.272464, 36.8443931, -121.872464], ""data_format"": ""grib2"", ""download_format"": ""zip"", ""hday"": [""25""], ""hmonth"": [""04""], ""hydrological_model"": [""htessel_lisflood""], ""hyear"": [""1980""], ""product_type"": [""consolidated""], ""system_version"": [""version_4_0""], ""variable"": [""river_discharge_in_the_last_24_hours""]}"
2026-02-16T07:15:35Z,scan_20260216T065850Z,historical,P2,P2__historical__version_4_0__htessel_lisflood__consolidated,cems-glofas-historical,version_4_0,htessel_lisflood,consolidated,1980-08-23,error,,invalid_request,"400 Client Error: Bad Request for url: https://ewds.climate.copernicus.eu/api/retrieve/v1/processes/cems-glofas-historical/execution
invalid request
Request has not produced a valid combination of values, please check your selection.
{'system_version': ['version_4_0'], 'hydrological_model': ['htessel_lisflood'], 'product_type': ['consolidated'], 'variable': ['river_discharge_in_the_last_24_hours'], 'data_format': ['grib'], 'area': ['37.2443931', '-122.272464', '36.8443931', '-121.872464'], 'hyear': ['1980'], 'hmonth': ['08'], 'hday': ['23']}",repro/glofas_coverage_scan_runs/scan_20260216T065850Z/downloads/historical/P2__historical__version_4_0__htessel_lisflood__consolidated/1980-08-23.zip,"{""area"": [37.2443931, -122.272464, 36.8443931, -121.872464], ""data_format"": ""grib2"", ""download_format"": ""zip"", ""hday"": [""23""], ""hmonth"": [""08""], ""hydrological_model"": [""htessel_lisflood""], ""hyear"": [""1980""], ""product_type"": [""consolidated""], ""system_version"": [""version_4_0""], ""variable"": [""river_discharge_in_the_last_24_hours""]}"
2026-02-16T07:15:36Z,scan_20260216T065850Z,historical,P2,P2__historical__version_4_0__htessel_lisflood__consolidated,cems-glofas-historical,version_4_0,htessel_lisflood,consolidated,1980-12-21,error,,invalid_request,"400 Client Error: Bad Request for url: https://ewds.climate.copernicus.eu/api/retrieve/v1/processes/cems-glofas-historical/execution
invalid request
Request has not produced a valid combination of values, please check your selection.
{'system_version': ['version_4_0'], 'hydrological_model': ['htessel_lisflood'], 'product_type': ['consolidated'], 'variable': ['river_discharge_in_the_last_24_hours'], 'data_format': ['grib'], 'area': ['37.2443931', '-122.272464', '36.8443931', '-121.872464'], 'hyear': ['1980'], 'hmonth': ['12'], 'hday': ['21']}",repro/glofas_coverage_scan_runs/scan_20260216T065850Z/downloads/historical/P2__historical__version_4_0__htessel_lisflood__consolidated/1980-12-21.zip,"{""area"": [37.2443931, -122.272464, 36.8443931, -121.872464], ""data_format"": ""grib2"", ""download_format"": ""zip"", ""hday"": [""21""], ""hmonth"": [""12""], ""hydrological_model"": [""htessel_lisflood""], ""hyear"": [""1980""], ""product_type"": [""consolidated""], ""system_version"": [""version_4_0""], ""variable"": [""river_discharge_in_the_last_24_hours""]}"
2026-02-16T07:15:38Z,scan_20260216T065850Z,historical,P2,P2__historical__version_4_0__htessel_lisflood__consolidated,cems-glofas-historical,version_4_0,htessel_lisflood,consolidated,1981-04-20,error,,invalid_request,"400 Client Error: Bad Request for url: https://ewds.climate.copernicus.eu/api/retrieve/v1/processes/cems-glofas-historical/execution
invalid request
Request has not produced a valid combination of values, please check your selection.
{'system_version': ['version_4_0'], 'hydrological_model': ['htessel_lisflood'], 'product_type': ['consolidated'], 'variable': ['river_discharge_in_the_last_24_hours'], 'data_format': ['grib'], 'area': ['37.2443931', '-122.272464', '36.8443931', '-121.872464'], 'hyear': ['1981'], 'hmonth': ['04'], 'hday': ['20']}",repro/glofas_coverage_scan_runs/scan_20260216T065850Z/downloads/historical/P2__historical__version_4_0__htessel_lisflood__consolidated/1981-04-20.zip,"{""area"": [37.2443931, -122.272464, 36.8443931, -121.872464], ""data_format"": ""grib2"", ""download_format"": ""zip"", ""hday"": [""20""], ""hmonth"": [""04""], ""hydrological_model"": [""htessel_lisflood""], ""hyear"": [""1981""], ""product_type"": [""consolidated""], ""system_version"": [""version_4_0""], ""variable"": [""river_discharge_in_the_last_24_hours""]}"
2026-02-16T07:15:39Z,scan_20260216T065850Z,historical,P2,P2__historical__version_4_0__htessel_lisflood__consolidated,cems-glofas-historical,version_4_0,htessel_lisflood,consolidated,1981-08-18,error,,invalid_request,"400 Client Error: Bad Request for url: https://ewds.climate.copernicus.eu/api/retrieve/v1/processes/cems-glofas-historical/execution
invalid request
Request has not produced a valid combination of values, please check your selection.
{'system_version': ['version_4_0'], 'hydrological_model': ['htessel_lisflood'], 'product_type': ['consolidated'], 'variable': ['river_discharge_in_the_last_24_hours'], 'data_format': ['grib'], 'area': ['37.2443931', '-122.272464', '36.8443931', '-121.872464'], 'hyear': ['1981'], 'hmonth': ['08'], 'hday': ['18']}",repro/glofas_coverage_scan_runs/scan_20260216T065850Z/downloads/historical/P2__historical__version_4_0__htessel_lisflood__consolidated/1981-08-18.zip,"{""area"": [37.2443931, -122.272464, 36.8443931, -121.872464], ""data_format"": ""grib2"", ""download_format"": ""zip"", ""hday"": [""18""], ""hmonth"": [""08""], ""hydrological_model"": [""htessel_lisflood""], ""hyear"": [""1981""], ""product_type"": [""consolidated""], ""system_version"": [""version_4_0""], ""variable"": [""river_discharge_in_the_last_24_hours""]}"
2026-02-16T07:15:40Z,scan_20260216T065850Z,historical,P2,P2__historical__version_4_0__htessel_lisflood__consolidated,cems-glofas-historical,version_4_0,htessel_lisflood,consolidated,1981-12-16,error,,invalid_request,"400 Client Error: Bad Request for url: https://ewds.climate.copernicus.eu/api/retrieve/v1/processes/cems-glofas-historical/execution
invalid request
Request has not produced a valid combination of values, please check your selection.
{'system_version': ['version_4_0'], 'hydrological_model': ['htessel_lisflood'], 'product_type': ['consolidated'], 'variable': ['river_discharge_in_the_last_24_hours'], 'data_format': ['grib'], 'area': ['37.2443931', '-122.272464', '36.8443931', '-121.872464'], 'hyear': ['1981'], 'hmonth': ['12'], 'hday': ['16']}",repro/glofas_coverage_scan_runs/scan_20260216T065850Z/downloads/historical/P2__historical__version_4_0__htessel_lisflood__consolidated/1981-12-16.zip,"{""area"": [37.2443931, -122.272464, 36.8443931, -121.872464], ""data_format"": ""grib2"", ""download_format"": ""zip"", ""hday"": [""16""], ""hmonth"": [""12""], ""hydrological_model"": [""htessel_lisflood""], ""hyear"": [""1981""], ""product_type"": [""consolidated""], ""system_version"": [""version_4_0""], ""variable"": [""river_discharge_in_the_last_24_hours""]}"
2026-02-16T07:15:41Z,scan_20260216T065850Z,historical,P2,P2__historical__version_4_0__htessel_lisflood__consolidated,cems-glofas-historical,version_4_0,htessel_lisflood,consolidated,1982-04-15,error,,invalid_request,"400 Client Error: Bad Request for url: https://ewds.climate.copernicus.eu/api/retrieve/v1/processes/cems-glofas-historical/execution
invalid request
Request has not produced a valid combination of values, please check your selection.
{'system_version': ['version_4_0'], 'hydrological_model': ['htessel_lisflood'], 'product_type': ['consolidated'], 'variable': ['river_discharge_in_the_last_24_hours'], 'data_format': ['grib'], 'area': ['37.2443931', '-122.272464', '36.8443931', '-121.872464'], 'hyear': ['1982'], 'hmonth': ['04'], 'hday': ['15']}",repro/glofas_coverage_scan_runs/scan_20260216T065850Z/downloads/historical/P2__historical__version_4_0__htessel_lisflood__consolidated/1982-04-15.zip,"{""area"": [37.2443931, -122.272464, 36.8443931, -121.872464], ""data_format"": ""grib2"", ""download_format"": ""zip"", ""hday"": [""15""], ""hmonth"": [""04""], ""hydrological_model"": [""htessel_lisflood""], ""hyear"": [""1982""], ""product_type"": [""consolidated""], ""system_version"": [""version_4_0""], ""variable"": [""river_discharge_in_the_last_24_hours""]}"
2026-02-16T07:15:42Z,scan_20260216T065850Z,historical,P2,P2__historical__version_4_0__htessel_lisflood__consolidated,cems-glofas-historical,version_4_0,htessel_lisflood,consolidated,1982-08-13,error,,invalid_request,"400 Client Error: Bad Request for url: https://ewds.climate.copernicus.eu/api/retrieve/v1/processes/cems-glofas-historical/execution
invalid request
Request has not produced a valid combination of values, please check your selection.
{'system_version': ['version_4_0'], 'hydrological_model': ['htessel_lisflood'], 'product_type': ['consolidated'], 'variable': ['river_discharge_in_the_last_24_hours'], 'data_format': ['grib'], 'area': ['37.2443931', '-122.272464', '36.8443931', '-121.872464'], 'hyear': ['1982'], 'hmonth': ['08'], 'hday': ['13']}",repro/glofas_coverage_scan_runs/scan_20260216T065850Z/downloads/historical/P2__historical__version_4_0__htessel_lisflood__consolidated/1982-08-13.zip,"{""area"": [37.2443931, -122.272464, 36.8443931, -121.872464], ""data_format"": ""grib2"", ""download_format"": ""zip"", ""hday"": [""13""], ""hmonth"": [""08""], ""hydrological_model"": [""htessel_lisflood""], ""hyear"": [""1982""], ""product_type"": [""consolidated""], ""system_version"": [""version_4_0""], ""variable"": [""river_discharge_in_the_last_24_hours""]}"
2026-02-16T07:15:43Z,scan_20260216T065850Z,historical,P2,P2__historical__version_4_0__htessel_lisflood__consolidated,cems-glofas-historical,version_4_0,htessel_lisflood,consolidated,1982-12-11,error,,invalid_request,"400 Client Error: Bad Request for url: https://ewds.climate.copernicus.eu/api/retrieve/v1/processes/cems-glofas-historical/execution
invalid request
Request has not produced a valid combination of values, please check your selection.
{'system_version': ['version_4_0'], 'hydrological_model': ['htessel_lisflood'], 'product_type': ['consolidated'], 'variable': ['river_discharge_in_the_last_24_hours'], 'data_format': ['grib'], 'area': ['37.2443931', '-122.272464', '36.8443931', '-121.872464'], 'hyear': ['1982'], 'hmonth': ['12'], 'hday': ['11']}",repro/glofas_coverage_scan_runs/scan_20260216T065850Z/downloads/historical/P2__historical__version_4_0__htessel_lisflood__consolidated/1982-12-11.zip,"{""area"": [37.2443931, -122.272464, 36.8443931, -121.872464], ""data_format"": ""grib2"", ""download_format"": ""zip"", ""hday"": [""11""], ""hmonth"": [""12""], ""hydrological_model"": [""htessel_lisflood""], ""hyear"": [""1982""], ""product_type"": [""consolidated""], ""system_version"": [""version_4_0""], ""variable"": [""river_discharge_in_the_last_24_hours""]}"
2026-02-16T07:15:44Z,scan_20260216T065850Z,historical,P2,P2__historical__version_4_0__htessel_lisflood__consolidated,cems-glofas-historical,version_4_0,htessel_lisflood,consolidated,1983-04-10,error,,invalid_request,"400 Client Error: Bad Request for url: https://ewds.climate.copernicus.eu/api/retrieve/v1/processes/cems-glofas-historical/execution
invalid request
Request has not produced a valid combination of values, please check your selection.
{'system_version': ['version_4_0'], 'hydrological_model': ['htessel_lisflood'], 'product_type': ['consolidated'], 'variable': ['river_discharge_in_the_last_24_hours'], 'data_format': ['grib'], 'area': ['37.2443931', '-122.272464', '36.8443931', '-121.872464'], 'hyear': ['1983'], 'hmonth': ['04'], 'hday': ['10']}",repro/glofas_coverage_scan_runs/scan_20260216T065850Z/downloads/historical/P2__historical__version_4_0__htessel_lisflood__consolidated/1983-04-10.zip,"{""area"": [37.2443931, -122.272464, 36.8443931, -121.872464], ""data_format"": ""grib2"", ""download_format"": ""zip"", ""hday"": [""10""], ""hmonth"": [""04""], ""hydrological_model"": [""htessel_lisflood""], ""hyear"": [""1983""], ""product_type"": [""consolidated""], ""system_version"": [""version_4_0""], ""variable"": [""river_discharge_in_the_last_24_hours""]}"
2026-02-16T07:15:46Z,scan_20260216T065850Z,historical,P2,P2__historical__version_4_0__htessel_lisflood__consolidated,cems-glofas-historical,version_4_0,htessel_lisflood,consolidated,1983-08-08,error,,invalid_request,"400 Client Error: Bad Request for url: https://ewds.climate.copernicus.eu/api/retrieve/v1/processes/cems-glofas-historical/execution
invalid request
Request has not produced a valid combination of values, please check your selection.
{'system_version': ['version_4_0'], 'hydrological_model': ['htessel_lisflood'], 'product_type': ['consolidated'], 'variable': ['river_discharge_in_the_last_24_hours'], 'data_format': ['grib'], 'area': ['37.2443931', '-122.272464', '36.8443931', '-121.872464'], 'hyear': ['1983'], 'hmonth': ['08'], 'hday': ['08']}",repro/glofas_coverage_scan_runs/scan_20260216T065850Z/downloads/historical/P2__historical__version_4_0__htessel_lisflood__consolidated/1983-08-08.zip,"{""area"": [37.2443931, -122.272464, 36.8443931, -121.872464], ""data_format"": ""grib2"", ""download_format"": ""zip"", ""hday"": [""08""], ""hmonth"": [""08""], ""hydrological_model"": [""htessel_lisflood""], ""hyear"": [""1983""], ""product_type"": [""consolidated""], ""system_version"": [""version_4_0""], ""variable"": [""river_discharge_in_the_last_24_hours""]}"
2026-02-16T07:15:47Z,scan_20260216T065850Z,historical,P2,P2__historical__version_4_0__htessel_lisflood__consolidated,cems-glofas-historical,version_4_0,htessel_lisflood,consolidated,1983-12-06,error,,invalid_request,"400 Client Error: Bad Request for url: https://ewds.climate.copernicus.eu/api/retrieve/v1/processes/cems-glofas-historical/execution
invalid request
Request has not produced a valid combination of values, please check your selection.
{'system_version': ['version_4_0'], 'hydrological_model': ['htessel_lisflood'], 'product_type': ['consolidated'], 'variable': ['river_discharge_in_the_last_24_hours'], 'data_format': ['grib'], 'area': ['37.2443931', '-122.272464', '36.8443931', '-121.872464'], 'hyear': ['1983'], 'hmonth': ['12'], 'hday': ['06']}",repro/glofas_coverage_scan_runs/scan_20260216T065850Z/downloads/historical/P2__historical__version_4_0__htessel_lisflood__consolidated/1983-12-06.zip,"{""area"": [37.2443931, -122.272464, 36.8443931, -121.872464], ""data_format"": ""grib2"", ""download_format"": ""zip"", ""hday"": [""06""], ""hmonth"": [""12""], ""hydrological_model"": [""htessel_lisflood""], ""hyear"": [""1983""], ""product_type"": [""consolidated""], ""system_version"": [""version_4_0""], ""variable"": [""river_discharge_in_the_last_24_hours""]}"
2026-02-16T07:15:48Z,scan_20260216T065850Z,historical,P2,P2__historical__version_4_0__htessel_lisflood__consolidated,cems-glofas-historical,version_4_0,htessel_lisflood,consolidated,1984-04-04,error,,invalid_request,"400 Client Error: Bad Request for url: https://ewds.climate.copernicus.eu/api/retrieve/v1/processes/cems-glofas-historical/execution
invalid request
Request has not produced a valid combination of values, please check your selection.
{'system_version': ['version_4_0'], 'hydrological_model': ['htessel_lisflood'], 'product_type': ['consolidated'], 'variable': ['river_discharge_in_the_last_24_hours'], 'data_format': ['grib'], 'area': ['37.2443931', '-122.272464', '36.8443931', '-121.872464'], 'hyear': ['1984'], 'hmonth': ['04'], 'hday': ['04']}",repro/glofas_coverage_scan_runs/scan_20260216T065850Z/downloads/historical/P2__historical__version_4_0__htessel_lisflood__consolidated/1984-04-04.zip,"{""area"": [37.2443931, -122.272464, 36.8443931, -121.872464], ""data_format"": ""grib2"", ""download_format"": ""zip"", ""hday"": [""04""], ""hmonth"": [""04""], ""hydrological_model"": [""htessel_lisflood""], ""hyear"": [""1984""], ""product_type"": [""consolidated""], ""system_version"": [""version_4_0""], ""variable"": [""river_discharge_in_the_last_24_hours""]}"
2026-02-16T07:15:49Z,scan_20260216T065850Z,historical,P2,P2__historical__version_4_0__htessel_lisflood__consolidated,cems-glofas-historical,version_4_0,htessel_lisflood,consolidated,1984-08-02,error,,invalid_request,"400 Client Error: Bad Request for url: https://ewds.climate.copernicus.eu/api/retrieve/v1/processes/cems-glofas-historical/execution
invalid request
Request has not produced a valid combination of values, please check your selection.
{'system_version': ['version_4_0'], 'hydrological_model': ['htessel_lisflood'], 'product_type': ['consolidated'], 'variable': ['river_discharge_in_the_last_24_hours'], 'data_format': ['grib'], 'area': ['37.2443931', '-122.272464', '36.8443931', '-121.872464'], 'hyear': ['1984'], 'hmonth': ['08'], 'hday': ['02']}",repro/glofas_coverage_scan_runs/scan_20260216T065850Z/downloads/historical/P2__historical__version_4_0__htessel_lisflood__consolidated/1984-08-02.zip,"{""area"": [37.2443931, -122.272464, 36.8443931, -121.872464], ""data_format"": ""grib2"", ""download_format"": ""zip"", ""hday"": [""02""], ""hmonth"": [""08""], ""hydrological_model"": [""htessel_lisflood""], ""hyear"": [""1984""], ""product_type"": [""consolidated""], ""system_version"": [""version_4_0""], ""variable"": [""river_discharge_in_the_last_24_hours""]}"
2026-02-16T07:15:50Z,scan_20260216T065850Z,historical,P2,P2__historical__version_4_0__htessel_lisflood__consolidated,cems-glofas-historical,version_4_0,htessel_lisflood,consolidated,1984-11-30,error,,invalid_request,"400 Client Error: Bad Request for url: https://ewds.climate.copernicus.eu/api/retrieve/v1/processes/cems-glofas-historical/execution
invalid request
Request has not produced a valid combination of values, please check your selection.
{'system_version': ['version_4_0'], 'hydrological_model': ['htessel_lisflood'], 'product_type': ['consolidated'], 'variable': ['river_discharge_in_the_last_24_hours'], 'data_format': ['grib'], 'area': ['37.2443931', '-122.272464', '36.8443931', '-121.872464'], 'hyear': ['1984'], 'hmonth': ['11'], 'hday': ['30']}",repro/glofas_coverage_scan_runs/scan_20260216T065850Z/downloads/historical/P2__historical__version_4_0__htessel_lisflood__consolidated/1984-11-30.zip,"{""area"": [37.2443931, -122.272464, 36.8443931, -121.872464], ""data_format"": ""grib2"", ""download_format"": ""zip"", ""hday"": [""30""], ""hmonth"": [""11""], ""hydrological_model"": [""htessel_lisflood""], ""hyear"": [""1984""], ""product_type"": [""consolidated""], ""system_version"": [""version_4_0""], ""variable"": [""river_discharge_in_the_last_24_hours""]}"
2026-02-16T07:15:52Z,scan_20260216T065850Z,historical,P2,P2__historical__version_4_0__htessel_lisflood__consolidated,cems-glofas-historical,version_4_0,htessel_lisflood,consolidated,1985-03-30,error,,invalid_request,"400 Client Error: Bad Request for url: https://ewds.climate.copernicus.eu/api/retrieve/v1/processes/cems-glofas-historical/execution
invalid request
Request has not produced a valid combination of values, please check your selection.
{'system_version': ['version_4_0'], 'hydrological_model': ['htessel_lisflood'], 'product_type': ['consolidated'], 'variable': ['river_discharge_in_the_last_24_hours'], 'data_format': ['grib'], 'area': ['37.2443931', '-122.272464', '36.8443931', '-121.872464'], 'hyear': ['1985'], 'hmonth': ['03'], 'hday': ['30']}",repro/glofas_coverage_scan_runs/scan_20260216T065850Z/downloads/historical/P2__historical__version_4_0__htessel_lisflood__consolidated/1985-03-30.zip,"{""area"": [37.2443931, -122.272464, 36.8443931, -121.872464], ""data_format"": ""grib2"", ""download_format"": ""zip"", ""hday"": [""30""], ""hmonth"": [""03""], ""hydrological_model"": [""htessel_lisflood""], ""hyear"": [""1985""], ""product_type"": [""consolidated""], ""system_version"": [""version_4_0""], ""variable"": [""river_discharge_in_the_last_24_hours""]}"
2026-02-16T07:15:53Z,scan_20260216T065850Z,historical,P2,P2__historical__version_4_0__htessel_lisflood__intermediate,cems-glofas-historical,version_4_0,htessel_lisflood,intermediate,2023-03-27,error,,invalid_request,"400 Client Error: Bad Request for url: https://ewds.climate.copernicus.eu/api/retrieve/v1/processes/cems-glofas-historical/execution
invalid request
Request has not produced a valid combination of values, please check your selection.
{'system_version': ['version_4_0'], 'hydrological_model': ['htessel_lisflood'], 'product_type': ['intermediate'], 'variable': ['river_discharge_in_the_last_24_hours'], 'data_format': ['grib'], 'area': ['37.2443931', '-122.272464', '36.8443931', '-121.872464'], 'hyear': ['2023'], 'hmonth': ['03'], 'hday': ['27']}",repro/glofas_coverage_scan_runs/scan_20260216T065850Z/downloads/historical/P2__historical__version_4_0__htessel_lisflood__intermediate/2023-03-27.zip,"{""area"": [37.2443931, -122.272464, 36.8443931, -121.872464], ""data_format"": ""grib2"", ""download_format"": ""zip"", ""hday"": [""27""], ""hmonth"": [""03""], ""hydrological_model"": [""htessel_lisflood""], ""hyear"": [""2023""], ""product_type"": [""intermediate""], ""system_version"": [""version_4_0""], ""variable"": [""river_discharge_in_the_last_24_hours""]}"
2026-02-16T07:15:54Z,scan_20260216T065850Z,historical,P2,P2__historical__version_4_0__htessel_lisflood__intermediate,cems-glofas-historical,version_4_0,htessel_lisflood,intermediate,2021-01-04,error,,invalid_request,"400 Client Error: Bad Request for url: https://ewds.climate.copernicus.eu/api/retrieve/v1/processes/cems-glofas-historical/execution
invalid request
Request has not produced a valid combination of values, please check your selection.
{'system_version': ['version_4_0'], 'hydrological_model': ['htessel_lisflood'], 'product_type': ['intermediate'], 'variable': ['river_discharge_in_the_last_24_hours'], 'data_format': ['grib'], 'area': ['37.2443931', '-122.272464', '36.8443931', '-121.872464'], 'hyear': ['2021'], 'hmonth': ['01'], 'hday': ['04']}",repro/glofas_coverage_scan_runs/scan_20260216T065850Z/downloads/historical/P2__historical__version_4_0__htessel_lisflood__intermediate/2021-01-04.zip,"{""area"": [37.2443931, -122.272464, 36.8443931, -121.872464], ""data_format"": ""grib2"", ""download_format"": ""zip"", ""hday"": [""04""], ""hmonth"": [""01""], ""hydrological_model"": [""htessel_lisflood""], ""hyear"": [""2021""], ""product_type"": [""intermediate""], ""system_version"": [""version_4_0""], ""variable"": [""river_discharge_in_the_last_24_hours""]}"
2026-02-16T07:15:55Z,scan_20260216T065850Z,historical,P2,P2__historical__version_4_0__htessel_lisflood__intermediate,cems-glofas-historical,version_4_0,htessel_lisflood,intermediate,1979-01-01,error,,invalid_request,"400 Client Error: Bad Request for url: https://ewds.climate.copernicus.eu/api/retrieve/v1/processes/cems-glofas-historical/execution
invalid request
Request has not produced a valid combination of values, please check your selection.
{'system_version': ['version_4_0'], 'hydrological_model': ['htessel_lisflood'], 'product_type': ['intermediate'], 'variable': ['river_discharge_in_the_last_24_hours'], 'data_format': ['grib'], 'area': ['37.2443931', '-122.272464', '36.8443931', '-121.872464'], 'hyear': ['1979'], 'hmonth': ['01'], 'hday': ['01']}",repro/glofas_coverage_scan_runs/scan_20260216T065850Z/downloads/historical/P2__historical__version_4_0__htessel_lisflood__intermediate/1979-01-01.zip,"{""area"": [37.2443931, -122.272464, 36.8443931, -121.872464], ""data_format"": ""grib2"", ""download_format"": ""zip"", ""hday"": [""01""], ""hmonth"": [""01""], ""hydrological_model"": [""htessel_lisflood""], ""hyear"": [""1979""], ""product_type"": [""intermediate""], ""system_version"": [""version_4_0""], ""variable"": [""river_discharge_in_the_last_24_hours""]}"
2026-02-16T07:15:56Z,scan_20260216T065850Z,historical,P2,P2__historical__version_4_0__htessel_lisflood__intermediate,cems-glofas-historical,version_4_0,htessel_lisflood,intermediate,2026-02-15,error,,invalid_request,"400 Client Error: Bad Request for url: https://ewds.climate.copernicus.eu/api/retrieve/v1/processes/cems-glofas-historical/execution
invalid request
Request has not produced a valid combination of values, please check your selection.
{'system_version': ['version_4_0'], 'hydrological_model': ['htessel_lisflood'], 'product_type': ['intermediate'], 'variable': ['river_discharge_in_the_last_24_hours'], 'data_format': ['grib'], 'area': ['37.2443931', '-122.272464', '36.8443931', '-121.872464'], 'hyear': ['2026'], 'hmonth': ['02'], 'hday': ['15']}",repro/glofas_coverage_scan_runs/scan_20260216T065850Z/downloads/historical/P2__historical__version_4_0__htessel_lisflood__intermediate/2026-02-15.zip,"{""area"": [37.2443931, -122.272464, 36.8443931, -121.872464], ""data_format"": ""grib2"", ""download_format"": ""zip"", ""hday"": [""15""], ""hmonth"": [""02""], ""hydrological_model"": [""htessel_lisflood""], ""hyear"": [""2026""], ""product_type"": [""intermediate""], ""system_version"": [""version_4_0""], ""variable"": [""river_discharge_in_the_last_24_hours""]}"
2026-02-16T07:15:57Z,scan_20260216T065850Z,historical,P2,P2__historical__version_4_0__htessel_lisflood__intermediate,cems-glofas-historical,version_4_0,htessel_lisflood,intermediate,2002-07-25,error,,invalid_request,"400 Client Error: Bad Request for url: https://ewds.climate.copernicus.eu/api/retrieve/v1/processes/cems-glofas-historical/execution
invalid request
Request has not produced a valid combination of values, please check your selection.
{'system_version': ['version_4_0'], 'hydrological_model': ['htessel_lisflood'], 'product_type': ['intermediate'], 'variable': ['river_discharge_in_the_last_24_hours'], 'data_format': ['grib'], 'area': ['37.2443931', '-122.272464', '36.8443931', '-121.872464'], 'hyear': ['2002'], 'hmonth': ['07'], 'hday': ['25']}",repro/glofas_coverage_scan_runs/scan_20260216T065850Z/downloads/historical/P2__historical__version_4_0__htessel_lisflood__intermediate/2002-07-25.zip,"{""area"": [37.2443931, -122.272464, 36.8443931, -121.872464], ""data_format"": ""grib2"", ""download_format"": ""zip"", ""hday"": [""25""], ""hmonth"": [""07""], ""hydrological_model"": [""htessel_lisflood""], ""hyear"": [""2002""], ""product_type"": [""intermediate""], ""system_version"": [""version_4_0""], ""variable"": [""river_discharge_in_the_last_24_hours""]}"
2026-02-16T07:15:58Z,scan_20260216T065850Z,historical,P2,P2__historical__version_4_0__htessel_lisflood__intermediate,cems-glofas-historical,version_4_0,htessel_lisflood,intermediate,1979-05-01,error,,invalid_request,"400 Client Error: Bad Request for url: https://ewds.climate.copernicus.eu/api/retrieve/v1/processes/cems-glofas-historical/execution
invalid request
Request has not produced a valid combination of values, please check your selection.
{'system_version': ['version_4_0'], 'hydrological_model': ['htessel_lisflood'], 'product_type': ['intermediate'], 'variable': ['river_discharge_in_the_last_24_hours'], 'data_format': ['grib'], 'area': ['37.2443931', '-122.272464', '36.8443931', '-121.872464'], 'hyear': ['1979'], 'hmonth': ['05'], 'hday': ['01']}",repro/glofas_coverage_scan_runs/scan_20260216T065850Z/downloads/historical/P2__historical__version_4_0__htessel_lisflood__intermediate/1979-05-01.zip,"{""area"": [37.2443931, -122.272464, 36.8443931, -121.872464], ""data_format"": ""grib2"", ""download_format"": ""zip"", ""hday"": [""01""], ""hmonth"": [""05""], ""hydrological_model"": [""htessel_lisflood""], ""hyear"": [""1979""], ""product_type"": [""intermediate""], ""system_version"": [""version_4_0""], ""variable"": [""river_discharge_in_the_last_24_hours""]}"
2026-02-16T07:16:00Z,scan_20260216T065850Z,historical,P2,P2__historical__version_4_0__htessel_lisflood__intermediate,cems-glofas-historical,version_4_0,htessel_lisflood,intermediate,1979-08-29,error,,invalid_request,"400 Client Error: Bad Request for url: https://ewds.climate.copernicus.eu/api/retrieve/v1/processes/cems-glofas-historical/execution
invalid request
Request has not produced a valid combination of values, please check your selection.
{'system_version': ['version_4_0'], 'hydrological_model': ['htessel_lisflood'], 'product_type': ['intermediate'], 'variable': ['river_discharge_in_the_last_24_hours'], 'data_format': ['grib'], 'area': ['37.2443931', '-122.272464', '36.8443931', '-121.872464'], 'hyear': ['1979'], 'hmonth': ['08'], 'hday': ['29']}",repro/glofas_coverage_scan_runs/scan_20260216T065850Z/downloads/historical/P2__historical__version_4_0__htessel_lisflood__intermediate/1979-08-29.zip,"{""area"": [37.2443931, -122.272464, 36.8443931, -121.872464], ""data_format"": ""grib2"", ""download_format"": ""zip"", ""hday"": [""29""], ""hmonth"": [""08""], ""hydrological_model"": [""htessel_lisflood""], ""hyear"": [""1979""], ""product_type"": [""intermediate""], ""system_version"": [""version_4_0""], ""variable"": [""river_discharge_in_the_last_24_hours""]}"
2026-02-16T07:16:01Z,scan_20260216T065850Z,historical,P2,P2__historical__version_4_0__htessel_lisflood__intermediate,cems-glofas-historical,version_4_0,htessel_lisflood,intermediate,1979-12-27,error,,invalid_request,"400 Client Error: Bad Request for url: https://ewds.climate.copernicus.eu/api/retrieve/v1/processes/cems-glofas-historical/execution
invalid request
Request has not produced a valid combination of values, please check your selection.
{'system_version': ['version_4_0'], 'hydrological_model': ['htessel_lisflood'], 'product_type': ['intermediate'], 'variable': ['river_discharge_in_the_last_24_hours'], 'data_format': ['grib'], 'area': ['37.2443931', '-122.272464', '36.8443931', '-121.872464'], 'hyear': ['1979'], 'hmonth': ['12'], 'hday': ['27']}",repro/glofas_coverage_scan_runs/scan_20260216T065850Z/downloads/historical/P2__historical__version_4_0__htessel_lisflood__intermediate/1979-12-27.zip,"{""area"": [37.2443931, -122.272464, 36.8443931, -121.872464], ""data_format"": ""grib2"", ""download_format"": ""zip"", ""hday"": [""27""], ""hmonth"": [""12""], ""hydrological_model"": [""htessel_lisflood""], ""hyear"": [""1979""], ""product_type"": [""intermediate""], ""system_version"": [""version_4_0""], ""variable"": [""river_discharge_in_the_last_24_hours""]}"
2026-02-16T07:16:02Z,scan_20260216T065850Z,historical,P2,P2__historical__version_4_0__htessel_lisflood__intermediate,cems-glofas-historical,version_4_0,htessel_lisflood,intermediate,1980-04-25,error,,invalid_request,"400 Client Error: Bad Request for url: https://ewds.climate.copernicus.eu/api/retrieve/v1/processes/cems-glofas-historical/execution
invalid request
Request has not produced a valid combination of values, please check your selection.
{'system_version': ['version_4_0'], 'hydrological_model': ['htessel_lisflood'], 'product_type': ['intermediate'], 'variable': ['river_discharge_in_the_last_24_hours'], 'data_format': ['grib'], 'area': ['37.2443931', '-122.272464', '36.8443931', '-121.872464'], 'hyear': ['1980'], 'hmonth': ['04'], 'hday': ['25']}",repro/glofas_coverage_scan_runs/scan_20260216T065850Z/downloads/historical/P2__historical__version_4_0__htessel_lisflood__intermediate/1980-04-25.zip,"{""area"": [37.2443931, -122.272464, 36.8443931, -121.872464], ""data_format"": ""grib2"", ""download_format"": ""zip"", ""hday"": [""25""], ""hmonth"": [""04""], ""hydrological_model"": [""htessel_lisflood""], ""hyear"": [""1980""], ""product_type"": [""intermediate""], ""system_version"": [""version_4_0""], ""variable"": [""river_discharge_in_the_last_24_hours""]}"
2026-02-16T07:16:03Z,scan_20260216T065850Z,historical,P2,P2__historical__version_4_0__htessel_lisflood__intermediate,cems-glofas-historical,version_4_0,htessel_lisflood,intermediate,1980-08-23,error,,invalid_request,"400 Client Error: Bad Request for url: https://ewds.climate.copernicus.eu/api/retrieve/v1/processes/cems-glofas-historical/execution
invalid request
Request has not produced a valid combination of values, please check your selection.
{'system_version': ['version_4_0'], 'hydrological_model': ['htessel_lisflood'], 'product_type': ['intermediate'], 'variable': ['river_discharge_in_the_last_24_hours'], 'data_format': ['grib'], 'area': ['37.2443931', '-122.272464', '36.8443931', '-121.872464'], 'hyear': ['1980'], 'hmonth': ['08'], 'hday': ['23']}",repro/glofas_coverage_scan_runs/scan_20260216T065850Z/downloads/historical/P2__historical__version_4_0__htessel_lisflood__intermediate/1980-08-23.zip,"{""area"": [37.2443931, -122.272464, 36.8443931, -121.872464], ""data_format"": ""grib2"", ""download_format"": ""zip"", ""hday"": [""23""], ""hmonth"": [""08""], ""hydrological_model"": [""htessel_lisflood""], ""hyear"": [""1980""], ""product_type"": [""intermediate""], ""system_version"": [""version_4_0""], ""variable"": [""river_discharge_in_the_last_24_hours""]}"
2026-02-16T07:16:04Z,scan_20260216T065850Z,historical,P2,P2__historical__version_4_0__htessel_lisflood__intermediate,cems-glofas-historical,version_4_0,htessel_lisflood,intermediate,1980-12-21,error,,invalid_request,"400 Client Error: Bad Request for url: https://ewds.climate.copernicus.eu/api/retrieve/v1/processes/cems-glofas-historical/execution
invalid request
Request has not produced a valid combination of values, please check your selection.
{'system_version': ['version_4_0'], 'hydrological_model': ['htessel_lisflood'], 'product_type': ['intermediate'], 'variable': ['river_discharge_in_the_last_24_hours'], 'data_format': ['grib'], 'area': ['37.2443931', '-122.272464', '36.8443931', '-121.872464'], 'hyear': ['1980'], 'hmonth': ['12'], 'hday': ['21']}",repro/glofas_coverage_scan_runs/scan_20260216T065850Z/downloads/historical/P2__historical__version_4_0__htessel_lisflood__intermediate/1980-12-21.zip,"{""area"": [37.2443931, -122.272464, 36.8443931, -121.872464], ""data_format"": ""grib2"", ""download_format"": ""zip"", ""hday"": [""21""], ""hmonth"": [""12""], ""hydrological_model"": [""htessel_lisflood""], ""hyear"": [""1980""], ""product_type"": [""intermediate""], ""system_version"": [""version_4_0""], ""variable"": [""river_discharge_in_the_last_24_hours""]}"
2026-02-16T07:16:05Z,scan_20260216T065850Z,historical,P2,P2__historical__version_4_0__htessel_lisflood__intermediate,cems-glofas-historical,version_4_0,htessel_lisflood,intermediate,1981-04-20,error,,invalid_request,"400 Client Error: Bad Request for url: https://ewds.climate.copernicus.eu/api/retrieve/v1/processes/cems-glofas-historical/execution
invalid request
Request has not produced a valid combination of values, please check your selection.
{'system_version': ['version_4_0'], 'hydrological_model': ['htessel_lisflood'], 'product_type': ['intermediate'], 'variable': ['river_discharge_in_the_last_24_hours'], 'data_format': ['grib'], 'area': ['37.2443931', '-122.272464', '36.8443931', '-121.872464'], 'hyear': ['1981'], 'hmonth': ['04'], 'hday': ['20']}",repro/glofas_coverage_scan_runs/scan_20260216T065850Z/downloads/historical/P2__historical__version_4_0__htessel_lisflood__intermediate/1981-04-20.zip,"{""area"": [37.2443931, -122.272464, 36.8443931, -121.872464], ""data_format"": ""grib2"", ""download_format"": ""zip"", ""hday"": [""20""], ""hmonth"": [""04""], ""hydrological_model"": [""htessel_lisflood""], ""hyear"": [""1981""], ""product_type"": [""intermediate""], ""system_version"": [""version_4_0""], ""variable"": [""river_discharge_in_the_last_24_hours""]}"
2026-02-16T07:16:07Z,scan_20260216T065850Z,historical,P2,P2__historical__version_4_0__htessel_lisflood__intermediate,cems-glofas-historical,version_4_0,htessel_lisflood,intermediate,1981-08-18,error,,invalid_request,"400 Client Error: Bad Request for url: https://ewds.climate.copernicus.eu/api/retrieve/v1/processes/cems-glofas-historical/execution
invalid request
Request has not produced a valid combination of values, please check your selection.
{'system_version': ['version_4_0'], 'hydrological_model': ['htessel_lisflood'], 'product_type': ['intermediate'], 'variable': ['river_discharge_in_the_last_24_hours'], 'data_format': ['grib'], 'area': ['37.2443931', '-122.272464', '36.8443931', '-121.872464'], 'hyear': ['1981'], 'hmonth': ['08'], 'hday': ['18']}",repro/glofas_coverage_scan_runs/scan_20260216T065850Z/downloads/historical/P2__historical__version_4_0__htessel_lisflood__intermediate/1981-08-18.zip,"{""area"": [37.2443931, -122.272464, 36.8443931, -121.872464], ""data_format"": ""grib2"", ""download_format"": ""zip"", ""hday"": [""18""], ""hmonth"": [""08""], ""hydrological_model"": [""htessel_lisflood""], ""hyear"": [""1981""], ""product_type"": [""intermediate""], ""system_version"": [""version_4_0""], ""variable"": [""river_discharge_in_the_last_24_hours""]}"
2026-02-16T07:16:08Z,scan_20260216T065850Z,historical,P2,P2__historical__version_4_0__htessel_lisflood__intermediate,cems-glofas-historical,version_4_0,htessel_lisflood,intermediate,1981-12-16,error,,invalid_request,"400 Client Error: Bad Request for url: https://ewds.climate.copernicus.eu/api/retrieve/v1/processes/cems-glofas-historical/execution
invalid request
Request has not produced a valid combination of values, please check your selection.
{'system_version': ['version_4_0'], 'hydrological_model': ['htessel_lisflood'], 'product_type': ['intermediate'], 'variable': ['river_discharge_in_the_last_24_hours'], 'data_format': ['grib'], 'area': ['37.2443931', '-122.272464', '36.8443931', '-121.872464'], 'hyear': ['1981'], 'hmonth': ['12'], 'hday': ['16']}",repro/glofas_coverage_scan_runs/scan_20260216T065850Z/downloads/historical/P2__historical__version_4_0__htessel_lisflood__intermediate/1981-12-16.zip,"{""area"": [37.2443931, -122.272464, 36.8443931, -121.872464], ""data_format"": ""grib2"", ""download_format"": ""zip"", ""hday"": [""16""], ""hmonth"": [""12""], ""hydrological_model"": [""htessel_lisflood""], ""hyear"": [""1981""], ""product_type"": [""intermediate""], ""system_version"": [""version_4_0""], ""variable"": [""river_discharge_in_the_last_24_hours""]}"
2026-02-16T07:16:09Z,scan_20260216T065850Z,historical,P2,P2__historical__version_4_0__htessel_lisflood__intermediate,cems-glofas-historical,version_4_0,htessel_lisflood,intermediate,1982-04-15,error,,invalid_request,"400 Client Error: Bad Request for url: https://ewds.climate.copernicus.eu/api/retrieve/v1/processes/cems-glofas-historical/execution
invalid request
Request has not produced a valid combination of values, please check your selection.
{'system_version': ['version_4_0'], 'hydrological_model': ['htessel_lisflood'], 'product_type': ['intermediate'], 'variable': ['river_discharge_in_the_last_24_hours'], 'data_format': ['grib'], 'area': ['37.2443931', '-122.272464', '36.8443931', '-121.872464'], 'hyear': ['1982'], 'hmonth': ['04'], 'hday': ['15']}",repro/glofas_coverage_scan_runs/scan_20260216T065850Z/downloads/historical/P2__historical__version_4_0__htessel_lisflood__intermediate/1982-04-15.zip,"{""area"": [37.2443931, -122.272464, 36.8443931, -121.872464], ""data_format"": ""grib2"", ""download_format"": ""zip"", ""hday"": [""15""], ""hmonth"": [""04""], ""hydrological_model"": [""htessel_lisflood""], ""hyear"": [""1982""], ""product_type"": [""intermediate""], ""system_version"": [""version_4_0""], ""variable"": [""river_discharge_in_the_last_24_hours""]}"
2026-02-16T07:16:10Z,scan_20260216T065850Z,historical,P2,P2__historical__version_4_0__htessel_lisflood__intermediate,cems-glofas-historical,version_4_0,htessel_lisflood,intermediate,1982-08-13,error,,invalid_request,"400 Client Error: Bad Request for url: https://ewds.climate.copernicus.eu/api/retrieve/v1/processes/cems-glofas-historical/execution
invalid request
Request has not produced a valid combination of values, please check your selection.
{'system_version': ['version_4_0'], 'hydrological_model': ['htessel_lisflood'], 'product_type': ['intermediate'], 'variable': ['river_discharge_in_the_last_24_hours'], 'data_format': ['grib'], 'area': ['37.2443931', '-122.272464', '36.8443931', '-121.872464'], 'hyear': ['1982'], 'hmonth': ['08'], 'hday': ['13']}",repro/glofas_coverage_scan_runs/scan_20260216T065850Z/downloads/historical/P2__historical__version_4_0__htessel_lisflood__intermediate/1982-08-13.zip,"{""area"": [37.2443931, -122.272464, 36.8443931, -121.872464], ""data_format"": ""grib2"", ""download_format"": ""zip"", ""hday"": [""13""], ""hmonth"": [""08""], ""hydrological_model"": [""htessel_lisflood""], ""hyear"": [""1982""], ""product_type"": [""intermediate""], ""system_version"": [""version_4_0""], ""variable"": [""river_discharge_in_the_last_24_hours""]}"
2026-02-16T07:16:11Z,scan_20260216T065850Z,historical,P2,P2__historical__version_4_0__htessel_lisflood__intermediate,cems-glofas-historical,version_4_0,htessel_lisflood,intermediate,1982-12-11,error,,invalid_request,"400 Client Error: Bad Request for url: https://ewds.climate.copernicus.eu/api/retrieve/v1/processes/cems-glofas-historical/execution
invalid request
Request has not produced a valid combination of values, please check your selection.
{'system_version': ['version_4_0'], 'hydrological_model': ['htessel_lisflood'], 'product_type': ['intermediate'], 'variable': ['river_discharge_in_the_last_24_hours'], 'data_format': ['grib'], 'area': ['37.2443931', '-122.272464', '36.8443931', '-121.872464'], 'hyear': ['1982'], 'hmonth': ['12'], 'hday': ['11']}",repro/glofas_coverage_scan_runs/scan_20260216T065850Z/downloads/historical/P2__historical__version_4_0__htessel_lisflood__intermediate/1982-12-11.zip,"{""area"": [37.2443931, -122.272464, 36.8443931, -121.872464], ""data_format"": ""grib2"", ""download_format"": ""zip"", ""hday"": [""11""], ""hmonth"": [""12""], ""hydrological_model"": [""htessel_lisflood""], ""hyear"": [""1982""], ""product_type"": [""intermediate""], ""system_version"": [""version_4_0""], ""variable"": [""river_discharge_in_the_last_24_hours""]}"
2026-02-16T07:16:12Z,scan_20260216T065850Z,historical,P2,P2__historical__version_4_0__htessel_lisflood__intermediate,cems-glofas-historical,version_4_0,htessel_lisflood,intermediate,1983-04-10,error,,invalid_request,"400 Client Error: Bad Request for url: https://ewds.climate.copernicus.eu/api/retrieve/v1/processes/cems-glofas-historical/execution
invalid request
Request has not produced a valid combination of values, please check your selection.
{'system_version': ['version_4_0'], 'hydrological_model': ['htessel_lisflood'], 'product_type': ['intermediate'], 'variable': ['river_discharge_in_the_last_24_hours'], 'data_format': ['grib'], 'area': ['37.2443931', '-122.272464', '36.8443931', '-121.872464'], 'hyear': ['1983'], 'hmonth': ['04'], 'hday': ['10']}",repro/glofas_coverage_scan_runs/scan_20260216T065850Z/downloads/historical/P2__historical__version_4_0__htessel_lisflood__intermediate/1983-04-10.zip,"{""area"": [37.2443931, -122.272464, 36.8443931, -121.872464], ""data_format"": ""grib2"", ""download_format"": ""zip"", ""hday"": [""10""], ""hmonth"": [""04""], ""hydrological_model"": [""htessel_lisflood""], ""hyear"": [""1983""], ""product_type"": [""intermediate""], ""system_version"": [""version_4_0""], ""variable"": [""river_discharge_in_the_last_24_hours""]}"
2026-02-16T07:16:13Z,scan_20260216T065850Z,historical,P2,P2__historical__version_4_0__htessel_lisflood__intermediate,cems-glofas-historical,version_4_0,htessel_lisflood,intermediate,1983-08-08,error,,invalid_request,"400 Client Error: Bad Request for url: https://ewds.climate.copernicus.eu/api/retrieve/v1/processes/cems-glofas-historical/execution
invalid request
Request has not produced a valid combination of values, please check your selection.
{'system_version': ['version_4_0'], 'hydrological_model': ['htessel_lisflood'], 'product_type': ['intermediate'], 'variable': ['river_discharge_in_the_last_24_hours'], 'data_format': ['grib'], 'area': ['37.2443931', '-122.272464', '36.8443931', '-121.872464'], 'hyear': ['1983'], 'hmonth': ['08'], 'hday': ['08']}",repro/glofas_coverage_scan_runs/scan_20260216T065850Z/downloads/historical/P2__historical__version_4_0__htessel_lisflood__intermediate/1983-08-08.zip,"{""area"": [37.2443931, -122.272464, 36.8443931, -121.872464], ""data_format"": ""grib2"", ""download_format"": ""zip"", ""hday"": [""08""], ""hmonth"": [""08""], ""hydrological_model"": [""htessel_lisflood""], ""hyear"": [""1983""], ""product_type"": [""intermediate""], ""system_version"": [""version_4_0""], ""variable"": [""river_discharge_in_the_last_24_hours""]}"
2026-02-16T07:16:15Z,scan_20260216T065850Z,historical,P2,P2__historical__version_4_0__htessel_lisflood__intermediate,cems-glofas-historical,version_4_0,htessel_lisflood,intermediate,1983-12-06,error,,invalid_request,"400 Client Error: Bad Request for url: https://ewds.climate.copernicus.eu/api/retrieve/v1/processes/cems-glofas-historical/execution
invalid request
Request has not produced a valid combination of values, please check your selection.
{'system_version': ['version_4_0'], 'hydrological_model': ['htessel_lisflood'], 'product_type': ['intermediate'], 'variable': ['river_discharge_in_the_last_24_hours'], 'data_format': ['grib'], 'area': ['37.2443931', '-122.272464', '36.8443931', '-121.872464'], 'hyear': ['1983'], 'hmonth': ['12'], 'hday': ['06']}",repro/glofas_coverage_scan_runs/scan_20260216T065850Z/downloads/historical/P2__historical__version_4_0__htessel_lisflood__intermediate/1983-12-06.zip,"{""area"": [37.2443931, -122.272464, 36.8443931, -121.872464], ""data_format"": ""grib2"", ""download_format"": ""zip"", ""hday"": [""06""], ""hmonth"": [""12""], ""hydrological_model"": [""htessel_lisflood""], ""hyear"": [""1983""], ""product_type"": [""intermediate""], ""system_version"": [""version_4_0""], ""variable"": [""river_discharge_in_the_last_24_hours""]}"
2026-02-16T07:16:16Z,scan_20260216T065850Z,historical,P2,P2__historical__version_4_0__htessel_lisflood__intermediate,cems-glofas-historical,version_4_0,htessel_lisflood,intermediate,1984-04-04,error,,invalid_request,"400 Client Error: Bad Request for url: https://ewds.climate.copernicus.eu/api/retrieve/v1/processes/cems-glofas-historical/execution
invalid request
Request has not produced a valid combination of values, please check your selection.
{'system_version': ['version_4_0'], 'hydrological_model': ['htessel_lisflood'], 'product_type': ['intermediate'], 'variable': ['river_discharge_in_the_last_24_hours'], 'data_format': ['grib'], 'area': ['37.2443931', '-122.272464', '36.8443931', '-121.872464'], 'hyear': ['1984'], 'hmonth': ['04'], 'hday': ['04']}",repro/glofas_coverage_scan_runs/scan_20260216T065850Z/downloads/historical/P2__historical__version_4_0__htessel_lisflood__intermediate/1984-04-04.zip,"{""area"": [37.2443931, -122.272464, 36.8443931, -121.872464], ""data_format"": ""grib2"", ""download_format"": ""zip"", ""hday"": [""04""], ""hmonth"": [""04""], ""hydrological_model"": [""htessel_lisflood""], ""hyear"": [""1984""], ""product_type"": [""intermediate""], ""system_version"": [""version_4_0""], ""variable"": [""river_discharge_in_the_last_24_hours""]}"
2026-02-16T07:16:17Z,scan_20260216T065850Z,historical,P2,P2__historical__version_4_0__htessel_lisflood__intermediate,cems-glofas-historical,version_4_0,htessel_lisflood,intermediate,1984-08-02,error,,invalid_request,"400 Client Error: Bad Request for url: https://ewds.climate.copernicus.eu/api/retrieve/v1/processes/cems-glofas-historical/execution
invalid request
Request has not produced a valid combination of values, please check your selection.
{'system_version': ['version_4_0'], 'hydrological_model': ['htessel_lisflood'], 'product_type': ['intermediate'], 'variable': ['river_discharge_in_the_last_24_hours'], 'data_format': ['grib'], 'area': ['37.2443931', '-122.272464', '36.8443931', '-121.872464'], 'hyear': ['1984'], 'hmonth': ['08'], 'hday': ['02']}",repro/glofas_coverage_scan_runs/scan_20260216T065850Z/downloads/historical/P2__historical__version_4_0__htessel_lisflood__intermediate/1984-08-02.zip,"{""area"": [37.2443931, -122.272464, 36.8443931, -121.872464], ""data_format"": ""grib2"", ""download_format"": ""zip"", ""hday"": [""02""], ""hmonth"": [""08""], ""hydrological_model"": [""htessel_lisflood""], ""hyear"": [""1984""], ""product_type"": [""intermediate""], ""system_version"": [""version_4_0""], ""variable"": [""river_discharge_in_the_last_24_hours""]}"
2026-02-16T07:16:18Z,scan_20260216T065850Z,historical,P2,P2__historical__version_4_0__htessel_lisflood__intermediate,cems-glofas-historical,version_4_0,htessel_lisflood,intermediate,1984-11-30,error,,invalid_request,"400 Client Error: Bad Request for url: https://ewds.climate.copernicus.eu/api/retrieve/v1/processes/cems-glofas-historical/execution
invalid request
Request has not produced a valid combination of values, please check your selection.
{'system_version': ['version_4_0'], 'hydrological_model': ['htessel_lisflood'], 'product_type': ['intermediate'], 'variable': ['river_discharge_in_the_last_24_hours'], 'data_format': ['grib'], 'area': ['37.2443931', '-122.272464', '36.8443931', '-121.872464'], 'hyear': ['1984'], 'hmonth': ['11'], 'hday': ['30']}",repro/glofas_coverage_scan_runs/scan_20260216T065850Z/downloads/historical/P2__historical__version_4_0__htessel_lisflood__intermediate/1984-11-30.zip,"{""area"": [37.2443931, -122.272464, 36.8443931, -121.872464], ""data_format"": ""grib2"", ""download_format"": ""zip"", ""hday"": [""30""], ""hmonth"": [""11""], ""hydrological_model"": [""htessel_lisflood""], ""hyear"": [""1984""], ""product_type"": [""intermediate""], ""system_version"": [""version_4_0""], ""variable"": [""river_discharge_in_the_last_24_hours""]}"
2026-02-16T07:16:19Z,scan_20260216T065850Z,historical,P2,P2__historical__version_4_0__htessel_lisflood__intermediate,cems-glofas-historical,version_4_0,htessel_lisflood,intermediate,1985-03-30,error,,invalid_request,"400 Client Error: Bad Request for url: https://ewds.climate.copernicus.eu/api/retrieve/v1/processes/cems-glofas-historical/execution
invalid request
Request has not produced a valid combination of values, please check your selection.
{'system_version': ['version_4_0'], 'hydrological_model': ['htessel_lisflood'], 'product_type': ['intermediate'], 'variable': ['river_discharge_in_the_last_24_hours'], 'data_format': ['grib'], 'area': ['37.2443931', '-122.272464', '36.8443931', '-121.872464'], 'hyear': ['1985'], 'hmonth': ['03'], 'hday': ['30']}",repro/glofas_coverage_scan_runs/scan_20260216T065850Z/downloads/historical/P2__historical__version_4_0__htessel_lisflood__intermediate/1985-03-30.zip,"{""area"": [37.2443931, -122.272464, 36.8443931, -121.872464], ""data_format"": ""grib2"", ""download_format"": ""zip"", ""hday"": [""30""], ""hmonth"": [""03""], ""hydrological_model"": [""htessel_lisflood""], ""hyear"": [""1985""], ""product_type"": [""intermediate""], ""system_version"": [""version_4_0""], ""variable"": [""river_discharge_in_the_last_24_hours""]}"
2026-02-16T07:16:57Z,scan_20260216T065850Z,historical,P2,P2__historical__version_4_0__lisflood__consolidated,cems-glofas-historical,version_4_0,lisflood,consolidated,2023-03-27,ok,354,,,repro/glofas_coverage_scan_runs/scan_20260216T065850Z/downloads/historical/P2__historical__version_4_0__lisflood__consolidated/2023-03-27.zip,"{""area"": [37.2443931, -122.272464, 36.8443931, -121.872464], ""data_format"": ""grib2"", ""download_format"": ""zip"", ""hday"": [""27""], ""hmonth"": [""03""], ""hydrological_model"": [""lisflood""], ""hyear"": [""2023""], ""product_type"": [""consolidated""], ""system_version"": [""version_4_0""], ""variable"": [""river_discharge_in_the_last_24_hours""]}"
2026-02-16T07:17:13Z,scan_20260216T065850Z,historical,P2,P2__historical__version_4_0__lisflood__consolidated,cems-glofas-historical,version_4_0,lisflood,consolidated,2023-03-26,ok,364,,,repro/glofas_coverage_scan_runs/scan_20260216T065850Z/downloads/historical/P2__historical__version_4_0__lisflood__consolidated/2023-03-26.zip,"{""area"": [37.2443931, -122.272464, 36.8443931, -121.872464], ""data_format"": ""grib2"", ""download_format"": ""zip"", ""hday"": [""26""], ""hmonth"": [""03""], ""hydrological_model"": [""lisflood""], ""hyear"": [""2023""], ""product_type"": [""consolidated""], ""system_version"": [""version_4_0""], ""variable"": [""river_discharge_in_the_last_24_hours""]}"
2026-02-16T07:17:30Z,scan_20260216T065850Z,historical,P2,P2__historical__version_4_0__lisflood__consolidated,cems-glofas-historical,version_4_0,lisflood,consolidated,2023-03-24,ok,362,,,repro/glofas_coverage_scan_runs/scan_20260216T065850Z/downloads/historical/P2__historical__version_4_0__lisflood__consolidated/2023-03-24.zip,"{""area"": [37.2443931, -122.272464, 36.8443931, -121.872464], ""data_format"": ""grib2"", ""download_format"": ""zip"", ""hday"": [""24""], ""hmonth"": [""03""], ""hydrological_model"": [""lisflood""], ""hyear"": [""2023""], ""product_type"": [""consolidated""], ""system_version"": [""version_4_0""], ""variable"": [""river_discharge_in_the_last_24_hours""]}"
2026-02-16T07:17:48Z,scan_20260216T065850Z,historical,P2,P2__historical__version_4_0__lisflood__consolidated,cems-glofas-historical,version_4_0,lisflood,consolidated,2023-03-20,ok,359,,,repro/glofas_coverage_scan_runs/scan_20260216T065850Z/downloads/historical/P2__historical__version_4_0__lisflood__consolidated/2023-03-20.zip,"{""area"": [37.2443931, -122.272464, 36.8443931, -121.872464], ""data_format"": ""grib2"", ""download_format"": ""zip"", ""hday"": [""20""], ""hmonth"": [""03""], ""hydrological_model"": [""lisflood""], ""hyear"": [""2023""], ""product_type"": [""consolidated""], ""system_version"": [""version_4_0""], ""variable"": [""river_discharge_in_the_last_24_hours""]}"
2026-02-16T07:18:04Z,scan_20260216T065850Z,historical,P2,P2__historical__version_4_0__lisflood__consolidated,cems-glofas-historical,version_4_0,lisflood,consolidated,2023-03-12,ok,363,,,repro/glofas_coverage_scan_runs/scan_20260216T065850Z/downloads/historical/P2__historical__version_4_0__lisflood__consolidated/2023-03-12.zip,"{""area"": [37.2443931, -122.272464, 36.8443931, -121.872464], ""data_format"": ""grib2"", ""download_format"": ""zip"", ""hday"": [""12""], ""hmonth"": [""03""], ""hydrological_model"": [""lisflood""], ""hyear"": [""2023""], ""product_type"": [""consolidated""], ""system_version"": [""version_4_0""], ""variable"": [""river_discharge_in_the_last_24_hours""]}"
2026-02-16T07:18:22Z,scan_20260216T065850Z,historical,P2,P2__historical__version_4_0__lisflood__consolidated,cems-glofas-historical,version_4_0,lisflood,consolidated,2023-02-24,ok,348,,,repro/glofas_coverage_scan_runs/scan_20260216T065850Z/downloads/historical/P2__historical__version_4_0__lisflood__consolidated/2023-02-24.zip,"{""area"": [37.2443931, -122.272464, 36.8443931, -121.872464], ""data_format"": ""grib2"", ""download_format"": ""zip"", ""hday"": [""24""], ""hmonth"": [""02""], ""hydrological_model"": [""lisflood""], ""hyear"": [""2023""], ""product_type"": [""consolidated""], ""system_version"": [""version_4_0""], ""variable"": [""river_discharge_in_the_last_24_hours""]}"
2026-02-16T07:18:44Z,scan_20260216T065850Z,historical,P2,P2__historical__version_4_0__lisflood__consolidated,cems-glofas-historical,version_4_0,lisflood,consolidated,2023-01-23,ok,376,,,repro/glofas_coverage_scan_runs/scan_20260216T065850Z/downloads/historical/P2__historical__version_4_0__lisflood__consolidated/2023-01-23.zip,"{""area"": [37.2443931, -122.272464, 36.8443931, -121.872464], ""data_format"": ""grib2"", ""download_format"": ""zip"", ""hday"": [""23""], ""hmonth"": [""01""], ""hydrological_model"": [""lisflood""], ""hyear"": [""2023""], ""product_type"": [""consolidated""], ""system_version"": [""version_4_0""], ""variable"": [""river_discharge_in_the_last_24_hours""]}"
2026-02-16T07:19:06Z,scan_20260216T065850Z,historical,P2,P2__historical__version_4_0__lisflood__consolidated,cems-glofas-historical,version_4_0,lisflood,consolidated,2022-11-20,ok,340,,,repro/glofas_coverage_scan_runs/scan_20260216T065850Z/downloads/historical/P2__historical__version_4_0__lisflood__consolidated/2022-11-20.zip,"{""area"": [37.2443931, -122.272464, 36.8443931, -121.872464], ""data_format"": ""grib2"", ""download_format"": ""zip"", ""hday"": [""20""], ""hmonth"": [""11""], ""hydrological_model"": [""lisflood""], ""hyear"": [""2022""], ""product_type"": [""consolidated""], ""system_version"": [""version_4_0""], ""variable"": [""river_discharge_in_the_last_24_hours""]}"
2026-02-16T07:19:29Z,scan_20260216T065850Z,historical,P2,P2__historical__version_4_0__lisflood__consolidated,cems-glofas-historical,version_4_0,lisflood,consolidated,2022-07-15,ok,326,,,repro/glofas_coverage_scan_runs/scan_20260216T065850Z/downloads/historical/P2__historical__version_4_0__lisflood__consolidated/2022-07-15.zip,"{""area"": [37.2443931, -122.272464, 36.8443931, -121.872464], ""data_format"": ""grib2"", ""download_format"": ""zip"", ""hday"": [""15""], ""hmonth"": [""07""], ""hydrological_model"": [""lisflood""], ""hyear"": [""2022""], ""product_type"": [""consolidated""], ""system_version"": [""version_4_0""], ""variable"": [""river_discharge_in_the_last_24_hours""]}"
2026-02-16T07:19:51Z,scan_20260216T065850Z,historical,P2,P2__historical__version_4_0__lisflood__consolidated,cems-glofas-historical,version_4_0,lisflood,consolidated,2021-11-01,ok,345,,,repro/glofas_coverage_scan_runs/scan_20260216T065850Z/downloads/historical/P2__historical__version_4_0__lisflood__consolidated/2021-11-01.zip,"{""area"": [37.2443931, -122.272464, 36.8443931, -121.872464], ""data_format"": ""grib2"", ""download_format"": ""zip"", ""hday"": [""01""], ""hmonth"": [""11""], ""hydrological_model"": [""lisflood""], ""hyear"": [""2021""], ""product_type"": [""consolidated""], ""system_version"": [""version_4_0""], ""variable"": [""river_discharge_in_the_last_24_hours""]}"
2026-02-16T07:20:09Z,scan_20260216T065850Z,historical,P2,P2__historical__version_4_0__lisflood__consolidated,cems-glofas-historical,version_4_0,lisflood,consolidated,2020-06-07,ok,328,,,repro/glofas_coverage_scan_runs/scan_20260216T065850Z/downloads/historical/P2__historical__version_4_0__lisflood__consolidated/2020-06-07.zip,"{""area"": [37.2443931, -122.272464, 36.8443931, -121.872464], ""data_format"": ""grib2"", ""download_format"": ""zip"", ""hday"": [""07""], ""hmonth"": [""06""], ""hydrological_model"": [""lisflood""], ""hyear"": [""2020""], ""product_type"": [""consolidated""], ""system_version"": [""version_4_0""], ""variable"": [""river_discharge_in_the_last_24_hours""]}"
2026-02-16T07:20:31Z,scan_20260216T065850Z,historical,P2,P2__historical__version_4_0__lisflood__consolidated,cems-glofas-historical,version_4_0,lisflood,consolidated,2017-08-18,ok,343,,,repro/glofas_coverage_scan_runs/scan_20260216T065850Z/downloads/historical/P2__historical__version_4_0__lisflood__consolidated/2017-08-18.zip,"{""area"": [37.2443931, -122.272464, 36.8443931, -121.872464], ""data_format"": ""grib2"", ""download_format"": ""zip"", ""hday"": [""18""], ""hmonth"": [""08""], ""hydrological_model"": [""lisflood""], ""hyear"": [""2017""], ""product_type"": [""consolidated""], ""system_version"": [""version_4_0""], ""variable"": [""river_discharge_in_the_last_24_hours""]}"
2026-02-16T07:20:48Z,scan_20260216T065850Z,historical,P2,P2__historical__version_4_0__lisflood__consolidated,cems-glofas-historical,version_4_0,lisflood,consolidated,2012-01-09,ok,333,,,repro/glofas_coverage_scan_runs/scan_20260216T065850Z/downloads/historical/P2__historical__version_4_0__lisflood__consolidated/2012-01-09.zip,"{""area"": [37.2443931, -122.272464, 36.8443931, -121.872464], ""data_format"": ""grib2"", ""download_format"": ""zip"", ""hday"": [""09""], ""hmonth"": [""01""], ""hydrological_model"": [""lisflood""], ""hyear"": [""2012""], ""product_type"": [""consolidated""], ""system_version"": [""version_4_0""], ""variable"": [""river_discharge_in_the_last_24_hours""]}"
2026-02-16T07:21:16Z,scan_20260216T065850Z,historical,P2,P2__historical__version_4_0__lisflood__consolidated,cems-glofas-historical,version_4_0,lisflood,consolidated,2000-10-22,ok,337,,,repro/glofas_coverage_scan_runs/scan_20260216T065850Z/downloads/historical/P2__historical__version_4_0__lisflood__consolidated/2000-10-22.zip,"{""area"": [37.2443931, -122.272464, 36.8443931, -121.872464], ""data_format"": ""grib2"", ""download_format"": ""zip"", ""hday"": [""22""], ""hmonth"": [""10""], ""hydrological_model"": [""lisflood""], ""hyear"": [""2000""], ""product_type"": [""consolidated""], ""system_version"": [""version_4_0""], ""variable"": [""river_discharge_in_the_last_24_hours""]}"
2026-02-16T07:21:38Z,scan_20260216T065850Z,historical,P2,P2__historical__version_4_0__lisflood__consolidated,cems-glofas-historical,version_4_0,lisflood,consolidated,1979-01-01,ok,334,,,repro/glofas_coverage_scan_runs/scan_20260216T065850Z/downloads/historical/P2__historical__version_4_0__lisflood__consolidated/1979-01-01.zip,"{""area"": [37.2443931, -122.272464, 36.8443931, -121.872464], ""data_format"": ""grib2"", ""download_format"": ""zip"", ""hday"": [""01""], ""hmonth"": [""01""], ""hydrological_model"": [""lisflood""], ""hyear"": [""1979""], ""product_type"": [""consolidated""], ""system_version"": [""version_4_0""], ""variable"": [""river_discharge_in_the_last_24_hours""]}"
2026-02-16T07:22:00Z,scan_20260216T065850Z,historical,P2,P2__historical__version_4_0__lisflood__consolidated,cems-glofas-historical,version_4_0,lisflood,consolidated,2023-03-28,ok,359,,,repro/glofas_coverage_scan_runs/scan_20260216T065850Z/downloads/historical/P2__historical__version_4_0__lisflood__consolidated/2023-03-28.zip,"{""area"": [37.2443931, -122.272464, 36.8443931, -121.872464], ""data_format"": ""grib2"", ""download_format"": ""zip"", ""hday"": [""28""], ""hmonth"": [""03""], ""hydrological_model"": [""lisflood""], ""hyear"": [""2023""], ""product_type"": [""consolidated""], ""system_version"": [""version_4_0""], ""variable"": [""river_discharge_in_the_last_24_hours""]}"
2026-02-16T07:22:28Z,scan_20260216T065850Z,historical,P2,P2__historical__version_4_0__lisflood__consolidated,cems-glofas-historical,version_4_0,lisflood,consolidated,2023-03-30,ok,362,,,repro/glofas_coverage_scan_runs/scan_20260216T065850Z/downloads/historical/P2__historical__version_4_0__lisflood__consolidated/2023-03-30.zip,"{""area"": [37.2443931, -122.272464, 36.8443931, -121.872464], ""data_format"": ""grib2"", ""download_format"": ""zip"", ""hday"": [""30""], ""hmonth"": [""03""], ""hydrological_model"": [""lisflood""], ""hyear"": [""2023""], ""product_type"": [""consolidated""], ""system_version"": [""version_4_0""], ""variable"": [""river_discharge_in_the_last_24_hours""]}"
2026-02-16T07:22:55Z,scan_20260216T065850Z,historical,P2,P2__historical__version_4_0__lisflood__consolidated,cems-glofas-historical,version_4_0,lisflood,consolidated,2023-04-03,ok,358,,,repro/glofas_coverage_scan_runs/scan_20260216T065850Z/downloads/historical/P2__historical__version_4_0__lisflood__consolidated/2023-04-03.zip,"{""area"": [37.2443931, -122.272464, 36.8443931, -121.872464], ""data_format"": ""grib2"", ""download_format"": ""zip"", ""hday"": [""03""], ""hmonth"": [""04""], ""hydrological_model"": [""lisflood""], ""hyear"": [""2023""], ""product_type"": [""consolidated""], ""system_version"": [""version_4_0""], ""variable"": [""river_discharge_in_the_last_24_hours""]}"
2026-02-16T07:23:17Z,scan_20260216T065850Z,historical,P2,P2__historical__version_4_0__lisflood__consolidated,cems-glofas-historical,version_4_0,lisflood,consolidated,2023-04-11,ok,352,,,repro/glofas_coverage_scan_runs/scan_20260216T065850Z/downloads/historical/P2__historical__version_4_0__lisflood__consolidated/2023-04-11.zip,"{""area"": [37.2443931, -122.272464, 36.8443931, -121.872464], ""data_format"": ""grib2"", ""download_format"": ""zip"", ""hday"": [""11""], ""hmonth"": [""04""], ""hydrological_model"": [""lisflood""], ""hyear"": [""2023""], ""product_type"": [""consolidated""], ""system_version"": [""version_4_0""], ""variable"": [""river_discharge_in_the_last_24_hours""]}"
2026-02-16T07:23:34Z,scan_20260216T065850Z,historical,P2,P2__historical__version_4_0__lisflood__consolidated,cems-glofas-historical,version_4_0,lisflood,consolidated,2023-04-27,ok,329,,,repro/glofas_coverage_scan_runs/scan_20260216T065850Z/downloads/historical/P2__historical__version_4_0__lisflood__consolidated/2023-04-27.zip,"{""area"": [37.2443931, -122.272464, 36.8443931, -121.872464], ""data_format"": ""grib2"", ""download_format"": ""zip"", ""hday"": [""27""], ""hmonth"": [""04""], ""hydrological_model"": [""lisflood""], ""hyear"": [""2023""], ""product_type"": [""consolidated""], ""system_version"": [""version_4_0""], ""variable"": [""river_discharge_in_the_last_24_hours""]}"
2026-02-16T07:23:51Z,scan_20260216T065850Z,historical,P2,P2__historical__version_4_0__lisflood__consolidated,cems-glofas-historical,version_4_0,lisflood,consolidated,2023-05-29,ok,334,,,repro/glofas_coverage_scan_runs/scan_20260216T065850Z/downloads/historical/P2__historical__version_4_0__lisflood__consolidated/2023-05-29.zip,"{""area"": [37.2443931, -122.272464, 36.8443931, -121.872464], ""data_format"": ""grib2"", ""download_format"": ""zip"", ""hday"": [""29""], ""hmonth"": [""05""], ""hydrological_model"": [""lisflood""], ""hyear"": [""2023""], ""product_type"": [""consolidated""], ""system_version"": [""version_4_0""], ""variable"": [""river_discharge_in_the_last_24_hours""]}"
2026-02-16T07:24:09Z,scan_20260216T065850Z,historical,P2,P2__historical__version_4_0__lisflood__consolidated,cems-glofas-historical,version_4_0,lisflood,consolidated,2023-08-01,ok,331,,,repro/glofas_coverage_scan_runs/scan_20260216T065850Z/downloads/historical/P2__historical__version_4_0__lisflood__consolidated/2023-08-01.zip,"{""area"": [37.2443931, -122.272464, 36.8443931, -121.872464], ""data_format"": ""grib2"", ""download_format"": ""zip"", ""hday"": [""01""], ""hmonth"": [""08""], ""hydrological_model"": [""lisflood""], ""hyear"": [""2023""], ""product_type"": [""consolidated""], ""system_version"": [""version_4_0""], ""variable"": [""river_discharge_in_the_last_24_hours""]}"
2026-02-16T07:24:31Z,scan_20260216T065850Z,historical,P2,P2__historical__version_4_0__lisflood__consolidated,cems-glofas-historical,version_4_0,lisflood,consolidated,2023-12-07,ok,353,,,repro/glofas_coverage_scan_runs/scan_20260216T065850Z/downloads/historical/P2__historical__version_4_0__lisflood__consolidated/2023-12-07.zip,"{""area"": [37.2443931, -122.272464, 36.8443931, -121.872464], ""data_format"": ""grib2"", ""download_format"": ""zip"", ""hday"": [""07""], ""hmonth"": [""12""], ""hydrological_model"": [""lisflood""], ""hyear"": [""2023""], ""product_type"": [""consolidated""], ""system_version"": [""version_4_0""], ""variable"": [""river_discharge_in_the_last_24_hours""]}"
2026-02-16T07:24:48Z,scan_20260216T065850Z,historical,P2,P2__historical__version_4_0__lisflood__consolidated,cems-glofas-historical,version_4_0,lisflood,consolidated,2024-08-19,ok,342,,,repro/glofas_coverage_scan_runs/scan_20260216T065850Z/downloads/historical/P2__historical__version_4_0__lisflood__consolidated/2024-08-19.zip,"{""area"": [37.2443931, -122.272464, 36.8443931, -121.872464], ""data_format"": ""grib2"", ""download_format"": ""zip"", ""hday"": [""19""], ""hmonth"": [""08""], ""hydrological_model"": [""lisflood""], ""hyear"": [""2024""], ""product_type"": [""consolidated""], ""system_version"": [""version_4_0""], ""variable"": [""river_discharge_in_the_last_24_hours""]}"
2026-02-16T07:24:49Z,scan_20260216T065850Z,historical,P2,P2__historical__version_4_0__lisflood__intermediate,cems-glofas-historical,version_4_0,lisflood,intermediate,2023-03-27,error,,invalid_request,"400 Client Error: Bad Request for url: https://ewds.climate.copernicus.eu/api/retrieve/v1/processes/cems-glofas-historical/execution
invalid request
Request has not produced a valid combination of values, please check your selection.
{'system_version': ['version_4_0'], 'hydrological_model': ['lisflood'], 'product_type': ['intermediate'], 'variable': ['river_discharge_in_the_last_24_hours'], 'data_format': ['grib'], 'area': ['37.2443931', '-122.272464', '36.8443931', '-121.872464'], 'hyear': ['2023'], 'hmonth': ['03'], 'hday': ['27']}",repro/glofas_coverage_scan_runs/scan_20260216T065850Z/downloads/historical/P2__historical__version_4_0__lisflood__intermediate/2023-03-27.zip,"{""area"": [37.2443931, -122.272464, 36.8443931, -121.872464], ""data_format"": ""grib2"", ""download_format"": ""zip"", ""hday"": [""27""], ""hmonth"": [""03""], ""hydrological_model"": [""lisflood""], ""hyear"": [""2023""], ""product_type"": [""intermediate""], ""system_version"": [""version_4_0""], ""variable"": [""river_discharge_in_the_last_24_hours""]}"
2026-02-16T07:24:50Z,scan_20260216T065850Z,historical,P2,P2__historical__version_4_0__lisflood__intermediate,cems-glofas-historical,version_4_0,lisflood,intermediate,2021-01-04,error,,invalid_request,"400 Client Error: Bad Request for url: https://ewds.climate.copernicus.eu/api/retrieve/v1/processes/cems-glofas-historical/execution
invalid request
Request has not produced a valid combination of values, please check your selection.
{'system_version': ['version_4_0'], 'hydrological_model': ['lisflood'], 'product_type': ['intermediate'], 'variable': ['river_discharge_in_the_last_24_hours'], 'data_format': ['grib'], 'area': ['37.2443931', '-122.272464', '36.8443931', '-121.872464'], 'hyear': ['2021'], 'hmonth': ['01'], 'hday': ['04']}",repro/glofas_coverage_scan_runs/scan_20260216T065850Z/downloads/historical/P2__historical__version_4_0__lisflood__intermediate/2021-01-04.zip,"{""area"": [37.2443931, -122.272464, 36.8443931, -121.872464], ""data_format"": ""grib2"", ""download_format"": ""zip"", ""hday"": [""04""], ""hmonth"": [""01""], ""hydrological_model"": [""lisflood""], ""hyear"": [""2021""], ""product_type"": [""intermediate""], ""system_version"": [""version_4_0""], ""variable"": [""river_discharge_in_the_last_24_hours""]}"
2026-02-16T07:24:51Z,scan_20260216T065850Z,historical,P2,P2__historical__version_4_0__lisflood__intermediate,cems-glofas-historical,version_4_0,lisflood,intermediate,1979-01-01,error,,invalid_request,"400 Client Error: Bad Request for url: https://ewds.climate.copernicus.eu/api/retrieve/v1/processes/cems-glofas-historical/execution
invalid request
Request has not produced a valid combination of values, please check your selection.
{'system_version': ['version_4_0'], 'hydrological_model': ['lisflood'], 'product_type': ['intermediate'], 'variable': ['river_discharge_in_the_last_24_hours'], 'data_format': ['grib'], 'area': ['37.2443931', '-122.272464', '36.8443931', '-121.872464'], 'hyear': ['1979'], 'hmonth': ['01'], 'hday': ['01']}",repro/glofas_coverage_scan_runs/scan_20260216T065850Z/downloads/historical/P2__historical__version_4_0__lisflood__intermediate/1979-01-01.zip,"{""area"": [37.2443931, -122.272464, 36.8443931, -121.872464], ""data_format"": ""grib2"", ""download_format"": ""zip"", ""hday"": [""01""], ""hmonth"": [""01""], ""hydrological_model"": [""lisflood""], ""hyear"": [""1979""], ""product_type"": [""intermediate""], ""system_version"": [""version_4_0""], ""variable"": [""river_discharge_in_the_last_24_hours""]}"
2026-02-16T07:24:52Z,scan_20260216T065850Z,historical,P2,P2__historical__version_4_0__lisflood__intermediate,cems-glofas-historical,version_4_0,lisflood,intermediate,2026-02-15,error,,invalid_request,"400 Client Error: Bad Request for url: https://ewds.climate.copernicus.eu/api/retrieve/v1/processes/cems-glofas-historical/execution
invalid request
Request has not produced a valid combination of values, please check your selection.
{'system_version': ['version_4_0'], 'hydrological_model': ['lisflood'], 'product_type': ['intermediate'], 'variable': ['river_discharge_in_the_last_24_hours'], 'data_format': ['grib'], 'area': ['37.2443931', '-122.272464', '36.8443931', '-121.872464'], 'hyear': ['2026'], 'hmonth': ['02'], 'hday': ['15']}",repro/glofas_coverage_scan_runs/scan_20260216T065850Z/downloads/historical/P2__historical__version_4_0__lisflood__intermediate/2026-02-15.zip,"{""area"": [37.2443931, -122.272464, 36.8443931, -121.872464], ""data_format"": ""grib2"", ""download_format"": ""zip"", ""hday"": [""15""], ""hmonth"": [""02""], ""hydrological_model"": [""lisflood""], ""hyear"": [""2026""], ""product_type"": [""intermediate""], ""system_version"": [""version_4_0""], ""variable"": [""river_discharge_in_the_last_24_hours""]}"
2026-02-16T07:24:53Z,scan_20260216T065850Z,historical,P2,P2__historical__version_4_0__lisflood__intermediate,cems-glofas-historical,version_4_0,lisflood,intermediate,2002-07-25,error,,invalid_request,"400 Client Error: Bad Request for url: https://ewds.climate.copernicus.eu/api/retrieve/v1/processes/cems-glofas-historical/execution
invalid request
Request has not produced a valid combination of values, please check your selection.
{'system_version': ['version_4_0'], 'hydrological_model': ['lisflood'], 'product_type': ['intermediate'], 'variable': ['river_discharge_in_the_last_24_hours'], 'data_format': ['grib'], 'area': ['37.2443931', '-122.272464', '36.8443931', '-121.872464'], 'hyear': ['2002'], 'hmonth': ['07'], 'hday': ['25']}",repro/glofas_coverage_scan_runs/scan_20260216T065850Z/downloads/historical/P2__historical__version_4_0__lisflood__intermediate/2002-07-25.zip,"{""area"": [37.2443931, -122.272464, 36.8443931, -121.872464], ""data_format"": ""grib2"", ""download_format"": ""zip"", ""hday"": [""25""], ""hmonth"": [""07""], ""hydrological_model"": [""lisflood""], ""hyear"": [""2002""], ""product_type"": [""intermediate""], ""system_version"": [""version_4_0""], ""variable"": [""river_discharge_in_the_last_24_hours""]}"
2026-02-16T07:24:55Z,scan_20260216T065850Z,historical,P2,P2__historical__version_4_0__lisflood__intermediate,cems-glofas-historical,version_4_0,lisflood,intermediate,1979-05-01,error,,invalid_request,"400 Client Error: Bad Request for url: https://ewds.climate.copernicus.eu/api/retrieve/v1/processes/cems-glofas-historical/execution
invalid request
Request has not produced a valid combination of values, please check your selection.
{'system_version': ['version_4_0'], 'hydrological_model': ['lisflood'], 'product_type': ['intermediate'], 'variable': ['river_discharge_in_the_last_24_hours'], 'data_format': ['grib'], 'area': ['37.2443931', '-122.272464', '36.8443931', '-121.872464'], 'hyear': ['1979'], 'hmonth': ['05'], 'hday': ['01']}",repro/glofas_coverage_scan_runs/scan_20260216T065850Z/downloads/historical/P2__historical__version_4_0__lisflood__intermediate/1979-05-01.zip,"{""area"": [37.2443931, -122.272464, 36.8443931, -121.872464], ""data_format"": ""grib2"", ""download_format"": ""zip"", ""hday"": [""01""], ""hmonth"": [""05""], ""hydrological_model"": [""lisflood""], ""hyear"": [""1979""], ""product_type"": [""intermediate""], ""system_version"": [""version_4_0""], ""variable"": [""river_discharge_in_the_last_24_hours""]}"
2026-02-16T07:24:56Z,scan_20260216T065850Z,historical,P2,P2__historical__version_4_0__lisflood__intermediate,cems-glofas-historical,version_4_0,lisflood,intermediate,1979-08-29,error,,invalid_request,"400 Client Error: Bad Request for url: https://ewds.climate.copernicus.eu/api/retrieve/v1/processes/cems-glofas-historical/execution
invalid request
Request has not produced a valid combination of values, please check your selection.
{'system_version': ['version_4_0'], 'hydrological_model': ['lisflood'], 'product_type': ['intermediate'], 'variable': ['river_discharge_in_the_last_24_hours'], 'data_format': ['grib'], 'area': ['37.2443931', '-122.272464', '36.8443931', '-121.872464'], 'hyear': ['1979'], 'hmonth': ['08'], 'hday': ['29']}",repro/glofas_coverage_scan_runs/scan_20260216T065850Z/downloads/historical/P2__historical__version_4_0__lisflood__intermediate/1979-08-29.zip,"{""area"": [37.2443931, -122.272464, 36.8443931, -121.872464], ""data_format"": ""grib2"", ""download_format"": ""zip"", ""hday"": [""29""], ""hmonth"": [""08""], ""hydrological_model"": [""lisflood""], ""hyear"": [""1979""], ""product_type"": [""intermediate""], ""system_version"": [""version_4_0""], ""variable"": [""river_discharge_in_the_last_24_hours""]}"
2026-02-16T07:24:57Z,scan_20260216T065850Z,historical,P2,P2__historical__version_4_0__lisflood__intermediate,cems-glofas-historical,version_4_0,lisflood,intermediate,1979-12-27,error,,invalid_request,"400 Client Error: Bad Request for url: https://ewds.climate.copernicus.eu/api/retrieve/v1/processes/cems-glofas-historical/execution
invalid request
Request has not produced a valid combination of values, please check your selection.
{'system_version': ['version_4_0'], 'hydrological_model': ['lisflood'], 'product_type': ['intermediate'], 'variable': ['river_discharge_in_the_last_24_hours'], 'data_format': ['grib'], 'area': ['37.2443931', '-122.272464', '36.8443931', '-121.872464'], 'hyear': ['1979'], 'hmonth': ['12'], 'hday': ['27']}",repro/glofas_coverage_scan_runs/scan_20260216T065850Z/downloads/historical/P2__historical__version_4_0__lisflood__intermediate/1979-12-27.zip,"{""area"": [37.2443931, -122.272464, 36.8443931, -121.872464], ""data_format"": ""grib2"", ""download_format"": ""zip"", ""hday"": [""27""], ""hmonth"": [""12""], ""hydrological_model"": [""lisflood""], ""hyear"": [""1979""], ""product_type"": [""intermediate""], ""system_version"": [""version_4_0""], ""variable"": [""river_discharge_in_the_last_24_hours""]}"
2026-02-16T07:24:58Z,scan_20260216T065850Z,historical,P2,P2__historical__version_4_0__lisflood__intermediate,cems-glofas-historical,version_4_0,lisflood,intermediate,1980-04-25,error,,invalid_request,"400 Client Error: Bad Request for url: https://ewds.climate.copernicus.eu/api/retrieve/v1/processes/cems-glofas-historical/execution
invalid request
Request has not produced a valid combination of values, please check your selection.
{'system_version': ['version_4_0'], 'hydrological_model': ['lisflood'], 'product_type': ['intermediate'], 'variable': ['river_discharge_in_the_last_24_hours'], 'data_format': ['grib'], 'area': ['37.2443931', '-122.272464', '36.8443931', '-121.872464'], 'hyear': ['1980'], 'hmonth': ['04'], 'hday': ['25']}",repro/glofas_coverage_scan_runs/scan_20260216T065850Z/downloads/historical/P2__historical__version_4_0__lisflood__intermediate/1980-04-25.zip,"{""area"": [37.2443931, -122.272464, 36.8443931, -121.872464], ""data_format"": ""grib2"", ""download_format"": ""zip"", ""hday"": [""25""], ""hmonth"": [""04""], ""hydrological_model"": [""lisflood""], ""hyear"": [""1980""], ""product_type"": [""intermediate""], ""system_version"": [""version_4_0""], ""variable"": [""river_discharge_in_the_last_24_hours""]}"
2026-02-16T07:24:59Z,scan_20260216T065850Z,historical,P2,P2__historical__version_4_0__lisflood__intermediate,cems-glofas-historical,version_4_0,lisflood,intermediate,1980-08-23,error,,invalid_request,"400 Client Error: Bad Request for url: https://ewds.climate.copernicus.eu/api/retrieve/v1/processes/cems-glofas-historical/execution
invalid request
Request has not produced a valid combination of values, please check your selection.
{'system_version': ['version_4_0'], 'hydrological_model': ['lisflood'], 'product_type': ['intermediate'], 'variable': ['river_discharge_in_the_last_24_hours'], 'data_format': ['grib'], 'area': ['37.2443931', '-122.272464', '36.8443931', '-121.872464'], 'hyear': ['1980'], 'hmonth': ['08'], 'hday': ['23']}",repro/glofas_coverage_scan_runs/scan_20260216T065850Z/downloads/historical/P2__historical__version_4_0__lisflood__intermediate/1980-08-23.zip,"{""area"": [37.2443931, -122.272464, 36.8443931, -121.872464], ""data_format"": ""grib2"", ""download_format"": ""zip"", ""hday"": [""23""], ""hmonth"": [""08""], ""hydrological_model"": [""lisflood""], ""hyear"": [""1980""], ""product_type"": [""intermediate""], ""system_version"": [""version_4_0""], ""variable"": [""river_discharge_in_the_last_24_hours""]}"
2026-02-16T07:25:00Z,scan_20260216T065850Z,historical,P2,P2__historical__version_4_0__lisflood__intermediate,cems-glofas-historical,version_4_0,lisflood,intermediate,1980-12-21,error,,invalid_request,"400 Client Error: Bad Request for url: https://ewds.climate.copernicus.eu/api/retrieve/v1/processes/cems-glofas-historical/execution
invalid request
Request has not produced a valid combination of values, please check your selection.
{'system_version': ['version_4_0'], 'hydrological_model': ['lisflood'], 'product_type': ['intermediate'], 'variable': ['river_discharge_in_the_last_24_hours'], 'data_format': ['grib'], 'area': ['37.2443931', '-122.272464', '36.8443931', '-121.872464'], 'hyear': ['1980'], 'hmonth': ['12'], 'hday': ['21']}",repro/glofas_coverage_scan_runs/scan_20260216T065850Z/downloads/historical/P2__historical__version_4_0__lisflood__intermediate/1980-12-21.zip,"{""area"": [37.2443931, -122.272464, 36.8443931, -121.872464], ""data_format"": ""grib2"", ""download_format"": ""zip"", ""hday"": [""21""], ""hmonth"": [""12""], ""hydrological_model"": [""lisflood""], ""hyear"": [""1980""], ""product_type"": [""intermediate""], ""system_version"": [""version_4_0""], ""variable"": [""river_discharge_in_the_last_24_hours""]}"
2026-02-16T07:25:02Z,scan_20260216T065850Z,historical,P2,P2__historical__version_4_0__lisflood__intermediate,cems-glofas-historical,version_4_0,lisflood,intermediate,1981-04-20,error,,invalid_request,"400 Client Error: Bad Request for url: https://ewds.climate.copernicus.eu/api/retrieve/v1/processes/cems-glofas-historical/execution
invalid request
Request has not produced a valid combination of values, please check your selection.
{'system_version': ['version_4_0'], 'hydrological_model': ['lisflood'], 'product_type': ['intermediate'], 'variable': ['river_discharge_in_the_last_24_hours'], 'data_format': ['grib'], 'area': ['37.2443931', '-122.272464', '36.8443931', '-121.872464'], 'hyear': ['1981'], 'hmonth': ['04'], 'hday': ['20']}",repro/glofas_coverage_scan_runs/scan_20260216T065850Z/downloads/historical/P2__historical__version_4_0__lisflood__intermediate/1981-04-20.zip,"{""area"": [37.2443931, -122.272464, 36.8443931, -121.872464], ""data_format"": ""grib2"", ""download_format"": ""zip"", ""hday"": [""20""], ""hmonth"": [""04""], ""hydrological_model"": [""lisflood""], ""hyear"": [""1981""], ""product_type"": [""intermediate""], ""system_version"": [""version_4_0""], ""variable"": [""river_discharge_in_the_last_24_hours""]}"
2026-02-16T07:25:03Z,scan_20260216T065850Z,historical,P2,P2__historical__version_4_0__lisflood__intermediate,cems-glofas-historical,version_4_0,lisflood,intermediate,1981-08-18,error,,invalid_request,"400 Client Error: Bad Request for url: https://ewds.climate.copernicus.eu/api/retrieve/v1/processes/cems-glofas-historical/execution
invalid request
Request has not produced a valid combination of values, please check your selection.
{'system_version': ['version_4_0'], 'hydrological_model': ['lisflood'], 'product_type': ['intermediate'], 'variable': ['river_discharge_in_the_last_24_hours'], 'data_format': ['grib'], 'area': ['37.2443931', '-122.272464', '36.8443931', '-121.872464'], 'hyear': ['1981'], 'hmonth': ['08'], 'hday': ['18']}",repro/glofas_coverage_scan_runs/scan_20260216T065850Z/downloads/historical/P2__historical__version_4_0__lisflood__intermediate/1981-08-18.zip,"{""area"": [37.2443931, -122.272464, 36.8443931, -121.872464], ""data_format"": ""grib2"", ""download_format"": ""zip"", ""hday"": [""18""], ""hmonth"": [""08""], ""hydrological_model"": [""lisflood""], ""hyear"": [""1981""], ""product_type"": [""intermediate""], ""system_version"": [""version_4_0""], ""variable"": [""river_discharge_in_the_last_24_hours""]}"
2026-02-16T07:25:04Z,scan_20260216T065850Z,historical,P2,P2__historical__version_4_0__lisflood__intermediate,cems-glofas-historical,version_4_0,lisflood,intermediate,1981-12-16,error,,invalid_request,"400 Client Error: Bad Request for url: https://ewds.climate.copernicus.eu/api/retrieve/v1/processes/cems-glofas-historical/execution
invalid request
Request has not produced a valid combination of values, please check your selection.
{'system_version': ['version_4_0'], 'hydrological_model': ['lisflood'], 'product_type': ['intermediate'], 'variable': ['river_discharge_in_the_last_24_hours'], 'data_format': ['grib'], 'area': ['37.2443931', '-122.272464', '36.8443931', '-121.872464'], 'hyear': ['1981'], 'hmonth': ['12'], 'hday': ['16']}",repro/glofas_coverage_scan_runs/scan_20260216T065850Z/downloads/historical/P2__historical__version_4_0__lisflood__intermediate/1981-12-16.zip,"{""area"": [37.2443931, -122.272464, 36.8443931, -121.872464], ""data_format"": ""grib2"", ""download_format"": ""zip"", ""hday"": [""16""], ""hmonth"": [""12""], ""hydrological_model"": [""lisflood""], ""hyear"": [""1981""], ""product_type"": [""intermediate""], ""system_version"": [""version_4_0""], ""variable"": [""river_discharge_in_the_last_24_hours""]}"
2026-02-16T07:25:05Z,scan_20260216T065850Z,historical,P2,P2__historical__version_4_0__lisflood__intermediate,cems-glofas-historical,version_4_0,lisflood,intermediate,1982-04-15,error,,invalid_request,"400 Client Error: Bad Request for url: https://ewds.climate.copernicus.eu/api/retrieve/v1/processes/cems-glofas-historical/execution
invalid request
Request has not produced a valid combination of values, please check your selection.
{'system_version': ['version_4_0'], 'hydrological_model': ['lisflood'], 'product_type': ['intermediate'], 'variable': ['river_discharge_in_the_last_24_hours'], 'data_format': ['grib'], 'area': ['37.2443931', '-122.272464', '36.8443931', '-121.872464'], 'hyear': ['1982'], 'hmonth': ['04'], 'hday': ['15']}",repro/glofas_coverage_scan_runs/scan_20260216T065850Z/downloads/historical/P2__historical__version_4_0__lisflood__intermediate/1982-04-15.zip,"{""area"": [37.2443931, -122.272464, 36.8443931, -121.872464], ""data_format"": ""grib2"", ""download_format"": ""zip"", ""hday"": [""15""], ""hmonth"": [""04""], ""hydrological_model"": [""lisflood""], ""hyear"": [""1982""], ""product_type"": [""intermediate""], ""system_version"": [""version_4_0""], ""variable"": [""river_discharge_in_the_last_24_hours""]}"
2026-02-16T07:25:06Z,scan_20260216T065850Z,historical,P2,P2__historical__version_4_0__lisflood__intermediate,cems-glofas-historical,version_4_0,lisflood,intermediate,1982-08-13,error,,invalid_request,"400 Client Error: Bad Request for url: https://ewds.climate.copernicus.eu/api/retrieve/v1/processes/cems-glofas-historical/execution
invalid request
Request has not produced a valid combination of values, please check your selection.
{'system_version': ['version_4_0'], 'hydrological_model': ['lisflood'], 'product_type': ['intermediate'], 'variable': ['river_discharge_in_the_last_24_hours'], 'data_format': ['grib'], 'area': ['37.2443931', '-122.272464', '36.8443931', '-121.872464'], 'hyear': ['1982'], 'hmonth': ['08'], 'hday': ['13']}",repro/glofas_coverage_scan_runs/scan_20260216T065850Z/downloads/historical/P2__historical__version_4_0__lisflood__intermediate/1982-08-13.zip,"{""area"": [37.2443931, -122.272464, 36.8443931, -121.872464], ""data_format"": ""grib2"", ""download_format"": ""zip"", ""hday"": [""13""], ""hmonth"": [""08""], ""hydrological_model"": [""lisflood""], ""hyear"": [""1982""], ""product_type"": [""intermediate""], ""system_version"": [""version_4_0""], ""variable"": [""river_discharge_in_the_last_24_hours""]}"
2026-02-16T07:25:07Z,scan_20260216T065850Z,historical,P2,P2__historical__version_4_0__lisflood__intermediate,cems-glofas-historical,version_4_0,lisflood,intermediate,1982-12-11,error,,invalid_request,"400 Client Error: Bad Request for url: https://ewds.climate.copernicus.eu/api/retrieve/v1/processes/cems-glofas-historical/execution
invalid request
Request has not produced a valid combination of values, please check your selection.
{'system_version': ['version_4_0'], 'hydrological_model': ['lisflood'], 'product_type': ['intermediate'], 'variable': ['river_discharge_in_the_last_24_hours'], 'data_format': ['grib'], 'area': ['37.2443931', '-122.272464', '36.8443931', '-121.872464'], 'hyear': ['1982'], 'hmonth': ['12'], 'hday': ['11']}",repro/glofas_coverage_scan_runs/scan_20260216T065850Z/downloads/historical/P2__historical__version_4_0__lisflood__intermediate/1982-12-11.zip,"{""area"": [37.2443931, -122.272464, 36.8443931, -121.872464], ""data_format"": ""grib2"", ""download_format"": ""zip"", ""hday"": [""11""], ""hmonth"": [""12""], ""hydrological_model"": [""lisflood""], ""hyear"": [""1982""], ""product_type"": [""intermediate""], ""system_version"": [""version_4_0""], ""variable"": [""river_discharge_in_the_last_24_hours""]}"
2026-02-16T07:25:08Z,scan_20260216T065850Z,historical,P2,P2__historical__version_4_0__lisflood__intermediate,cems-glofas-historical,version_4_0,lisflood,intermediate,1983-04-10,error,,invalid_request,"400 Client Error: Bad Request for url: https://ewds.climate.copernicus.eu/api/retrieve/v1/processes/cems-glofas-historical/execution
invalid request
Request has not produced a valid combination of values, please check your selection.
{'system_version': ['version_4_0'], 'hydrological_model': ['lisflood'], 'product_type': ['intermediate'], 'variable': ['river_discharge_in_the_last_24_hours'], 'data_format': ['grib'], 'area': ['37.2443931', '-122.272464', '36.8443931', '-121.872464'], 'hyear': ['1983'], 'hmonth': ['04'], 'hday': ['10']}",repro/glofas_coverage_scan_runs/scan_20260216T065850Z/downloads/historical/P2__historical__version_4_0__lisflood__intermediate/1983-04-10.zip,"{""area"": [37.2443931, -122.272464, 36.8443931, -121.872464], ""data_format"": ""grib2"", ""download_format"": ""zip"", ""hday"": [""10""], ""hmonth"": [""04""], ""hydrological_model"": [""lisflood""], ""hyear"": [""1983""], ""product_type"": [""intermediate""], ""system_version"": [""version_4_0""], ""variable"": [""river_discharge_in_the_last_24_hours""]}"
2026-02-16T07:25:10Z,scan_20260216T065850Z,historical,P2,P2__historical__version_4_0__lisflood__intermediate,cems-glofas-historical,version_4_0,lisflood,intermediate,1983-08-08,error,,invalid_request,"400 Client Error: Bad Request for url: https://ewds.climate.copernicus.eu/api/retrieve/v1/processes/cems-glofas-historical/execution
invalid request
Request has not produced a valid combination of values, please check your selection.
{'system_version': ['version_4_0'], 'hydrological_model': ['lisflood'], 'product_type': ['intermediate'], 'variable': ['river_discharge_in_the_last_24_hours'], 'data_format': ['grib'], 'area': ['37.2443931', '-122.272464', '36.8443931', '-121.872464'], 'hyear': ['1983'], 'hmonth': ['08'], 'hday': ['08']}",repro/glofas_coverage_scan_runs/scan_20260216T065850Z/downloads/historical/P2__historical__version_4_0__lisflood__intermediate/1983-08-08.zip,"{""area"": [37.2443931, -122.272464, 36.8443931, -121.872464], ""data_format"": ""grib2"", ""download_format"": ""zip"", ""hday"": [""08""], ""hmonth"": [""08""], ""hydrological_model"": [""lisflood""], ""hyear"": [""1983""], ""product_type"": [""intermediate""], ""system_version"": [""version_4_0""], ""variable"": [""river_discharge_in_the_last_24_hours""]}"
2026-02-16T07:25:11Z,scan_20260216T065850Z,historical,P2,P2__historical__version_4_0__lisflood__intermediate,cems-glofas-historical,version_4_0,lisflood,intermediate,1983-12-06,error,,invalid_request,"400 Client Error: Bad Request for url: https://ewds.climate.copernicus.eu/api/retrieve/v1/processes/cems-glofas-historical/execution
invalid request
Request has not produced a valid combination of values, please check your selection.
{'system_version': ['version_4_0'], 'hydrological_model': ['lisflood'], 'product_type': ['intermediate'], 'variable': ['river_discharge_in_the_last_24_hours'], 'data_format': ['grib'], 'area': ['37.2443931', '-122.272464', '36.8443931', '-121.872464'], 'hyear': ['1983'], 'hmonth': ['12'], 'hday': ['06']}",repro/glofas_coverage_scan_runs/scan_20260216T065850Z/downloads/historical/P2__historical__version_4_0__lisflood__intermediate/1983-12-06.zip,"{""area"": [37.2443931, -122.272464, 36.8443931, -121.872464], ""data_format"": ""grib2"", ""download_format"": ""zip"", ""hday"": [""06""], ""hmonth"": [""12""], ""hydrological_model"": [""lisflood""], ""hyear"": [""1983""], ""product_type"": [""intermediate""], ""system_version"": [""version_4_0""], ""variable"": [""river_discharge_in_the_last_24_hours""]}"
2026-02-16T07:25:12Z,scan_20260216T065850Z,historical,P2,P2__historical__version_4_0__lisflood__intermediate,cems-glofas-historical,version_4_0,lisflood,intermediate,1984-04-04,error,,invalid_request,"400 Client Error: Bad Request for url: https://ewds.climate.copernicus.eu/api/retrieve/v1/processes/cems-glofas-historical/execution
invalid request
Request has not produced a valid combination of values, please check your selection.
{'system_version': ['version_4_0'], 'hydrological_model': ['lisflood'], 'product_type': ['intermediate'], 'variable': ['river_discharge_in_the_last_24_hours'], 'data_format': ['grib'], 'area': ['37.2443931', '-122.272464', '36.8443931', '-121.872464'], 'hyear': ['1984'], 'hmonth': ['04'], 'hday': ['04']}",repro/glofas_coverage_scan_runs/scan_20260216T065850Z/downloads/historical/P2__historical__version_4_0__lisflood__intermediate/1984-04-04.zip,"{""area"": [37.2443931, -122.272464, 36.8443931, -121.872464], ""data_format"": ""grib2"", ""download_format"": ""zip"", ""hday"": [""04""], ""hmonth"": [""04""], ""hydrological_model"": [""lisflood""], ""hyear"": [""1984""], ""product_type"": [""intermediate""], ""system_version"": [""version_4_0""], ""variable"": [""river_discharge_in_the_last_24_hours""]}"
2026-02-16T07:25:13Z,scan_20260216T065850Z,historical,P2,P2__historical__version_4_0__lisflood__intermediate,cems-glofas-historical,version_4_0,lisflood,intermediate,1984-08-02,error,,invalid_request,"400 Client Error: Bad Request for url: https://ewds.climate.copernicus.eu/api/retrieve/v1/processes/cems-glofas-historical/execution
invalid request
Request has not produced a valid combination of values, please check your selection.
{'system_version': ['version_4_0'], 'hydrological_model': ['lisflood'], 'product_type': ['intermediate'], 'variable': ['river_discharge_in_the_last_24_hours'], 'data_format': ['grib'], 'area': ['37.2443931', '-122.272464', '36.8443931', '-121.872464'], 'hyear': ['1984'], 'hmonth': ['08'], 'hday': ['02']}",repro/glofas_coverage_scan_runs/scan_20260216T065850Z/downloads/historical/P2__historical__version_4_0__lisflood__intermediate/1984-08-02.zip,"{""area"": [37.2443931, -122.272464, 36.8443931, -121.872464], ""data_format"": ""grib2"", ""download_format"": ""zip"", ""hday"": [""02""], ""hmonth"": [""08""], ""hydrological_model"": [""lisflood""], ""hyear"": [""1984""], ""product_type"": [""intermediate""], ""system_version"": [""version_4_0""], ""variable"": [""river_discharge_in_the_last_24_hours""]}"
2026-02-16T07:25:14Z,scan_20260216T065850Z,historical,P2,P2__historical__version_4_0__lisflood__intermediate,cems-glofas-historical,version_4_0,lisflood,intermediate,1984-11-30,error,,invalid_request,"400 Client Error: Bad Request for url: https://ewds.climate.copernicus.eu/api/retrieve/v1/processes/cems-glofas-historical/execution
invalid request
Request has not produced a valid combination of values, please check your selection.
{'system_version': ['version_4_0'], 'hydrological_model': ['lisflood'], 'product_type': ['intermediate'], 'variable': ['river_discharge_in_the_last_24_hours'], 'data_format': ['grib'], 'area': ['37.2443931', '-122.272464', '36.8443931', '-121.872464'], 'hyear': ['1984'], 'hmonth': ['11'], 'hday': ['30']}",repro/glofas_coverage_scan_runs/scan_20260216T065850Z/downloads/historical/P2__historical__version_4_0__lisflood__intermediate/1984-11-30.zip,"{""area"": [37.2443931, -122.272464, 36.8443931, -121.872464], ""data_format"": ""grib2"", ""download_format"": ""zip"", ""hday"": [""30""], ""hmonth"": [""11""], ""hydrological_model"": [""lisflood""], ""hyear"": [""1984""], ""product_type"": [""intermediate""], ""system_version"": [""version_4_0""], ""variable"": [""river_discharge_in_the_last_24_hours""]}"
2026-02-16T07:25:15Z,scan_20260216T065850Z,historical,P2,P2__historical__version_4_0__lisflood__intermediate,cems-glofas-historical,version_4_0,lisflood,intermediate,1985-03-30,error,,invalid_request,"400 Client Error: Bad Request for url: https://ewds.climate.copernicus.eu/api/retrieve/v1/processes/cems-glofas-historical/execution
invalid request
Request has not produced a valid combination of values, please check your selection.
{'system_version': ['version_4_0'], 'hydrological_model': ['lisflood'], 'product_type': ['intermediate'], 'variable': ['river_discharge_in_the_last_24_hours'], 'data_format': ['grib'], 'area': ['37.2443931', '-122.272464', '36.8443931', '-121.872464'], 'hyear': ['1985'], 'hmonth': ['03'], 'hday': ['30']}",repro/glofas_coverage_scan_runs/scan_20260216T065850Z/downloads/historical/P2__historical__version_4_0__lisflood__intermediate/1985-03-30.zip,"{""area"": [37.2443931, -122.272464, 36.8443931, -121.872464], ""data_format"": ""grib2"", ""download_format"": ""zip"", ""hday"": [""30""], ""hmonth"": [""03""], ""hydrological_model"": [""lisflood""], ""hyear"": [""1985""], ""product_type"": [""intermediate""], ""system_version"": [""version_4_0""], ""variable"": [""river_discharge_in_the_last_24_hours""]}"
